route,date,price_eur,dep_time,arr_time,airline,flight_no,source,source_url,fetched_at
CTA-FCO,2026-09-25,14.99,22:45,00:15,Ryanair,,ryanair_farefinder,https://www.ryanair.com/api/farfnd/v4/oneWayFares/CTA/FCO/cheapestPerDay?outboundMonthOfDate=2026-09-01&currency=EUR,2026-09-07T12:30:35.254090Z
CTA-FCO,2026-09-25,15.99,22:45,00:15,Ryanair,FR4857,ryanair_booking_api,https://www.ryanair.com/api/booking/v4/it-it/availability?ADT=1&TEEN=0&CHD=0&INF=0&Origin=CTA&Destination=FCO&promoCode=&IncludeConnectingFlights=false&DateOut=2026-09-25&FlexDaysBeforeOut=0&FlexDaysOut=6&RoundTrip=false&ToUs=AGREED,2026-09-07T12:47:27.474Z
CTA-FCO,2026-09-25,39.99,06:55,08:20,Aeroitalia,XZ2810,aeroitalia_booking_api,https://aeroitalia-gateway.azure-api.net/dotrezprod/api/nsk/v4/availability/search/simple,2026-09-07T13:12:09.319Z
CTA-FCO,2026-09-25,42.0,06:15,07:45,Ryanair,,google_flights,https://www.google.com/travel/flights?tfs=GhoSCjIwMjYtMDktMjVqBRIDQ1RBcgUSA0ZDT0IBAUgBmAEC&hl=it&curr=EUR,2026-09-07T13:02:01.782464Z
CTA-FCO,2026-09-25,50.0,19:20,20:45,Aeroitalia,,google_flights,https://www.google.com/travel/flights?tfs=GhoSCjIwMjYtMDktMjVqBRIDQ1RBcgUSA0ZDT0IBAUgBmAEC&hl=it&curr=EUR,2026-09-07T13:02:01.782464Z
CTA-FCO,2026-09-25,97.0,15:25,16:45,ITA,,google_flights,https://www.google.com/travel/flights?tfs=GhoSCjIwMjYtMDktMjVqBRIDQ1RBcgUSA0ZDT0IBAUgBmAEC&hl=it&curr=EUR,2026-09-07T13:02:01.782464Z
CTA-FCO,2026-09-26,17.7,23:10,00:40,Ryanair,,ryanair_farefinder,https://www.ryanair.com/api/farfnd/v4/oneWayFares/CTA/FCO/cheapestPerDay?outboundMonthOfDate=2026-09-01&currency=EUR,2026-09-07T12:30:35.254090Z
CTA-FCO,2026-09-26,17.7,23:10,00:40,Ryanair,FR4857,ryanair_booking_api,https://www.ryanair.com/api/booking/v4/it-it/availability?ADT=1&TEEN=0&CHD=0&INF=0&Origin=CTA&Destination=FCO&promoCode=&IncludeConnectingFlights=false&DateOut=2026-09-25&FlexDaysBeforeOut=0&FlexDaysOut=6&RoundTrip=false&ToUs=AGREED,2026-09-07T12:47:27.474Z
CTA-FCO,2026-09-26,39.99,19:20,20:45,Aeroitalia,XZ2816,aeroitalia_booking_api,https://aeroitalia-gateway.azure-api.net/dotrezprod/api/nsk/v4/availability/search/simple,2026-09-07T13:12:10.916Z
CTA-FCO,2026-09-26,46.0,20:20,21:50,Ryanair,,google_flights,https://www.google.com/travel/flights?tfs=GhoSCjIwMjYtMDktMjZqBRIDQ1RBcgUSA0ZDT0IBAUgBmAEC&hl=it&curr=EUR,2026-09-07T13:02:03.733030Z
CTA-FCO,2026-09-26,60.0,06:55,08:20,Aeroitalia,,google_flights,https://www.google.com/travel/flights?tfs=GhoSCjIwMjYtMDktMjZqBRIDQ1RBcgUSA0ZDT0IBAUgBmAEC&hl=it&curr=EUR,2026-09-07T13:02:03.733030Z
CTA-FCO,2026-09-26,75.0,07:05,08:30,ITA,,google_flights,https://www.google.com/travel/flights?tfs=GhoSCjIwMjYtMDktMjZqBRIDQ1RBcgUSA0ZDT0IBAUgBmAEC&hl=it&curr=EUR,2026-09-07T13:02:03.733030Z
CTA-FCO,2026-09-27,29.99,06:55,08:20,Aeroitalia,XZ2810,aeroitalia_booking_api,https://aeroitalia-gateway.azure-api.net/dotrezprod/api/nsk/v4/availability/search/simple,2026-09-07T13:12:12.378Z
CTA-FCO,2026-09-27,31.99,06:45,08:15,Ryanair,,ryanair_farefinder,https://www.ryanair.com/api/farfnd/v4/oneWayFares/CTA/FCO/cheapestPerDay?outboundMonthOfDate=2026-09-01&currency=EUR,2026-09-07T12:30:35.254090Z
CTA-FCO,2026-09-27,31.99,06:45,08:15,Ryanair,FR4871,ryanair_booking_api,https://www.ryanair.com/api/booking/v4/it-it/availability?ADT=1&TEEN=0&CHD=0&INF=0&Origin=CTA&Destination=FCO&promoCode=&IncludeConnectingFlights=false&DateOut=2026-09-25&FlexDaysBeforeOut=0&FlexDaysOut=6&RoundTrip=false&ToUs=AGREED,2026-09-07T12:47:27.474Z
CTA-FCO,2026-09-27,32.0,06:45,08:15,Ryanair,,google_flights,https://www.google.com/travel/flights?tfs=GhoSCjIwMjYtMDktMjdqBRIDQ1RBcgUSA0ZDT0IBAUgBmAEC&hl=it&curr=EUR,2026-09-07T13:02:05.583798Z
CTA-FCO,2026-09-27,85.0,07:05,08:30,ITA,,google_flights,https://www.google.com/travel/flights?tfs=GhoSCjIwMjYtMDktMjdqBRIDQ1RBcgUSA0ZDT0IBAUgBmAEC&hl=it&curr=EUR,2026-09-07T13:02:05.583798Z
CTA-FCO,2026-09-28,35.99,13:45,15:15,Ryanair,,ryanair_farefinder,https://www.ryanair.com/api/farfnd/v4/oneWayFares/CTA/FCO/cheapestPerDay?outboundMonthOfDate=2026-09-01&currency=EUR,2026-09-07T12:30:35.254090Z
CTA-FCO,2026-09-28,35.99,13:45,15:15,Ryanair,FR4855,ryanair_booking_api,https://www.ryanair.com/api/booking/v4/it-it/availability?ADT=1&TEEN=0&CHD=0&INF=0&Origin=CTA&Destination=FCO&promoCode=&IncludeConnectingFlights=false&DateOut=2026-09-25&FlexDaysBeforeOut=0&FlexDaysOut=6&RoundTrip=false&ToUs=AGREED,2026-09-07T12:47:27.474Z
CTA-FCO,2026-09-28,39.99,06:55,08:20,Aeroitalia,XZ2810,aeroitalia_booking_api,https://aeroitalia-gateway.azure-api.net/dotrezprod/api/nsk/v4/availability/search/simple,2026-09-07T13:12:13.828Z
CTA-FCO,2026-09-28,40.0,06:10,07:40,Ryanair,,google_flights,https://www.google.com/travel/flights?tfs=GhoSCjIwMjYtMDktMjhqBRIDQ1RBcgUSA0ZDT0IBAUgBmAEC&hl=it&curr=EUR,2026-09-07T13:02:07.307154Z
CTA-FCO,2026-09-28,58.0,21:30,22:50,ITA,,google_flights,https://www.google.com/travel/flights?tfs=GhoSCjIwMjYtMDktMjhqBRIDQ1RBcgUSA0ZDT0IBAUgBmAEC&hl=it&curr=EUR,2026-09-07T13:02:07.307154Z
CTA-FCO,2026-09-29,18.35,22:55,00:25,Ryanair,,ryanair_farefinder,https://www.ryanair.com/api/farfnd/v4/oneWayFares/CTA/FCO/cheapestPerDay?outboundMonthOfDate=2026-09-01&currency=EUR,2026-09-07T12:30:35.254090Z
CTA-FCO,2026-09-29,18.35,22:55,00:25,Ryanair,FR4860,ryanair_booking_api,https://www.ryanair.com/api/booking/v4/it-it/availability?ADT=1&TEEN=0&CHD=0&INF=0&Origin=CTA&Destination=FCO&promoCode=&IncludeConnectingFlights=false&DateOut=2026-09-25&FlexDaysBeforeOut=0&FlexDaysOut=6&RoundTrip=false&ToUs=AGREED,2026-09-07T12:47:27.474Z
CTA-FCO,2026-09-29,19.0,22:55,00:25,Ryanair,,google_flights,https://www.google.com/travel/flights?tfs=GhoSCjIwMjYtMDktMjlqBRIDQ1RBcgUSA0ZDT0IBAUgBmAEC&hl=it&curr=EUR,2026-09-07T13:02:08.922947Z
CTA-FCO,2026-09-29,34.99,11:40,13:05,Aeroitalia,XZ2812,aeroitalia_booking_api,https://aeroitalia-gateway.azure-api.net/dotrezprod/api/nsk/v4/availability/search/simple,2026-09-07T13:12:15.275Z
CTA-FCO,2026-09-29,40.0,06:55,08:20,Aeroitalia,,google_flights,https://www.google.com/travel/flights?tfs=GhoSCjIwMjYtMDktMjlqBRIDQ1RBcgUSA0ZDT0IBAUgBmAEC&hl=it&curr=EUR,2026-09-07T13:02:08.922947Z
CTA-FCO,2026-09-29,58.0,21:30,22:50,ITA,,google_flights,https://www.google.com/travel/flights?tfs=GhoSCjIwMjYtMDktMjlqBRIDQ1RBcgUSA0ZDT0IBAUgBmAEC&hl=it&curr=EUR,2026-09-07T13:02:08.922947Z
CTA-FCO,2026-09-30,14.99,23:00,00:30,Ryanair,,ryanair_farefinder,https://www.ryanair.com/api/farfnd/v4/oneWayFares/CTA/FCO/cheapestPerDay?outboundMonthOfDate=2026-09-01&currency=EUR,2026-09-07T12:30:35.254090Z
CTA-FCO,2026-09-30,14.99,23:00,00:30,Ryanair,FR4857,ryanair_booking_api,https://www.ryanair.com/api/booking/v4/it-it/availability?ADT=1&TEEN=0&CHD=0&INF=0&Origin=CTA&Destination=FCO&promoCode=&IncludeConnectingFlights=false&DateOut=2026-09-25&FlexDaysBeforeOut=0&FlexDaysOut=6&RoundTrip=false&ToUs=AGREED,2026-09-07T12:47:27.474Z
CTA-FCO,2026-09-30,24.0,20:00,21:30,Ryanair,,google_flights,https://www.google.com/travel/flights?tfs=GhoSCjIwMjYtMDktMzBqBRIDQ1RBcgUSA0ZDT0IBAUgBmAEC&hl=it&curr=EUR,2026-09-07T13:02:10.516995Z
CTA-FCO,2026-09-30,29.99,06:55,08:20,Aeroitalia,XZ2810,aeroitalia_booking_api,https://aeroitalia-gateway.azure-api.net/dotrezprod/api/nsk/v4/availability/search/simple,2026-09-07T13:12:16.850Z
CTA-FCO,2026-09-30,30.0,19:20,20:45,Aeroitalia,,google_flights,https://www.google.com/travel/flights?tfs=GhoSCjIwMjYtMDktMzBqBRIDQ1RBcgUSA0ZDT0IBAUgBmAEC&hl=it&curr=EUR,2026-09-07T13:02:10.516995Z
CTA-FCO,2026-09-30,58.0,21:30,22:50,ITA,,google_flights,https://www.google.com/travel/flights?tfs=GhoSCjIwMjYtMDktMzBqBRIDQ1RBcgUSA0ZDT0IBAUgBmAEC&hl=it&curr=EUR,2026-09-07T13:02:10.516995Z
CTA-FCO,2026-10-01,21.99,06:35,08:05,Ryanair,,ryanair_farefinder,https://www.ryanair.com/api/farfnd/v4/oneWayFares/CTA/FCO/cheapestPerDay?outboundMonthOfDate=2026-10-01&currency=EUR,2026-09-07T12:30:36.621887Z
CTA-FCO,2026-10-01,21.99,06:35,08:05,Ryanair,FR4871,ryanair_booking_api,https://www.ryanair.com/api/booking/v4/it-it/availability?ADT=1&TEEN=0&CHD=0&INF=0&Origin=CTA&Destination=FCO&promoCode=&IncludeConnectingFlights=false&DateOut=2026-09-25&FlexDaysBeforeOut=0&FlexDaysOut=6&RoundTrip=false&ToUs=AGREED,2026-09-07T12:47:27.474Z
CTA-FCO,2026-10-01,24.99,06:55,08:20,Aeroitalia,XZ2810,aeroitalia_booking_api,https://aeroitalia-gateway.azure-api.net/dotrezprod/api/nsk/v4/availability/search/simple,2026-09-07T13:12:18.296Z
CTA-FCO,2026-10-01,27.0,07:50,09:20,Ryanair,,google_flights,https://www.google.com/travel/flights?tfs=GhoSCjIwMjYtMTAtMDFqBRIDQ1RBcgUSA0ZDT0IBAUgBmAEC&hl=it&curr=EUR,2026-09-07T13:02:12.210693Z
CTA-FCO,2026-10-01,35.0,19:20,20:45,Aeroitalia,,google_flights,https://www.google.com/travel/flights?tfs=GhoSCjIwMjYtMTAtMDFqBRIDQ1RBcgUSA0ZDT0IBAUgBmAEC&hl=it&curr=EUR,2026-09-07T13:02:12.210693Z
CTA-FCO,2026-10-01,58.0,21:30,22:50,ITA,,google_flights,https://www.google.com/travel/flights?tfs=GhoSCjIwMjYtMTAtMDFqBRIDQ1RBcgUSA0ZDT0IBAUgBmAEC&hl=it&curr=EUR,2026-09-07T13:02:12.210693Z
CTA-FCO,2026-10-02,14.99,22:45,00:15,Ryanair,,ryanair_farefinder,https://www.ryanair.com/api/farfnd/v4/oneWayFares/CTA/FCO/cheapestPerDay?outboundMonthOfDate=2026-10-01&currency=EUR,2026-09-07T12:30:36.621887Z
CTA-FCO,2026-10-02,14.99,22:45,00:15,Ryanair,FR4857,ryanair_booking_api,https://www.ryanair.com/api/booking/v4/it-it/availability?ADT=1&TEEN=0&CHD=0&INF=0&Origin=CTA&Destination=FCO&promoCode=&IncludeConnectingFlights=false&DateOut=2026-10-02&FlexDaysBeforeOut=0&FlexDaysOut=6&RoundTrip=false&ToUs=AGREED,2026-09-07T12:47:29.017Z
CTA-FCO,2026-10-02,30.0,06:15,07:45,Ryanair,,google_flights,https://www.google.com/travel/flights?tfs=GhoSCjIwMjYtMTAtMDJqBRIDQ1RBcgUSA0ZDT0IBAUgBmAEC&hl=it&curr=EUR,2026-09-07T13:02:13.786534Z
CTA-FCO,2026-10-02,44.99,19:20,20:45,Aeroitalia,XZ2816,aeroitalia_booking_api,https://aeroitalia-gateway.azure-api.net/dotrezprod/api/nsk/v4/availability/search/simple,2026-09-07T13:12:19.754Z
CTA-FCO,2026-10-02,50.0,06:55,08:20,Aeroitalia,,google_flights,https://www.google.com/travel/flights?tfs=GhoSCjIwMjYtMTAtMDJqBRIDQ1RBcgUSA0ZDT0IBAUgBmAEC&hl=it&curr=EUR,2026-09-07T13:02:13.786534Z
CTA-FCO,2026-10-02,85.0,19:15,20:40,ITA,,google_flights,https://www.google.com/travel/flights?tfs=GhoSCjIwMjYtMTAtMDJqBRIDQ1RBcgUSA0ZDT0IBAUgBmAEC&hl=it&curr=EUR,2026-09-07T13:02:13.786534Z
CTA-FCO,2026-10-03,14.99,23:10,00:40,Ryanair,,ryanair_farefinder,https://www.ryanair.com/api/farfnd/v4/oneWayFares/CTA/FCO/cheapestPerDay?outboundMonthOfDate=2026-10-01&currency=EUR,2026-09-07T12:30:36.621887Z
CTA-FCO,2026-10-03,14.99,23:10,00:40,Ryanair,FR4857,ryanair_booking_api,https://www.ryanair.com/api/booking/v4/it-it/availability?ADT=1&TEEN=0&CHD=0&INF=0&Origin=CTA&Destination=FCO&promoCode=&IncludeConnectingFlights=false&DateOut=2026-10-02&FlexDaysBeforeOut=0&FlexDaysOut=6&RoundTrip=false&ToUs=AGREED,2026-09-07T12:47:29.017Z
CTA-FCO,2026-10-03,34.0,20:20,21:50,Ryanair,,google_flights,https://www.google.com/travel/flights?tfs=GhoSCjIwMjYtMTAtMDNqBRIDQ1RBcgUSA0ZDT0IBAUgBmAEC&hl=it&curr=EUR,2026-09-07T13:02:15.365570Z
CTA-FCO,2026-10-03,39.99,06:55,08:20,Aeroitalia,XZ2810,aeroitalia_booking_api,https://aeroitalia-gateway.azure-api.net/dotrezprod/api/nsk/v4/availability/search/simple,2026-09-07T13:12:21.219Z
CTA-FCO,2026-10-03,40.0,19:20,20:45,Aeroitalia,,google_flights,https://www.google.com/travel/flights?tfs=GhoSCjIwMjYtMTAtMDNqBRIDQ1RBcgUSA0ZDT0IBAUgBmAEC&hl=it&curr=EUR,2026-09-07T13:02:15.365570Z
CTA-FCO,2026-10-03,111.0,15:25,16:45,ITA,,google_flights,https://www.google.com/travel/flights?tfs=GhoSCjIwMjYtMTAtMDNqBRIDQ1RBcgUSA0ZDT0IBAUgBmAEC&hl=it&curr=EUR,2026-09-07T13:02:15.365570Z
CTA-FCO,2026-10-04,14.99,06:45,08:15,Ryanair,,ryanair_farefinder,https://www.ryanair.com/api/farfnd/v4/oneWayFares/CTA/FCO/cheapestPerDay?outboundMonthOfDate=2026-10-01&currency=EUR,2026-09-07T12:30:36.621887Z
CTA-FCO,2026-10-04,14.99,06:45,08:15,Ryanair,FR4871,ryanair_booking_api,https://www.ryanair.com/api/booking/v4/it-it/availability?ADT=1&TEEN=0&CHD=0&INF=0&Origin=CTA&Destination=FCO&promoCode=&IncludeConnectingFlights=false&DateOut=2026-10-02&FlexDaysBeforeOut=0&FlexDaysOut=6&RoundTrip=false&ToUs=AGREED,2026-09-07T12:47:29.017Z
CTA-FCO,2026-10-04,19.99,06:55,08:20,Aeroitalia,XZ2810,aeroitalia_booking_api,https://aeroitalia-gateway.azure-api.net/dotrezprod/api/nsk/v4/availability/search/simple,2026-09-07T13:12:22.799Z
CTA-FCO,2026-10-04,27.0,07:50,09:20,Ryanair,,google_flights,https://www.google.com/travel/flights?tfs=GhoSCjIwMjYtMTAtMDRqBRIDQ1RBcgUSA0ZDT0IBAUgBmAEC&hl=it&curr=EUR,2026-09-07T13:02:17.165500Z
CTA-FCO,2026-10-04,75.0,21:30,22:50,ITA,,google_flights,https://www.google.com/travel/flights?tfs=GhoSCjIwMjYtMTAtMDRqBRIDQ1RBcgUSA0ZDT0IBAUgBmAEC&hl=it&curr=EUR,2026-09-07T13:02:17.165500Z
CTA-FCO,2026-10-04,75.0,19:25,20:50,Aeroitalia,,google_flights,https://www.google.com/travel/flights?tfs=GhoSCjIwMjYtMTAtMDRqBRIDQ1RBcgUSA0ZDT0IBAUgBmAEC&hl=it&curr=EUR,2026-09-07T13:02:17.165500Z
CTA-FCO,2026-10-05,24.99,06:10,07:40,Ryanair,,ryanair_farefinder,https://www.ryanair.com/api/farfnd/v4/oneWayFares/CTA/FCO/cheapestPerDay?outboundMonthOfDate=2026-10-01&currency=EUR,2026-09-07T12:30:36.621887Z
CTA-FCO,2026-10-05,24.99,06:10,07:40,Ryanair,FR4871,ryanair_booking_api,https://www.ryanair.com/api/booking/v4/it-it/availability?ADT=1&TEEN=0&CHD=0&INF=0&Origin=CTA&Destination=FCO&promoCode=&IncludeConnectingFlights=false&DateOut=2026-10-02&FlexDaysBeforeOut=0&FlexDaysOut=6&RoundTrip=false&ToUs=AGREED,2026-09-07T12:47:29.017Z
CTA-FCO,2026-10-05,29.99,06:55,08:20,Aeroitalia,XZ2810,aeroitalia_booking_api,https://aeroitalia-gateway.azure-api.net/dotrezprod/api/nsk/v4/availability/search/simple,2026-09-07T13:12:24.249Z
CTA-FCO,2026-10-05,38.0,08:00,09:30,Ryanair,,google_flights,https://www.google.com/travel/flights?tfs=GhoSCjIwMjYtMTAtMDVqBRIDQ1RBcgUSA0ZDT0IBAUgBmAEC&hl=it&curr=EUR,2026-09-07T13:02:18.794332Z
CTA-FCO,2026-10-05,40.0,19:20,20:45,Aeroitalia,,google_flights,https://www.google.com/travel/flights?tfs=GhoSCjIwMjYtMTAtMDVqBRIDQ1RBcgUSA0ZDT0IBAUgBmAEC&hl=it&curr=EUR,2026-09-07T13:02:18.794332Z
CTA-FCO,2026-10-05,58.0,21:30,22:50,ITA,,google_flights,https://www.google.com/travel/flights?tfs=GhoSCjIwMjYtMTAtMDVqBRIDQ1RBcgUSA0ZDT0IBAUgBmAEC&hl=it&curr=EUR,2026-09-07T13:02:18.794332Z
CTA-FCO,2026-10-06,18.35,22:55,00:25,Ryanair,,ryanair_farefinder,https://www.ryanair.com/api/farfnd/v4/oneWayFares/CTA/FCO/cheapestPerDay?outboundMonthOfDate=2026-10-01&currency=EUR,2026-09-07T12:30:36.621887Z
CTA-FCO,2026-10-06,18.35,22:55,00:25,Ryanair,FR4860,ryanair_booking_api,https://www.ryanair.com/api/booking/v4/it-it/availability?ADT=1&TEEN=0&CHD=0&INF=0&Origin=CTA&Destination=FCO&promoCode=&IncludeConnectingFlights=false&DateOut=2026-10-02&FlexDaysBeforeOut=0&FlexDaysOut=6&RoundTrip=false&ToUs=AGREED,2026-09-07T12:47:29.017Z
CTA-FCO,2026-10-06,19.0,22:55,00:25,Ryanair,,google_flights,https://www.google.com/travel/flights?tfs=GhoSCjIwMjYtMTAtMDZqBRIDQ1RBcgUSA0ZDT0IBAUgBmAEC&hl=it&curr=EUR,2026-09-07T13:02:20.485408Z
CTA-FCO,2026-10-06,29.99,19:20,20:45,Aeroitalia,XZ2816,aeroitalia_booking_api,https://aeroitalia-gateway.azure-api.net/dotrezprod/api/nsk/v4/availability/search/simple,2026-09-07T13:12:25.694Z
CTA-FCO,2026-10-06,30.0,19:20,20:45,Aeroitalia,,google_flights,https://www.google.com/travel/flights?tfs=GhoSCjIwMjYtMTAtMDZqBRIDQ1RBcgUSA0ZDT0IBAUgBmAEC&hl=it&curr=EUR,2026-09-07T13:02:20.485408Z
CTA-FCO,2026-10-06,58.0,14:30,15:50,ITA,,google_flights,https://www.google.com/travel/flights?tfs=GhoSCjIwMjYtMTAtMDZqBRIDQ1RBcgUSA0ZDT0IBAUgBmAEC&hl=it&curr=EUR,2026-09-07T13:02:20.485408Z
CTA-FCO,2026-10-07,15.08,20:00,21:30,Ryanair,,ryanair_farefinder,https://www.ryanair.com/api/farfnd/v4/oneWayFares/CTA/FCO/cheapestPerDay?outboundMonthOfDate=2026-10-01&currency=EUR,2026-09-07T12:30:36.621887Z
CTA-FCO,2026-10-07,15.08,20:00,21:30,Ryanair,FR4855,ryanair_booking_api,https://www.ryanair.com/api/booking/v4/it-it/availability?ADT=1&TEEN=0&CHD=0&INF=0&Origin=CTA&Destination=FCO&promoCode=&IncludeConnectingFlights=false&DateOut=2026-10-02&FlexDaysBeforeOut=0&FlexDaysOut=6&RoundTrip=false&ToUs=AGREED,2026-09-07T12:47:29.017Z
CTA-FCO,2026-10-07,24.99,19:20,20:45,Aeroitalia,XZ2816,aeroitalia_booking_api,https://aeroitalia-gateway.azure-api.net/dotrezprod/api/nsk/v4/availability/search/simple,2026-09-07T13:12:27.141Z
CTA-FCO,2026-10-07,25.0,05:45,07:15,Ryanair,,google_flights,https://www.google.com/travel/flights?tfs=GhoSCjIwMjYtMTAtMDdqBRIDQ1RBcgUSA0ZDT0IBAUgBmAEC&hl=it&curr=EUR,2026-09-07T13:02:22.124772Z
CTA-FCO,2026-10-07,30.0,06:55,08:20,Aeroitalia,,google_flights,https://www.google.com/travel/flights?tfs=GhoSCjIwMjYtMTAtMDdqBRIDQ1RBcgUSA0ZDT0IBAUgBmAEC&hl=it&curr=EUR,2026-09-07T13:02:22.124772Z
CTA-FCO,2026-10-07,58.0,14:50,16:10,ITA,,google_flights,https://www.google.com/travel/flights?tfs=GhoSCjIwMjYtMTAtMDdqBRIDQ1RBcgUSA0ZDT0IBAUgBmAEC&hl=it&curr=EUR,2026-09-07T13:02:22.124772Z
CTA-FCO,2026-10-08,14.99,23:10,00:40,Ryanair,,ryanair_farefinder,https://www.ryanair.com/api/farfnd/v4/oneWayFares/CTA/FCO/cheapestPerDay?outboundMonthOfDate=2026-10-01&currency=EUR,2026-09-07T12:30:36.621887Z
CTA-FCO,2026-10-08,14.99,23:10,00:40,Ryanair,FR4857,ryanair_booking_api,https://www.ryanair.com/api/booking/v4/it-it/availability?ADT=1&TEEN=0&CHD=0&INF=0&Origin=CTA&Destination=FCO&promoCode=&IncludeConnectingFlights=false&DateOut=2026-10-02&FlexDaysBeforeOut=0&FlexDaysOut=6&RoundTrip=false&ToUs=AGREED,2026-09-07T12:47:29.017Z
CTA-FCO,2026-10-08,25.0,06:35,08:05,Ryanair,,google_flights,https://www.google.com/travel/flights?tfs=GhoSCjIwMjYtMTAtMDhqBRIDQ1RBcgUSA0ZDT0IBAUgBmAEC&hl=it&curr=EUR,2026-09-07T13:02:23.751153Z
CTA-FCO,2026-10-08,29.99,06:55,08:20,Aeroitalia,XZ2810,aeroitalia_booking_api,https://aeroitalia-gateway.azure-api.net/dotrezprod/api/nsk/v4/availability/search/simple,2026-09-07T13:12:28.724Z
CTA-FCO,2026-10-08,30.0,06:55,08:20,Aeroitalia,,google_flights,https://www.google.com/travel/flights?tfs=GhoSCjIwMjYtMTAtMDhqBRIDQ1RBcgUSA0ZDT0IBAUgBmAEC&hl=it&curr=EUR,2026-09-07T13:02:23.751153Z
CTA-FCO,2026-10-08,58.0,21:30,22:50,ITA,,google_flights,https://www.google.com/travel/flights?tfs=GhoSCjIwMjYtMTAtMDhqBRIDQ1RBcgUSA0ZDT0IBAUgBmAEC&hl=it&curr=EUR,2026-09-07T13:02:23.751153Z
CTA-FCO,2026-10-09,19.99,22:45,00:15,Ryanair,,ryanair_farefinder,https://www.ryanair.com/api/farfnd/v4/oneWayFares/CTA/FCO/cheapestPerDay?outboundMonthOfDate=2026-10-01&currency=EUR,2026-09-07T12:30:36.621887Z
CTA-FCO,2026-10-09,19.99,22:45,00:15,Ryanair,FR4857,ryanair_booking_api,https://www.ryanair.com/api/booking/v4/it-it/availability?ADT=1&TEEN=0&CHD=0&INF=0&Origin=CTA&Destination=FCO&promoCode=&IncludeConnectingFlights=false&DateOut=2026-10-09&FlexDaysBeforeOut=0&FlexDaysOut=6&RoundTrip=false&ToUs=AGREED,2026-09-07T12:47:30.554Z
CTA-FCO,2026-10-09,36.0,06:15,07:45,Ryanair,,google_flights,https://www.google.com/travel/flights?tfs=GhoSCjIwMjYtMTAtMDlqBRIDQ1RBcgUSA0ZDT0IBAUgBmAEC&hl=it&curr=EUR,2026-09-07T13:02:25.556059Z
CTA-FCO,2026-10-09,39.99,06:55,08:20,Aeroitalia,XZ2810,aeroitalia_booking_api,https://aeroitalia-gateway.azure-api.net/dotrezprod/api/nsk/v4/availability/search/simple,2026-09-07T13:12:30.169Z
CTA-FCO,2026-10-09,55.0,15:50,17:15,Aeroitalia,,google_flights,https://www.google.com/travel/flights?tfs=GhoSCjIwMjYtMTAtMDlqBRIDQ1RBcgUSA0ZDT0IBAUgBmAEC&hl=it&curr=EUR,2026-09-07T13:02:25.556059Z
CTA-FCO,2026-10-09,75.0,15:25,16:45,ITA,,google_flights,https://www.google.com/travel/flights?tfs=GhoSCjIwMjYtMTAtMDlqBRIDQ1RBcgUSA0ZDT0IBAUgBmAEC&hl=it&curr=EUR,2026-09-07T13:02:25.556059Z
CTA-FCO,2026-10-10,14.99,23:10,00:40,Ryanair,,ryanair_farefinder,https://www.ryanair.com/api/farfnd/v4/oneWayFares/CTA/FCO/cheapestPerDay?outboundMonthOfDate=2026-10-01&currency=EUR,2026-09-07T12:30:36.621887Z
CTA-FCO,2026-10-10,14.99,23:10,00:40,Ryanair,FR4857,ryanair_booking_api,https://www.ryanair.com/api/booking/v4/it-it/availability?ADT=1&TEEN=0&CHD=0&INF=0&Origin=CTA&Destination=FCO&promoCode=&IncludeConnectingFlights=false&DateOut=2026-10-09&FlexDaysBeforeOut=0&FlexDaysOut=6&RoundTrip=false&ToUs=AGREED,2026-09-07T12:47:30.554Z
CTA-FCO,2026-10-10,24.99,19:20,20:45,Aeroitalia,XZ2816,aeroitalia_booking_api,https://aeroitalia-gateway.azure-api.net/dotrezprod/api/nsk/v4/availability/search/simple,2026-09-07T13:12:31.618Z
CTA-FCO,2026-10-10,29.0,20:20,21:50,Ryanair,,google_flights,https://www.google.com/travel/flights?tfs=GhoSCjIwMjYtMTAtMTBqBRIDQ1RBcgUSA0ZDT0IBAUgBmAEC&hl=it&curr=EUR,2026-09-07T13:02:27.201030Z
CTA-FCO,2026-10-10,45.0,11:40,13:05,Aeroitalia,,google_flights,https://www.google.com/travel/flights?tfs=GhoSCjIwMjYtMTAtMTBqBRIDQ1RBcgUSA0ZDT0IBAUgBmAEC&hl=it&curr=EUR,2026-09-07T13:02:27.201030Z
CTA-FCO,2026-10-10,58.0,21:30,22:50,ITA,,google_flights,https://www.google.com/travel/flights?tfs=GhoSCjIwMjYtMTAtMTBqBRIDQ1RBcgUSA0ZDT0IBAUgBmAEC&hl=it&curr=EUR,2026-09-07T13:02:27.201030Z
CTA-FCO,2026-10-11,19.77,06:45,08:15,Ryanair,,ryanair_farefinder,https://www.ryanair.com/api/farfnd/v4/oneWayFares/CTA/FCO/cheapestPerDay?outboundMonthOfDate=2026-10-01&currency=EUR,2026-09-07T12:30:36.621887Z
CTA-FCO,2026-10-11,19.77,06:45,08:15,Ryanair,FR4871,ryanair_booking_api,https://www.ryanair.com/api/booking/v4/it-it/availability?ADT=1&TEEN=0&CHD=0&INF=0&Origin=CTA&Destination=FCO&promoCode=&IncludeConnectingFlights=false&DateOut=2026-10-09&FlexDaysBeforeOut=0&FlexDaysOut=6&RoundTrip=false&ToUs=AGREED,2026-09-07T12:47:30.554Z
CTA-FCO,2026-10-11,20.0,06:45,08:15,Ryanair,,google_flights,https://www.google.com/travel/flights?tfs=GhoSCjIwMjYtMTAtMTFqBRIDQ1RBcgUSA0ZDT0IBAUgBmAEC&hl=it&curr=EUR,2026-09-07T13:02:28.870095Z
CTA-FCO,2026-10-11,24.99,06:55,08:20,Aeroitalia,XZ2810,aeroitalia_booking_api,https://aeroitalia-gateway.azure-api.net/dotrezprod/api/nsk/v4/availability/search/simple,2026-09-07T13:12:33.094Z
CTA-FCO,2026-10-11,25.0,06:55,08:20,Aeroitalia,,google_flights,https://www.google.com/travel/flights?tfs=GhoSCjIwMjYtMTAtMTFqBRIDQ1RBcgUSA0ZDT0IBAUgBmAEC&hl=it&curr=EUR,2026-09-07T13:02:28.870095Z
CTA-FCO,2026-10-11,97.0,14:50,16:10,ITA,,google_flights,https://www.google.com/travel/flights?tfs=GhoSCjIwMjYtMTAtMTFqBRIDQ1RBcgUSA0ZDT0IBAUgBmAEC&hl=it&curr=EUR,2026-09-07T13:02:28.870095Z
CTA-FCO,2026-10-12,28.99,17:50,19:20,Ryanair,,ryanair_farefinder,https://www.ryanair.com/api/farfnd/v4/oneWayFares/CTA/FCO/cheapestPerDay?outboundMonthOfDate=2026-10-01&currency=EUR,2026-09-07T12:30:36.621887Z
CTA-FCO,2026-10-12,28.99,17:50,19:20,Ryanair,FR4857,ryanair_booking_api,https://www.ryanair.com/api/booking/v4/it-it/availability?ADT=1&TEEN=0&CHD=0&INF=0&Origin=CTA&Destination=FCO&promoCode=&IncludeConnectingFlights=false&DateOut=2026-10-09&FlexDaysBeforeOut=0&FlexDaysOut=6&RoundTrip=false&ToUs=AGREED,2026-09-07T12:47:30.554Z
CTA-FCO,2026-10-12,29.0,18:25,19:55,Ryanair,,google_flights,https://www.google.com/travel/flights?tfs=GhoSCjIwMjYtMTAtMTJqBRIDQ1RBcgUSA0ZDT0IBAUgBmAEC&hl=it&curr=EUR,2026-09-07T13:02:30.518144Z
CTA-FCO,2026-10-12,29.99,06:55,08:20,Aeroitalia,XZ2810,aeroitalia_booking_api,https://aeroitalia-gateway.azure-api.net/dotrezprod/api/nsk/v4/availability/search/simple,2026-09-07T13:12:34.740Z
CTA-FCO,2026-10-12,40.0,19:20,20:45,Aeroitalia,,google_flights,https://www.google.com/travel/flights?tfs=GhoSCjIwMjYtMTAtMTJqBRIDQ1RBcgUSA0ZDT0IBAUgBmAEC&hl=it&curr=EUR,2026-09-07T13:02:30.518144Z
CTA-FCO,2026-10-12,58.0,19:15,20:40,ITA,,google_flights,https://www.google.com/travel/flights?tfs=GhoSCjIwMjYtMTAtMTJqBRIDQ1RBcgUSA0ZDT0IBAUgBmAEC&hl=it&curr=EUR,2026-09-07T13:02:30.518144Z
CTA-FCO,2026-10-13,14.99,22:55,00:25,Ryanair,,ryanair_farefinder,https://www.ryanair.com/api/farfnd/v4/oneWayFares/CTA/FCO/cheapestPerDay?outboundMonthOfDate=2026-10-01&currency=EUR,2026-09-07T12:30:36.621887Z
CTA-FCO,2026-10-13,14.99,22:55,00:25,Ryanair,FR4860,ryanair_booking_api,https://www.ryanair.com/api/booking/v4/it-it/availability?ADT=1&TEEN=0&CHD=0&INF=0&Origin=CTA&Destination=FCO&promoCode=&IncludeConnectingFlights=false&DateOut=2026-10-09&FlexDaysBeforeOut=0&FlexDaysOut=6&RoundTrip=false&ToUs=AGREED,2026-09-07T12:47:30.554Z
CTA-FCO,2026-10-13,24.99,19:20,20:45,Aeroitalia,XZ2816,aeroitalia_booking_api,https://aeroitalia-gateway.azure-api.net/dotrezprod/api/nsk/v4/availability/search/simple,2026-09-07T13:12:36.186Z
CTA-FCO,2026-10-13,25.0,08:20,09:50,Ryanair,,google_flights,https://www.google.com/travel/flights?tfs=GhoSCjIwMjYtMTAtMTNqBRIDQ1RBcgUSA0ZDT0IBAUgBmAEC&hl=it&curr=EUR,2026-09-07T13:02:32.085622Z
CTA-FCO,2026-10-13,30.0,06:55,08:20,Aeroitalia,,google_flights,https://www.google.com/travel/flights?tfs=GhoSCjIwMjYtMTAtMTNqBRIDQ1RBcgUSA0ZDT0IBAUgBmAEC&hl=it&curr=EUR,2026-09-07T13:02:32.085622Z
CTA-FCO,2026-10-13,58.0,16:30,17:50,ITA,,google_flights,https://www.google.com/travel/flights?tfs=GhoSCjIwMjYtMTAtMTNqBRIDQ1RBcgUSA0ZDT0IBAUgBmAEC&hl=it&curr=EUR,2026-09-07T13:02:32.085622Z
CTA-FCO,2026-10-14,17.0,23:00,00:30,Ryanair,,ryanair_farefinder,https://www.ryanair.com/api/farfnd/v4/oneWayFares/CTA/FCO/cheapestPerDay?outboundMonthOfDate=2026-10-01&currency=EUR,2026-09-07T12:30:36.621887Z
CTA-FCO,2026-10-14,17.0,23:00,00:30,Ryanair,FR4857,ryanair_booking_api,https://www.ryanair.com/api/booking/v4/it-it/availability?ADT=1&TEEN=0&CHD=0&INF=0&Origin=CTA&Destination=FCO&promoCode=&IncludeConnectingFlights=false&DateOut=2026-10-09&FlexDaysBeforeOut=0&FlexDaysOut=6&RoundTrip=false&ToUs=AGREED,2026-09-07T12:47:30.554Z
CTA-FCO,2026-10-14,26.0,20:00,21:30,Ryanair,,google_flights,https://www.google.com/travel/flights?tfs=GhoSCjIwMjYtMTAtMTRqBRIDQ1RBcgUSA0ZDT0IBAUgBmAEC&hl=it&curr=EUR,2026-09-07T13:02:33.700750Z
CTA-FCO,2026-10-14,29.99,19:20,20:45,Aeroitalia,XZ2816,aeroitalia_booking_api,https://aeroitalia-gateway.azure-api.net/dotrezprod/api/nsk/v4/availability/search/simple,2026-09-07T13:12:37.629Z
CTA-FCO,2026-10-14,40.0,06:55,08:20,Aeroitalia,,google_flights,https://www.google.com/travel/flights?tfs=GhoSCjIwMjYtMTAtMTRqBRIDQ1RBcgUSA0ZDT0IBAUgBmAEC&hl=it&curr=EUR,2026-09-07T13:02:33.700750Z
CTA-FCO,2026-10-14,58.0,16:30,17:50,ITA,,google_flights,https://www.google.com/travel/flights?tfs=GhoSCjIwMjYtMTAtMTRqBRIDQ1RBcgUSA0ZDT0IBAUgBmAEC&hl=it&curr=EUR,2026-09-07T13:02:33.700750Z
CTA-FCO,2026-10-15,17.0,23:10,00:40,Ryanair,,ryanair_farefinder,https://www.ryanair.com/api/farfnd/v4/oneWayFares/CTA/FCO/cheapestPerDay?outboundMonthOfDate=2026-10-01&currency=EUR,2026-09-07T12:30:36.621887Z
CTA-FCO,2026-10-15,17.0,23:10,00:40,Ryanair,FR4857,ryanair_booking_api,https://www.ryanair.com/api/booking/v4/it-it/availability?ADT=1&TEEN=0&CHD=0&INF=0&Origin=CTA&Destination=FCO&promoCode=&IncludeConnectingFlights=false&DateOut=2026-10-09&FlexDaysBeforeOut=0&FlexDaysOut=6&RoundTrip=false&ToUs=AGREED,2026-09-07T12:47:30.554Z
CTA-FCO,2026-10-15,24.99,06:55,08:20,Aeroitalia,XZ2810,aeroitalia_booking_api,https://aeroitalia-gateway.azure-api.net/dotrezprod/api/nsk/v4/availability/search/simple,2026-09-07T13:12:39.073Z
CTA-FCO,2026-10-15,25.0,07:50,09:20,Ryanair,,google_flights,https://www.google.com/travel/flights?tfs=GhoSCjIwMjYtMTAtMTVqBRIDQ1RBcgUSA0ZDT0IBAUgBmAEC&hl=it&curr=EUR,2026-09-07T13:02:35.260611Z
CTA-FCO,2026-10-15,40.0,11:40,13:05,Aeroitalia,,google_flights,https://www.google.com/travel/flights?tfs=GhoSCjIwMjYtMTAtMTVqBRIDQ1RBcgUSA0ZDT0IBAUgBmAEC&hl=it&curr=EUR,2026-09-07T13:02:35.260611Z
CTA-FCO,2026-10-15,58.0,21:30,22:50,ITA,,google_flights,https://www.google.com/travel/flights?tfs=GhoSCjIwMjYtMTAtMTVqBRIDQ1RBcgUSA0ZDT0IBAUgBmAEC&hl=it&curr=EUR,2026-09-07T13:02:35.260611Z
CTA-FCO,2026-10-16,15.99,22:45,00:15,Ryanair,,ryanair_farefinder,https://www.ryanair.com/api/farfnd/v4/oneWayFares/CTA/FCO/cheapestPerDay?outboundMonthOfDate=2026-10-01&currency=EUR,2026-09-07T12:30:36.621887Z
CTA-FCO,2026-10-16,15.99,22:45,00:15,Ryanair,FR4857,ryanair_booking_api,https://www.ryanair.com/api/booking/v4/it-it/availability?ADT=1&TEEN=0&CHD=0&INF=0&Origin=CTA&Destination=FCO&promoCode=&IncludeConnectingFlights=false&DateOut=2026-10-16&FlexDaysBeforeOut=0&FlexDaysOut=6&RoundTrip=false&ToUs=AGREED,2026-09-07T12:47:32.047Z
CTA-FCO,2026-10-16,30.0,06:15,07:45,Ryanair,,google_flights,https://www.google.com/travel/flights?tfs=GhoSCjIwMjYtMTAtMTZqBRIDQ1RBcgUSA0ZDT0IBAUgBmAEC&hl=it&curr=EUR,2026-09-07T13:02:36.847921Z
CTA-FCO,2026-10-16,34.99,06:55,08:20,Aeroitalia,XZ2810,aeroitalia_booking_api,https://aeroitalia-gateway.azure-api.net/dotrezprod/api/nsk/v4/availability/search/simple,2026-09-07T13:12:40.641Z
CTA-FCO,2026-10-16,40.0,19:20,20:45,Aeroitalia,,google_flights,https://www.google.com/travel/flights?tfs=GhoSCjIwMjYtMTAtMTZqBRIDQ1RBcgUSA0ZDT0IBAUgBmAEC&hl=it&curr=EUR,2026-09-07T13:02:36.847921Z
CTA-FCO,2026-10-16,58.0,14:50,16:10,ITA,,google_flights,https://www.google.com/travel/flights?tfs=GhoSCjIwMjYtMTAtMTZqBRIDQ1RBcgUSA0ZDT0IBAUgBmAEC&hl=it&curr=EUR,2026-09-07T13:02:36.847921Z
CTA-FCO,2026-10-17,17.0,23:10,00:40,Ryanair,,ryanair_farefinder,https://www.ryanair.com/api/farfnd/v4/oneWayFares/CTA/FCO/cheapestPerDay?outboundMonthOfDate=2026-10-01&currency=EUR,2026-09-07T12:30:36.621887Z
CTA-FCO,2026-10-17,17.0,23:10,00:40,Ryanair,FR4857,ryanair_booking_api,https://www.ryanair.com/api/booking/v4/it-it/availability?ADT=1&TEEN=0&CHD=0&INF=0&Origin=CTA&Destination=FCO&promoCode=&IncludeConnectingFlights=false&DateOut=2026-10-16&FlexDaysBeforeOut=0&FlexDaysOut=6&RoundTrip=false&ToUs=AGREED,2026-09-07T12:47:32.047Z
CTA-FCO,2026-10-17,24.99,19:20,20:45,Aeroitalia,XZ2816,aeroitalia_booking_api,https://aeroitalia-gateway.azure-api.net/dotrezprod/api/nsk/v4/availability/search/simple,2026-09-07T13:12:42.085Z
CTA-FCO,2026-10-17,39.0,08:40,10:10,Ryanair,,google_flights,https://www.google.com/travel/flights?tfs=GhoSCjIwMjYtMTAtMTdqBRIDQ1RBcgUSA0ZDT0IBAUgBmAEC&hl=it&curr=EUR,2026-09-07T13:02:38.485718Z
CTA-FCO,2026-10-17,55.0,11:40,13:05,Aeroitalia,,google_flights,https://www.google.com/travel/flights?tfs=GhoSCjIwMjYtMTAtMTdqBRIDQ1RBcgUSA0ZDT0IBAUgBmAEC&hl=it&curr=EUR,2026-09-07T13:02:38.485718Z
CTA-FCO,2026-10-17,58.0,21:30,22:50,ITA,,google_flights,https://www.google.com/travel/flights?tfs=GhoSCjIwMjYtMTAtMTdqBRIDQ1RBcgUSA0ZDT0IBAUgBmAEC&hl=it&curr=EUR,2026-09-07T13:02:38.485718Z
CTA-FCO,2026-10-18,15.99,06:45,08:15,Ryanair,,ryanair_farefinder,https://www.ryanair.com/api/farfnd/v4/oneWayFares/CTA/FCO/cheapestPerDay?outboundMonthOfDate=2026-10-01&currency=EUR,2026-09-07T12:30:36.621887Z
CTA-FCO,2026-10-18,15.99,06:45,08:15,Ryanair,FR4871,ryanair_booking_api,https://www.ryanair.com/api/booking/v4/it-it/availability?ADT=1&TEEN=0&CHD=0&INF=0&Origin=CTA&Destination=FCO&promoCode=&IncludeConnectingFlights=false&DateOut=2026-10-16&FlexDaysBeforeOut=0&FlexDaysOut=6&RoundTrip=false&ToUs=AGREED,2026-09-07T12:47:32.047Z
CTA-FCO,2026-10-18,16.0,06:45,08:15,Ryanair,,google_flights,https://www.google.com/travel/flights?tfs=GhoSCjIwMjYtMTAtMThqBRIDQ1RBcgUSA0ZDT0IBAUgBmAEC&hl=it&curr=EUR,2026-09-07T13:02:40.081188Z
CTA-FCO,2026-10-18,24.99,06:55,08:20,Aeroitalia,XZ2810,aeroitalia_booking_api,https://aeroitalia-gateway.azure-api.net/dotrezprod/api/nsk/v4/availability/search/simple,2026-09-07T13:12:43.527Z
CTA-FCO,2026-10-18,25.0,06:55,08:20,Aeroitalia,,google_flights,https://www.google.com/travel/flights?tfs=GhoSCjIwMjYtMTAtMThqBRIDQ1RBcgUSA0ZDT0IBAUgBmAEC&hl=it&curr=EUR,2026-09-07T13:02:40.081188Z
CTA-FCO,2026-10-18,75.0,11:40,13:10,ITA,,google_flights,https://www.google.com/travel/flights?tfs=GhoSCjIwMjYtMTAtMThqBRIDQ1RBcgUSA0ZDT0IBAUgBmAEC&hl=it&curr=EUR,2026-09-07T13:02:40.081188Z
CTA-FCO,2026-10-19,25.8,06:10,07:40,Ryanair,,ryanair_farefinder,https://www.ryanair.com/api/farfnd/v4/oneWayFares/CTA/FCO/cheapestPerDay?outboundMonthOfDate=2026-10-01&currency=EUR,2026-09-07T12:30:36.621887Z
CTA-FCO,2026-10-19,25.8,06:10,07:40,Ryanair,FR4871,ryanair_booking_api,https://www.ryanair.com/api/booking/v4/it-it/availability?ADT=1&TEEN=0&CHD=0&INF=0&Origin=CTA&Destination=FCO&promoCode=&IncludeConnectingFlights=false&DateOut=2026-10-16&FlexDaysBeforeOut=0&FlexDaysOut=6&RoundTrip=false&ToUs=AGREED,2026-09-07T12:47:32.047Z
CTA-FCO,2026-10-19,29.0,08:00,09:30,Ryanair,,google_flights,https://www.google.com/travel/flights?tfs=GhoSCjIwMjYtMTAtMTlqBRIDQ1RBcgUSA0ZDT0IBAUgBmAEC&hl=it&curr=EUR,2026-09-07T13:02:41.906967Z
CTA-FCO,2026-10-19,29.99,19:20,20:45,Aeroitalia,XZ2816,aeroitalia_booking_api,https://aeroitalia-gateway.azure-api.net/dotrezprod/api/nsk/v4/availability/search/simple,2026-09-07T13:12:44.975Z
CTA-FCO,2026-10-19,30.0,19:20,20:45,Aeroitalia,,google_flights,https://www.google.com/travel/flights?tfs=GhoSCjIwMjYtMTAtMTlqBRIDQ1RBcgUSA0ZDT0IBAUgBmAEC&hl=it&curr=EUR,2026-09-07T13:02:41.906967Z
CTA-FCO,2026-10-19,58.0,15:00,16:20,ITA,,google_flights,https://www.google.com/travel/flights?tfs=GhoSCjIwMjYtMTAtMTlqBRIDQ1RBcgUSA0ZDT0IBAUgBmAEC&hl=it&curr=EUR,2026-09-07T13:02:41.906967Z
CTA-FCO,2026-10-20,14.99,22:55,00:25,Ryanair,,ryanair_farefinder,https://www.ryanair.com/api/farfnd/v4/oneWayFares/CTA/FCO/cheapestPerDay?outboundMonthOfDate=2026-10-01&currency=EUR,2026-09-07T12:30:36.621887Z
CTA-FCO,2026-10-20,14.99,22:55,00:25,Ryanair,FR4860,ryanair_booking_api,https://www.ryanair.com/api/booking/v4/it-it/availability?ADT=1&TEEN=0&CHD=0&INF=0&Origin=CTA&Destination=FCO&promoCode=&IncludeConnectingFlights=false&DateOut=2026-10-16&FlexDaysBeforeOut=0&FlexDaysOut=6&RoundTrip=false&ToUs=AGREED,2026-09-07T12:47:32.047Z
CTA-FCO,2026-10-20,15.0,22:55,00:25,Ryanair,,google_flights,https://www.google.com/travel/flights?tfs=GhoSCjIwMjYtMTAtMjBqBRIDQ1RBcgUSA0ZDT0IBAUgBmAEC&hl=it&curr=EUR,2026-09-07T13:02:43.493256Z
CTA-FCO,2026-10-20,24.99,06:55,08:20,Aeroitalia,XZ2810,aeroitalia_booking_api,https://aeroitalia-gateway.azure-api.net/dotrezprod/api/nsk/v4/availability/search/simple,2026-09-07T13:12:46.538Z
CTA-FCO,2026-10-20,25.0,06:55,08:20,Aeroitalia,,google_flights,https://www.google.com/travel/flights?tfs=GhoSCjIwMjYtMTAtMjBqBRIDQ1RBcgUSA0ZDT0IBAUgBmAEC&hl=it&curr=EUR,2026-09-07T13:02:43.493256Z
CTA-FCO,2026-10-20,58.0,14:10,15:30,ITA,,google_flights,https://www.google.com/travel/flights?tfs=GhoSCjIwMjYtMTAtMjBqBRIDQ1RBcgUSA0ZDT0IBAUgBmAEC&hl=it&curr=EUR,2026-09-07T13:02:43.493256Z
CTA-FCO,2026-10-21,24.99,17:45,19:15,Ryanair,,ryanair_farefinder,https://www.ryanair.com/api/farfnd/v4/oneWayFares/CTA/FCO/cheapestPerDay?outboundMonthOfDate=2026-10-01&currency=EUR,2026-09-07T12:30:36.621887Z
CTA-FCO,2026-10-21,24.99,05:45,07:15,Ryanair,FR4871,ryanair_booking_api,https://www.ryanair.com/api/booking/v4/it-it/availability?ADT=1&TEEN=0&CHD=0&INF=0&Origin=CTA&Destination=FCO&promoCode=&IncludeConnectingFlights=false&DateOut=2026-10-16&FlexDaysBeforeOut=0&FlexDaysOut=6&RoundTrip=false&ToUs=AGREED,2026-09-07T12:47:32.047Z
CTA-FCO,2026-10-21,24.99,06:55,08:20,Aeroitalia,XZ2810,aeroitalia_booking_api,https://aeroitalia-gateway.azure-api.net/dotrezprod/api/nsk/v4/availability/search/simple,2026-09-07T13:12:48.002Z
CTA-FCO,2026-10-21,25.0,05:45,07:15,Ryanair,,google_flights,https://www.google.com/travel/flights?tfs=GhoSCjIwMjYtMTAtMjFqBRIDQ1RBcgUSA0ZDT0IBAUgBmAEC&hl=it&curr=EUR,2026-09-07T13:02:45.081428Z
CTA-FCO,2026-10-21,58.0,15:25,16:45,ITA,,google_flights,https://www.google.com/travel/flights?tfs=GhoSCjIwMjYtMTAtMjFqBRIDQ1RBcgUSA0ZDT0IBAUgBmAEC&hl=it&curr=EUR,2026-09-07T13:02:45.081428Z
CTA-FCO,2026-10-22,17.0,23:10,00:40,Ryanair,,ryanair_farefinder,https://www.ryanair.com/api/farfnd/v4/oneWayFares/CTA/FCO/cheapestPerDay?outboundMonthOfDate=2026-10-01&currency=EUR,2026-09-07T12:30:36.621887Z
CTA-FCO,2026-10-22,17.0,23:10,00:40,Ryanair,FR4857,ryanair_booking_api,https://www.ryanair.com/api/booking/v4/it-it/availability?ADT=1&TEEN=0&CHD=0&INF=0&Origin=CTA&Destination=FCO&promoCode=&IncludeConnectingFlights=false&DateOut=2026-10-16&FlexDaysBeforeOut=0&FlexDaysOut=6&RoundTrip=false&ToUs=AGREED,2026-09-07T12:47:32.047Z
CTA-FCO,2026-10-22,24.99,06:55,08:20,Aeroitalia,XZ2810,aeroitalia_booking_api,https://aeroitalia-gateway.azure-api.net/dotrezprod/api/nsk/v4/availability/search/simple,2026-09-07T13:12:49.448Z
CTA-FCO,2026-10-22,33.0,06:35,08:05,Ryanair,,google_flights,https://www.google.com/travel/flights?tfs=GhoSCjIwMjYtMTAtMjJqBRIDQ1RBcgUSA0ZDT0IBAUgBmAEC&hl=it&curr=EUR,2026-09-07T13:02:46.648225Z
CTA-FCO,2026-10-22,35.0,19:20,20:45,Aeroitalia,,google_flights,https://www.google.com/travel/flights?tfs=GhoSCjIwMjYtMTAtMjJqBRIDQ1RBcgUSA0ZDT0IBAUgBmAEC&hl=it&curr=EUR,2026-09-07T13:02:46.648225Z
CTA-FCO,2026-10-22,58.0,21:30,22:50,ITA,,google_flights,https://www.google.com/travel/flights?tfs=GhoSCjIwMjYtMTAtMjJqBRIDQ1RBcgUSA0ZDT0IBAUgBmAEC&hl=it&curr=EUR,2026-09-07T13:02:46.648225Z
CTA-FCO,2026-10-23,26.99,22:45,00:15,Ryanair,,ryanair_farefinder,https://www.ryanair.com/api/farfnd/v4/oneWayFares/CTA/FCO/cheapestPerDay?outboundMonthOfDate=2026-10-01&currency=EUR,2026-09-07T12:30:36.621887Z
CTA-FCO,2026-10-23,26.99,22:45,00:15,Ryanair,FR4857,ryanair_booking_api,https://www.ryanair.com/api/booking/v4/it-it/availability?ADT=1&TEEN=0&CHD=0&INF=0&Origin=CTA&Destination=FCO&promoCode=&IncludeConnectingFlights=false&DateOut=2026-10-23&FlexDaysBeforeOut=0&FlexDaysOut=6&RoundTrip=false&ToUs=AGREED,2026-09-07T12:47:33.595Z
CTA-FCO,2026-10-23,34.99,06:55,08:20,Aeroitalia,XZ2810,aeroitalia_booking_api,https://aeroitalia-gateway.azure-api.net/dotrezprod/api/nsk/v4/availability/search/simple,2026-09-07T13:12:50.900Z
CTA-FCO,2026-10-23,38.0,18:10,19:40,Ryanair,,google_flights,https://www.google.com/travel/flights?tfs=GhoSCjIwMjYtMTAtMjNqBRIDQ1RBcgUSA0ZDT0IBAUgBmAEC&hl=it&curr=EUR,2026-09-07T13:02:48.307384Z
CTA-FCO,2026-10-23,45.0,15:50,17:15,Aeroitalia,,google_flights,https://www.google.com/travel/flights?tfs=GhoSCjIwMjYtMTAtMjNqBRIDQ1RBcgUSA0ZDT0IBAUgBmAEC&hl=it&curr=EUR,2026-09-07T13:02:48.307384Z
CTA-FCO,2026-10-23,58.0,14:50,16:10,ITA,,google_flights,https://www.google.com/travel/flights?tfs=GhoSCjIwMjYtMTAtMjNqBRIDQ1RBcgUSA0ZDT0IBAUgBmAEC&hl=it&curr=EUR,2026-09-07T13:02:48.307384Z
CTA-FCO,2026-10-24,17.0,23:10,00:40,Ryanair,,ryanair_farefinder,https://www.ryanair.com/api/farfnd/v4/oneWayFares/CTA/FCO/cheapestPerDay?outboundMonthOfDate=2026-10-01&currency=EUR,2026-09-07T12:30:36.621887Z
CTA-FCO,2026-10-24,17.0,23:10,00:40,Ryanair,FR4857,ryanair_booking_api,https://www.ryanair.com/api/booking/v4/it-it/availability?ADT=1&TEEN=0&CHD=0&INF=0&Origin=CTA&Destination=FCO&promoCode=&IncludeConnectingFlights=false&DateOut=2026-10-23&FlexDaysBeforeOut=0&FlexDaysOut=6&RoundTrip=false&ToUs=AGREED,2026-09-07T12:47:33.595Z
CTA-FCO,2026-10-24,34.0,15:35,17:05,Ryanair,,google_flights,https://www.google.com/travel/flights?tfs=GhoSCjIwMjYtMTAtMjRqBRIDQ1RBcgUSA0ZDT0IBAUgBmAEC&hl=it&curr=EUR,2026-09-07T13:02:49.910305Z
CTA-FCO,2026-10-24,34.99,19:20,20:45,Aeroitalia,XZ2816,aeroitalia_booking_api,https://aeroitalia-gateway.azure-api.net/dotrezprod/api/nsk/v4/availability/search/simple,2026-09-07T13:12:52.459Z
CTA-FCO,2026-10-24,55.0,06:55,08:20,Aeroitalia,,google_flights,https://www.google.com/travel/flights?tfs=GhoSCjIwMjYtMTAtMjRqBRIDQ1RBcgUSA0ZDT0IBAUgBmAEC&hl=it&curr=EUR,2026-09-07T13:02:49.910305Z
CTA-FCO,2026-10-24,58.0,21:30,22:50,ITA,,google_flights,https://www.google.com/travel/flights?tfs=GhoSCjIwMjYtMTAtMjRqBRIDQ1RBcgUSA0ZDT0IBAUgBmAEC&hl=it&curr=EUR,2026-09-07T13:02:49.910305Z
CTA-FCO,2026-10-25,17.0,23:00,00:25,Ryanair,,ryanair_farefinder,https://www.ryanair.com/api/farfnd/v4/oneWayFares/CTA/FCO/cheapestPerDay?outboundMonthOfDate=2026-10-01&currency=EUR,2026-09-07T12:30:36.621887Z
CTA-FCO,2026-10-25,17.0,23:00,00:25,Ryanair,FR4851,ryanair_booking_api,https://www.ryanair.com/api/booking/v4/it-it/availability?ADT=1&TEEN=0&CHD=0&INF=0&Origin=CTA&Destination=FCO&promoCode=&IncludeConnectingFlights=false&DateOut=2026-10-23&FlexDaysBeforeOut=0&FlexDaysOut=6&RoundTrip=false&ToUs=AGREED,2026-09-07T12:47:33.595Z
CTA-FCO,2026-10-25,31.0,06:30,07:55,Ryanair,,google_flights,https://www.google.com/travel/flights?tfs=GhoSCjIwMjYtMTAtMjVqBRIDQ1RBcgUSA0ZDT0IBAUgBmAEC&hl=it&curr=EUR,2026-09-07T13:02:51.462248Z
CTA-FCO,2026-10-25,34.99,07:00,08:25,Aeroitalia,XZ2810,aeroitalia_booking_api,https://aeroitalia-gateway.azure-api.net/dotrezprod/api/nsk/v4/availability/search/simple,2026-09-07T13:12:53.908Z
CTA-FCO,2026-10-25,35.0,07:00,08:25,Aeroitalia,,google_flights,https://www.google.com/travel/flights?tfs=GhoSCjIwMjYtMTAtMjVqBRIDQ1RBcgUSA0ZDT0IBAUgBmAEC&hl=it&curr=EUR,2026-09-07T13:02:51.462248Z
CTA-FCO,2026-10-25,97.0,16:30,17:55,ITA,,google_flights,https://www.google.com/travel/flights?tfs=GhoSCjIwMjYtMTAtMjVqBRIDQ1RBcgUSA0ZDT0IBAUgBmAEC&hl=it&curr=EUR,2026-09-07T13:02:51.462248Z
CTA-FCO,2026-10-26,15.99,23:10,00:35,Ryanair,,ryanair_farefinder,https://www.ryanair.com/api/farfnd/v4/oneWayFares/CTA/FCO/cheapestPerDay?outboundMonthOfDate=2026-10-01&currency=EUR,2026-09-07T12:30:36.621887Z
CTA-FCO,2026-10-26,15.99,23:10,00:35,Ryanair,FR4855,ryanair_booking_api,https://www.ryanair.com/api/booking/v4/it-it/availability?ADT=1&TEEN=0&CHD=0&INF=0&Origin=CTA&Destination=FCO&promoCode=&IncludeConnectingFlights=false&DateOut=2026-10-23&FlexDaysBeforeOut=0&FlexDaysOut=6&RoundTrip=false&ToUs=AGREED,2026-09-07T12:47:33.595Z
CTA-FCO,2026-10-26,22.0,21:30,22:55,Ryanair,,google_flights,https://www.google.com/travel/flights?tfs=GhoSCjIwMjYtMTAtMjZqBRIDQ1RBcgUSA0ZDT0IBAUgBmAEC&hl=it&curr=EUR,2026-09-07T13:02:53.069490Z
CTA-FCO,2026-10-26,24.99,19:20,20:45,Aeroitalia,XZ2816,aeroitalia_booking_api,https://aeroitalia-gateway.azure-api.net/dotrezprod/api/nsk/v4/availability/search/simple,2026-09-07T13:12:55.356Z
CTA-FCO,2026-10-26,75.0,19:15,20:40,ITA,,google_flights,https://www.google.com/travel/flights?tfs=GhoSCjIwMjYtMTAtMjZqBRIDQ1RBcgUSA0ZDT0IBAUgBmAEC&hl=it&curr=EUR,2026-09-07T13:02:53.069490Z
CTA-FCO,2026-10-27,21.53,22:00,23:25,Ryanair,,ryanair_farefinder,https://www.ryanair.com/api/farfnd/v4/oneWayFares/CTA/FCO/cheapestPerDay?outboundMonthOfDate=2026-10-01&currency=EUR,2026-09-07T12:30:36.621887Z
CTA-FCO,2026-10-27,21.53,22:00,23:25,Ryanair,FR4857,ryanair_booking_api,https://www.ryanair.com/api/booking/v4/it-it/availability?ADT=1&TEEN=0&CHD=0&INF=0&Origin=CTA&Destination=FCO&promoCode=&IncludeConnectingFlights=false&DateOut=2026-10-23&FlexDaysBeforeOut=0&FlexDaysOut=6&RoundTrip=false&ToUs=AGREED,2026-09-07T12:47:33.595Z
CTA-FCO,2026-10-27,22.0,22:00,23:25,Ryanair,,google_flights,https://www.google.com/travel/flights?tfs=GhoSCjIwMjYtMTAtMjdqBRIDQ1RBcgUSA0ZDT0IBAUgBmAEC&hl=it&curr=EUR,2026-09-07T13:02:54.721662Z
CTA-FCO,2026-10-27,24.99,19:20,20:45,Aeroitalia,XZ2816,aeroitalia_booking_api,https://aeroitalia-gateway.azure-api.net/dotrezprod/api/nsk/v4/availability/search/simple,2026-09-07T13:12:56.820Z
CTA-FCO,2026-10-27,35.0,07:00,08:25,Aeroitalia,,google_flights,https://www.google.com/travel/flights?tfs=GhoSCjIwMjYtMTAtMjdqBRIDQ1RBcgUSA0ZDT0IBAUgBmAEC&hl=it&curr=EUR,2026-09-07T13:02:54.721662Z
CTA-FCO,2026-10-27,75.0,15:25,16:50,ITA,,google_flights,https://www.google.com/travel/flights?tfs=GhoSCjIwMjYtMTAtMjdqBRIDQ1RBcgUSA0ZDT0IBAUgBmAEC&hl=it&curr=EUR,2026-09-07T13:02:54.721662Z
CTA-FCO,2026-10-28,14.99,22:15,23:40,Ryanair,,ryanair_farefinder,https://www.ryanair.com/api/farfnd/v4/oneWayFares/CTA/FCO/cheapestPerDay?outboundMonthOfDate=2026-10-01&currency=EUR,2026-09-07T12:30:36.621887Z
CTA-FCO,2026-10-28,14.99,22:15,23:40,Ryanair,FR4851,ryanair_booking_api,https://www.ryanair.com/api/booking/v4/it-it/availability?ADT=1&TEEN=0&CHD=0&INF=0&Origin=CTA&Destination=FCO&promoCode=&IncludeConnectingFlights=false&DateOut=2026-10-23&FlexDaysBeforeOut=0&FlexDaysOut=6&RoundTrip=false&ToUs=AGREED,2026-09-07T12:47:33.595Z
CTA-FCO,2026-10-28,24.99,15:10,16:35,Aeroitalia,XZ2814,aeroitalia_booking_api,https://aeroitalia-gateway.azure-api.net/dotrezprod/api/nsk/v4/availability/search/simple,2026-09-07T13:12:58.390Z
CTA-FCO,2026-10-28,26.0,20:30,21:55,Ryanair,,google_flights,https://www.google.com/travel/flights?tfs=GhoSCjIwMjYtMTAtMjhqBRIDQ1RBcgUSA0ZDT0IBAUgBmAEC&hl=it&curr=EUR,2026-09-07T13:02:56.361381Z
CTA-FCO,2026-10-28,30.0,07:00,08:25,Aeroitalia,,google_flights,https://www.google.com/travel/flights?tfs=GhoSCjIwMjYtMTAtMjhqBRIDQ1RBcgUSA0ZDT0IBAUgBmAEC&hl=it&curr=EUR,2026-09-07T13:02:56.361381Z
CTA-FCO,2026-10-28,58.0,16:30,17:55,ITA,,google_flights,https://www.google.com/travel/flights?tfs=GhoSCjIwMjYtMTAtMjhqBRIDQ1RBcgUSA0ZDT0IBAUgBmAEC&hl=it&curr=EUR,2026-09-07T13:02:56.361381Z
CTA-FCO,2026-10-29,29.99,19:20,20:45,Aeroitalia,XZ2816,aeroitalia_booking_api,https://aeroitalia-gateway.azure-api.net/dotrezprod/api/nsk/v4/availability/search/simple,2026-09-07T13:12:59.856Z
CTA-FCO,2026-10-29,31.52,21:10,22:35,Ryanair,,ryanair_farefinder,https://www.ryanair.com/api/farfnd/v4/oneWayFares/CTA/FCO/cheapestPerDay?outboundMonthOfDate=2026-10-01&currency=EUR,2026-09-07T12:30:36.621887Z
CTA-FCO,2026-10-29,31.52,21:10,22:35,Ryanair,FR1171,ryanair_booking_api,https://www.ryanair.com/api/booking/v4/it-it/availability?ADT=1&TEEN=0&CHD=0&INF=0&Origin=CTA&Destination=FCO&promoCode=&IncludeConnectingFlights=false&DateOut=2026-10-23&FlexDaysBeforeOut=0&FlexDaysOut=6&RoundTrip=false&ToUs=AGREED,2026-09-07T12:47:33.595Z
CTA-FCO,2026-10-29,32.0,21:10,22:35,Ryanair,,google_flights,https://www.google.com/travel/flights?tfs=GhoSCjIwMjYtMTAtMjlqBRIDQ1RBcgUSA0ZDT0IBAUgBmAEC&hl=it&curr=EUR,2026-09-07T13:02:57.958870Z
CTA-FCO,2026-10-29,40.0,07:00,08:25,Aeroitalia,,google_flights,https://www.google.com/travel/flights?tfs=GhoSCjIwMjYtMTAtMjlqBRIDQ1RBcgUSA0ZDT0IBAUgBmAEC&hl=it&curr=EUR,2026-09-07T13:02:57.958870Z
CTA-FCO,2026-10-29,85.0,15:25,16:50,ITA,,google_flights,https://www.google.com/travel/flights?tfs=GhoSCjIwMjYtMTAtMjlqBRIDQ1RBcgUSA0ZDT0IBAUgBmAEC&hl=it&curr=EUR,2026-09-07T13:02:57.958870Z
CTA-FCO,2026-10-30,28.0,22:35,23:59,Ryanair,,ryanair_farefinder,https://www.ryanair.com/api/farfnd/v4/oneWayFares/CTA/FCO/cheapestPerDay?outboundMonthOfDate=2026-10-01&currency=EUR,2026-09-07T12:30:36.621887Z
CTA-FCO,2026-10-30,28.0,22:35,23:59,Ryanair,FR4855,ryanair_booking_api,https://www.ryanair.com/api/booking/v4/it-it/availability?ADT=1&TEEN=0&CHD=0&INF=0&Origin=CTA&Destination=FCO&promoCode=&IncludeConnectingFlights=false&DateOut=2026-10-30&FlexDaysBeforeOut=0&FlexDaysOut=6&RoundTrip=false&ToUs=AGREED,2026-09-07T12:47:35.132Z
CTA-FCO,2026-10-30,28.0,22:35,23:59,Ryanair,,google_flights,https://www.google.com/travel/flights?tfs=GhoSCjIwMjYtMTAtMzBqBRIDQ1RBcgUSA0ZDT0IBAUgBmAEC&hl=it&curr=EUR,2026-09-07T13:02:59.604712Z
CTA-FCO,2026-10-30,34.99,19:20,20:45,Aeroitalia,XZ2816,aeroitalia_booking_api,https://aeroitalia-gateway.azure-api.net/dotrezprod/api/nsk/v4/availability/search/simple,2026-09-07T13:13:01.307Z
CTA-FCO,2026-10-30,45.0,07:00,08:25,Aeroitalia,,google_flights,https://www.google.com/travel/flights?tfs=GhoSCjIwMjYtMTAtMzBqBRIDQ1RBcgUSA0ZDT0IBAUgBmAEC&hl=it&curr=EUR,2026-09-07T13:02:59.604712Z
CTA-FCO,2026-10-30,75.0,15:25,16:50,ITA,,google_flights,https://www.google.com/travel/flights?tfs=GhoSCjIwMjYtMTAtMzBqBRIDQ1RBcgUSA0ZDT0IBAUgBmAEC&hl=it&curr=EUR,2026-09-07T13:02:59.604712Z
CTA-FCO,2026-10-31,23.53,21:20,22:45,Ryanair,,ryanair_farefinder,https://www.ryanair.com/api/farfnd/v4/oneWayFares/CTA/FCO/cheapestPerDay?outboundMonthOfDate=2026-10-01&currency=EUR,2026-09-07T12:30:36.621887Z
CTA-FCO,2026-10-31,23.53,21:20,22:45,Ryanair,FR4892,ryanair_booking_api,https://www.ryanair.com/api/booking/v4/it-it/availability?ADT=1&TEEN=0&CHD=0&INF=0&Origin=CTA&Destination=FCO&promoCode=&IncludeConnectingFlights=false&DateOut=2026-10-30&FlexDaysBeforeOut=0&FlexDaysOut=6&RoundTrip=false&ToUs=AGREED,2026-09-07T12:47:35.132Z
CTA-FCO,2026-10-31,24.0,21:20,22:45,Ryanair,,google_flights,https://www.google.com/travel/flights?tfs=GhoSCjIwMjYtMTAtMzFqBRIDQ1RBcgUSA0ZDT0IBAUgBmAEC&hl=it&curr=EUR,2026-09-07T13:03:01.356284Z
CTA-FCO,2026-10-31,29.99,19:20,20:45,Aeroitalia,XZ2816,aeroitalia_booking_api,https://aeroitalia-gateway.azure-api.net/dotrezprod/api/nsk/v4/availability/search/simple,2026-09-07T13:13:02.765Z
CTA-FCO,2026-10-31,40.0,07:00,08:25,Aeroitalia,,google_flights,https://www.google.com/travel/flights?tfs=GhoSCjIwMjYtMTAtMzFqBRIDQ1RBcgUSA0ZDT0IBAUgBmAEC&hl=it&curr=EUR,2026-09-07T13:03:01.356284Z
CTA-FCO,2026-10-31,85.0,19:15,20:40,ITA,,google_flights,https://www.google.com/travel/flights?tfs=GhoSCjIwMjYtMTAtMzFqBRIDQ1RBcgUSA0ZDT0IBAUgBmAEC&hl=it&curr=EUR,2026-09-07T13:03:01.356284Z
CTA-FCO,2026-11-01,27.89,06:30,07:55,Ryanair,,ryanair_farefinder,https://www.ryanair.com/api/farfnd/v4/oneWayFares/CTA/FCO/cheapestPerDay?outboundMonthOfDate=2026-11-01&currency=EUR,2026-09-07T12:30:38.105888Z
CTA-FCO,2026-11-01,27.89,06:30,07:55,Ryanair,FR4871,ryanair_booking_api,https://www.ryanair.com/api/booking/v4/it-it/availability?ADT=1&TEEN=0&CHD=0&INF=0&Origin=CTA&Destination=FCO&promoCode=&IncludeConnectingFlights=false&DateOut=2026-10-30&FlexDaysBeforeOut=0&FlexDaysOut=6&RoundTrip=false&ToUs=AGREED,2026-09-07T12:47:35.132Z
CTA-FCO,2026-11-01,28.0,06:30,07:55,Ryanair,,google_flights,https://www.google.com/travel/flights?tfs=GhoSCjIwMjYtMTEtMDFqBRIDQ1RBcgUSA0ZDT0IBAUgBmAEC&hl=it&curr=EUR,2026-09-07T13:03:03.049089Z
CTA-FCO,2026-11-01,34.99,07:00,08:25,Aeroitalia,XZ2810,aeroitalia_booking_api,https://aeroitalia-gateway.azure-api.net/dotrezprod/api/nsk/v4/availability/search/simple,2026-09-07T13:13:04.330Z
CTA-FCO,2026-11-01,35.0,07:00,08:25,Aeroitalia,,google_flights,https://www.google.com/travel/flights?tfs=GhoSCjIwMjYtMTEtMDFqBRIDQ1RBcgUSA0ZDT0IBAUgBmAEC&hl=it&curr=EUR,2026-09-07T13:03:03.049089Z
CTA-FCO,2026-11-01,97.0,06:00,07:25,ITA,,google_flights,https://www.google.com/travel/flights?tfs=GhoSCjIwMjYtMTEtMDFqBRIDQ1RBcgUSA0ZDT0IBAUgBmAEC&hl=it&curr=EUR,2026-09-07T13:03:03.049089Z
CTA-FCO,2026-11-02,28.97,23:10,00:35,Ryanair,,ryanair_farefinder,https://www.ryanair.com/api/farfnd/v4/oneWayFares/CTA/FCO/cheapestPerDay?outboundMonthOfDate=2026-11-01&currency=EUR,2026-09-07T12:30:38.105888Z
CTA-FCO,2026-11-02,28.97,23:10,00:35,Ryanair,FR4855,ryanair_booking_api,https://www.ryanair.com/api/booking/v4/it-it/availability?ADT=1&TEEN=0&CHD=0&INF=0&Origin=CTA&Destination=FCO&promoCode=&IncludeConnectingFlights=false&DateOut=2026-10-30&FlexDaysBeforeOut=0&FlexDaysOut=6&RoundTrip=false&ToUs=AGREED,2026-09-07T12:47:35.132Z
CTA-FCO,2026-11-02,39.99,07:00,08:25,Aeroitalia,XZ2810,aeroitalia_booking_api,https://aeroitalia-gateway.azure-api.net/dotrezprod/api/nsk/v4/availability/search/simple,2026-09-07T13:13:05.782Z
CTA-FCO,2026-11-02,40.0,07:00,08:25,Aeroitalia,,google_flights,https://www.google.com/travel/flights?tfs=GhoSCjIwMjYtMTEtMDJqBRIDQ1RBcgUSA0ZDT0IBAUgBmAEC&hl=it&curr=EUR,2026-09-07T13:03:04.729092Z
CTA-FCO,2026-11-02,47.0,21:30,22:55,Ryanair,,google_flights,https://www.google.com/travel/flights?tfs=GhoSCjIwMjYtMTEtMDJqBRIDQ1RBcgUSA0ZDT0IBAUgBmAEC&hl=it&curr=EUR,2026-09-07T13:03:04.729092Z
CTA-FCO,2026-11-02,85.0,16:30,17:50,ITA,,google_flights,https://www.google.com/travel/flights?tfs=GhoSCjIwMjYtMTEtMDJqBRIDQ1RBcgUSA0ZDT0IBAUgBmAEC&hl=it&curr=EUR,2026-09-07T13:03:04.729092Z
CTA-FCO,2026-11-03,39.99,19:30,20:55,Aeroitalia,XZ2816,aeroitalia_booking_api,https://aeroitalia-gateway.azure-api.net/dotrezprod/api/nsk/v4/availability/search/simple,2026-09-07T13:13:07.242Z
CTA-FCO,2026-11-03,40.0,19:30,20:55,Aeroitalia,,google_flights,https://www.google.com/travel/flights?tfs=GhoSCjIwMjYtMTEtMDNqBRIDQ1RBcgUSA0ZDT0IBAUgBmAEC&hl=it&curr=EUR,2026-09-07T13:03:06.340373Z
CTA-FCO,2026-11-03,46.09,20:00,21:25,Ryanair,,ryanair_farefinder,https://www.ryanair.com/api/farfnd/v4/oneWayFares/CTA/FCO/cheapestPerDay?outboundMonthOfDate=2026-11-01&currency=EUR,2026-09-07T12:30:38.105888Z
CTA-FCO,2026-11-03,47.0,20:00,21:25,Ryanair,,google_flights,https://www.google.com/travel/flights?tfs=GhoSCjIwMjYtMTEtMDNqBRIDQ1RBcgUSA0ZDT0IBAUgBmAEC&hl=it&curr=EUR,2026-09-07T13:03:06.340373Z
CTA-FCO,2026-11-03,48.97,06:00,07:25,Ryanair,FR1171,ryanair_booking_api,https://www.ryanair.com/api/booking/v4/it-it/availability?ADT=1&TEEN=0&CHD=0&INF=0&Origin=CTA&Destination=FCO&promoCode=&IncludeConnectingFlights=false&DateOut=2026-10-30&FlexDaysBeforeOut=0&FlexDaysOut=6&RoundTrip=false&ToUs=AGREED,2026-09-07T12:47:35.132Z
CTA-FCO,2026-11-03,58.0,19:15,20:40,ITA,,google_flights,https://www.google.com/travel/flights?tfs=GhoSCjIwMjYtMTEtMDNqBRIDQ1RBcgUSA0ZDT0IBAUgBmAEC&hl=it&curr=EUR,2026-09-07T13:03:06.340373Z
CTA-FCO,2026-11-04,25.29,22:15,23:40,Ryanair,,ryanair_farefinder,https://www.ryanair.com/api/farfnd/v4/oneWayFares/CTA/FCO/cheapestPerDay?outboundMonthOfDate=2026-11-01&currency=EUR,2026-09-07T12:30:38.105888Z
CTA-FCO,2026-11-04,25.29,22:15,23:40,Ryanair,FR4851,ryanair_booking_api,https://www.ryanair.com/api/booking/v4/it-it/availability?ADT=1&TEEN=0&CHD=0&INF=0&Origin=CTA&Destination=FCO&promoCode=&IncludeConnectingFlights=false&DateOut=2026-10-30&FlexDaysBeforeOut=0&FlexDaysOut=6&RoundTrip=false&ToUs=AGREED,2026-09-07T12:47:35.132Z
CTA-FCO,2026-11-04,30.0,20:30,21:55,Ryanair,,google_flights,https://www.google.com/travel/flights?tfs=GhoSCjIwMjYtMTEtMDRqBRIDQ1RBcgUSA0ZDT0IBAUgBmAEC&hl=it&curr=EUR,2026-09-07T13:03:07.903725Z
CTA-FCO,2026-11-04,34.99,19:30,20:55,Aeroitalia,XZ2816,aeroitalia_booking_api,https://aeroitalia-gateway.azure-api.net/dotrezprod/api/nsk/v4/availability/search/simple,2026-09-07T13:13:08.693Z
CTA-FCO,2026-11-04,35.0,19:30,20:55,Aeroitalia,,google_flights,https://www.google.com/travel/flights?tfs=GhoSCjIwMjYtMTEtMDRqBRIDQ1RBcgUSA0ZDT0IBAUgBmAEC&hl=it&curr=EUR,2026-09-07T13:03:07.903725Z
CTA-FCO,2026-11-04,58.0,19:15,20:40,ITA,,google_flights,https://www.google.com/travel/flights?tfs=GhoSCjIwMjYtMTEtMDRqBRIDQ1RBcgUSA0ZDT0IBAUgBmAEC&hl=it&curr=EUR,2026-09-07T13:03:07.903725Z
CTA-FCO,2026-11-05,27.89,21:10,22:35,Ryanair,,ryanair_farefinder,https://www.ryanair.com/api/farfnd/v4/oneWayFares/CTA/FCO/cheapestPerDay?outboundMonthOfDate=2026-11-01&currency=EUR,2026-09-07T12:30:38.105888Z
CTA-FCO,2026-11-05,27.89,21:10,22:35,Ryanair,FR1171,ryanair_booking_api,https://www.ryanair.com/api/booking/v4/it-it/availability?ADT=1&TEEN=0&CHD=0&INF=0&Origin=CTA&Destination=FCO&promoCode=&IncludeConnectingFlights=false&DateOut=2026-10-30&FlexDaysBeforeOut=0&FlexDaysOut=6&RoundTrip=false&ToUs=AGREED,2026-09-07T12:47:35.132Z
CTA-FCO,2026-11-05,37.0,15:45,17:10,Ryanair,,google_flights,https://www.google.com/travel/flights?tfs=GhoSCjIwMjYtMTEtMDVqBRIDQ1RBcgUSA0ZDT0IBAUgBmAEC&hl=it&curr=EUR,2026-09-07T13:03:09.471334Z
CTA-FCO,2026-11-05,39.99,19:30,20:55,Aeroitalia,XZ2816,aeroitalia_booking_api,https://aeroitalia-gateway.azure-api.net/dotrezprod/api/nsk/v4/availability/search/simple,2026-09-07T13:13:10.263Z
CTA-FCO,2026-11-05,45.0,07:00,08:25,Aeroitalia,,google_flights,https://www.google.com/travel/flights?tfs=GhoSCjIwMjYtMTEtMDVqBRIDQ1RBcgUSA0ZDT0IBAUgBmAEC&hl=it&curr=EUR,2026-09-07T13:03:09.471334Z
CTA-FCO,2026-11-05,66.0,19:15,20:40,ITA,,google_flights,https://www.google.com/travel/flights?tfs=GhoSCjIwMjYtMTEtMDVqBRIDQ1RBcgUSA0ZDT0IBAUgBmAEC&hl=it&curr=EUR,2026-09-07T13:03:09.471334Z
CTA-FCO,2026-11-06,26.39,22:35,23:59,Ryanair,,ryanair_farefinder,https://www.ryanair.com/api/farfnd/v4/oneWayFares/CTA/FCO/cheapestPerDay?outboundMonthOfDate=2026-11-01&currency=EUR,2026-09-07T12:30:38.105888Z
CTA-FCO,2026-11-06,26.39,22:35,23:59,Ryanair,FR4855,ryanair_booking_api,https://www.ryanair.com/api/booking/v4/it-it/availability?ADT=1&TEEN=0&CHD=0&INF=0&Origin=CTA&Destination=FCO&promoCode=&IncludeConnectingFlights=false&DateOut=2026-11-06&FlexDaysBeforeOut=0&FlexDaysOut=6&RoundTrip=false&ToUs=AGREED,2026-09-07T12:47:36.556Z
CTA-FCO,2026-11-06,35.0,20:50,22:15,Ryanair,,google_flights,https://www.google.com/travel/flights?tfs=GhoSCjIwMjYtMTEtMDZqBRIDQ1RBcgUSA0ZDT0IBAUgBmAEC&hl=it&curr=EUR,2026-09-07T13:03:11.080164Z
CTA-FCO,2026-11-06,44.99,15:10,16:35,Aeroitalia,XZ2814,aeroitalia_booking_api,https://aeroitalia-gateway.azure-api.net/dotrezprod/api/nsk/v4/availability/search/simple,2026-09-07T13:13:11.719Z
CTA-FCO,2026-11-06,45.0,19:30,20:55,Aeroitalia,,google_flights,https://www.google.com/travel/flights?tfs=GhoSCjIwMjYtMTEtMDZqBRIDQ1RBcgUSA0ZDT0IBAUgBmAEC&hl=it&curr=EUR,2026-09-07T13:03:11.080164Z
CTA-FCO,2026-11-06,58.0,19:15,20:40,ITA,,google_flights,https://www.google.com/travel/flights?tfs=GhoSCjIwMjYtMTEtMDZqBRIDQ1RBcgUSA0ZDT0IBAUgBmAEC&hl=it&curr=EUR,2026-09-07T13:03:11.080164Z
CTA-FCO,2026-11-07,39.99,15:10,16:35,Aeroitalia,XZ2814,aeroitalia_booking_api,https://aeroitalia-gateway.azure-api.net/dotrezprod/api/nsk/v4/availability/search/simple,2026-09-07T13:13:13.173Z
CTA-FCO,2026-11-07,40.0,19:30,20:55,Aeroitalia,,google_flights,https://www.google.com/travel/flights?tfs=GhoSCjIwMjYtMTEtMDdqBRIDQ1RBcgUSA0ZDT0IBAUgBmAEC&hl=it&curr=EUR,2026-09-07T13:03:12.721079Z
CTA-FCO,2026-11-07,41.53,15:40,17:05,Ryanair,,ryanair_farefinder,https://www.ryanair.com/api/farfnd/v4/oneWayFares/CTA/FCO/cheapestPerDay?outboundMonthOfDate=2026-11-01&currency=EUR,2026-09-07T12:30:38.105888Z
CTA-FCO,2026-11-07,41.53,15:40,17:05,Ryanair,FR4851,ryanair_booking_api,https://www.ryanair.com/api/booking/v4/it-it/availability?ADT=1&TEEN=0&CHD=0&INF=0&Origin=CTA&Destination=FCO&promoCode=&IncludeConnectingFlights=false&DateOut=2026-11-06&FlexDaysBeforeOut=0&FlexDaysOut=6&RoundTrip=false&ToUs=AGREED,2026-09-07T12:47:36.556Z
CTA-FCO,2026-11-07,42.0,15:40,17:05,Ryanair,,google_flights,https://www.google.com/travel/flights?tfs=GhoSCjIwMjYtMTEtMDdqBRIDQ1RBcgUSA0ZDT0IBAUgBmAEC&hl=it&curr=EUR,2026-09-07T13:03:12.721079Z
CTA-FCO,2026-11-07,58.0,19:15,20:40,ITA,,google_flights,https://www.google.com/travel/flights?tfs=GhoSCjIwMjYtMTEtMDdqBRIDQ1RBcgUSA0ZDT0IBAUgBmAEC&hl=it&curr=EUR,2026-09-07T13:03:12.721079Z
CTA-FCO,2026-11-08,15.32,23:00,00:25,Ryanair,,ryanair_farefinder,https://www.ryanair.com/api/farfnd/v4/oneWayFares/CTA/FCO/cheapestPerDay?outboundMonthOfDate=2026-11-01&currency=EUR,2026-09-07T12:30:38.105888Z
CTA-FCO,2026-11-08,15.32,23:00,00:25,Ryanair,FR4851,ryanair_booking_api,https://www.ryanair.com/api/booking/v4/it-it/availability?ADT=1&TEEN=0&CHD=0&INF=0&Origin=CTA&Destination=FCO&promoCode=&IncludeConnectingFlights=false&DateOut=2026-11-06&FlexDaysBeforeOut=0&FlexDaysOut=6&RoundTrip=false&ToUs=AGREED,2026-09-07T12:47:36.556Z
CTA-FCO,2026-11-08,38.0,20:20,21:45,Ryanair,,google_flights,https://www.google.com/travel/flights?tfs=GhoSCjIwMjYtMTEtMDhqBRIDQ1RBcgUSA0ZDT0IBAUgBmAEC&hl=it&curr=EUR,2026-09-07T13:03:14.325298Z
CTA-FCO,2026-11-08,44.99,11:10,12:35,Aeroitalia,XZ2812,aeroitalia_booking_api,https://aeroitalia-gateway.azure-api.net/dotrezprod/api/nsk/v4/availability/search/simple,2026-09-07T13:13:14.629Z
CTA-FCO,2026-11-08,50.0,07:00,08:25,Aeroitalia,,google_flights,https://www.google.com/travel/flights?tfs=GhoSCjIwMjYtMTEtMDhqBRIDQ1RBcgUSA0ZDT0IBAUgBmAEC&hl=it&curr=EUR,2026-09-07T13:03:14.325298Z
CTA-FCO,2026-11-08,66.0,11:40,13:10,ITA,,google_flights,https://www.google.com/travel/flights?tfs=GhoSCjIwMjYtMTEtMDhqBRIDQ1RBcgUSA0ZDT0IBAUgBmAEC&hl=it&curr=EUR,2026-09-07T13:03:14.325298Z
CTA-FCO,2026-11-09,39.99,15:10,16:35,Aeroitalia,XZ2814,aeroitalia_booking_api,https://aeroitalia-gateway.azure-api.net/dotrezprod/api/nsk/v4/availability/search/simple,2026-09-07T13:13:16.208Z
CTA-FCO,2026-11-09,40.0,19:30,20:55,Aeroitalia,,google_flights,https://www.google.com/travel/flights?tfs=GhoSCjIwMjYtMTEtMDlqBRIDQ1RBcgUSA0ZDT0IBAUgBmAEC&hl=it&curr=EUR,2026-09-07T13:03:15.906811Z
CTA-FCO,2026-11-09,48.97,11:10,12:35,Ryanair,,ryanair_farefinder,https://www.ryanair.com/api/farfnd/v4/oneWayFares/CTA/FCO/cheapestPerDay?outboundMonthOfDate=2026-11-01&currency=EUR,2026-09-07T12:30:38.105888Z
CTA-FCO,2026-11-09,48.97,11:10,12:35,Ryanair,FR4857,ryanair_booking_api,https://www.ryanair.com/api/booking/v4/it-it/availability?ADT=1&TEEN=0&CHD=0&INF=0&Origin=CTA&Destination=FCO&promoCode=&IncludeConnectingFlights=false&DateOut=2026-11-06&FlexDaysBeforeOut=0&FlexDaysOut=6&RoundTrip=false&ToUs=AGREED,2026-09-07T12:47:36.556Z
CTA-FCO,2026-11-09,51.0,21:30,22:55,Ryanair,,google_flights,https://www.google.com/travel/flights?tfs=GhoSCjIwMjYtMTEtMDlqBRIDQ1RBcgUSA0ZDT0IBAUgBmAEC&hl=it&curr=EUR,2026-09-07T13:03:15.906811Z
CTA-FCO,2026-11-09,58.0,19:15,20:40,ITA,,google_flights,https://www.google.com/travel/flights?tfs=GhoSCjIwMjYtMTEtMDlqBRIDQ1RBcgUSA0ZDT0IBAUgBmAEC&hl=it&curr=EUR,2026-09-07T13:03:15.906811Z
CTA-FCO,2026-11-10,34.18,20:00,21:25,Ryanair,,ryanair_farefinder,https://www.ryanair.com/api/farfnd/v4/oneWayFares/CTA/FCO/cheapestPerDay?outboundMonthOfDate=2026-11-01&currency=EUR,2026-09-07T12:30:38.105888Z
CTA-FCO,2026-11-10,34.18,20:00,21:25,Ryanair,FR4892,ryanair_booking_api,https://www.ryanair.com/api/booking/v4/it-it/availability?ADT=1&TEEN=0&CHD=0&INF=0&Origin=CTA&Destination=FCO&promoCode=&IncludeConnectingFlights=false&DateOut=2026-11-06&FlexDaysBeforeOut=0&FlexDaysOut=6&RoundTrip=false&ToUs=AGREED,2026-09-07T12:47:36.556Z
CTA-FCO,2026-11-10,39.99,19:30,20:55,Aeroitalia,XZ2816,aeroitalia_booking_api,https://aeroitalia-gateway.azure-api.net/dotrezprod/api/nsk/v4/availability/search/simple,2026-09-07T13:13:17.676Z
CTA-FCO,2026-11-10,40.0,19:30,20:55,Aeroitalia,,google_flights,https://www.google.com/travel/flights?tfs=GhoSCjIwMjYtMTEtMTBqBRIDQ1RBcgUSA0ZDT0IBAUgBmAEC&hl=it&curr=EUR,2026-09-07T13:03:17.496015Z
CTA-FCO,2026-11-10,58.0,19:15,20:40,ITA,,google_flights,https://www.google.com/travel/flights?tfs=GhoSCjIwMjYtMTEtMTBqBRIDQ1RBcgUSA0ZDT0IBAUgBmAEC&hl=it&curr=EUR,2026-09-07T13:03:17.496015Z
CTA-FCO,2026-11-10,58.0,15:00,16:25,Ryanair,,google_flights,https://www.google.com/travel/flights?tfs=GhoSCjIwMjYtMTEtMTBqBRIDQ1RBcgUSA0ZDT0IBAUgBmAEC&hl=it&curr=EUR,2026-09-07T13:03:17.496015Z
CTA-FCO,2026-11-11,23.27,22:15,23:40,Ryanair,,ryanair_farefinder,https://www.ryanair.com/api/farfnd/v4/oneWayFares/CTA/FCO/cheapestPerDay?outboundMonthOfDate=2026-11-01&currency=EUR,2026-09-07T12:30:38.105888Z
CTA-FCO,2026-11-11,23.27,22:15,23:40,Ryanair,FR4851,ryanair_booking_api,https://www.ryanair.com/api/booking/v4/it-it/availability?ADT=1&TEEN=0&CHD=0&INF=0&Origin=CTA&Destination=FCO&promoCode=&IncludeConnectingFlights=false&DateOut=2026-11-06&FlexDaysBeforeOut=0&FlexDaysOut=6&RoundTrip=false&ToUs=AGREED,2026-09-07T12:47:36.556Z
CTA-FCO,2026-11-11,34.99,07:00,08:25,Aeroitalia,XZ2810,aeroitalia_booking_api,https://aeroitalia-gateway.azure-api.net/dotrezprod/api/nsk/v4/availability/search/simple,2026-09-07T13:13:19.126Z
CTA-FCO,2026-11-11,37.0,06:25,07:50,Ryanair,,google_flights,https://www.google.com/travel/flights?tfs=GhoSCjIwMjYtMTEtMTFqBRIDQ1RBcgUSA0ZDT0IBAUgBmAEC&hl=it&curr=EUR,2026-09-07T13:03:19.051373Z
CTA-FCO,2026-11-11,40.0,19:30,20:55,Aeroitalia,,google_flights,https://www.google.com/travel/flights?tfs=GhoSCjIwMjYtMTEtMTFqBRIDQ1RBcgUSA0ZDT0IBAUgBmAEC&hl=it&curr=EUR,2026-09-07T13:03:19.051373Z
CTA-FCO,2026-11-11,58.0,19:15,20:40,ITA,,google_flights,https://www.google.com/travel/flights?tfs=GhoSCjIwMjYtMTEtMTFqBRIDQ1RBcgUSA0ZDT0IBAUgBmAEC&hl=it&curr=EUR,2026-09-07T13:03:19.051373Z
CTA-FCO,2026-11-12,26.3,21:10,22:35,Ryanair,,ryanair_farefinder,https://www.ryanair.com/api/farfnd/v4/oneWayFares/CTA/FCO/cheapestPerDay?outboundMonthOfDate=2026-11-01&currency=EUR,2026-09-07T12:30:38.105888Z
CTA-FCO,2026-11-12,26.3,21:10,22:35,Ryanair,FR1171,ryanair_booking_api,https://www.ryanair.com/api/booking/v4/it-it/availability?ADT=1&TEEN=0&CHD=0&INF=0&Origin=CTA&Destination=FCO&promoCode=&IncludeConnectingFlights=false&DateOut=2026-11-06&FlexDaysBeforeOut=0&FlexDaysOut=6&RoundTrip=false&ToUs=AGREED,2026-09-07T12:47:36.556Z
CTA-FCO,2026-11-12,34.99,07:00,08:25,Aeroitalia,XZ2810,aeroitalia_booking_api,https://aeroitalia-gateway.azure-api.net/dotrezprod/api/nsk/v4/availability/search/simple,2026-09-07T13:13:20.579Z
CTA-FCO,2026-11-12,35.0,07:00,08:25,Aeroitalia,,google_flights,https://www.google.com/travel/flights?tfs=GhoSCjIwMjYtMTEtMTJqBRIDQ1RBcgUSA0ZDT0IBAUgBmAEC&hl=it&curr=EUR,2026-09-07T13:03:20.679176Z
CTA-FCO,2026-11-12,37.0,15:45,17:10,Ryanair,,google_flights,https://www.google.com/travel/flights?tfs=GhoSCjIwMjYtMTEtMTJqBRIDQ1RBcgUSA0ZDT0IBAUgBmAEC&hl=it&curr=EUR,2026-09-07T13:03:20.679176Z
CTA-FCO,2026-11-12,58.0,16:30,17:50,ITA,,google_flights,https://www.google.com/travel/flights?tfs=GhoSCjIwMjYtMTEtMTJqBRIDQ1RBcgUSA0ZDT0IBAUgBmAEC&hl=it&curr=EUR,2026-09-07T13:03:20.679176Z
CTA-FCO,2026-11-13,27.89,22:35,23:59,Ryanair,,ryanair_farefinder,https://www.ryanair.com/api/farfnd/v4/oneWayFares/CTA/FCO/cheapestPerDay?outboundMonthOfDate=2026-11-01&currency=EUR,2026-09-07T12:30:38.105888Z
CTA-FCO,2026-11-13,27.89,22:35,23:59,Ryanair,FR4855,ryanair_booking_api,https://www.ryanair.com/api/booking/v4/it-it/availability?ADT=1&TEEN=0&CHD=0&INF=0&Origin=CTA&Destination=FCO&promoCode=&IncludeConnectingFlights=false&DateOut=2026-11-13&FlexDaysBeforeOut=0&FlexDaysOut=6&RoundTrip=false&ToUs=AGREED,2026-09-07T12:47:38.028Z
CTA-FCO,2026-11-13,42.0,20:50,22:15,Ryanair,,google_flights,https://www.google.com/travel/flights?tfs=GhoSCjIwMjYtMTEtMTNqBRIDQ1RBcgUSA0ZDT0IBAUgBmAEC&hl=it&curr=EUR,2026-09-07T13:03:22.322765Z
CTA-FCO,2026-11-13,44.99,15:10,16:35,Aeroitalia,XZ2814,aeroitalia_booking_api,https://aeroitalia-gateway.azure-api.net/dotrezprod/api/nsk/v4/availability/search/simple,2026-09-07T13:13:22.182Z
CTA-FCO,2026-11-13,45.0,19:30,20:55,Aeroitalia,,google_flights,https://www.google.com/travel/flights?tfs=GhoSCjIwMjYtMTEtMTNqBRIDQ1RBcgUSA0ZDT0IBAUgBmAEC&hl=it&curr=EUR,2026-09-07T13:03:22.322765Z
CTA-FCO,2026-11-13,58.0,19:15,20:40,ITA,,google_flights,https://www.google.com/travel/flights?tfs=GhoSCjIwMjYtMTEtMTNqBRIDQ1RBcgUSA0ZDT0IBAUgBmAEC&hl=it&curr=EUR,2026-09-07T13:03:22.322765Z
CTA-FCO,2026-11-14,32.9,15:40,17:05,Ryanair,,ryanair_farefinder,https://www.ryanair.com/api/farfnd/v4/oneWayFares/CTA/FCO/cheapestPerDay?outboundMonthOfDate=2026-11-01&currency=EUR,2026-09-07T12:30:38.105888Z
CTA-FCO,2026-11-14,32.9,15:40,17:05,Ryanair,FR4851,ryanair_booking_api,https://www.ryanair.com/api/booking/v4/it-it/availability?ADT=1&TEEN=0&CHD=0&INF=0&Origin=CTA&Destination=FCO&promoCode=&IncludeConnectingFlights=false&DateOut=2026-11-13&FlexDaysBeforeOut=0&FlexDaysOut=6&RoundTrip=false&ToUs=AGREED,2026-09-07T12:47:38.028Z
CTA-FCO,2026-11-14,34.99,15:10,16:35,Aeroitalia,XZ2814,aeroitalia_booking_api,https://aeroitalia-gateway.azure-api.net/dotrezprod/api/nsk/v4/availability/search/simple,2026-09-07T13:13:23.653Z
CTA-FCO,2026-11-14,40.0,07:00,08:25,Aeroitalia,,google_flights,https://www.google.com/travel/flights?tfs=GhoSCjIwMjYtMTEtMTRqBRIDQ1RBcgUSA0ZDT0IBAUgBmAEC&hl=it&curr=EUR,2026-09-07T13:03:23.934582Z
CTA-FCO,2026-11-14,47.0,12:40,14:05,Ryanair,,google_flights,https://www.google.com/travel/flights?tfs=GhoSCjIwMjYtMTEtMTRqBRIDQ1RBcgUSA0ZDT0IBAUgBmAEC&hl=it&curr=EUR,2026-09-07T13:03:23.934582Z
CTA-FCO,2026-11-14,58.0,19:15,20:40,ITA,,google_flights,https://www.google.com/travel/flights?tfs=GhoSCjIwMjYtMTEtMTRqBRIDQ1RBcgUSA0ZDT0IBAUgBmAEC&hl=it&curr=EUR,2026-09-07T13:03:23.934582Z
CTA-FCO,2026-11-15,28.99,23:00,00:25,Ryanair,,ryanair_farefinder,https://www.ryanair.com/api/farfnd/v4/oneWayFares/CTA/FCO/cheapestPerDay?outboundMonthOfDate=2026-11-01&currency=EUR,2026-09-07T12:30:38.105888Z
CTA-FCO,2026-11-15,28.99,23:00,00:25,Ryanair,FR4851,ryanair_booking_api,https://www.ryanair.com/api/booking/v4/it-it/availability?ADT=1&TEEN=0&CHD=0&INF=0&Origin=CTA&Destination=FCO&promoCode=&IncludeConnectingFlights=false&DateOut=2026-11-13&FlexDaysBeforeOut=0&FlexDaysOut=6&RoundTrip=false&ToUs=AGREED,2026-09-07T12:47:38.028Z
CTA-FCO,2026-11-15,29.0,23:00,00:25,Ryanair,,google_flights,https://www.google.com/travel/flights?tfs=GhoSCjIwMjYtMTEtMTVqBRIDQ1RBcgUSA0ZDT0IBAUgBmAEC&hl=it&curr=EUR,2026-09-07T13:03:25.578237Z
CTA-FCO,2026-11-15,44.99,11:10,12:35,Aeroitalia,XZ2812,aeroitalia_booking_api,https://aeroitalia-gateway.azure-api.net/dotrezprod/api/nsk/v4/availability/search/simple,2026-09-07T13:13:25.101Z
CTA-FCO,2026-11-15,45.0,11:10,12:35,Aeroitalia,,google_flights,https://www.google.com/travel/flights?tfs=GhoSCjIwMjYtMTEtMTVqBRIDQ1RBcgUSA0ZDT0IBAUgBmAEC&hl=it&curr=EUR,2026-09-07T13:03:25.578237Z
CTA-FCO,2026-11-15,66.0,11:40,13:10,ITA,,google_flights,https://www.google.com/travel/flights?tfs=GhoSCjIwMjYtMTEtMTVqBRIDQ1RBcgUSA0ZDT0IBAUgBmAEC&hl=it&curr=EUR,2026-09-07T13:03:25.578237Z
CTA-FCO,2026-11-16,33.33,20:25,21:50,Ryanair,,ryanair_farefinder,https://www.ryanair.com/api/farfnd/v4/oneWayFares/CTA/FCO/cheapestPerDay?outboundMonthOfDate=2026-11-01&currency=EUR,2026-09-07T12:30:38.105888Z
CTA-FCO,2026-11-16,33.33,20:25,21:50,Ryanair,FR4860,ryanair_booking_api,https://www.ryanair.com/api/booking/v4/it-it/availability?ADT=1&TEEN=0&CHD=0&INF=0&Origin=CTA&Destination=FCO&promoCode=&IncludeConnectingFlights=false&DateOut=2026-11-13&FlexDaysBeforeOut=0&FlexDaysOut=6&RoundTrip=false&ToUs=AGREED,2026-09-07T12:47:38.028Z
CTA-FCO,2026-11-16,34.0,20:25,21:50,Ryanair,,google_flights,https://www.google.com/travel/flights?tfs=GhoSCjIwMjYtMTEtMTZqBRIDQ1RBcgUSA0ZDT0IBAUgBmAEC&hl=it&curr=EUR,2026-09-07T13:03:27.152263Z
CTA-FCO,2026-11-16,34.99,11:10,12:35,Aeroitalia,XZ2812,aeroitalia_booking_api,https://aeroitalia-gateway.azure-api.net/dotrezprod/api/nsk/v4/availability/search/simple,2026-09-07T13:13:26.550Z
CTA-FCO,2026-11-16,40.0,19:30,20:55,Aeroitalia,,google_flights,https://www.google.com/travel/flights?tfs=GhoSCjIwMjYtMTEtMTZqBRIDQ1RBcgUSA0ZDT0IBAUgBmAEC&hl=it&curr=EUR,2026-09-07T13:03:27.152263Z
CTA-FCO,2026-11-16,75.0,19:15,20:40,ITA,,google_flights,https://www.google.com/travel/flights?tfs=GhoSCjIwMjYtMTEtMTZqBRIDQ1RBcgUSA0ZDT0IBAUgBmAEC&hl=it&curr=EUR,2026-09-07T13:03:27.152263Z
CTA-FCO,2026-11-17,30.79,20:00,21:25,Ryanair,,ryanair_farefinder,https://www.ryanair.com/api/farfnd/v4/oneWayFares/CTA/FCO/cheapestPerDay?outboundMonthOfDate=2026-11-01&currency=EUR,2026-09-07T12:30:38.105888Z
CTA-FCO,2026-11-17,30.79,20:00,21:25,Ryanair,FR4892,ryanair_booking_api,https://www.ryanair.com/api/booking/v4/it-it/availability?ADT=1&TEEN=0&CHD=0&INF=0&Origin=CTA&Destination=FCO&promoCode=&IncludeConnectingFlights=false&DateOut=2026-11-13&FlexDaysBeforeOut=0&FlexDaysOut=6&RoundTrip=false&ToUs=AGREED,2026-09-07T12:47:38.028Z
CTA-FCO,2026-11-17,31.0,20:00,21:25,Ryanair,,google_flights,https://www.google.com/travel/flights?tfs=GhoSCjIwMjYtMTEtMTdqBRIDQ1RBcgUSA0ZDT0IBAUgBmAEC&hl=it&curr=EUR,2026-09-07T13:03:28.844863Z
CTA-FCO,2026-11-17,34.99,07:00,08:25,Aeroitalia,XZ2810,aeroitalia_booking_api,https://aeroitalia-gateway.azure-api.net/dotrezprod/api/nsk/v4/availability/search/simple,2026-09-07T13:13:28.115Z
CTA-FCO,2026-11-17,40.0,19:30,20:55,Aeroitalia,,google_flights,https://www.google.com/travel/flights?tfs=GhoSCjIwMjYtMTEtMTdqBRIDQ1RBcgUSA0ZDT0IBAUgBmAEC&hl=it&curr=EUR,2026-09-07T13:03:28.844863Z
CTA-FCO,2026-11-17,58.0,19:15,20:40,ITA,,google_flights,https://www.google.com/travel/flights?tfs=GhoSCjIwMjYtMTEtMTdqBRIDQ1RBcgUSA0ZDT0IBAUgBmAEC&hl=it&curr=EUR,2026-09-07T13:03:28.844863Z
CTA-FCO,2026-11-18,14.99,22:15,23:40,Ryanair,,ryanair_farefinder,https://www.ryanair.com/api/farfnd/v4/oneWayFares/CTA/FCO/cheapestPerDay?outboundMonthOfDate=2026-11-01&currency=EUR,2026-09-07T12:30:38.105888Z
CTA-FCO,2026-11-18,14.99,22:15,23:40,Ryanair,FR4851,ryanair_booking_api,https://www.ryanair.com/api/booking/v4/it-it/availability?ADT=1&TEEN=0&CHD=0&INF=0&Origin=CTA&Destination=FCO&promoCode=&IncludeConnectingFlights=false&DateOut=2026-11-13&FlexDaysBeforeOut=0&FlexDaysOut=6&RoundTrip=false&ToUs=AGREED,2026-09-07T12:47:38.028Z
CTA-FCO,2026-11-18,31.0,06:25,07:50,Ryanair,,google_flights,https://www.google.com/travel/flights?tfs=GhoSCjIwMjYtMTEtMThqBRIDQ1RBcgUSA0ZDT0IBAUgBmAEC&hl=it&curr=EUR,2026-09-07T13:03:30.581549Z
CTA-FCO,2026-11-18,34.99,07:00,08:25,Aeroitalia,XZ2810,aeroitalia_booking_api,https://aeroitalia-gateway.azure-api.net/dotrezprod/api/nsk/v4/availability/search/simple,2026-09-07T13:13:29.636Z
CTA-FCO,2026-11-18,40.0,19:30,20:55,Aeroitalia,,google_flights,https://www.google.com/travel/flights?tfs=GhoSCjIwMjYtMTEtMThqBRIDQ1RBcgUSA0ZDT0IBAUgBmAEC&hl=it&curr=EUR,2026-09-07T13:03:30.581549Z
CTA-FCO,2026-11-18,58.0,19:15,20:40,ITA,,google_flights,https://www.google.com/travel/flights?tfs=GhoSCjIwMjYtMTEtMThqBRIDQ1RBcgUSA0ZDT0IBAUgBmAEC&hl=it&curr=EUR,2026-09-07T13:03:30.581549Z
CTA-FCO,2026-11-19,34.99,19:30,20:55,Aeroitalia,XZ2816,aeroitalia_booking_api,https://aeroitalia-gateway.azure-api.net/dotrezprod/api/nsk/v4/availability/search/simple,2026-09-07T13:13:31.094Z
CTA-FCO,2026-11-19,36.23,21:10,22:35,Ryanair,,ryanair_farefinder,https://www.ryanair.com/api/farfnd/v4/oneWayFares/CTA/FCO/cheapestPerDay?outboundMonthOfDate=2026-11-01&currency=EUR,2026-09-07T12:30:38.105888Z
CTA-FCO,2026-11-19,36.23,21:10,22:35,Ryanair,FR1171,ryanair_booking_api,https://www.ryanair.com/api/booking/v4/it-it/availability?ADT=1&TEEN=0&CHD=0&INF=0&Origin=CTA&Destination=FCO&promoCode=&IncludeConnectingFlights=false&DateOut=2026-11-13&FlexDaysBeforeOut=0&FlexDaysOut=6&RoundTrip=false&ToUs=AGREED,2026-09-07T12:47:38.028Z
CTA-FCO,2026-11-19,37.0,21:10,22:35,Ryanair,,google_flights,https://www.google.com/travel/flights?tfs=GhoSCjIwMjYtMTEtMTlqBRIDQ1RBcgUSA0ZDT0IBAUgBmAEC&hl=it&curr=EUR,2026-09-07T13:03:32.170070Z
CTA-FCO,2026-11-19,40.0,07:00,08:25,Aeroitalia,,google_flights,https://www.google.com/travel/flights?tfs=GhoSCjIwMjYtMTEtMTlqBRIDQ1RBcgUSA0ZDT0IBAUgBmAEC&hl=it&curr=EUR,2026-09-07T13:03:32.170070Z
CTA-FCO,2026-11-19,66.0,19:15,20:40,ITA,,google_flights,https://www.google.com/travel/flights?tfs=GhoSCjIwMjYtMTEtMTlqBRIDQ1RBcgUSA0ZDT0IBAUgBmAEC&hl=it&curr=EUR,2026-09-07T13:03:32.170070Z
CTA-FCO,2026-11-20,21.2,20:50,22:15,Ryanair,,ryanair_farefinder,https://www.ryanair.com/api/farfnd/v4/oneWayFares/CTA/FCO/cheapestPerDay?outboundMonthOfDate=2026-11-01&currency=EUR,2026-09-07T12:30:38.105888Z
CTA-FCO,2026-11-20,21.2,20:50,22:15,Ryanair,FR4857,ryanair_booking_api,https://www.ryanair.com/api/booking/v4/it-it/availability?ADT=1&TEEN=0&CHD=0&INF=0&Origin=CTA&Destination=FCO&promoCode=&IncludeConnectingFlights=false&DateOut=2026-11-20&FlexDaysBeforeOut=0&FlexDaysOut=6&RoundTrip=false&ToUs=AGREED,2026-09-07T12:47:39.715Z
CTA-FCO,2026-11-20,34.0,22:35,23:59,Ryanair,,google_flights,https://www.google.com/travel/flights?tfs=GhoSCjIwMjYtMTEtMjBqBRIDQ1RBcgUSA0ZDT0IBAUgBmAEC&hl=it&curr=EUR,2026-09-07T13:03:33.790246Z
CTA-FCO,2026-11-20,44.99,15:10,16:35,Aeroitalia,XZ2814,aeroitalia_booking_api,https://aeroitalia-gateway.azure-api.net/dotrezprod/api/nsk/v4/availability/search/simple,2026-09-07T13:13:32.568Z
CTA-FCO,2026-11-20,45.0,19:30,20:55,Aeroitalia,,google_flights,https://www.google.com/travel/flights?tfs=GhoSCjIwMjYtMTEtMjBqBRIDQ1RBcgUSA0ZDT0IBAUgBmAEC&hl=it&curr=EUR,2026-09-07T13:03:33.790246Z
CTA-FCO,2026-11-20,58.0,19:15,20:40,ITA,,google_flights,https://www.google.com/travel/flights?tfs=GhoSCjIwMjYtMTEtMjBqBRIDQ1RBcgUSA0ZDT0IBAUgBmAEC&hl=it&curr=EUR,2026-09-07T13:03:33.790246Z
CTA-FCO,2026-11-21,20.1,15:40,17:05,Ryanair,,ryanair_farefinder,https://www.ryanair.com/api/farfnd/v4/oneWayFares/CTA/FCO/cheapestPerDay?outboundMonthOfDate=2026-11-01&currency=EUR,2026-09-07T12:30:38.105888Z
CTA-FCO,2026-11-21,20.1,15:40,17:05,Ryanair,FR4851,ryanair_booking_api,https://www.ryanair.com/api/booking/v4/it-it/availability?ADT=1&TEEN=0&CHD=0&INF=0&Origin=CTA&Destination=FCO&promoCode=&IncludeConnectingFlights=false&DateOut=2026-11-20&FlexDaysBeforeOut=0&FlexDaysOut=6&RoundTrip=false&ToUs=AGREED,2026-09-07T12:47:39.715Z
CTA-FCO,2026-11-21,29.0,07:30,08:55,Ryanair,,google_flights,https://www.google.com/travel/flights?tfs=GhoSCjIwMjYtMTEtMjFqBRIDQ1RBcgUSA0ZDT0IBAUgBmAEC&hl=it&curr=EUR,2026-09-07T13:03:35.395161Z
CTA-FCO,2026-11-21,34.99,07:00,08:25,Aeroitalia,XZ2810,aeroitalia_booking_api,https://aeroitalia-gateway.azure-api.net/dotrezprod/api/nsk/v4/availability/search/simple,2026-09-07T13:13:34.156Z
CTA-FCO,2026-11-21,35.0,07:00,08:25,Aeroitalia,,google_flights,https://www.google.com/travel/flights?tfs=GhoSCjIwMjYtMTEtMjFqBRIDQ1RBcgUSA0ZDT0IBAUgBmAEC&hl=it&curr=EUR,2026-09-07T13:03:35.395161Z
CTA-FCO,2026-11-21,58.0,16:30,17:50,ITA,,google_flights,https://www.google.com/travel/flights?tfs=GhoSCjIwMjYtMTEtMjFqBRIDQ1RBcgUSA0ZDT0IBAUgBmAEC&hl=it&curr=EUR,2026-09-07T13:03:35.395161Z
CTA-FCO,2026-11-22,19.86,23:00,00:25,Ryanair,,ryanair_farefinder,https://www.ryanair.com/api/farfnd/v4/oneWayFares/CTA/FCO/cheapestPerDay?outboundMonthOfDate=2026-11-01&currency=EUR,2026-09-07T12:30:38.105888Z
CTA-FCO,2026-11-22,19.86,23:00,00:25,Ryanair,FR4851,ryanair_booking_api,https://www.ryanair.com/api/booking/v4/it-it/availability?ADT=1&TEEN=0&CHD=0&INF=0&Origin=CTA&Destination=FCO&promoCode=&IncludeConnectingFlights=false&DateOut=2026-11-20&FlexDaysBeforeOut=0&FlexDaysOut=6&RoundTrip=false&ToUs=AGREED,2026-09-07T12:47:39.715Z
CTA-FCO,2026-11-22,20.0,23:00,00:25,Ryanair,,google_flights,https://www.google.com/travel/flights?tfs=GhoSCjIwMjYtMTEtMjJqBRIDQ1RBcgUSA0ZDT0IBAUgBmAEC&hl=it&curr=EUR,2026-09-07T13:03:36.972249Z
CTA-FCO,2026-11-22,44.99,07:00,08:25,Aeroitalia,XZ2810,aeroitalia_booking_api,https://aeroitalia-gateway.azure-api.net/dotrezprod/api/nsk/v4/availability/search/simple,2026-09-07T13:13:35.609Z
CTA-FCO,2026-11-22,45.0,07:00,08:25,Aeroitalia,,google_flights,https://www.google.com/travel/flights?tfs=GhoSCjIwMjYtMTEtMjJqBRIDQ1RBcgUSA0ZDT0IBAUgBmAEC&hl=it&curr=EUR,2026-09-07T13:03:36.972249Z
CTA-FCO,2026-11-22,75.0,11:40,13:10,ITA,,google_flights,https://www.google.com/travel/flights?tfs=GhoSCjIwMjYtMTEtMjJqBRIDQ1RBcgUSA0ZDT0IBAUgBmAEC&hl=it&curr=EUR,2026-09-07T13:03:36.972249Z
CTA-FCO,2026-11-23,25.29,20:25,21:50,Ryanair,,ryanair_farefinder,https://www.ryanair.com/api/farfnd/v4/oneWayFares/CTA/FCO/cheapestPerDay?outboundMonthOfDate=2026-11-01&currency=EUR,2026-09-07T12:30:38.105888Z
CTA-FCO,2026-11-23,25.29,20:25,21:50,Ryanair,FR4860,ryanair_booking_api,https://www.ryanair.com/api/booking/v4/it-it/availability?ADT=1&TEEN=0&CHD=0&INF=0&Origin=CTA&Destination=FCO&promoCode=&IncludeConnectingFlights=false&DateOut=2026-11-20&FlexDaysBeforeOut=0&FlexDaysOut=6&RoundTrip=false&ToUs=AGREED,2026-09-07T12:47:39.715Z
CTA-FCO,2026-11-23,34.99,19:30,20:55,Aeroitalia,XZ2816,aeroitalia_booking_api,https://aeroitalia-gateway.azure-api.net/dotrezprod/api/nsk/v4/availability/search/simple,2026-09-07T13:13:37.061Z
CTA-FCO,2026-11-23,45.0,07:00,08:25,Aeroitalia,,google_flights,https://www.google.com/travel/flights?tfs=GhoSCjIwMjYtMTEtMjNqBRIDQ1RBcgUSA0ZDT0IBAUgBmAEC&hl=it&curr=EUR,2026-09-07T13:03:38.641151Z
CTA-FCO,2026-11-23,47.0,21:30,22:55,Ryanair,,google_flights,https://www.google.com/travel/flights?tfs=GhoSCjIwMjYtMTEtMjNqBRIDQ1RBcgUSA0ZDT0IBAUgBmAEC&hl=it&curr=EUR,2026-09-07T13:03:38.641151Z
CTA-FCO,2026-11-23,58.0,19:15,20:40,ITA,,google_flights,https://www.google.com/travel/flights?tfs=GhoSCjIwMjYtMTEtMjNqBRIDQ1RBcgUSA0ZDT0IBAUgBmAEC&hl=it&curr=EUR,2026-09-07T13:03:38.641151Z
CTA-FCO,2026-11-24,32.24,20:00,21:25,Ryanair,,ryanair_farefinder,https://www.ryanair.com/api/farfnd/v4/oneWayFares/CTA/FCO/cheapestPerDay?outboundMonthOfDate=2026-11-01&currency=EUR,2026-09-07T12:30:38.105888Z
CTA-FCO,2026-11-24,32.24,20:00,21:25,Ryanair,FR4892,ryanair_booking_api,https://www.ryanair.com/api/booking/v4/it-it/availability?ADT=1&TEEN=0&CHD=0&INF=0&Origin=CTA&Destination=FCO&promoCode=&IncludeConnectingFlights=false&DateOut=2026-11-20&FlexDaysBeforeOut=0&FlexDaysOut=6&RoundTrip=false&ToUs=AGREED,2026-09-07T12:47:39.715Z
CTA-FCO,2026-11-24,34.99,19:30,20:55,Aeroitalia,XZ2816,aeroitalia_booking_api,https://aeroitalia-gateway.azure-api.net/dotrezprod/api/nsk/v4/availability/search/simple,2026-09-07T13:13:38.513Z
CTA-FCO,2026-11-24,43.0,15:00,16:25,Ryanair,,google_flights,https://www.google.com/travel/flights?tfs=GhoSCjIwMjYtMTEtMjRqBRIDQ1RBcgUSA0ZDT0IBAUgBmAEC&hl=it&curr=EUR,2026-09-07T13:03:40.314956Z
CTA-FCO,2026-11-24,45.0,07:00,08:25,Aeroitalia,,google_flights,https://www.google.com/travel/flights?tfs=GhoSCjIwMjYtMTEtMjRqBRIDQ1RBcgUSA0ZDT0IBAUgBmAEC&hl=it&curr=EUR,2026-09-07T13:03:40.314956Z
CTA-FCO,2026-11-24,58.0,19:15,20:40,ITA,,google_flights,https://www.google.com/travel/flights?tfs=GhoSCjIwMjYtMTEtMjRqBRIDQ1RBcgUSA0ZDT0IBAUgBmAEC&hl=it&curr=EUR,2026-09-07T13:03:40.314956Z
CTA-FCO,2026-11-25,14.99,22:15,23:40,Ryanair,,ryanair_farefinder,https://www.ryanair.com/api/farfnd/v4/oneWayFares/CTA/FCO/cheapestPerDay?outboundMonthOfDate=2026-11-01&currency=EUR,2026-09-07T12:30:38.105888Z
CTA-FCO,2026-11-25,14.99,22:15,23:40,Ryanair,FR4851,ryanair_booking_api,https://www.ryanair.com/api/booking/v4/it-it/availability?ADT=1&TEEN=0&CHD=0&INF=0&Origin=CTA&Destination=FCO&promoCode=&IncludeConnectingFlights=false&DateOut=2026-11-20&FlexDaysBeforeOut=0&FlexDaysOut=6&RoundTrip=false&ToUs=AGREED,2026-09-07T12:47:39.715Z
CTA-FCO,2026-11-25,39.99,07:00,08:25,Aeroitalia,XZ2810,aeroitalia_booking_api,https://aeroitalia-gateway.azure-api.net/dotrezprod/api/nsk/v4/availability/search/simple,2026-09-07T13:13:40.080Z
CTA-FCO,2026-11-25,40.0,07:00,08:25,Aeroitalia,,google_flights,https://www.google.com/travel/flights?tfs=GhoSCjIwMjYtMTEtMjVqBRIDQ1RBcgUSA0ZDT0IBAUgBmAEC&hl=it&curr=EUR,2026-09-07T13:03:41.864383Z
CTA-FCO,2026-11-25,58.0,19:15,20:40,ITA,,google_flights,https://www.google.com/travel/flights?tfs=GhoSCjIwMjYtMTEtMjVqBRIDQ1RBcgUSA0ZDT0IBAUgBmAEC&hl=it&curr=EUR,2026-09-07T13:03:41.864383Z
CTA-FCO,2026-11-25,58.0,11:55,13:20,Ryanair,,google_flights,https://www.google.com/travel/flights?tfs=GhoSCjIwMjYtMTEtMjVqBRIDQ1RBcgUSA0ZDT0IBAUgBmAEC&hl=it&curr=EUR,2026-09-07T13:03:41.864383Z
CTA-FCO,2026-11-26,25.29,21:10,22:35,Ryanair,,ryanair_farefinder,https://www.ryanair.com/api/farfnd/v4/oneWayFares/CTA/FCO/cheapestPerDay?outboundMonthOfDate=2026-11-01&currency=EUR,2026-09-07T12:30:38.105888Z
CTA-FCO,2026-11-26,25.29,21:10,22:35,Ryanair,FR1171,ryanair_booking_api,https://www.ryanair.com/api/booking/v4/it-it/availability?ADT=1&TEEN=0&CHD=0&INF=0&Origin=CTA&Destination=FCO&promoCode=&IncludeConnectingFlights=false&DateOut=2026-11-20&FlexDaysBeforeOut=0&FlexDaysOut=6&RoundTrip=false&ToUs=AGREED,2026-09-07T12:47:39.715Z
CTA-FCO,2026-11-26,34.99,19:30,20:55,Aeroitalia,XZ2816,aeroitalia_booking_api,https://aeroitalia-gateway.azure-api.net/dotrezprod/api/nsk/v4/availability/search/simple,2026-09-07T13:13:41.537Z
CTA-FCO,2026-11-26,40.0,11:20,12:45,Ryanair,,google_flights,https://www.google.com/travel/flights?tfs=GhoSCjIwMjYtMTEtMjZqBRIDQ1RBcgUSA0ZDT0IBAUgBmAEC&hl=it&curr=EUR,2026-09-07T13:03:43.524476Z
CTA-FCO,2026-11-26,45.0,07:00,08:25,Aeroitalia,,google_flights,https://www.google.com/travel/flights?tfs=GhoSCjIwMjYtMTEtMjZqBRIDQ1RBcgUSA0ZDT0IBAUgBmAEC&hl=it&curr=EUR,2026-09-07T13:03:43.524476Z
CTA-FCO,2026-11-26,58.0,19:15,20:40,ITA,,google_flights,https://www.google.com/travel/flights?tfs=GhoSCjIwMjYtMTEtMjZqBRIDQ1RBcgUSA0ZDT0IBAUgBmAEC&hl=it&curr=EUR,2026-09-07T13:03:43.524476Z
CTA-FCO,2026-11-27,30.79,22:35,23:59,Ryanair,,ryanair_farefinder,https://www.ryanair.com/api/farfnd/v4/oneWayFares/CTA/FCO/cheapestPerDay?outboundMonthOfDate=2026-11-01&currency=EUR,2026-09-07T12:30:38.105888Z
CTA-FCO,2026-11-27,30.79,22:35,23:59,Ryanair,FR4855,ryanair_booking_api,https://www.ryanair.com/api/booking/v4/it-it/availability?ADT=1&TEEN=0&CHD=0&INF=0&Origin=CTA&Destination=FCO&promoCode=&IncludeConnectingFlights=false&DateOut=2026-11-27&FlexDaysBeforeOut=0&FlexDaysOut=6&RoundTrip=false&ToUs=AGREED,2026-09-07T12:47:41.239Z
CTA-FCO,2026-11-27,31.0,22:35,23:59,Ryanair,,google_flights,https://www.google.com/travel/flights?tfs=GhoSCjIwMjYtMTEtMjdqBRIDQ1RBcgUSA0ZDT0IBAUgBmAEC&hl=it&curr=EUR,2026-09-07T13:03:45.143831Z
CTA-FCO,2026-11-27,44.99,15:10,16:35,Aeroitalia,XZ2814,aeroitalia_booking_api,https://aeroitalia-gateway.azure-api.net/dotrezprod/api/nsk/v4/availability/search/simple,2026-09-07T13:13:42.990Z
CTA-FCO,2026-11-27,45.0,19:30,20:55,Aeroitalia,,google_flights,https://www.google.com/travel/flights?tfs=GhoSCjIwMjYtMTEtMjdqBRIDQ1RBcgUSA0ZDT0IBAUgBmAEC&hl=it&curr=EUR,2026-09-07T13:03:45.143831Z
CTA-FCO,2026-11-27,58.0,19:15,20:40,ITA,,google_flights,https://www.google.com/travel/flights?tfs=GhoSCjIwMjYtMTEtMjdqBRIDQ1RBcgUSA0ZDT0IBAUgBmAEC&hl=it&curr=EUR,2026-09-07T13:03:45.143831Z
CTA-FCO,2026-11-28,23.29,12:40,14:05,Ryanair,,ryanair_farefinder,https://www.ryanair.com/api/farfnd/v4/oneWayFares/CTA/FCO/cheapestPerDay?outboundMonthOfDate=2026-11-01&currency=EUR,2026-09-07T12:30:38.105888Z
CTA-FCO,2026-11-28,23.29,12:40,14:05,Ryanair,FR1171,ryanair_booking_api,https://www.ryanair.com/api/booking/v4/it-it/availability?ADT=1&TEEN=0&CHD=0&INF=0&Origin=CTA&Destination=FCO&promoCode=&IncludeConnectingFlights=false&DateOut=2026-11-27&FlexDaysBeforeOut=0&FlexDaysOut=6&RoundTrip=false&ToUs=AGREED,2026-09-07T12:47:41.239Z
CTA-FCO,2026-11-28,34.99,15:10,16:35,Aeroitalia,XZ2814,aeroitalia_booking_api,https://aeroitalia-gateway.azure-api.net/dotrezprod/api/nsk/v4/availability/search/simple,2026-09-07T13:13:44.440Z
CTA-FCO,2026-11-28,37.0,15:40,17:05,Ryanair,,google_flights,https://www.google.com/travel/flights?tfs=GhoSCjIwMjYtMTEtMjhqBRIDQ1RBcgUSA0ZDT0IBAUgBmAEC&hl=it&curr=EUR,2026-09-07T13:03:46.916967Z
CTA-FCO,2026-11-28,40.0,07:00,08:25,Aeroitalia,,google_flights,https://www.google.com/travel/flights?tfs=GhoSCjIwMjYtMTEtMjhqBRIDQ1RBcgUSA0ZDT0IBAUgBmAEC&hl=it&curr=EUR,2026-09-07T13:03:46.916967Z
CTA-FCO,2026-11-28,58.0,19:15,20:40,ITA,,google_flights,https://www.google.com/travel/flights?tfs=GhoSCjIwMjYtMTEtMjhqBRIDQ1RBcgUSA0ZDT0IBAUgBmAEC&hl=it&curr=EUR,2026-09-07T13:03:46.916967Z
CTA-FCO,2026-11-29,17.42,23:00,00:25,Ryanair,,ryanair_farefinder,https://www.ryanair.com/api/farfnd/v4/oneWayFares/CTA/FCO/cheapestPerDay?outboundMonthOfDate=2026-11-01&currency=EUR,2026-09-07T12:30:38.105888Z
CTA-FCO,2026-11-29,17.42,23:00,00:25,Ryanair,FR4851,ryanair_booking_api,https://www.ryanair.com/api/booking/v4/it-it/availability?ADT=1&TEEN=0&CHD=0&INF=0&Origin=CTA&Destination=FCO&promoCode=&IncludeConnectingFlights=false&DateOut=2026-11-27&FlexDaysBeforeOut=0&FlexDaysOut=6&RoundTrip=false&ToUs=AGREED,2026-09-07T12:47:41.239Z
CTA-FCO,2026-11-29,41.0,07:55,09:20,Ryanair,,google_flights,https://www.google.com/travel/flights?tfs=GhoSCjIwMjYtMTEtMjlqBRIDQ1RBcgUSA0ZDT0IBAUgBmAEC&hl=it&curr=EUR,2026-09-07T13:03:48.627218Z
CTA-FCO,2026-11-29,44.99,07:00,08:25,Aeroitalia,XZ2810,aeroitalia_booking_api,https://aeroitalia-gateway.azure-api.net/dotrezprod/api/nsk/v4/availability/search/simple,2026-09-07T13:13:46.008Z
CTA-FCO,2026-11-29,45.0,07:00,08:25,Aeroitalia,,google_flights,https://www.google.com/travel/flights?tfs=GhoSCjIwMjYtMTEtMjlqBRIDQ1RBcgUSA0ZDT0IBAUgBmAEC&hl=it&curr=EUR,2026-09-07T13:03:48.627218Z
CTA-FCO,2026-11-29,58.0,11:40,13:10,ITA,,google_flights,https://www.google.com/travel/flights?tfs=GhoSCjIwMjYtMTEtMjlqBRIDQ1RBcgUSA0ZDT0IBAUgBmAEC&hl=it&curr=EUR,2026-09-07T13:03:48.627218Z
CTA-FCO,2026-11-30,27.06,20:25,21:50,Ryanair,,ryanair_farefinder,https://www.ryanair.com/api/farfnd/v4/oneWayFares/CTA/FCO/cheapestPerDay?outboundMonthOfDate=2026-11-01&currency=EUR,2026-09-07T12:30:38.105888Z
CTA-FCO,2026-11-30,27.06,20:25,21:50,Ryanair,FR4860,ryanair_booking_api,https://www.ryanair.com/api/booking/v4/it-it/availability?ADT=1&TEEN=0&CHD=0&INF=0&Origin=CTA&Destination=FCO&promoCode=&IncludeConnectingFlights=false&DateOut=2026-11-27&FlexDaysBeforeOut=0&FlexDaysOut=6&RoundTrip=false&ToUs=AGREED,2026-09-07T12:47:41.239Z
CTA-FCO,2026-11-30,28.0,20:25,21:50,Ryanair,,google_flights,https://www.google.com/travel/flights?tfs=GhoSCjIwMjYtMTEtMzBqBRIDQ1RBcgUSA0ZDT0IBAUgBmAEC&hl=it&curr=EUR,2026-09-07T13:03:50.188842Z
CTA-FCO,2026-11-30,34.99,07:00,08:25,Aeroitalia,XZ2810,aeroitalia_booking_api,https://aeroitalia-gateway.azure-api.net/dotrezprod/api/nsk/v4/availability/search/simple,2026-09-07T13:13:47.460Z
CTA-FCO,2026-11-30,35.0,07:00,08:25,Aeroitalia,,google_flights,https://www.google.com/travel/flights?tfs=GhoSCjIwMjYtMTEtMzBqBRIDQ1RBcgUSA0ZDT0IBAUgBmAEC&hl=it&curr=EUR,2026-09-07T13:03:50.188842Z
CTA-FCO,2026-11-30,58.0,16:30,17:50,ITA,,google_flights,https://www.google.com/travel/flights?tfs=GhoSCjIwMjYtMTEtMzBqBRIDQ1RBcgUSA0ZDT0IBAUgBmAEC&hl=it&curr=EUR,2026-09-07T13:03:50.188842Z
CTA-FCO,2026-12-01,32.9,20:00,21:25,Ryanair,,ryanair_farefinder,https://www.ryanair.com/api/farfnd/v4/oneWayFares/CTA/FCO/cheapestPerDay?outboundMonthOfDate=2026-12-01&currency=EUR,2026-09-07T12:30:39.496192Z
CTA-FCO,2026-12-01,32.9,20:00,21:25,Ryanair,FR4892,ryanair_booking_api,https://www.ryanair.com/api/booking/v4/it-it/availability?ADT=1&TEEN=0&CHD=0&INF=0&Origin=CTA&Destination=FCO&promoCode=&IncludeConnectingFlights=false&DateOut=2026-11-27&FlexDaysBeforeOut=0&FlexDaysOut=6&RoundTrip=false&ToUs=AGREED,2026-09-07T12:47:41.239Z
CTA-FCO,2026-12-01,33.0,20:00,21:25,Ryanair,,google_flights,https://www.google.com/travel/flights?tfs=GhoSCjIwMjYtMTItMDFqBRIDQ1RBcgUSA0ZDT0IBAUgBmAEC&hl=it&curr=EUR,2026-09-07T13:03:51.789023Z
CTA-FCO,2026-12-01,39.99,07:00,08:25,Aeroitalia,XZ2810,aeroitalia_booking_api,https://aeroitalia-gateway.azure-api.net/dotrezprod/api/nsk/v4/availability/search/simple,2026-09-07T13:13:49.234Z
CTA-FCO,2026-12-01,40.0,07:00,08:25,Aeroitalia,,google_flights,https://www.google.com/travel/flights?tfs=GhoSCjIwMjYtMTItMDFqBRIDQ1RBcgUSA0ZDT0IBAUgBmAEC&hl=it&curr=EUR,2026-09-07T13:03:51.789023Z
CTA-FCO,2026-12-01,58.0,19:15,20:40,ITA,,google_flights,https://www.google.com/travel/flights?tfs=GhoSCjIwMjYtMTItMDFqBRIDQ1RBcgUSA0ZDT0IBAUgBmAEC&hl=it&curr=EUR,2026-09-07T13:03:51.789023Z
CTA-FCO,2026-12-02,39.99,07:00,08:25,Aeroitalia,XZ2810,aeroitalia_booking_api,https://aeroitalia-gateway.azure-api.net/dotrezprod/api/nsk/v4/availability/search/simple,2026-09-07T13:13:50.713Z
CTA-FCO,2026-12-02,40.0,07:00,08:25,Aeroitalia,,google_flights,https://www.google.com/travel/flights?tfs=GhoSCjIwMjYtMTItMDJqBRIDQ1RBcgUSA0ZDT0IBAUgBmAEC&hl=it&curr=EUR,2026-09-07T13:03:53.396918Z
CTA-FCO,2026-12-02,46.28,11:55,13:20,Ryanair,,ryanair_farefinder,https://www.ryanair.com/api/farfnd/v4/oneWayFares/CTA/FCO/cheapestPerDay?outboundMonthOfDate=2026-12-01&currency=EUR,2026-09-07T12:30:39.496192Z
CTA-FCO,2026-12-02,46.28,11:55,13:20,Ryanair,FR4871,ryanair_booking_api,https://www.ryanair.com/api/booking/v4/it-it/availability?ADT=1&TEEN=0&CHD=0&INF=0&Origin=CTA&Destination=FCO&promoCode=&IncludeConnectingFlights=false&DateOut=2026-11-27&FlexDaysBeforeOut=0&FlexDaysOut=6&RoundTrip=false&ToUs=AGREED,2026-09-07T12:47:41.239Z
CTA-FCO,2026-12-02,49.0,16:00,17:25,Ryanair,,google_flights,https://www.google.com/travel/flights?tfs=GhoSCjIwMjYtMTItMDJqBRIDQ1RBcgUSA0ZDT0IBAUgBmAEC&hl=it&curr=EUR,2026-09-07T13:03:53.396918Z
CTA-FCO,2026-12-02,58.0,19:15,20:40,ITA,,google_flights,https://www.google.com/travel/flights?tfs=GhoSCjIwMjYtMTItMDJqBRIDQ1RBcgUSA0ZDT0IBAUgBmAEC&hl=it&curr=EUR,2026-09-07T13:03:53.396918Z
CTA-FCO,2026-12-03,39.26,11:20,12:45,Ryanair,,ryanair_farefinder,https://www.ryanair.com/api/farfnd/v4/oneWayFares/CTA/FCO/cheapestPerDay?outboundMonthOfDate=2026-12-01&currency=EUR,2026-09-07T12:30:39.496192Z
CTA-FCO,2026-12-03,39.26,11:20,12:45,Ryanair,FR4851,ryanair_booking_api,https://www.ryanair.com/api/booking/v4/it-it/availability?ADT=1&TEEN=0&CHD=0&INF=0&Origin=CTA&Destination=FCO&promoCode=&IncludeConnectingFlights=false&DateOut=2026-11-27&FlexDaysBeforeOut=0&FlexDaysOut=6&RoundTrip=false&ToUs=AGREED,2026-09-07T12:47:41.239Z
CTA-FCO,2026-12-03,39.99,07:00,08:25,Aeroitalia,XZ2810,aeroitalia_booking_api,https://aeroitalia-gateway.azure-api.net/dotrezprod/api/nsk/v4/availability/search/simple,2026-09-07T13:13:52.279Z
CTA-FCO,2026-12-03,40.0,07:00,08:25,Aeroitalia,,google_flights,https://www.google.com/travel/flights?tfs=GhoSCjIwMjYtMTItMDNqBRIDQ1RBcgUSA0ZDT0IBAUgBmAEC&hl=it&curr=EUR,2026-09-07T13:03:54.912286Z
CTA-FCO,2026-12-03,50.0,15:45,17:10,Ryanair,,google_flights,https://www.google.com/travel/flights?tfs=GhoSCjIwMjYtMTItMDNqBRIDQ1RBcgUSA0ZDT0IBAUgBmAEC&hl=it&curr=EUR,2026-09-07T13:03:54.912286Z
CTA-FCO,2026-12-03,58.0,19:15,20:40,ITA,,google_flights,https://www.google.com/travel/flights?tfs=GhoSCjIwMjYtMTItMDNqBRIDQ1RBcgUSA0ZDT0IBAUgBmAEC&hl=it&curr=EUR,2026-09-07T13:03:54.912286Z
FCO-CTA,2026-09-25,17.7,05:45,07:05,Ryanair,,ryanair_farefinder,https://www.ryanair.com/api/farfnd/v4/oneWayFares/FCO/CTA/cheapestPerDay?outboundMonthOfDate=2026-09-01&currency=EUR,2026-09-07T12:30:40.874406Z
FCO-CTA,2026-09-25,17.7,05:45,07:05,Ryanair,FR1170,ryanair_booking_api,https://www.ryanair.com/api/booking/v4/it-it/availability?ADT=1&TEEN=0&CHD=0&INF=0&Origin=FCO&Destination=CTA&promoCode=&IncludeConnectingFlights=false&DateOut=2026-09-25&FlexDaysBeforeOut=0&FlexDaysOut=6&RoundTrip=false&ToUs=AGREED,2026-09-07T12:47:42.661Z
FCO-CTA,2026-09-25,31.0,08:25,09:45,Ryanair,,google_flights,https://www.google.com/travel/flights?tfs=GhoSCjIwMjYtMDktMjVqBRIDRkNPcgUSA0NUQUIBAUgBmAEC&hl=it&curr=EUR,2026-09-07T13:03:56.644091Z
FCO-CTA,2026-09-25,39.99,09:30,10:50,Aeroitalia,XZ2811,aeroitalia_booking_api,https://aeroitalia-gateway.azure-api.net/dotrezprod/api/nsk/v4/availability/search/simple,2026-09-07T13:13:53.732Z
FCO-CTA,2026-09-25,40.0,09:30,10:50,Aeroitalia,,google_flights,https://www.google.com/travel/flights?tfs=GhoSCjIwMjYtMDktMjVqBRIDRkNPcgUSA0NUQUIBAUgBmAEC&hl=it&curr=EUR,2026-09-07T13:03:56.644091Z
FCO-CTA,2026-09-25,67.0,21:15,22:30,ITA,,google_flights,https://www.google.com/travel/flights?tfs=GhoSCjIwMjYtMDktMjVqBRIDRkNPcgUSA0NUQUIBAUgBmAEC&hl=it&curr=EUR,2026-09-07T13:03:56.644091Z
FCO-CTA,2026-09-26,20.99,08:05,09:25,Ryanair,,ryanair_farefinder,https://www.ryanair.com/api/farfnd/v4/oneWayFares/FCO/CTA/cheapestPerDay?outboundMonthOfDate=2026-09-01&currency=EUR,2026-09-07T12:30:40.874406Z
FCO-CTA,2026-09-26,20.99,08:05,09:25,Ryanair,FR4872,ryanair_booking_api,https://www.ryanair.com/api/booking/v4/it-it/availability?ADT=1&TEEN=0&CHD=0&INF=0&Origin=FCO&Destination=CTA&promoCode=&IncludeConnectingFlights=false&DateOut=2026-09-25&FlexDaysBeforeOut=0&FlexDaysOut=6&RoundTrip=false&ToUs=AGREED,2026-09-07T12:47:42.661Z
FCO-CTA,2026-09-26,21.0,08:05,09:25,Ryanair,,google_flights,https://www.google.com/travel/flights?tfs=GhoSCjIwMjYtMDktMjZqBRIDRkNPcgUSA0NUQUIBAUgBmAEC&hl=it&curr=EUR,2026-09-07T13:03:58.307113Z
FCO-CTA,2026-09-26,29.99,21:40,23:00,Aeroitalia,XZ2817,aeroitalia_booking_api,https://aeroitalia-gateway.azure-api.net/dotrezprod/api/nsk/v4/availability/search/simple,2026-09-07T13:13:55.178Z
FCO-CTA,2026-09-26,50.0,09:20,10:40,Aeroitalia,,google_flights,https://www.google.com/travel/flights?tfs=GhoSCjIwMjYtMDktMjZqBRIDRkNPcgUSA0NUQUIBAUgBmAEC&hl=it&curr=EUR,2026-09-07T13:03:58.307113Z
FCO-CTA,2026-09-26,59.0,19:30,20:45,ITA,,google_flights,https://www.google.com/travel/flights?tfs=GhoSCjIwMjYtMDktMjZqBRIDRkNPcgUSA0NUQUIBAUgBmAEC&hl=it&curr=EUR,2026-09-07T13:03:58.307113Z
FCO-CTA,2026-09-27,19.99,06:00,07:20,Ryanair,,ryanair_farefinder,https://www.ryanair.com/api/farfnd/v4/oneWayFares/FCO/CTA/cheapestPerDay?outboundMonthOfDate=2026-09-01&currency=EUR,2026-09-07T12:30:40.874406Z
FCO-CTA,2026-09-27,19.99,06:00,07:20,Ryanair,FR1170,ryanair_booking_api,https://www.ryanair.com/api/booking/v4/it-it/availability?ADT=1&TEEN=0&CHD=0&INF=0&Origin=FCO&Destination=CTA&promoCode=&IncludeConnectingFlights=false&DateOut=2026-09-25&FlexDaysBeforeOut=0&FlexDaysOut=6&RoundTrip=false&ToUs=AGREED,2026-09-07T12:47:42.661Z
FCO-CTA,2026-09-27,29.99,09:20,10:40,Aeroitalia,XZ2811,aeroitalia_booking_api,https://aeroitalia-gateway.azure-api.net/dotrezprod/api/nsk/v4/availability/search/simple,2026-09-07T13:13:56.632Z
FCO-CTA,2026-09-27,40.0,11:40,13:00,Aeroitalia,,google_flights,https://www.google.com/travel/flights?tfs=GhoSCjIwMjYtMDktMjdqBRIDRkNPcgUSA0NUQUIBAUgBmAEC&hl=it&curr=EUR,2026-09-07T13:03:59.934615Z
FCO-CTA,2026-09-27,40.0,12:20,13:40,Ryanair,,google_flights,https://www.google.com/travel/flights?tfs=GhoSCjIwMjYtMDktMjdqBRIDRkNPcgUSA0NUQUIBAUgBmAEC&hl=it&curr=EUR,2026-09-07T13:03:59.934615Z
FCO-CTA,2026-09-27,59.0,21:15,22:30,ITA,,google_flights,https://www.google.com/travel/flights?tfs=GhoSCjIwMjYtMDktMjdqBRIDRkNPcgUSA0NUQUIBAUgBmAEC&hl=it&curr=EUR,2026-09-07T13:03:59.934615Z
FCO-CTA,2026-09-28,18.8,05:45,07:05,Ryanair,,ryanair_farefinder,https://www.ryanair.com/api/farfnd/v4/oneWayFares/FCO/CTA/cheapestPerDay?outboundMonthOfDate=2026-09-01&currency=EUR,2026-09-07T12:30:40.874406Z
FCO-CTA,2026-09-28,18.8,05:45,07:05,Ryanair,FR1170,ryanair_booking_api,https://www.ryanair.com/api/booking/v4/it-it/availability?ADT=1&TEEN=0&CHD=0&INF=0&Origin=FCO&Destination=CTA&promoCode=&IncludeConnectingFlights=false&DateOut=2026-09-25&FlexDaysBeforeOut=0&FlexDaysOut=6&RoundTrip=false&ToUs=AGREED,2026-09-07T12:47:42.661Z
FCO-CTA,2026-09-28,19.0,05:45,07:05,Ryanair,,google_flights,https://www.google.com/travel/flights?tfs=GhoSCjIwMjYtMDktMjhqBRIDRkNPcgUSA0NUQUIBAUgBmAEC&hl=it&curr=EUR,2026-09-07T13:04:01.614169Z
FCO-CTA,2026-09-28,34.99,21:40,23:00,Aeroitalia,XZ2817,aeroitalia_booking_api,https://aeroitalia-gateway.azure-api.net/dotrezprod/api/nsk/v4/availability/search/simple,2026-09-07T13:13:58.198Z
FCO-CTA,2026-09-28,35.0,21:40,23:00,Aeroitalia,,google_flights,https://www.google.com/travel/flights?tfs=GhoSCjIwMjYtMDktMjhqBRIDRkNPcgUSA0NUQUIBAUgBmAEC&hl=it&curr=EUR,2026-09-07T13:04:01.614169Z
FCO-CTA,2026-09-28,59.0,19:30,20:45,ITA,,google_flights,https://www.google.com/travel/flights?tfs=GhoSCjIwMjYtMDktMjhqBRIDRkNPcgUSA0NUQUIBAUgBmAEC&hl=it&curr=EUR,2026-09-07T13:04:01.614169Z
FCO-CTA,2026-09-29,15.99,08:55,10:15,Ryanair,,ryanair_farefinder,https://www.ryanair.com/api/farfnd/v4/oneWayFares/FCO/CTA/cheapestPerDay?outboundMonthOfDate=2026-09-01&currency=EUR,2026-09-07T12:30:40.874406Z
FCO-CTA,2026-09-29,15.99,08:55,10:15,Ryanair,FR4872,ryanair_booking_api,https://www.ryanair.com/api/booking/v4/it-it/availability?ADT=1&TEEN=0&CHD=0&INF=0&Origin=FCO&Destination=CTA&promoCode=&IncludeConnectingFlights=false&DateOut=2026-09-25&FlexDaysBeforeOut=0&FlexDaysOut=6&RoundTrip=false&ToUs=AGREED,2026-09-07T12:47:42.661Z
FCO-CTA,2026-09-29,16.0,08:55,10:15,Ryanair,,google_flights,https://www.google.com/travel/flights?tfs=GhoSCjIwMjYtMDktMjlqBRIDRkNPcgUSA0NUQUIBAUgBmAEC&hl=it&curr=EUR,2026-09-07T13:04:03.198792Z
FCO-CTA,2026-09-29,29.99,09:20,10:40,Aeroitalia,XZ2811,aeroitalia_booking_api,https://aeroitalia-gateway.azure-api.net/dotrezprod/api/nsk/v4/availability/search/simple,2026-09-07T13:13:59.650Z
FCO-CTA,2026-09-29,30.0,09:20,10:40,Aeroitalia,,google_flights,https://www.google.com/travel/flights?tfs=GhoSCjIwMjYtMDktMjlqBRIDRkNPcgUSA0NUQUIBAUgBmAEC&hl=it&curr=EUR,2026-09-07T13:04:03.198792Z
FCO-CTA,2026-09-29,59.0,10:40,12:00,ITA,,google_flights,https://www.google.com/travel/flights?tfs=GhoSCjIwMjYtMDktMjlqBRIDRkNPcgUSA0NUQUIBAUgBmAEC&hl=it&curr=EUR,2026-09-07T13:04:03.198792Z
FCO-CTA,2026-09-30,14.99,06:25,07:45,Ryanair,,ryanair_farefinder,https://www.ryanair.com/api/farfnd/v4/oneWayFares/FCO/CTA/cheapestPerDay?outboundMonthOfDate=2026-09-01&currency=EUR,2026-09-07T12:30:40.874406Z
FCO-CTA,2026-09-30,14.99,06:25,07:45,Ryanair,FR1170,ryanair_booking_api,https://www.ryanair.com/api/booking/v4/it-it/availability?ADT=1&TEEN=0&CHD=0&INF=0&Origin=FCO&Destination=CTA&promoCode=&IncludeConnectingFlights=false&DateOut=2026-09-25&FlexDaysBeforeOut=0&FlexDaysOut=6&RoundTrip=false&ToUs=AGREED,2026-09-07T12:47:42.661Z
FCO-CTA,2026-09-30,15.0,06:25,07:45,Ryanair,,google_flights,https://www.google.com/travel/flights?tfs=GhoSCjIwMjYtMDktMzBqBRIDRkNPcgUSA0NUQUIBAUgBmAEC&hl=it&curr=EUR,2026-09-07T13:04:04.877328Z
FCO-CTA,2026-09-30,34.99,09:20,10:40,Aeroitalia,XZ2811,aeroitalia_booking_api,https://aeroitalia-gateway.azure-api.net/dotrezprod/api/nsk/v4/availability/search/simple,2026-09-07T13:14:01.094Z
FCO-CTA,2026-09-30,35.0,09:20,10:40,Aeroitalia,,google_flights,https://www.google.com/travel/flights?tfs=GhoSCjIwMjYtMDktMzBqBRIDRkNPcgUSA0NUQUIBAUgBmAEC&hl=it&curr=EUR,2026-09-07T13:04:04.877328Z
FCO-CTA,2026-09-30,59.0,13:40,14:55,ITA,,google_flights,https://www.google.com/travel/flights?tfs=GhoSCjIwMjYtMDktMzBqBRIDRkNPcgUSA0NUQUIBAUgBmAEC&hl=it&curr=EUR,2026-09-07T13:04:04.877328Z
FCO-CTA,2026-10-01,14.99,06:05,07:25,Ryanair,,ryanair_farefinder,https://www.ryanair.com/api/farfnd/v4/oneWayFares/FCO/CTA/cheapestPerDay?outboundMonthOfDate=2026-10-01&currency=EUR,2026-09-07T12:30:42.259993Z
FCO-CTA,2026-10-01,14.99,06:05,07:25,Ryanair,FR1170,ryanair_booking_api,https://www.ryanair.com/api/booking/v4/it-it/availability?ADT=1&TEEN=0&CHD=0&INF=0&Origin=FCO&Destination=CTA&promoCode=&IncludeConnectingFlights=false&DateOut=2026-09-25&FlexDaysBeforeOut=0&FlexDaysOut=6&RoundTrip=false&ToUs=AGREED,2026-09-07T12:47:42.661Z
FCO-CTA,2026-10-01,15.0,06:05,07:25,Ryanair,,google_flights,https://www.google.com/travel/flights?tfs=GhoSCjIwMjYtMTAtMDFqBRIDRkNPcgUSA0NUQUIBAUgBmAEC&hl=it&curr=EUR,2026-09-07T13:04:06.462029Z
FCO-CTA,2026-10-01,29.99,09:20,10:40,Aeroitalia,XZ2811,aeroitalia_booking_api,https://aeroitalia-gateway.azure-api.net/dotrezprod/api/nsk/v4/availability/search/simple,2026-09-07T13:14:02.582Z
FCO-CTA,2026-10-01,30.0,09:20,10:40,Aeroitalia,,google_flights,https://www.google.com/travel/flights?tfs=GhoSCjIwMjYtMTAtMDFqBRIDRkNPcgUSA0NUQUIBAUgBmAEC&hl=it&curr=EUR,2026-09-07T13:04:06.462029Z
FCO-CTA,2026-10-01,76.0,08:00,09:15,ITA,,google_flights,https://www.google.com/travel/flights?tfs=GhoSCjIwMjYtMTAtMDFqBRIDRkNPcgUSA0NUQUIBAUgBmAEC&hl=it&curr=EUR,2026-09-07T13:04:06.462029Z
FCO-CTA,2026-10-02,18.9,05:45,07:05,Ryanair,,ryanair_farefinder,https://www.ryanair.com/api/farfnd/v4/oneWayFares/FCO/CTA/cheapestPerDay?outboundMonthOfDate=2026-10-01&currency=EUR,2026-09-07T12:30:42.259993Z
FCO-CTA,2026-10-02,18.9,05:45,07:05,Ryanair,FR1170,ryanair_booking_api,https://www.ryanair.com/api/booking/v4/it-it/availability?ADT=1&TEEN=0&CHD=0&INF=0&Origin=FCO&Destination=CTA&promoCode=&IncludeConnectingFlights=false&DateOut=2026-10-02&FlexDaysBeforeOut=0&FlexDaysOut=6&RoundTrip=false&ToUs=AGREED,2026-09-07T12:47:44.354Z
FCO-CTA,2026-10-02,19.0,05:45,07:05,Ryanair,,google_flights,https://www.google.com/travel/flights?tfs=GhoSCjIwMjYtMTAtMDJqBRIDRkNPcgUSA0NUQUIBAUgBmAEC&hl=it&curr=EUR,2026-09-07T13:04:08.051555Z
FCO-CTA,2026-10-02,39.99,21:40,23:00,Aeroitalia,XZ2817,aeroitalia_booking_api,https://aeroitalia-gateway.azure-api.net/dotrezprod/api/nsk/v4/availability/search/simple,2026-09-07T13:14:04.151Z
FCO-CTA,2026-10-02,40.0,21:40,23:00,Aeroitalia,,google_flights,https://www.google.com/travel/flights?tfs=GhoSCjIwMjYtMTAtMDJqBRIDRkNPcgUSA0NUQUIBAUgBmAEC&hl=it&curr=EUR,2026-09-07T13:04:08.051555Z
FCO-CTA,2026-10-02,87.0,12:05,13:25,ITA,,google_flights,https://www.google.com/travel/flights?tfs=GhoSCjIwMjYtMTAtMDJqBRIDRkNPcgUSA0NUQUIBAUgBmAEC&hl=it&curr=EUR,2026-09-07T13:04:08.051555Z
FCO-CTA,2026-10-03,21.75,17:55,19:15,Ryanair,,ryanair_farefinder,https://www.ryanair.com/api/farfnd/v4/oneWayFares/FCO/CTA/cheapestPerDay?outboundMonthOfDate=2026-10-01&currency=EUR,2026-09-07T12:30:42.259993Z
FCO-CTA,2026-10-03,21.75,17:55,19:15,Ryanair,FR4891,ryanair_booking_api,https://www.ryanair.com/api/booking/v4/it-it/availability?ADT=1&TEEN=0&CHD=0&INF=0&Origin=FCO&Destination=CTA&promoCode=&IncludeConnectingFlights=false&DateOut=2026-10-02&FlexDaysBeforeOut=0&FlexDaysOut=6&RoundTrip=false&ToUs=AGREED,2026-09-07T12:47:44.354Z
FCO-CTA,2026-10-03,23.0,06:55,08:15,Ryanair,,google_flights,https://www.google.com/travel/flights?tfs=GhoSCjIwMjYtMTAtMDNqBRIDRkNPcgUSA0NUQUIBAUgBmAEC&hl=it&curr=EUR,2026-09-07T13:04:09.621532Z
FCO-CTA,2026-10-03,29.99,16:00,17:20,Aeroitalia,XZ2815,aeroitalia_booking_api,https://aeroitalia-gateway.azure-api.net/dotrezprod/api/nsk/v4/availability/search/simple,2026-09-07T13:14:05.593Z
FCO-CTA,2026-10-03,35.0,09:20,10:40,Aeroitalia,,google_flights,https://www.google.com/travel/flights?tfs=GhoSCjIwMjYtMTAtMDNqBRIDRkNPcgUSA0NUQUIBAUgBmAEC&hl=it&curr=EUR,2026-09-07T13:04:09.621532Z
FCO-CTA,2026-10-03,67.0,12:50,14:05,ITA,,google_flights,https://www.google.com/travel/flights?tfs=GhoSCjIwMjYtMTAtMDNqBRIDRkNPcgUSA0NUQUIBAUgBmAEC&hl=it&curr=EUR,2026-09-07T13:04:09.621532Z
FCO-CTA,2026-10-04,14.99,06:00,07:20,Ryanair,,ryanair_farefinder,https://www.ryanair.com/api/farfnd/v4/oneWayFares/FCO/CTA/cheapestPerDay?outboundMonthOfDate=2026-10-01&currency=EUR,2026-09-07T12:30:42.259993Z
FCO-CTA,2026-10-04,14.99,06:00,07:20,Ryanair,FR1170,ryanair_booking_api,https://www.ryanair.com/api/booking/v4/it-it/availability?ADT=1&TEEN=0&CHD=0&INF=0&Origin=FCO&Destination=CTA&promoCode=&IncludeConnectingFlights=false&DateOut=2026-10-02&FlexDaysBeforeOut=0&FlexDaysOut=6&RoundTrip=false&ToUs=AGREED,2026-09-07T12:47:44.354Z
FCO-CTA,2026-10-04,34.99,09:20,10:40,Aeroitalia,XZ2811,aeroitalia_booking_api,https://aeroitalia-gateway.azure-api.net/dotrezprod/api/nsk/v4/availability/search/simple,2026-09-07T13:14:07.037Z
FCO-CTA,2026-10-04,35.0,09:20,10:40,Aeroitalia,,google_flights,https://www.google.com/travel/flights?tfs=GhoSCjIwMjYtMTAtMDRqBRIDRkNPcgUSA0NUQUIBAUgBmAEC&hl=it&curr=EUR,2026-09-07T13:04:11.180252Z
FCO-CTA,2026-10-04,37.0,21:35,22:55,Ryanair,,google_flights,https://www.google.com/travel/flights?tfs=GhoSCjIwMjYtMTAtMDRqBRIDRkNPcgUSA0NUQUIBAUgBmAEC&hl=it&curr=EUR,2026-09-07T13:04:11.180252Z
FCO-CTA,2026-10-04,59.0,08:15,09:30,ITA,,google_flights,https://www.google.com/travel/flights?tfs=GhoSCjIwMjYtMTAtMDRqBRIDRkNPcgUSA0NUQUIBAUgBmAEC&hl=it&curr=EUR,2026-09-07T13:04:11.180252Z
FCO-CTA,2026-10-05,17.0,05:45,07:05,Ryanair,,ryanair_farefinder,https://www.ryanair.com/api/farfnd/v4/oneWayFares/FCO/CTA/cheapestPerDay?outboundMonthOfDate=2026-10-01&currency=EUR,2026-09-07T12:30:42.259993Z
FCO-CTA,2026-10-05,17.0,05:45,07:05,Ryanair,FR1170,ryanair_booking_api,https://www.ryanair.com/api/booking/v4/it-it/availability?ADT=1&TEEN=0&CHD=0&INF=0&Origin=FCO&Destination=CTA&promoCode=&IncludeConnectingFlights=false&DateOut=2026-10-02&FlexDaysBeforeOut=0&FlexDaysOut=6&RoundTrip=false&ToUs=AGREED,2026-09-07T12:47:44.354Z
FCO-CTA,2026-10-05,17.0,05:45,07:05,Ryanair,,google_flights,https://www.google.com/travel/flights?tfs=GhoSCjIwMjYtMTAtMDVqBRIDRkNPcgUSA0NUQUIBAUgBmAEC&hl=it&curr=EUR,2026-09-07T13:04:12.880752Z
FCO-CTA,2026-10-05,34.99,09:30,10:50,Aeroitalia,XZ2811,aeroitalia_booking_api,https://aeroitalia-gateway.azure-api.net/dotrezprod/api/nsk/v4/availability/search/simple,2026-09-07T13:14:08.490Z
FCO-CTA,2026-10-05,35.0,09:30,10:50,Aeroitalia,,google_flights,https://www.google.com/travel/flights?tfs=GhoSCjIwMjYtMTAtMDVqBRIDRkNPcgUSA0NUQUIBAUgBmAEC&hl=it&curr=EUR,2026-09-07T13:04:12.880752Z
FCO-CTA,2026-10-05,59.0,08:15,09:30,ITA,,google_flights,https://www.google.com/travel/flights?tfs=GhoSCjIwMjYtMTAtMDVqBRIDRkNPcgUSA0NUQUIBAUgBmAEC&hl=it&curr=EUR,2026-09-07T13:04:12.880752Z
FCO-CTA,2026-10-06,14.99,06:35,07:55,Ryanair,,ryanair_farefinder,https://www.ryanair.com/api/farfnd/v4/oneWayFares/FCO/CTA/cheapestPerDay?outboundMonthOfDate=2026-10-01&currency=EUR,2026-09-07T12:30:42.259993Z
FCO-CTA,2026-10-06,14.99,06:35,07:55,Ryanair,FR1170,ryanair_booking_api,https://www.ryanair.com/api/booking/v4/it-it/availability?ADT=1&TEEN=0&CHD=0&INF=0&Origin=FCO&Destination=CTA&promoCode=&IncludeConnectingFlights=false&DateOut=2026-10-02&FlexDaysBeforeOut=0&FlexDaysOut=6&RoundTrip=false&ToUs=AGREED,2026-09-07T12:47:44.354Z
FCO-CTA,2026-10-06,15.0,06:35,07:55,Ryanair,,google_flights,https://www.google.com/travel/flights?tfs=GhoSCjIwMjYtMTAtMDZqBRIDRkNPcgUSA0NUQUIBAUgBmAEC&hl=it&curr=EUR,2026-09-07T13:04:14.613396Z
FCO-CTA,2026-10-06,29.99,09:20,10:40,Aeroitalia,XZ2811,aeroitalia_booking_api,https://aeroitalia-gateway.azure-api.net/dotrezprod/api/nsk/v4/availability/search/simple,2026-09-07T13:14:10.062Z
FCO-CTA,2026-10-06,30.0,09:20,10:40,Aeroitalia,,google_flights,https://www.google.com/travel/flights?tfs=GhoSCjIwMjYtMTAtMDZqBRIDRkNPcgUSA0NUQUIBAUgBmAEC&hl=it&curr=EUR,2026-09-07T13:04:14.613396Z
FCO-CTA,2026-10-06,59.0,12:30,13:45,ITA,,google_flights,https://www.google.com/travel/flights?tfs=GhoSCjIwMjYtMTAtMDZqBRIDRkNPcgUSA0NUQUIBAUgBmAEC&hl=it&curr=EUR,2026-09-07T13:04:14.613396Z
FCO-CTA,2026-10-07,14.99,06:25,07:45,Ryanair,,ryanair_farefinder,https://www.ryanair.com/api/farfnd/v4/oneWayFares/FCO/CTA/cheapestPerDay?outboundMonthOfDate=2026-10-01&currency=EUR,2026-09-07T12:30:42.259993Z
FCO-CTA,2026-10-07,14.99,06:25,07:45,Ryanair,FR1170,ryanair_booking_api,https://www.ryanair.com/api/booking/v4/it-it/availability?ADT=1&TEEN=0&CHD=0&INF=0&Origin=FCO&Destination=CTA&promoCode=&IncludeConnectingFlights=false&DateOut=2026-10-02&FlexDaysBeforeOut=0&FlexDaysOut=6&RoundTrip=false&ToUs=AGREED,2026-09-07T12:47:44.354Z
FCO-CTA,2026-10-07,15.0,06:25,07:45,Ryanair,,google_flights,https://www.google.com/travel/flights?tfs=GhoSCjIwMjYtMTAtMDdqBRIDRkNPcgUSA0NUQUIBAUgBmAEC&hl=it&curr=EUR,2026-09-07T13:04:16.261566Z
FCO-CTA,2026-10-07,29.99,16:00,17:20,Aeroitalia,XZ2815,aeroitalia_booking_api,https://aeroitalia-gateway.azure-api.net/dotrezprod/api/nsk/v4/availability/search/simple,2026-09-07T13:14:11.509Z
FCO-CTA,2026-10-07,35.0,09:20,10:40,Aeroitalia,,google_flights,https://www.google.com/travel/flights?tfs=GhoSCjIwMjYtMTAtMDdqBRIDRkNPcgUSA0NUQUIBAUgBmAEC&hl=it&curr=EUR,2026-09-07T13:04:16.261566Z
FCO-CTA,2026-10-07,59.0,12:50,14:05,ITA,,google_flights,https://www.google.com/travel/flights?tfs=GhoSCjIwMjYtMTAtMDdqBRIDRkNPcgUSA0NUQUIBAUgBmAEC&hl=it&curr=EUR,2026-09-07T13:04:16.261566Z
FCO-CTA,2026-10-08,17.0,06:05,07:25,Ryanair,,ryanair_farefinder,https://www.ryanair.com/api/farfnd/v4/oneWayFares/FCO/CTA/cheapestPerDay?outboundMonthOfDate=2026-10-01&currency=EUR,2026-09-07T12:30:42.259993Z
FCO-CTA,2026-10-08,17.0,06:05,07:25,Ryanair,FR1170,ryanair_booking_api,https://www.ryanair.com/api/booking/v4/it-it/availability?ADT=1&TEEN=0&CHD=0&INF=0&Origin=FCO&Destination=CTA&promoCode=&IncludeConnectingFlights=false&DateOut=2026-10-02&FlexDaysBeforeOut=0&FlexDaysOut=6&RoundTrip=false&ToUs=AGREED,2026-09-07T12:47:44.354Z
FCO-CTA,2026-10-08,17.0,06:05,07:25,Ryanair,,google_flights,https://www.google.com/travel/flights?tfs=GhoSCjIwMjYtMTAtMDhqBRIDRkNPcgUSA0NUQUIBAUgBmAEC&hl=it&curr=EUR,2026-09-07T13:04:17.917392Z
FCO-CTA,2026-10-08,29.99,09:20,10:40,Aeroitalia,XZ2811,aeroitalia_booking_api,https://aeroitalia-gateway.azure-api.net/dotrezprod/api/nsk/v4/availability/search/simple,2026-09-07T13:14:12.958Z
FCO-CTA,2026-10-08,30.0,09:20,10:40,Aeroitalia,,google_flights,https://www.google.com/travel/flights?tfs=GhoSCjIwMjYtMTAtMDhqBRIDRkNPcgUSA0NUQUIBAUgBmAEC&hl=it&curr=EUR,2026-09-07T13:04:17.917392Z
FCO-CTA,2026-10-08,59.0,08:15,09:30,ITA,,google_flights,https://www.google.com/travel/flights?tfs=GhoSCjIwMjYtMTAtMDhqBRIDRkNPcgUSA0NUQUIBAUgBmAEC&hl=it&curr=EUR,2026-09-07T13:04:17.917392Z
FCO-CTA,2026-10-09,15.09,05:45,07:05,Ryanair,,ryanair_farefinder,https://www.ryanair.com/api/farfnd/v4/oneWayFares/FCO/CTA/cheapestPerDay?outboundMonthOfDate=2026-10-01&currency=EUR,2026-09-07T12:30:42.259993Z
FCO-CTA,2026-10-09,15.09,05:45,07:05,Ryanair,FR1170,ryanair_booking_api,https://www.ryanair.com/api/booking/v4/it-it/availability?ADT=1&TEEN=0&CHD=0&INF=0&Origin=FCO&Destination=CTA&promoCode=&IncludeConnectingFlights=false&DateOut=2026-10-09&FlexDaysBeforeOut=0&FlexDaysOut=6&RoundTrip=false&ToUs=AGREED,2026-09-07T12:47:45.863Z
FCO-CTA,2026-10-09,29.99,09:30,10:50,Aeroitalia,XZ2811,aeroitalia_booking_api,https://aeroitalia-gateway.azure-api.net/dotrezprod/api/nsk/v4/availability/search/simple,2026-09-07T13:14:14.409Z
FCO-CTA,2026-10-09,34.0,08:25,09:45,Ryanair,,google_flights,https://www.google.com/travel/flights?tfs=GhoSCjIwMjYtMTAtMDlqBRIDRkNPcgUSA0NUQUIBAUgBmAEC&hl=it&curr=EUR,2026-09-07T13:04:19.502220Z
FCO-CTA,2026-10-09,50.0,13:30,14:50,Aeroitalia,,google_flights,https://www.google.com/travel/flights?tfs=GhoSCjIwMjYtMTAtMDlqBRIDRkNPcgUSA0NUQUIBAUgBmAEC&hl=it&curr=EUR,2026-09-07T13:04:19.502220Z
FCO-CTA,2026-10-09,59.0,08:15,09:30,ITA,,google_flights,https://www.google.com/travel/flights?tfs=GhoSCjIwMjYtMTAtMDlqBRIDRkNPcgUSA0NUQUIBAUgBmAEC&hl=it&curr=EUR,2026-09-07T13:04:19.502220Z
FCO-CTA,2026-10-10,17.0,17:55,19:15,Ryanair,,ryanair_farefinder,https://www.ryanair.com/api/farfnd/v4/oneWayFares/FCO/CTA/cheapestPerDay?outboundMonthOfDate=2026-10-01&currency=EUR,2026-09-07T12:30:42.259993Z
FCO-CTA,2026-10-10,17.0,17:55,19:15,Ryanair,FR4891,ryanair_booking_api,https://www.ryanair.com/api/booking/v4/it-it/availability?ADT=1&TEEN=0&CHD=0&INF=0&Origin=FCO&Destination=CTA&promoCode=&IncludeConnectingFlights=false&DateOut=2026-10-09&FlexDaysBeforeOut=0&FlexDaysOut=6&RoundTrip=false&ToUs=AGREED,2026-09-07T12:47:45.863Z
FCO-CTA,2026-10-10,24.0,08:05,09:25,Ryanair,,google_flights,https://www.google.com/travel/flights?tfs=GhoSCjIwMjYtMTAtMTBqBRIDRkNPcgUSA0NUQUIBAUgBmAEC&hl=it&curr=EUR,2026-09-07T13:04:21.183859Z
FCO-CTA,2026-10-10,29.99,09:20,10:40,Aeroitalia,XZ2811,aeroitalia_booking_api,https://aeroitalia-gateway.azure-api.net/dotrezprod/api/nsk/v4/availability/search/simple,2026-09-07T13:14:15.991Z
FCO-CTA,2026-10-10,30.0,09:20,10:40,Aeroitalia,,google_flights,https://www.google.com/travel/flights?tfs=GhoSCjIwMjYtMTAtMTBqBRIDRkNPcgUSA0NUQUIBAUgBmAEC&hl=it&curr=EUR,2026-09-07T13:04:21.183859Z
FCO-CTA,2026-10-10,59.0,19:30,20:45,ITA,,google_flights,https://www.google.com/travel/flights?tfs=GhoSCjIwMjYtMTAtMTBqBRIDRkNPcgUSA0NUQUIBAUgBmAEC&hl=it&curr=EUR,2026-09-07T13:04:21.183859Z
FCO-CTA,2026-10-11,14.99,08:50,10:10,Ryanair,,ryanair_farefinder,https://www.ryanair.com/api/farfnd/v4/oneWayFares/FCO/CTA/cheapestPerDay?outboundMonthOfDate=2026-10-01&currency=EUR,2026-09-07T12:30:42.259993Z
FCO-CTA,2026-10-11,14.99,08:50,10:10,Ryanair,FR4872,ryanair_booking_api,https://www.ryanair.com/api/booking/v4/it-it/availability?ADT=1&TEEN=0&CHD=0&INF=0&Origin=FCO&Destination=CTA&promoCode=&IncludeConnectingFlights=false&DateOut=2026-10-09&FlexDaysBeforeOut=0&FlexDaysOut=6&RoundTrip=false&ToUs=AGREED,2026-09-07T12:47:45.863Z
FCO-CTA,2026-10-11,25.0,06:00,07:20,Ryanair,,google_flights,https://www.google.com/travel/flights?tfs=GhoSCjIwMjYtMTAtMTFqBRIDRkNPcgUSA0NUQUIBAUgBmAEC&hl=it&curr=EUR,2026-09-07T13:04:22.913535Z
FCO-CTA,2026-10-11,29.99,09:20,10:40,Aeroitalia,XZ2811,aeroitalia_booking_api,https://aeroitalia-gateway.azure-api.net/dotrezprod/api/nsk/v4/availability/search/simple,2026-09-07T13:14:17.439Z
FCO-CTA,2026-10-11,30.0,09:20,10:40,Aeroitalia,,google_flights,https://www.google.com/travel/flights?tfs=GhoSCjIwMjYtMTAtMTFqBRIDRkNPcgUSA0NUQUIBAUgBmAEC&hl=it&curr=EUR,2026-09-07T13:04:22.913535Z
FCO-CTA,2026-10-11,59.0,12:50,14:05,ITA,,google_flights,https://www.google.com/travel/flights?tfs=GhoSCjIwMjYtMTAtMTFqBRIDRkNPcgUSA0NUQUIBAUgBmAEC&hl=it&curr=EUR,2026-09-07T13:04:22.913535Z
FCO-CTA,2026-10-12,21.99,08:15,09:35,Ryanair,,ryanair_farefinder,https://www.ryanair.com/api/farfnd/v4/oneWayFares/FCO/CTA/cheapestPerDay?outboundMonthOfDate=2026-10-01&currency=EUR,2026-09-07T12:30:42.259993Z
FCO-CTA,2026-10-12,21.99,08:15,09:35,Ryanair,FR4872,ryanair_booking_api,https://www.ryanair.com/api/booking/v4/it-it/availability?ADT=1&TEEN=0&CHD=0&INF=0&Origin=FCO&Destination=CTA&promoCode=&IncludeConnectingFlights=false&DateOut=2026-10-09&FlexDaysBeforeOut=0&FlexDaysOut=6&RoundTrip=false&ToUs=AGREED,2026-09-07T12:47:45.863Z
FCO-CTA,2026-10-12,22.0,08:15,09:35,Ryanair,,google_flights,https://www.google.com/travel/flights?tfs=GhoSCjIwMjYtMTAtMTJqBRIDRkNPcgUSA0NUQUIBAUgBmAEC&hl=it&curr=EUR,2026-09-07T13:04:24.545653Z
FCO-CTA,2026-10-12,29.99,09:30,10:50,Aeroitalia,XZ2811,aeroitalia_booking_api,https://aeroitalia-gateway.azure-api.net/dotrezprod/api/nsk/v4/availability/search/simple,2026-09-07T13:14:18.891Z
FCO-CTA,2026-10-12,30.0,09:30,10:50,Aeroitalia,,google_flights,https://www.google.com/travel/flights?tfs=GhoSCjIwMjYtMTAtMTJqBRIDRkNPcgUSA0NUQUIBAUgBmAEC&hl=it&curr=EUR,2026-09-07T13:04:24.545653Z
FCO-CTA,2026-10-12,59.0,08:00,09:15,ITA,,google_flights,https://www.google.com/travel/flights?tfs=GhoSCjIwMjYtMTAtMTJqBRIDRkNPcgUSA0NUQUIBAUgBmAEC&hl=it&curr=EUR,2026-09-07T13:04:24.545653Z
FCO-CTA,2026-10-13,24.99,19:25,20:45,Ryanair,,ryanair_farefinder,https://www.ryanair.com/api/farfnd/v4/oneWayFares/FCO/CTA/cheapestPerDay?outboundMonthOfDate=2026-10-01&currency=EUR,2026-09-07T12:30:42.259993Z
FCO-CTA,2026-10-13,24.99,06:35,07:55,Ryanair,FR1170,ryanair_booking_api,https://www.ryanair.com/api/booking/v4/it-it/availability?ADT=1&TEEN=0&CHD=0&INF=0&Origin=FCO&Destination=CTA&promoCode=&IncludeConnectingFlights=false&DateOut=2026-10-09&FlexDaysBeforeOut=0&FlexDaysOut=6&RoundTrip=false&ToUs=AGREED,2026-09-07T12:47:45.863Z
FCO-CTA,2026-10-13,25.0,06:35,07:55,Ryanair,,google_flights,https://www.google.com/travel/flights?tfs=GhoSCjIwMjYtMTAtMTNqBRIDRkNPcgUSA0NUQUIBAUgBmAEC&hl=it&curr=EUR,2026-09-07T13:04:26.183138Z
FCO-CTA,2026-10-13,29.99,09:20,10:40,Aeroitalia,XZ2811,aeroitalia_booking_api,https://aeroitalia-gateway.azure-api.net/dotrezprod/api/nsk/v4/availability/search/simple,2026-09-07T13:14:20.337Z
FCO-CTA,2026-10-13,30.0,09:20,10:40,Aeroitalia,,google_flights,https://www.google.com/travel/flights?tfs=GhoSCjIwMjYtMTAtMTNqBRIDRkNPcgUSA0NUQUIBAUgBmAEC&hl=it&curr=EUR,2026-09-07T13:04:26.183138Z
FCO-CTA,2026-10-13,59.0,12:05,13:25,ITA,,google_flights,https://www.google.com/travel/flights?tfs=GhoSCjIwMjYtMTAtMTNqBRIDRkNPcgUSA0NUQUIBAUgBmAEC&hl=it&curr=EUR,2026-09-07T13:04:26.183138Z
FCO-CTA,2026-10-14,14.99,15:55,17:15,Ryanair,,ryanair_farefinder,https://www.ryanair.com/api/farfnd/v4/oneWayFares/FCO/CTA/cheapestPerDay?outboundMonthOfDate=2026-10-01&currency=EUR,2026-09-07T12:30:42.259993Z
FCO-CTA,2026-10-14,14.99,15:55,17:15,Ryanair,FR4852,ryanair_booking_api,https://www.ryanair.com/api/booking/v4/it-it/availability?ADT=1&TEEN=0&CHD=0&INF=0&Origin=FCO&Destination=CTA&promoCode=&IncludeConnectingFlights=false&DateOut=2026-10-09&FlexDaysBeforeOut=0&FlexDaysOut=6&RoundTrip=false&ToUs=AGREED,2026-09-07T12:47:45.863Z
FCO-CTA,2026-10-14,16.0,06:25,07:45,Ryanair,,google_flights,https://www.google.com/travel/flights?tfs=GhoSCjIwMjYtMTAtMTRqBRIDRkNPcgUSA0NUQUIBAUgBmAEC&hl=it&curr=EUR,2026-09-07T13:04:27.766972Z
FCO-CTA,2026-10-14,24.99,09:20,10:40,Aeroitalia,XZ2811,aeroitalia_booking_api,https://aeroitalia-gateway.azure-api.net/dotrezprod/api/nsk/v4/availability/search/simple,2026-09-07T13:14:21.899Z
FCO-CTA,2026-10-14,25.0,09:20,10:40,Aeroitalia,,google_flights,https://www.google.com/travel/flights?tfs=GhoSCjIwMjYtMTAtMTRqBRIDRkNPcgUSA0NUQUIBAUgBmAEC&hl=it&curr=EUR,2026-09-07T13:04:27.766972Z
FCO-CTA,2026-10-14,59.0,09:35,10:55,ITA,,google_flights,https://www.google.com/travel/flights?tfs=GhoSCjIwMjYtMTAtMTRqBRIDRkNPcgUSA0NUQUIBAUgBmAEC&hl=it&curr=EUR,2026-09-07T13:04:27.766972Z
FCO-CTA,2026-10-15,26.99,06:05,07:25,Ryanair,,ryanair_farefinder,https://www.ryanair.com/api/farfnd/v4/oneWayFares/FCO/CTA/cheapestPerDay?outboundMonthOfDate=2026-10-01&currency=EUR,2026-09-07T12:30:42.259993Z
FCO-CTA,2026-10-15,26.99,06:05,07:25,Ryanair,FR1170,ryanair_booking_api,https://www.ryanair.com/api/booking/v4/it-it/availability?ADT=1&TEEN=0&CHD=0&INF=0&Origin=FCO&Destination=CTA&promoCode=&IncludeConnectingFlights=false&DateOut=2026-10-09&FlexDaysBeforeOut=0&FlexDaysOut=6&RoundTrip=false&ToUs=AGREED,2026-09-07T12:47:45.863Z
FCO-CTA,2026-10-15,27.0,06:05,07:25,Ryanair,,google_flights,https://www.google.com/travel/flights?tfs=GhoSCjIwMjYtMTAtMTVqBRIDRkNPcgUSA0NUQUIBAUgBmAEC&hl=it&curr=EUR,2026-09-07T13:04:29.603488Z
FCO-CTA,2026-10-15,39.99,09:20,10:40,Aeroitalia,XZ2811,aeroitalia_booking_api,https://aeroitalia-gateway.azure-api.net/dotrezprod/api/nsk/v4/availability/search/simple,2026-09-07T13:14:23.344Z
FCO-CTA,2026-10-15,40.0,09:20,10:40,Aeroitalia,,google_flights,https://www.google.com/travel/flights?tfs=GhoSCjIwMjYtMTAtMTVqBRIDRkNPcgUSA0NUQUIBAUgBmAEC&hl=it&curr=EUR,2026-09-07T13:04:29.603488Z
FCO-CTA,2026-10-15,59.0,08:15,09:30,ITA,,google_flights,https://www.google.com/travel/flights?tfs=GhoSCjIwMjYtMTAtMTVqBRIDRkNPcgUSA0NUQUIBAUgBmAEC&hl=it&curr=EUR,2026-09-07T13:04:29.603488Z
FCO-CTA,2026-10-16,14.99,05:45,07:05,Ryanair,,ryanair_farefinder,https://www.ryanair.com/api/farfnd/v4/oneWayFares/FCO/CTA/cheapestPerDay?outboundMonthOfDate=2026-10-01&currency=EUR,2026-09-07T12:30:42.259993Z
FCO-CTA,2026-10-16,14.99,05:45,07:05,Ryanair,FR1170,ryanair_booking_api,https://www.ryanair.com/api/booking/v4/it-it/availability?ADT=1&TEEN=0&CHD=0&INF=0&Origin=FCO&Destination=CTA&promoCode=&IncludeConnectingFlights=false&DateOut=2026-10-16&FlexDaysBeforeOut=0&FlexDaysOut=6&RoundTrip=false&ToUs=AGREED,2026-09-07T12:47:47.316Z
FCO-CTA,2026-10-16,15.0,05:45,07:05,Ryanair,,google_flights,https://www.google.com/travel/flights?tfs=GhoSCjIwMjYtMTAtMTZqBRIDRkNPcgUSA0NUQUIBAUgBmAEC&hl=it&curr=EUR,2026-09-07T13:04:31.229446Z
FCO-CTA,2026-10-16,24.99,21:40,23:00,Aeroitalia,XZ2817,aeroitalia_booking_api,https://aeroitalia-gateway.azure-api.net/dotrezprod/api/nsk/v4/availability/search/simple,2026-09-07T13:14:24.806Z
FCO-CTA,2026-10-16,35.0,09:30,10:50,Aeroitalia,,google_flights,https://www.google.com/travel/flights?tfs=GhoSCjIwMjYtMTAtMTZqBRIDRkNPcgUSA0NUQUIBAUgBmAEC&hl=it&curr=EUR,2026-09-07T13:04:31.229446Z
FCO-CTA,2026-10-16,59.0,08:15,09:30,ITA,,google_flights,https://www.google.com/travel/flights?tfs=GhoSCjIwMjYtMTAtMTZqBRIDRkNPcgUSA0NUQUIBAUgBmAEC&hl=it&curr=EUR,2026-09-07T13:04:31.229446Z
FCO-CTA,2026-10-17,14.99,06:55,08:15,Ryanair,,ryanair_farefinder,https://www.ryanair.com/api/farfnd/v4/oneWayFares/FCO/CTA/cheapestPerDay?outboundMonthOfDate=2026-10-01&currency=EUR,2026-09-07T12:30:42.259993Z
FCO-CTA,2026-10-17,14.99,06:55,08:15,Ryanair,FR1170,ryanair_booking_api,https://www.ryanair.com/api/booking/v4/it-it/availability?ADT=1&TEEN=0&CHD=0&INF=0&Origin=FCO&Destination=CTA&promoCode=&IncludeConnectingFlights=false&DateOut=2026-10-16&FlexDaysBeforeOut=0&FlexDaysOut=6&RoundTrip=false&ToUs=AGREED,2026-09-07T12:47:47.316Z
FCO-CTA,2026-10-17,15.0,06:55,08:15,Ryanair,,google_flights,https://www.google.com/travel/flights?tfs=GhoSCjIwMjYtMTAtMTdqBRIDRkNPcgUSA0NUQUIBAUgBmAEC&hl=it&curr=EUR,2026-09-07T13:04:32.871169Z
FCO-CTA,2026-10-17,29.99,09:20,10:40,Aeroitalia,XZ2811,aeroitalia_booking_api,https://aeroitalia-gateway.azure-api.net/dotrezprod/api/nsk/v4/availability/search/simple,2026-09-07T13:14:26.256Z
FCO-CTA,2026-10-17,30.0,09:20,10:40,Aeroitalia,,google_flights,https://www.google.com/travel/flights?tfs=GhoSCjIwMjYtMTAtMTdqBRIDRkNPcgUSA0NUQUIBAUgBmAEC&hl=it&curr=EUR,2026-09-07T13:04:32.871169Z
FCO-CTA,2026-10-17,59.0,08:15,09:30,ITA,,google_flights,https://www.google.com/travel/flights?tfs=GhoSCjIwMjYtMTAtMTdqBRIDRkNPcgUSA0NUQUIBAUgBmAEC&hl=it&curr=EUR,2026-09-07T13:04:32.871169Z
FCO-CTA,2026-10-18,17.0,08:50,10:10,Ryanair,,ryanair_farefinder,https://www.ryanair.com/api/farfnd/v4/oneWayFares/FCO/CTA/cheapestPerDay?outboundMonthOfDate=2026-10-01&currency=EUR,2026-09-07T12:30:42.259993Z
FCO-CTA,2026-10-18,17.0,08:50,10:10,Ryanair,FR4872,ryanair_booking_api,https://www.ryanair.com/api/booking/v4/it-it/availability?ADT=1&TEEN=0&CHD=0&INF=0&Origin=FCO&Destination=CTA&promoCode=&IncludeConnectingFlights=false&DateOut=2026-10-16&FlexDaysBeforeOut=0&FlexDaysOut=6&RoundTrip=false&ToUs=AGREED,2026-09-07T12:47:47.316Z
FCO-CTA,2026-10-18,24.99,09:20,10:40,Aeroitalia,XZ2811,aeroitalia_booking_api,https://aeroitalia-gateway.azure-api.net/dotrezprod/api/nsk/v4/availability/search/simple,2026-09-07T13:14:27.816Z
FCO-CTA,2026-10-18,25.0,06:00,07:20,Ryanair,,google_flights,https://www.google.com/travel/flights?tfs=GhoSCjIwMjYtMTAtMThqBRIDRkNPcgUSA0NUQUIBAUgBmAEC&hl=it&curr=EUR,2026-09-07T13:04:34.559535Z
FCO-CTA,2026-10-18,25.0,09:20,10:40,Aeroitalia,,google_flights,https://www.google.com/travel/flights?tfs=GhoSCjIwMjYtMTAtMThqBRIDRkNPcgUSA0NUQUIBAUgBmAEC&hl=it&curr=EUR,2026-09-07T13:04:34.559535Z
FCO-CTA,2026-10-18,59.0,08:15,09:30,ITA,,google_flights,https://www.google.com/travel/flights?tfs=GhoSCjIwMjYtMTAtMThqBRIDRkNPcgUSA0NUQUIBAUgBmAEC&hl=it&curr=EUR,2026-09-07T13:04:34.559535Z
FCO-CTA,2026-10-19,14.99,05:45,07:05,Ryanair,,ryanair_farefinder,https://www.ryanair.com/api/farfnd/v4/oneWayFares/FCO/CTA/cheapestPerDay?outboundMonthOfDate=2026-10-01&currency=EUR,2026-09-07T12:30:42.259993Z
FCO-CTA,2026-10-19,14.99,05:45,07:05,Ryanair,FR1170,ryanair_booking_api,https://www.ryanair.com/api/booking/v4/it-it/availability?ADT=1&TEEN=0&CHD=0&INF=0&Origin=FCO&Destination=CTA&promoCode=&IncludeConnectingFlights=false&DateOut=2026-10-16&FlexDaysBeforeOut=0&FlexDaysOut=6&RoundTrip=false&ToUs=AGREED,2026-09-07T12:47:47.316Z
FCO-CTA,2026-10-19,15.0,05:45,07:05,Ryanair,,google_flights,https://www.google.com/travel/flights?tfs=GhoSCjIwMjYtMTAtMTlqBRIDRkNPcgUSA0NUQUIBAUgBmAEC&hl=it&curr=EUR,2026-09-07T13:04:36.196186Z
FCO-CTA,2026-10-19,30.0,09:30,10:50,Aeroitalia,,google_flights,https://www.google.com/travel/flights?tfs=GhoSCjIwMjYtMTAtMTlqBRIDRkNPcgUSA0NUQUIBAUgBmAEC&hl=it&curr=EUR,2026-09-07T13:04:36.196186Z
FCO-CTA,2026-10-19,34.99,09:30,10:50,Aeroitalia,XZ2811,aeroitalia_booking_api,https://aeroitalia-gateway.azure-api.net/dotrezprod/api/nsk/v4/availability/search/simple,2026-09-07T13:14:29.267Z
FCO-CTA,2026-10-19,59.0,08:00,09:15,ITA,,google_flights,https://www.google.com/travel/flights?tfs=GhoSCjIwMjYtMTAtMTlqBRIDRkNPcgUSA0NUQUIBAUgBmAEC&hl=it&curr=EUR,2026-09-07T13:04:36.196186Z
FCO-CTA,2026-10-20,24.99,09:55,11:15,Ryanair,,ryanair_farefinder,https://www.ryanair.com/api/farfnd/v4/oneWayFares/FCO/CTA/cheapestPerDay?outboundMonthOfDate=2026-10-01&currency=EUR,2026-09-07T12:30:42.259993Z
FCO-CTA,2026-10-20,24.99,06:35,07:55,Ryanair,FR1170,ryanair_booking_api,https://www.ryanair.com/api/booking/v4/it-it/availability?ADT=1&TEEN=0&CHD=0&INF=0&Origin=FCO&Destination=CTA&promoCode=&IncludeConnectingFlights=false&DateOut=2026-10-16&FlexDaysBeforeOut=0&FlexDaysOut=6&RoundTrip=false&ToUs=AGREED,2026-09-07T12:47:47.316Z
FCO-CTA,2026-10-20,25.0,06:35,07:55,Ryanair,,google_flights,https://www.google.com/travel/flights?tfs=GhoSCjIwMjYtMTAtMjBqBRIDRkNPcgUSA0NUQUIBAUgBmAEC&hl=it&curr=EUR,2026-09-07T13:04:37.863066Z
FCO-CTA,2026-10-20,29.99,16:00,17:20,Aeroitalia,XZ2815,aeroitalia_booking_api,https://aeroitalia-gateway.azure-api.net/dotrezprod/api/nsk/v4/availability/search/simple,2026-09-07T13:14:30.727Z
FCO-CTA,2026-10-20,30.0,21:40,23:00,Aeroitalia,,google_flights,https://www.google.com/travel/flights?tfs=GhoSCjIwMjYtMTAtMjBqBRIDRkNPcgUSA0NUQUIBAUgBmAEC&hl=it&curr=EUR,2026-09-07T13:04:37.863066Z
FCO-CTA,2026-10-20,59.0,08:15,09:30,ITA,,google_flights,https://www.google.com/travel/flights?tfs=GhoSCjIwMjYtMTAtMjBqBRIDRkNPcgUSA0NUQUIBAUgBmAEC&hl=it&curr=EUR,2026-09-07T13:04:37.863066Z
FCO-CTA,2026-10-21,14.99,15:55,17:15,Ryanair,,ryanair_farefinder,https://www.ryanair.com/api/farfnd/v4/oneWayFares/FCO/CTA/cheapestPerDay?outboundMonthOfDate=2026-10-01&currency=EUR,2026-09-07T12:30:42.259993Z
FCO-CTA,2026-10-21,14.99,15:55,17:15,Ryanair,FR4852,ryanair_booking_api,https://www.ryanair.com/api/booking/v4/it-it/availability?ADT=1&TEEN=0&CHD=0&INF=0&Origin=FCO&Destination=CTA&promoCode=&IncludeConnectingFlights=false&DateOut=2026-10-16&FlexDaysBeforeOut=0&FlexDaysOut=6&RoundTrip=false&ToUs=AGREED,2026-09-07T12:47:47.316Z
FCO-CTA,2026-10-21,19.0,07:50,09:10,Ryanair,,google_flights,https://www.google.com/travel/flights?tfs=GhoSCjIwMjYtMTAtMjFqBRIDRkNPcgUSA0NUQUIBAUgBmAEC&hl=it&curr=EUR,2026-09-07T13:04:39.486692Z
FCO-CTA,2026-10-21,24.99,16:00,17:20,Aeroitalia,XZ2815,aeroitalia_booking_api,https://aeroitalia-gateway.azure-api.net/dotrezprod/api/nsk/v4/availability/search/simple,2026-09-07T13:14:32.173Z
FCO-CTA,2026-10-21,30.0,09:20,10:40,Aeroitalia,,google_flights,https://www.google.com/travel/flights?tfs=GhoSCjIwMjYtMTAtMjFqBRIDRkNPcgUSA0NUQUIBAUgBmAEC&hl=it&curr=EUR,2026-09-07T13:04:39.486692Z
FCO-CTA,2026-10-21,59.0,08:15,09:30,ITA,,google_flights,https://www.google.com/travel/flights?tfs=GhoSCjIwMjYtMTAtMjFqBRIDRkNPcgUSA0NUQUIBAUgBmAEC&hl=it&curr=EUR,2026-09-07T13:04:39.486692Z
FCO-CTA,2026-10-22,14.99,06:05,07:25,Ryanair,,ryanair_farefinder,https://www.ryanair.com/api/farfnd/v4/oneWayFares/FCO/CTA/cheapestPerDay?outboundMonthOfDate=2026-10-01&currency=EUR,2026-09-07T12:30:42.259993Z
FCO-CTA,2026-10-22,14.99,06:05,07:25,Ryanair,FR1170,ryanair_booking_api,https://www.ryanair.com/api/booking/v4/it-it/availability?ADT=1&TEEN=0&CHD=0&INF=0&Origin=FCO&Destination=CTA&promoCode=&IncludeConnectingFlights=false&DateOut=2026-10-16&FlexDaysBeforeOut=0&FlexDaysOut=6&RoundTrip=false&ToUs=AGREED,2026-09-07T12:47:47.316Z
FCO-CTA,2026-10-22,15.0,06:05,07:25,Ryanair,,google_flights,https://www.google.com/travel/flights?tfs=GhoSCjIwMjYtMTAtMjJqBRIDRkNPcgUSA0NUQUIBAUgBmAEC&hl=it&curr=EUR,2026-09-07T13:04:41.106144Z
FCO-CTA,2026-10-22,24.99,09:20,10:40,Aeroitalia,XZ2811,aeroitalia_booking_api,https://aeroitalia-gateway.azure-api.net/dotrezprod/api/nsk/v4/availability/search/simple,2026-09-07T13:14:33.748Z
FCO-CTA,2026-10-22,35.0,21:40,23:00,Aeroitalia,,google_flights,https://www.google.com/travel/flights?tfs=GhoSCjIwMjYtMTAtMjJqBRIDRkNPcgUSA0NUQUIBAUgBmAEC&hl=it&curr=EUR,2026-09-07T13:04:41.106144Z
FCO-CTA,2026-10-22,59.0,08:15,09:30,ITA,,google_flights,https://www.google.com/travel/flights?tfs=GhoSCjIwMjYtMTAtMjJqBRIDRkNPcgUSA0NUQUIBAUgBmAEC&hl=it&curr=EUR,2026-09-07T13:04:41.106144Z
FCO-CTA,2026-10-23,14.99,08:25,09:45,Ryanair,,ryanair_farefinder,https://www.ryanair.com/api/farfnd/v4/oneWayFares/FCO/CTA/cheapestPerDay?outboundMonthOfDate=2026-10-01&currency=EUR,2026-09-07T12:30:42.259993Z
FCO-CTA,2026-10-23,14.99,08:25,09:45,Ryanair,FR4861,ryanair_booking_api,https://www.ryanair.com/api/booking/v4/it-it/availability?ADT=1&TEEN=0&CHD=0&INF=0&Origin=FCO&Destination=CTA&promoCode=&IncludeConnectingFlights=false&DateOut=2026-10-23&FlexDaysBeforeOut=0&FlexDaysOut=6&RoundTrip=false&ToUs=AGREED,2026-09-07T12:47:48.750Z
FCO-CTA,2026-10-23,16.0,05:45,07:05,Ryanair,,google_flights,https://www.google.com/travel/flights?tfs=GhoSCjIwMjYtMTAtMjNqBRIDRkNPcgUSA0NUQUIBAUgBmAEC&hl=it&curr=EUR,2026-09-07T13:04:42.733394Z
FCO-CTA,2026-10-23,29.99,09:30,10:50,Aeroitalia,XZ2811,aeroitalia_booking_api,https://aeroitalia-gateway.azure-api.net/dotrezprod/api/nsk/v4/availability/search/simple,2026-09-07T13:14:35.202Z
FCO-CTA,2026-10-23,30.0,09:30,10:50,Aeroitalia,,google_flights,https://www.google.com/travel/flights?tfs=GhoSCjIwMjYtMTAtMjNqBRIDRkNPcgUSA0NUQUIBAUgBmAEC&hl=it&curr=EUR,2026-09-07T13:04:42.733394Z
FCO-CTA,2026-10-23,59.0,08:15,09:30,ITA,,google_flights,https://www.google.com/travel/flights?tfs=GhoSCjIwMjYtMTAtMjNqBRIDRkNPcgUSA0NUQUIBAUgBmAEC&hl=it&curr=EUR,2026-09-07T13:04:42.733394Z
FCO-CTA,2026-10-24,18.99,21:25,22:45,Ryanair,,ryanair_farefinder,https://www.ryanair.com/api/farfnd/v4/oneWayFares/FCO/CTA/cheapestPerDay?outboundMonthOfDate=2026-10-01&currency=EUR,2026-09-07T12:30:42.259993Z
FCO-CTA,2026-10-24,18.99,21:25,22:45,Ryanair,FR4858,ryanair_booking_api,https://www.ryanair.com/api/booking/v4/it-it/availability?ADT=1&TEEN=0&CHD=0&INF=0&Origin=FCO&Destination=CTA&promoCode=&IncludeConnectingFlights=false&DateOut=2026-10-23&FlexDaysBeforeOut=0&FlexDaysOut=6&RoundTrip=false&ToUs=AGREED,2026-09-07T12:47:48.750Z
FCO-CTA,2026-10-24,19.0,21:25,22:45,Ryanair,,google_flights,https://www.google.com/travel/flights?tfs=GhoSCjIwMjYtMTAtMjRqBRIDRkNPcgUSA0NUQUIBAUgBmAEC&hl=it&curr=EUR,2026-09-07T13:04:44.302017Z
FCO-CTA,2026-10-24,29.99,09:20,10:40,Aeroitalia,XZ2811,aeroitalia_booking_api,https://aeroitalia-gateway.azure-api.net/dotrezprod/api/nsk/v4/availability/search/simple,2026-09-07T13:14:36.652Z
FCO-CTA,2026-10-24,30.0,09:20,10:40,Aeroitalia,,google_flights,https://www.google.com/travel/flights?tfs=GhoSCjIwMjYtMTAtMjRqBRIDRkNPcgUSA0NUQUIBAUgBmAEC&hl=it&curr=EUR,2026-09-07T13:04:44.302017Z
FCO-CTA,2026-10-24,59.0,08:15,09:30,ITA,,google_flights,https://www.google.com/travel/flights?tfs=GhoSCjIwMjYtMTAtMjRqBRIDRkNPcgUSA0NUQUIBAUgBmAEC&hl=it&curr=EUR,2026-09-07T13:04:44.302017Z
FCO-CTA,2026-10-25,14.99,06:10,07:30,Ryanair,,ryanair_farefinder,https://www.ryanair.com/api/farfnd/v4/oneWayFares/FCO/CTA/cheapestPerDay?outboundMonthOfDate=2026-10-01&currency=EUR,2026-09-07T12:30:42.259993Z
FCO-CTA,2026-10-25,14.99,06:10,07:30,Ryanair,FR4861,ryanair_booking_api,https://www.ryanair.com/api/booking/v4/it-it/availability?ADT=1&TEEN=0&CHD=0&INF=0&Origin=FCO&Destination=CTA&promoCode=&IncludeConnectingFlights=false&DateOut=2026-10-23&FlexDaysBeforeOut=0&FlexDaysOut=6&RoundTrip=false&ToUs=AGREED,2026-09-07T12:47:48.750Z
FCO-CTA,2026-10-25,24.99,09:25,10:45,Aeroitalia,XZ2811,aeroitalia_booking_api,https://aeroitalia-gateway.azure-api.net/dotrezprod/api/nsk/v4/availability/search/simple,2026-09-07T13:14:38.096Z
FCO-CTA,2026-10-25,38.0,12:15,13:35,Ryanair,,google_flights,https://www.google.com/travel/flights?tfs=GhoSCjIwMjYtMTAtMjVqBRIDRkNPcgUSA0NUQUIBAUgBmAEC&hl=it&curr=EUR,2026-09-07T13:04:46.105037Z
FCO-CTA,2026-10-25,40.0,13:00,14:20,Aeroitalia,,google_flights,https://www.google.com/travel/flights?tfs=GhoSCjIwMjYtMTAtMjVqBRIDRkNPcgUSA0NUQUIBAUgBmAEC&hl=it&curr=EUR,2026-09-07T13:04:46.105037Z
FCO-CTA,2026-10-25,59.0,08:15,09:35,ITA,,google_flights,https://www.google.com/travel/flights?tfs=GhoSCjIwMjYtMTAtMjVqBRIDRkNPcgUSA0NUQUIBAUgBmAEC&hl=it&curr=EUR,2026-09-07T13:04:46.105037Z
FCO-CTA,2026-10-26,19.99,21:40,23:00,Aeroitalia,XZ2817,aeroitalia_booking_api,https://aeroitalia-gateway.azure-api.net/dotrezprod/api/nsk/v4/availability/search/simple,2026-09-07T13:14:39.665Z
FCO-CTA,2026-10-26,21.75,23:30,00:50,Ryanair,,ryanair_farefinder,https://www.ryanair.com/api/farfnd/v4/oneWayFares/FCO/CTA/cheapestPerDay?outboundMonthOfDate=2026-10-01&currency=EUR,2026-09-07T12:30:42.259993Z
FCO-CTA,2026-10-26,21.75,23:30,00:50,Ryanair,FR4891,ryanair_booking_api,https://www.ryanair.com/api/booking/v4/it-it/availability?ADT=1&TEEN=0&CHD=0&INF=0&Origin=FCO&Destination=CTA&promoCode=&IncludeConnectingFlights=false&DateOut=2026-10-23&FlexDaysBeforeOut=0&FlexDaysOut=6&RoundTrip=false&ToUs=AGREED,2026-09-07T12:47:48.750Z
FCO-CTA,2026-10-26,22.0,23:30,00:50,Ryanair,,google_flights,https://www.google.com/travel/flights?tfs=GhoSCjIwMjYtMTAtMjZqBRIDRkNPcgUSA0NUQUIBAUgBmAEC&hl=it&curr=EUR,2026-09-07T13:04:47.810481Z
FCO-CTA,2026-10-26,25.0,09:25,10:45,Aeroitalia,,google_flights,https://www.google.com/travel/flights?tfs=GhoSCjIwMjYtMTAtMjZqBRIDRkNPcgUSA0NUQUIBAUgBmAEC&hl=it&curr=EUR,2026-09-07T13:04:47.810481Z
FCO-CTA,2026-10-26,59.0,08:15,09:35,ITA,,google_flights,https://www.google.com/travel/flights?tfs=GhoSCjIwMjYtMTAtMjZqBRIDRkNPcgUSA0NUQUIBAUgBmAEC&hl=it&curr=EUR,2026-09-07T13:04:47.810481Z
FCO-CTA,2026-10-27,14.99,08:00,09:20,Ryanair,,ryanair_farefinder,https://www.ryanair.com/api/farfnd/v4/oneWayFares/FCO/CTA/cheapestPerDay?outboundMonthOfDate=2026-10-01&currency=EUR,2026-09-07T12:30:42.259993Z
FCO-CTA,2026-10-27,14.99,08:00,09:20,Ryanair,FR1170,ryanair_booking_api,https://www.ryanair.com/api/booking/v4/it-it/availability?ADT=1&TEEN=0&CHD=0&INF=0&Origin=FCO&Destination=CTA&promoCode=&IncludeConnectingFlights=false&DateOut=2026-10-23&FlexDaysBeforeOut=0&FlexDaysOut=6&RoundTrip=false&ToUs=AGREED,2026-09-07T12:47:48.750Z
FCO-CTA,2026-10-27,15.0,08:00,09:20,Ryanair,,google_flights,https://www.google.com/travel/flights?tfs=GhoSCjIwMjYtMTAtMjdqBRIDRkNPcgUSA0NUQUIBAUgBmAEC&hl=it&curr=EUR,2026-09-07T13:04:49.444104Z
FCO-CTA,2026-10-27,24.99,09:25,10:45,Aeroitalia,XZ2811,aeroitalia_booking_api,https://aeroitalia-gateway.azure-api.net/dotrezprod/api/nsk/v4/availability/search/simple,2026-09-07T13:14:41.120Z
FCO-CTA,2026-10-27,25.0,09:25,10:45,Aeroitalia,,google_flights,https://www.google.com/travel/flights?tfs=GhoSCjIwMjYtMTAtMjdqBRIDRkNPcgUSA0NUQUIBAUgBmAEC&hl=it&curr=EUR,2026-09-07T13:04:49.444104Z
FCO-CTA,2026-10-27,59.0,08:15,09:35,ITA,,google_flights,https://www.google.com/travel/flights?tfs=GhoSCjIwMjYtMTAtMjdqBRIDRkNPcgUSA0NUQUIBAUgBmAEC&hl=it&curr=EUR,2026-09-07T13:04:49.444104Z
FCO-CTA,2026-10-28,18.99,20:30,21:50,Ryanair,,ryanair_farefinder,https://www.ryanair.com/api/farfnd/v4/oneWayFares/FCO/CTA/cheapestPerDay?outboundMonthOfDate=2026-10-01&currency=EUR,2026-09-07T12:30:42.259993Z
FCO-CTA,2026-10-28,18.99,20:30,21:50,Ryanair,FR4852,ryanair_booking_api,https://www.ryanair.com/api/booking/v4/it-it/availability?ADT=1&TEEN=0&CHD=0&INF=0&Origin=FCO&Destination=CTA&promoCode=&IncludeConnectingFlights=false&DateOut=2026-10-23&FlexDaysBeforeOut=0&FlexDaysOut=6&RoundTrip=false&ToUs=AGREED,2026-09-07T12:47:48.750Z
FCO-CTA,2026-10-28,26.0,22:30,23:50,Ryanair,,google_flights,https://www.google.com/travel/flights?tfs=GhoSCjIwMjYtMTAtMjhqBRIDRkNPcgUSA0NUQUIBAUgBmAEC&hl=it&curr=EUR,2026-09-07T13:04:51.125830Z
FCO-CTA,2026-10-28,29.99,13:00,14:20,Aeroitalia,XZ2813,aeroitalia_booking_api,https://aeroitalia-gateway.azure-api.net/dotrezprod/api/nsk/v4/availability/search/simple,2026-09-07T13:14:42.624Z
FCO-CTA,2026-10-28,30.0,21:40,23:00,Aeroitalia,,google_flights,https://www.google.com/travel/flights?tfs=GhoSCjIwMjYtMTAtMjhqBRIDRkNPcgUSA0NUQUIBAUgBmAEC&hl=it&curr=EUR,2026-09-07T13:04:51.125830Z
FCO-CTA,2026-10-28,59.0,08:15,09:35,ITA,,google_flights,https://www.google.com/travel/flights?tfs=GhoSCjIwMjYtMTAtMjhqBRIDRkNPcgUSA0NUQUIBAUgBmAEC&hl=it&curr=EUR,2026-09-07T13:04:51.125830Z
FCO-CTA,2026-10-29,15.99,06:05,07:25,Ryanair,,ryanair_farefinder,https://www.ryanair.com/api/farfnd/v4/oneWayFares/FCO/CTA/cheapestPerDay?outboundMonthOfDate=2026-10-01&currency=EUR,2026-09-07T12:30:42.259993Z
FCO-CTA,2026-10-29,15.99,06:05,07:25,Ryanair,FR4858,ryanair_booking_api,https://www.ryanair.com/api/booking/v4/it-it/availability?ADT=1&TEEN=0&CHD=0&INF=0&Origin=FCO&Destination=CTA&promoCode=&IncludeConnectingFlights=false&DateOut=2026-10-23&FlexDaysBeforeOut=0&FlexDaysOut=6&RoundTrip=false&ToUs=AGREED,2026-09-07T12:47:48.750Z
FCO-CTA,2026-10-29,16.0,06:05,07:25,Ryanair,,google_flights,https://www.google.com/travel/flights?tfs=GhoSCjIwMjYtMTAtMjlqBRIDRkNPcgUSA0NUQUIBAUgBmAEC&hl=it&curr=EUR,2026-09-07T13:04:52.800551Z
FCO-CTA,2026-10-29,24.99,09:25,10:45,Aeroitalia,XZ2811,aeroitalia_booking_api,https://aeroitalia-gateway.azure-api.net/dotrezprod/api/nsk/v4/availability/search/simple,2026-09-07T13:14:44.072Z
FCO-CTA,2026-10-29,25.0,09:25,10:45,Aeroitalia,,google_flights,https://www.google.com/travel/flights?tfs=GhoSCjIwMjYtMTAtMjlqBRIDRkNPcgUSA0NUQUIBAUgBmAEC&hl=it&curr=EUR,2026-09-07T13:04:52.800551Z
FCO-CTA,2026-10-29,59.0,08:15,09:35,ITA,,google_flights,https://www.google.com/travel/flights?tfs=GhoSCjIwMjYtMTAtMjlqBRIDRkNPcgUSA0NUQUIBAUgBmAEC&hl=it&curr=EUR,2026-09-07T13:04:52.800551Z
FCO-CTA,2026-10-30,22.13,22:50,00:10,Ryanair,,ryanair_farefinder,https://www.ryanair.com/api/farfnd/v4/oneWayFares/FCO/CTA/cheapestPerDay?outboundMonthOfDate=2026-10-01&currency=EUR,2026-09-07T12:30:42.259993Z
FCO-CTA,2026-10-30,22.13,22:50,00:10,Ryanair,FR4858,ryanair_booking_api,https://www.ryanair.com/api/booking/v4/it-it/availability?ADT=1&TEEN=0&CHD=0&INF=0&Origin=FCO&Destination=CTA&promoCode=&IncludeConnectingFlights=false&DateOut=2026-10-30&FlexDaysBeforeOut=0&FlexDaysOut=6&RoundTrip=false&ToUs=AGREED,2026-09-07T12:47:50.264Z
FCO-CTA,2026-10-30,23.0,22:50,00:10,Ryanair,,google_flights,https://www.google.com/travel/flights?tfs=GhoSCjIwMjYtMTAtMzBqBRIDRkNPcgUSA0NUQUIBAUgBmAEC&hl=it&curr=EUR,2026-09-07T13:04:54.477798Z
FCO-CTA,2026-10-30,29.99,21:40,23:00,Aeroitalia,XZ2817,aeroitalia_booking_api,https://aeroitalia-gateway.azure-api.net/dotrezprod/api/nsk/v4/availability/search/simple,2026-09-07T13:14:45.635Z
FCO-CTA,2026-10-30,30.0,21:40,23:00,Aeroitalia,,google_flights,https://www.google.com/travel/flights?tfs=GhoSCjIwMjYtMTAtMzBqBRIDRkNPcgUSA0NUQUIBAUgBmAEC&hl=it&curr=EUR,2026-09-07T13:04:54.477798Z
FCO-CTA,2026-10-30,87.0,08:15,09:35,ITA,,google_flights,https://www.google.com/travel/flights?tfs=GhoSCjIwMjYtMTAtMzBqBRIDRkNPcgUSA0NUQUIBAUgBmAEC&hl=it&curr=EUR,2026-09-07T13:04:54.477798Z
FCO-CTA,2026-10-31,17.0,05:45,07:05,Ryanair,,ryanair_farefinder,https://www.ryanair.com/api/farfnd/v4/oneWayFares/FCO/CTA/cheapestPerDay?outboundMonthOfDate=2026-10-01&currency=EUR,2026-09-07T12:30:42.259993Z
FCO-CTA,2026-10-31,17.0,05:45,07:05,Ryanair,FR4858,ryanair_booking_api,https://www.ryanair.com/api/booking/v4/it-it/availability?ADT=1&TEEN=0&CHD=0&INF=0&Origin=FCO&Destination=CTA&promoCode=&IncludeConnectingFlights=false&DateOut=2026-10-30&FlexDaysBeforeOut=0&FlexDaysOut=6&RoundTrip=false&ToUs=AGREED,2026-09-07T12:47:50.264Z
FCO-CTA,2026-10-31,17.0,05:45,07:05,Ryanair,,google_flights,https://www.google.com/travel/flights?tfs=GhoSCjIwMjYtMTAtMzFqBRIDRkNPcgUSA0NUQUIBAUgBmAEC&hl=it&curr=EUR,2026-09-07T13:04:56.091968Z
FCO-CTA,2026-10-31,29.99,09:25,10:45,Aeroitalia,XZ2811,aeroitalia_booking_api,https://aeroitalia-gateway.azure-api.net/dotrezprod/api/nsk/v4/availability/search/simple,2026-09-07T13:14:47.086Z
FCO-CTA,2026-10-31,30.0,09:25,10:45,Aeroitalia,,google_flights,https://www.google.com/travel/flights?tfs=GhoSCjIwMjYtMTAtMzFqBRIDRkNPcgUSA0NUQUIBAUgBmAEC&hl=it&curr=EUR,2026-09-07T13:04:56.091968Z
FCO-CTA,2026-10-31,87.0,08:15,09:35,ITA,,google_flights,https://www.google.com/travel/flights?tfs=GhoSCjIwMjYtMTAtMzFqBRIDRkNPcgUSA0NUQUIBAUgBmAEC&hl=it&curr=EUR,2026-09-07T13:04:56.091968Z
FCO-CTA,2026-11-01,14.99,06:10,07:30,Ryanair,,ryanair_farefinder,https://www.ryanair.com/api/farfnd/v4/oneWayFares/FCO/CTA/cheapestPerDay?outboundMonthOfDate=2026-11-01&currency=EUR,2026-09-07T12:30:43.841511Z
FCO-CTA,2026-11-01,14.99,06:10,07:30,Ryanair,FR4861,ryanair_booking_api,https://www.ryanair.com/api/booking/v4/it-it/availability?ADT=1&TEEN=0&CHD=0&INF=0&Origin=FCO&Destination=CTA&promoCode=&IncludeConnectingFlights=false&DateOut=2026-10-30&FlexDaysBeforeOut=0&FlexDaysOut=6&RoundTrip=false&ToUs=AGREED,2026-09-07T12:47:50.264Z
FCO-CTA,2026-11-01,24.99,09:00,10:20,Aeroitalia,XZ2811,aeroitalia_booking_api,https://aeroitalia-gateway.azure-api.net/dotrezprod/api/nsk/v4/availability/search/simple,2026-09-07T13:14:48.539Z
FCO-CTA,2026-11-01,25.0,09:00,10:20,Aeroitalia,,google_flights,https://www.google.com/travel/flights?tfs=GhoSCjIwMjYtMTEtMDFqBRIDRkNPcgUSA0NUQUIBAUgBmAEC&hl=it&curr=EUR,2026-09-07T13:04:57.712160Z
FCO-CTA,2026-11-01,41.0,12:45,14:05,Ryanair,,google_flights,https://www.google.com/travel/flights?tfs=GhoSCjIwMjYtMTEtMDFqBRIDRkNPcgUSA0NUQUIBAUgBmAEC&hl=it&curr=EUR,2026-09-07T13:04:57.712160Z
FCO-CTA,2026-11-01,59.0,08:15,09:30,ITA,,google_flights,https://www.google.com/travel/flights?tfs=GhoSCjIwMjYtMTEtMDFqBRIDRkNPcgUSA0NUQUIBAUgBmAEC&hl=it&curr=EUR,2026-09-07T13:04:57.712160Z
FCO-CTA,2026-11-02,19.62,06:15,07:35,Ryanair,,ryanair_farefinder,https://www.ryanair.com/api/farfnd/v4/oneWayFares/FCO/CTA/cheapestPerDay?outboundMonthOfDate=2026-11-01&currency=EUR,2026-09-07T12:30:43.841511Z
FCO-CTA,2026-11-02,19.62,06:15,07:35,Ryanair,FR4852,ryanair_booking_api,https://www.ryanair.com/api/booking/v4/it-it/availability?ADT=1&TEEN=0&CHD=0&INF=0&Origin=FCO&Destination=CTA&promoCode=&IncludeConnectingFlights=false&DateOut=2026-10-30&FlexDaysBeforeOut=0&FlexDaysOut=6&RoundTrip=false&ToUs=AGREED,2026-09-07T12:47:50.264Z
FCO-CTA,2026-11-02,34.99,09:00,10:20,Aeroitalia,XZ2811,aeroitalia_booking_api,https://aeroitalia-gateway.azure-api.net/dotrezprod/api/nsk/v4/availability/search/simple,2026-09-07T13:14:49.988Z
FCO-CTA,2026-11-02,38.0,09:25,10:45,Ryanair,,google_flights,https://www.google.com/travel/flights?tfs=GhoSCjIwMjYtMTEtMDJqBRIDRkNPcgUSA0NUQUIBAUgBmAEC&hl=it&curr=EUR,2026-09-07T13:04:59.321372Z
FCO-CTA,2026-11-02,40.0,09:00,10:20,Aeroitalia,,google_flights,https://www.google.com/travel/flights?tfs=GhoSCjIwMjYtMTEtMDJqBRIDRkNPcgUSA0NUQUIBAUgBmAEC&hl=it&curr=EUR,2026-09-07T13:04:59.321372Z
FCO-CTA,2026-11-02,59.0,08:15,09:30,ITA,,google_flights,https://www.google.com/travel/flights?tfs=GhoSCjIwMjYtMTEtMDJqBRIDRkNPcgUSA0NUQUIBAUgBmAEC&hl=it&curr=EUR,2026-09-07T13:04:59.321372Z
FCO-CTA,2026-11-03,33.33,08:00,09:20,Ryanair,,ryanair_farefinder,https://www.ryanair.com/api/farfnd/v4/oneWayFares/FCO/CTA/cheapestPerDay?outboundMonthOfDate=2026-11-01&currency=EUR,2026-09-07T12:30:43.841511Z
FCO-CTA,2026-11-03,33.33,08:00,09:20,Ryanair,FR1170,ryanair_booking_api,https://www.ryanair.com/api/booking/v4/it-it/availability?ADT=1&TEEN=0&CHD=0&INF=0&Origin=FCO&Destination=CTA&promoCode=&IncludeConnectingFlights=false&DateOut=2026-10-30&FlexDaysBeforeOut=0&FlexDaysOut=6&RoundTrip=false&ToUs=AGREED,2026-09-07T12:47:50.264Z
FCO-CTA,2026-11-03,34.0,08:00,09:20,Ryanair,,google_flights,https://www.google.com/travel/flights?tfs=GhoSCjIwMjYtMTEtMDNqBRIDRkNPcgUSA0NUQUIBAUgBmAEC&hl=it&curr=EUR,2026-09-07T13:05:00.899575Z
FCO-CTA,2026-11-03,34.99,21:40,23:00,Aeroitalia,XZ2817,aeroitalia_booking_api,https://aeroitalia-gateway.azure-api.net/dotrezprod/api/nsk/v4/availability/search/simple,2026-09-07T13:14:51.554Z
FCO-CTA,2026-11-03,35.0,21:40,23:00,Aeroitalia,,google_flights,https://www.google.com/travel/flights?tfs=GhoSCjIwMjYtMTEtMDNqBRIDRkNPcgUSA0NUQUIBAUgBmAEC&hl=it&curr=EUR,2026-09-07T13:05:00.899575Z
FCO-CTA,2026-11-03,59.0,08:15,09:30,ITA,,google_flights,https://www.google.com/travel/flights?tfs=GhoSCjIwMjYtMTEtMDNqBRIDRkNPcgUSA0NUQUIBAUgBmAEC&hl=it&curr=EUR,2026-09-07T13:05:00.899575Z
FCO-CTA,2026-11-04,20.89,12:35,13:55,Ryanair,,ryanair_farefinder,https://www.ryanair.com/api/farfnd/v4/oneWayFares/FCO/CTA/cheapestPerDay?outboundMonthOfDate=2026-11-01&currency=EUR,2026-09-07T12:30:43.841511Z
FCO-CTA,2026-11-04,20.89,08:25,09:45,Ryanair,FR4856,ryanair_booking_api,https://www.ryanair.com/api/booking/v4/it-it/availability?ADT=1&TEEN=0&CHD=0&INF=0&Origin=FCO&Destination=CTA&promoCode=&IncludeConnectingFlights=false&DateOut=2026-10-30&FlexDaysBeforeOut=0&FlexDaysOut=6&RoundTrip=false&ToUs=AGREED,2026-09-07T12:47:50.264Z
FCO-CTA,2026-11-04,21.0,08:25,09:45,Ryanair,,google_flights,https://www.google.com/travel/flights?tfs=GhoSCjIwMjYtMTEtMDRqBRIDRkNPcgUSA0NUQUIBAUgBmAEC&hl=it&curr=EUR,2026-09-07T13:05:02.492103Z
FCO-CTA,2026-11-04,34.99,09:00,10:20,Aeroitalia,XZ2811,aeroitalia_booking_api,https://aeroitalia-gateway.azure-api.net/dotrezprod/api/nsk/v4/availability/search/simple,2026-09-07T13:14:53.004Z
FCO-CTA,2026-11-04,35.0,09:00,10:20,Aeroitalia,,google_flights,https://www.google.com/travel/flights?tfs=GhoSCjIwMjYtMTEtMDRqBRIDRkNPcgUSA0NUQUIBAUgBmAEC&hl=it&curr=EUR,2026-09-07T13:05:02.492103Z
FCO-CTA,2026-11-04,59.0,08:15,09:30,ITA,,google_flights,https://www.google.com/travel/flights?tfs=GhoSCjIwMjYtMTEtMDRqBRIDRkNPcgUSA0NUQUIBAUgBmAEC&hl=it&curr=EUR,2026-09-07T13:05:02.492103Z
FCO-CTA,2026-11-05,24.04,11:35,12:55,Ryanair,,ryanair_farefinder,https://www.ryanair.com/api/farfnd/v4/oneWayFares/FCO/CTA/cheapestPerDay?outboundMonthOfDate=2026-11-01&currency=EUR,2026-09-07T12:30:43.841511Z
FCO-CTA,2026-11-05,24.04,11:35,12:55,Ryanair,FR4891,ryanair_booking_api,https://www.ryanair.com/api/booking/v4/it-it/availability?ADT=1&TEEN=0&CHD=0&INF=0&Origin=FCO&Destination=CTA&promoCode=&IncludeConnectingFlights=false&DateOut=2026-10-30&FlexDaysBeforeOut=0&FlexDaysOut=6&RoundTrip=false&ToUs=AGREED,2026-09-07T12:47:50.264Z
FCO-CTA,2026-11-05,29.0,09:35,10:55,Ryanair,,google_flights,https://www.google.com/travel/flights?tfs=GhoSCjIwMjYtMTEtMDVqBRIDRkNPcgUSA0NUQUIBAUgBmAEC&hl=it&curr=EUR,2026-09-07T13:05:04.105010Z
FCO-CTA,2026-11-05,34.99,09:00,10:20,Aeroitalia,XZ2811,aeroitalia_booking_api,https://aeroitalia-gateway.azure-api.net/dotrezprod/api/nsk/v4/availability/search/simple,2026-09-07T13:14:54.460Z
FCO-CTA,2026-11-05,35.0,09:00,10:20,Aeroitalia,,google_flights,https://www.google.com/travel/flights?tfs=GhoSCjIwMjYtMTEtMDVqBRIDRkNPcgUSA0NUQUIBAUgBmAEC&hl=it&curr=EUR,2026-09-07T13:05:04.105010Z
FCO-CTA,2026-11-05,59.0,08:15,09:30,ITA,,google_flights,https://www.google.com/travel/flights?tfs=GhoSCjIwMjYtMTEtMDVqBRIDRkNPcgUSA0NUQUIBAUgBmAEC&hl=it&curr=EUR,2026-09-07T13:05:04.105010Z
FCO-CTA,2026-11-06,24.37,22:50,00:10,Ryanair,,ryanair_farefinder,https://www.ryanair.com/api/farfnd/v4/oneWayFares/FCO/CTA/cheapestPerDay?outboundMonthOfDate=2026-11-01&currency=EUR,2026-09-07T12:30:43.841511Z
FCO-CTA,2026-11-06,24.37,22:50,00:10,Ryanair,FR4858,ryanair_booking_api,https://www.ryanair.com/api/booking/v4/it-it/availability?ADT=1&TEEN=0&CHD=0&INF=0&Origin=FCO&Destination=CTA&promoCode=&IncludeConnectingFlights=false&DateOut=2026-11-06&FlexDaysBeforeOut=0&FlexDaysOut=6&RoundTrip=false&ToUs=AGREED,2026-09-07T12:47:51.877Z
FCO-CTA,2026-11-06,25.0,22:50,00:10,Ryanair,,google_flights,https://www.google.com/travel/flights?tfs=GhoSCjIwMjYtMTEtMDZqBRIDRkNPcgUSA0NUQUIBAUgBmAEC&hl=it&curr=EUR,2026-09-07T13:05:05.765755Z
FCO-CTA,2026-11-06,44.99,09:00,10:20,Aeroitalia,XZ2811,aeroitalia_booking_api,https://aeroitalia-gateway.azure-api.net/dotrezprod/api/nsk/v4/availability/search/simple,2026-09-07T13:14:55.920Z
FCO-CTA,2026-11-06,45.0,09:00,10:20,Aeroitalia,,google_flights,https://www.google.com/travel/flights?tfs=GhoSCjIwMjYtMTEtMDZqBRIDRkNPcgUSA0NUQUIBAUgBmAEC&hl=it&curr=EUR,2026-09-07T13:05:05.765755Z
FCO-CTA,2026-11-06,59.0,08:15,09:30,ITA,,google_flights,https://www.google.com/travel/flights?tfs=GhoSCjIwMjYtMTEtMDZqBRIDRkNPcgUSA0NUQUIBAUgBmAEC&hl=it&curr=EUR,2026-09-07T13:05:05.765755Z
FCO-CTA,2026-11-07,14.99,10:55,12:15,Ryanair,,ryanair_farefinder,https://www.ryanair.com/api/farfnd/v4/oneWayFares/FCO/CTA/cheapestPerDay?outboundMonthOfDate=2026-11-01&currency=EUR,2026-09-07T12:30:43.841511Z
FCO-CTA,2026-11-07,14.99,10:55,12:15,Ryanair,FR1170,ryanair_booking_api,https://www.ryanair.com/api/booking/v4/it-it/availability?ADT=1&TEEN=0&CHD=0&INF=0&Origin=FCO&Destination=CTA&promoCode=&IncludeConnectingFlights=false&DateOut=2026-11-06&FlexDaysBeforeOut=0&FlexDaysOut=6&RoundTrip=false&ToUs=AGREED,2026-09-07T12:47:51.877Z
FCO-CTA,2026-11-07,21.0,09:15,10:35,Ryanair,,google_flights,https://www.google.com/travel/flights?tfs=GhoSCjIwMjYtMTEtMDdqBRIDRkNPcgUSA0NUQUIBAUgBmAEC&hl=it&curr=EUR,2026-09-07T13:05:07.410852Z
FCO-CTA,2026-11-07,34.99,09:00,10:20,Aeroitalia,XZ2811,aeroitalia_booking_api,https://aeroitalia-gateway.azure-api.net/dotrezprod/api/nsk/v4/availability/search/simple,2026-09-07T13:14:57.495Z
FCO-CTA,2026-11-07,35.0,09:00,10:20,Aeroitalia,,google_flights,https://www.google.com/travel/flights?tfs=GhoSCjIwMjYtMTEtMDdqBRIDRkNPcgUSA0NUQUIBAUgBmAEC&hl=it&curr=EUR,2026-09-07T13:05:07.410852Z
FCO-CTA,2026-11-07,59.0,08:15,09:30,ITA,,google_flights,https://www.google.com/travel/flights?tfs=GhoSCjIwMjYtMTEtMDdqBRIDRkNPcgUSA0NUQUIBAUgBmAEC&hl=it&curr=EUR,2026-09-07T13:05:07.410852Z
FCO-CTA,2026-11-08,30.07,06:10,07:30,Ryanair,,ryanair_farefinder,https://www.ryanair.com/api/farfnd/v4/oneWayFares/FCO/CTA/cheapestPerDay?outboundMonthOfDate=2026-11-01&currency=EUR,2026-09-07T12:30:43.841511Z
FCO-CTA,2026-11-08,30.07,06:10,07:30,Ryanair,FR4861,ryanair_booking_api,https://www.ryanair.com/api/booking/v4/it-it/availability?ADT=1&TEEN=0&CHD=0&INF=0&Origin=FCO&Destination=CTA&promoCode=&IncludeConnectingFlights=false&DateOut=2026-11-06&FlexDaysBeforeOut=0&FlexDaysOut=6&RoundTrip=false&ToUs=AGREED,2026-09-07T12:47:51.877Z
FCO-CTA,2026-11-08,31.0,06:10,07:30,Ryanair,,google_flights,https://www.google.com/travel/flights?tfs=GhoSCjIwMjYtMTEtMDhqBRIDRkNPcgUSA0NUQUIBAUgBmAEC&hl=it&curr=EUR,2026-09-07T13:05:09.056290Z
FCO-CTA,2026-11-08,44.99,09:00,10:20,Aeroitalia,XZ2811,aeroitalia_booking_api,https://aeroitalia-gateway.azure-api.net/dotrezprod/api/nsk/v4/availability/search/simple,2026-09-07T13:14:58.955Z
FCO-CTA,2026-11-08,45.0,09:00,10:20,Aeroitalia,,google_flights,https://www.google.com/travel/flights?tfs=GhoSCjIwMjYtMTEtMDhqBRIDRkNPcgUSA0NUQUIBAUgBmAEC&hl=it&curr=EUR,2026-09-07T13:05:09.056290Z
FCO-CTA,2026-11-08,59.0,08:15,09:30,ITA,,google_flights,https://www.google.com/travel/flights?tfs=GhoSCjIwMjYtMTEtMDhqBRIDRkNPcgUSA0NUQUIBAUgBmAEC&hl=it&curr=EUR,2026-09-07T13:05:09.056290Z
FCO-CTA,2026-11-09,14.99,06:15,07:35,Ryanair,,ryanair_farefinder,https://www.ryanair.com/api/farfnd/v4/oneWayFares/FCO/CTA/cheapestPerDay?outboundMonthOfDate=2026-11-01&currency=EUR,2026-09-07T12:30:43.841511Z
FCO-CTA,2026-11-09,14.99,06:15,07:35,Ryanair,FR4852,ryanair_booking_api,https://www.ryanair.com/api/booking/v4/it-it/availability?ADT=1&TEEN=0&CHD=0&INF=0&Origin=FCO&Destination=CTA&promoCode=&IncludeConnectingFlights=false&DateOut=2026-11-06&FlexDaysBeforeOut=0&FlexDaysOut=6&RoundTrip=false&ToUs=AGREED,2026-09-07T12:47:51.877Z
FCO-CTA,2026-11-09,15.0,06:15,07:35,Ryanair,,google_flights,https://www.google.com/travel/flights?tfs=GhoSCjIwMjYtMTEtMDlqBRIDRkNPcgUSA0NUQUIBAUgBmAEC&hl=it&curr=EUR,2026-09-07T13:05:10.706197Z
FCO-CTA,2026-11-09,34.99,09:00,10:20,Aeroitalia,XZ2811,aeroitalia_booking_api,https://aeroitalia-gateway.azure-api.net/dotrezprod/api/nsk/v4/availability/search/simple,2026-09-07T13:15:00.409Z
FCO-CTA,2026-11-09,35.0,09:00,10:20,Aeroitalia,,google_flights,https://www.google.com/travel/flights?tfs=GhoSCjIwMjYtMTEtMDlqBRIDRkNPcgUSA0NUQUIBAUgBmAEC&hl=it&curr=EUR,2026-09-07T13:05:10.706197Z
FCO-CTA,2026-11-09,59.0,08:15,09:30,ITA,,google_flights,https://www.google.com/travel/flights?tfs=GhoSCjIwMjYtMTEtMDlqBRIDRkNPcgUSA0NUQUIBAUgBmAEC&hl=it&curr=EUR,2026-09-07T13:05:10.706197Z
FCO-CTA,2026-11-10,39.99,09:00,10:20,Aeroitalia,XZ2811,aeroitalia_booking_api,https://aeroitalia-gateway.azure-api.net/dotrezprod/api/nsk/v4/availability/search/simple,2026-09-07T13:15:01.859Z
FCO-CTA,2026-11-10,40.0,09:00,10:20,Aeroitalia,,google_flights,https://www.google.com/travel/flights?tfs=GhoSCjIwMjYtMTEtMTBqBRIDRkNPcgUSA0NUQUIBAUgBmAEC&hl=it&curr=EUR,2026-09-07T13:05:12.299508Z
FCO-CTA,2026-11-10,41.8,17:05,18:25,Ryanair,,ryanair_farefinder,https://www.ryanair.com/api/farfnd/v4/oneWayFares/FCO/CTA/cheapestPerDay?outboundMonthOfDate=2026-11-01&currency=EUR,2026-09-07T12:30:43.841511Z
FCO-CTA,2026-11-10,41.8,17:05,18:25,Ryanair,FR4852,ryanair_booking_api,https://www.ryanair.com/api/booking/v4/it-it/availability?ADT=1&TEEN=0&CHD=0&INF=0&Origin=FCO&Destination=CTA&promoCode=&IncludeConnectingFlights=false&DateOut=2026-11-06&FlexDaysBeforeOut=0&FlexDaysOut=6&RoundTrip=false&ToUs=AGREED,2026-09-07T12:47:51.877Z
FCO-CTA,2026-11-10,48.0,22:00,23:20,Ryanair,,google_flights,https://www.google.com/travel/flights?tfs=GhoSCjIwMjYtMTEtMTBqBRIDRkNPcgUSA0NUQUIBAUgBmAEC&hl=it&curr=EUR,2026-09-07T13:05:12.299508Z
FCO-CTA,2026-11-10,59.0,08:15,09:30,ITA,,google_flights,https://www.google.com/travel/flights?tfs=GhoSCjIwMjYtMTEtMTBqBRIDRkNPcgUSA0NUQUIBAUgBmAEC&hl=it&curr=EUR,2026-09-07T13:05:12.299508Z
FCO-CTA,2026-11-11,24.53,08:25,09:45,Ryanair,,ryanair_farefinder,https://www.ryanair.com/api/farfnd/v4/oneWayFares/FCO/CTA/cheapestPerDay?outboundMonthOfDate=2026-11-01&currency=EUR,2026-09-07T12:30:43.841511Z
FCO-CTA,2026-11-11,24.53,08:25,09:45,Ryanair,FR4856,ryanair_booking_api,https://www.ryanair.com/api/booking/v4/it-it/availability?ADT=1&TEEN=0&CHD=0&INF=0&Origin=FCO&Destination=CTA&promoCode=&IncludeConnectingFlights=false&DateOut=2026-11-06&FlexDaysBeforeOut=0&FlexDaysOut=6&RoundTrip=false&ToUs=AGREED,2026-09-07T12:47:51.877Z
FCO-CTA,2026-11-11,25.0,08:25,09:45,Ryanair,,google_flights,https://www.google.com/travel/flights?tfs=GhoSCjIwMjYtMTEtMTFqBRIDRkNPcgUSA0NUQUIBAUgBmAEC&hl=it&curr=EUR,2026-09-07T13:05:13.881035Z
FCO-CTA,2026-11-11,34.99,09:00,10:20,Aeroitalia,XZ2811,aeroitalia_booking_api,https://aeroitalia-gateway.azure-api.net/dotrezprod/api/nsk/v4/availability/search/simple,2026-09-07T13:15:03.454Z
FCO-CTA,2026-11-11,35.0,09:00,10:20,Aeroitalia,,google_flights,https://www.google.com/travel/flights?tfs=GhoSCjIwMjYtMTEtMTFqBRIDRkNPcgUSA0NUQUIBAUgBmAEC&hl=it&curr=EUR,2026-09-07T13:05:13.881035Z
FCO-CTA,2026-11-11,59.0,09:35,10:55,ITA,,google_flights,https://www.google.com/travel/flights?tfs=GhoSCjIwMjYtMTEtMTFqBRIDRkNPcgUSA0NUQUIBAUgBmAEC&hl=it&curr=EUR,2026-09-07T13:05:13.881035Z
FCO-CTA,2026-11-12,23.27,09:35,10:55,Ryanair,,ryanair_farefinder,https://www.ryanair.com/api/farfnd/v4/oneWayFares/FCO/CTA/cheapestPerDay?outboundMonthOfDate=2026-11-01&currency=EUR,2026-09-07T12:30:43.841511Z
FCO-CTA,2026-11-12,23.27,09:35,10:55,Ryanair,FR4852,ryanair_booking_api,https://www.ryanair.com/api/booking/v4/it-it/availability?ADT=1&TEEN=0&CHD=0&INF=0&Origin=FCO&Destination=CTA&promoCode=&IncludeConnectingFlights=false&DateOut=2026-11-06&FlexDaysBeforeOut=0&FlexDaysOut=6&RoundTrip=false&ToUs=AGREED,2026-09-07T12:47:51.877Z
FCO-CTA,2026-11-12,34.99,09:00,10:20,Aeroitalia,XZ2811,aeroitalia_booking_api,https://aeroitalia-gateway.azure-api.net/dotrezprod/api/nsk/v4/availability/search/simple,2026-09-07T13:15:04.920Z
FCO-CTA,2026-11-12,35.0,09:00,10:20,Aeroitalia,,google_flights,https://www.google.com/travel/flights?tfs=GhoSCjIwMjYtMTEtMTJqBRIDRkNPcgUSA0NUQUIBAUgBmAEC&hl=it&curr=EUR,2026-09-07T13:05:15.592354Z
FCO-CTA,2026-11-12,40.0,11:35,12:55,Ryanair,,google_flights,https://www.google.com/travel/flights?tfs=GhoSCjIwMjYtMTEtMTJqBRIDRkNPcgUSA0NUQUIBAUgBmAEC&hl=it&curr=EUR,2026-09-07T13:05:15.592354Z
FCO-CTA,2026-11-12,59.0,08:15,09:30,ITA,,google_flights,https://www.google.com/travel/flights?tfs=GhoSCjIwMjYtMTEtMTJqBRIDRkNPcgUSA0NUQUIBAUgBmAEC&hl=it&curr=EUR,2026-09-07T13:05:15.592354Z
FCO-CTA,2026-11-13,28.97,07:55,09:15,Ryanair,,ryanair_farefinder,https://www.ryanair.com/api/farfnd/v4/oneWayFares/FCO/CTA/cheapestPerDay?outboundMonthOfDate=2026-11-01&currency=EUR,2026-09-07T12:30:43.841511Z
FCO-CTA,2026-11-13,28.97,07:55,09:15,Ryanair,FR4872,ryanair_booking_api,https://www.ryanair.com/api/booking/v4/it-it/availability?ADT=1&TEEN=0&CHD=0&INF=0&Origin=FCO&Destination=CTA&promoCode=&IncludeConnectingFlights=false&DateOut=2026-11-13&FlexDaysBeforeOut=0&FlexDaysOut=6&RoundTrip=false&ToUs=AGREED,2026-09-07T12:47:53.340Z
FCO-CTA,2026-11-13,29.0,07:55,09:15,Ryanair,,google_flights,https://www.google.com/travel/flights?tfs=GhoSCjIwMjYtMTEtMTNqBRIDRkNPcgUSA0NUQUIBAUgBmAEC&hl=it&curr=EUR,2026-09-07T13:05:17.154606Z
FCO-CTA,2026-11-13,44.99,09:00,10:20,Aeroitalia,XZ2811,aeroitalia_booking_api,https://aeroitalia-gateway.azure-api.net/dotrezprod/api/nsk/v4/availability/search/simple,2026-09-07T13:15:06.452Z
FCO-CTA,2026-11-13,45.0,09:00,10:20,Aeroitalia,,google_flights,https://www.google.com/travel/flights?tfs=GhoSCjIwMjYtMTEtMTNqBRIDRkNPcgUSA0NUQUIBAUgBmAEC&hl=it&curr=EUR,2026-09-07T13:05:17.154606Z
FCO-CTA,2026-11-13,59.0,08:15,09:30,ITA,,google_flights,https://www.google.com/travel/flights?tfs=GhoSCjIwMjYtMTEtMTNqBRIDRkNPcgUSA0NUQUIBAUgBmAEC&hl=it&curr=EUR,2026-09-07T13:05:17.154606Z
FCO-CTA,2026-11-14,14.99,05:45,07:05,Ryanair,,ryanair_farefinder,https://www.ryanair.com/api/farfnd/v4/oneWayFares/FCO/CTA/cheapestPerDay?outboundMonthOfDate=2026-11-01&currency=EUR,2026-09-07T12:30:43.841511Z
FCO-CTA,2026-11-14,14.99,05:45,07:05,Ryanair,FR4858,ryanair_booking_api,https://www.ryanair.com/api/booking/v4/it-it/availability?ADT=1&TEEN=0&CHD=0&INF=0&Origin=FCO&Destination=CTA&promoCode=&IncludeConnectingFlights=false&DateOut=2026-11-13&FlexDaysBeforeOut=0&FlexDaysOut=6&RoundTrip=false&ToUs=AGREED,2026-09-07T12:47:53.340Z
FCO-CTA,2026-11-14,15.0,05:45,07:05,Ryanair,,google_flights,https://www.google.com/travel/flights?tfs=GhoSCjIwMjYtMTEtMTRqBRIDRkNPcgUSA0NUQUIBAUgBmAEC&hl=it&curr=EUR,2026-09-07T13:05:18.848564Z
FCO-CTA,2026-11-14,34.99,09:00,10:20,Aeroitalia,XZ2811,aeroitalia_booking_api,https://aeroitalia-gateway.azure-api.net/dotrezprod/api/nsk/v4/availability/search/simple,2026-09-07T13:15:07.898Z
FCO-CTA,2026-11-14,35.0,09:00,10:20,Aeroitalia,,google_flights,https://www.google.com/travel/flights?tfs=GhoSCjIwMjYtMTEtMTRqBRIDRkNPcgUSA0NUQUIBAUgBmAEC&hl=it&curr=EUR,2026-09-07T13:05:18.848564Z
FCO-CTA,2026-11-14,59.0,08:15,09:30,ITA,,google_flights,https://www.google.com/travel/flights?tfs=GhoSCjIwMjYtMTEtMTRqBRIDRkNPcgUSA0NUQUIBAUgBmAEC&hl=it&curr=EUR,2026-09-07T13:05:18.848564Z
FCO-CTA,2026-11-15,20.72,06:10,07:30,Ryanair,,ryanair_farefinder,https://www.ryanair.com/api/farfnd/v4/oneWayFares/FCO/CTA/cheapestPerDay?outboundMonthOfDate=2026-11-01&currency=EUR,2026-09-07T12:30:43.841511Z
FCO-CTA,2026-11-15,20.72,06:10,07:30,Ryanair,FR4861,ryanair_booking_api,https://www.ryanair.com/api/booking/v4/it-it/availability?ADT=1&TEEN=0&CHD=0&INF=0&Origin=FCO&Destination=CTA&promoCode=&IncludeConnectingFlights=false&DateOut=2026-11-13&FlexDaysBeforeOut=0&FlexDaysOut=6&RoundTrip=false&ToUs=AGREED,2026-09-07T12:47:53.340Z
FCO-CTA,2026-11-15,41.0,12:15,13:35,Ryanair,,google_flights,https://www.google.com/travel/flights?tfs=GhoSCjIwMjYtMTEtMTVqBRIDRkNPcgUSA0NUQUIBAUgBmAEC&hl=it&curr=EUR,2026-09-07T13:05:20.427773Z
FCO-CTA,2026-11-15,44.99,09:00,10:20,Aeroitalia,XZ2811,aeroitalia_booking_api,https://aeroitalia-gateway.azure-api.net/dotrezprod/api/nsk/v4/availability/search/simple,2026-09-07T13:15:09.474Z
FCO-CTA,2026-11-15,45.0,09:00,10:20,Aeroitalia,,google_flights,https://www.google.com/travel/flights?tfs=GhoSCjIwMjYtMTEtMTVqBRIDRkNPcgUSA0NUQUIBAUgBmAEC&hl=it&curr=EUR,2026-09-07T13:05:20.427773Z
FCO-CTA,2026-11-15,59.0,08:15,09:30,ITA,,google_flights,https://www.google.com/travel/flights?tfs=GhoSCjIwMjYtMTEtMTVqBRIDRkNPcgUSA0NUQUIBAUgBmAEC&hl=it&curr=EUR,2026-09-07T13:05:20.427773Z
FCO-CTA,2026-11-16,25.29,09:25,10:45,Ryanair,,ryanair_farefinder,https://www.ryanair.com/api/farfnd/v4/oneWayFares/FCO/CTA/cheapestPerDay?outboundMonthOfDate=2026-11-01&currency=EUR,2026-09-07T12:30:43.841511Z
FCO-CTA,2026-11-16,25.29,06:15,07:35,Ryanair,FR4852,ryanair_booking_api,https://www.ryanair.com/api/booking/v4/it-it/availability?ADT=1&TEEN=0&CHD=0&INF=0&Origin=FCO&Destination=CTA&promoCode=&IncludeConnectingFlights=false&DateOut=2026-11-13&FlexDaysBeforeOut=0&FlexDaysOut=6&RoundTrip=false&ToUs=AGREED,2026-09-07T12:47:53.340Z
FCO-CTA,2026-11-16,26.0,09:25,10:45,Ryanair,,google_flights,https://www.google.com/travel/flights?tfs=GhoSCjIwMjYtMTEtMTZqBRIDRkNPcgUSA0NUQUIBAUgBmAEC&hl=it&curr=EUR,2026-09-07T13:05:22.084027Z
FCO-CTA,2026-11-16,34.99,09:00,10:20,Aeroitalia,XZ2811,aeroitalia_booking_api,https://aeroitalia-gateway.azure-api.net/dotrezprod/api/nsk/v4/availability/search/simple,2026-09-07T13:15:10.930Z
FCO-CTA,2026-11-16,35.0,09:00,10:20,Aeroitalia,,google_flights,https://www.google.com/travel/flights?tfs=GhoSCjIwMjYtMTEtMTZqBRIDRkNPcgUSA0NUQUIBAUgBmAEC&hl=it&curr=EUR,2026-09-07T13:05:22.084027Z
FCO-CTA,2026-11-16,59.0,08:15,09:30,ITA,,google_flights,https://www.google.com/travel/flights?tfs=GhoSCjIwMjYtMTEtMTZqBRIDRkNPcgUSA0NUQUIBAUgBmAEC&hl=it&curr=EUR,2026-09-07T13:05:22.084027Z
FCO-CTA,2026-11-17,33.33,12:35,13:55,Ryanair,,ryanair_farefinder,https://www.ryanair.com/api/farfnd/v4/oneWayFares/FCO/CTA/cheapestPerDay?outboundMonthOfDate=2026-11-01&currency=EUR,2026-09-07T12:30:43.841511Z
FCO-CTA,2026-11-17,33.33,12:35,13:55,Ryanair,FR4872,ryanair_booking_api,https://www.ryanair.com/api/booking/v4/it-it/availability?ADT=1&TEEN=0&CHD=0&INF=0&Origin=FCO&Destination=CTA&promoCode=&IncludeConnectingFlights=false&DateOut=2026-11-13&FlexDaysBeforeOut=0&FlexDaysOut=6&RoundTrip=false&ToUs=AGREED,2026-09-07T12:47:53.340Z
FCO-CTA,2026-11-17,34.99,13:00,14:20,Aeroitalia,XZ2813,aeroitalia_booking_api,https://aeroitalia-gateway.azure-api.net/dotrezprod/api/nsk/v4/availability/search/simple,2026-09-07T13:15:12.388Z
FCO-CTA,2026-11-17,40.0,09:00,10:20,Aeroitalia,,google_flights,https://www.google.com/travel/flights?tfs=GhoSCjIwMjYtMTEtMTdqBRIDRkNPcgUSA0NUQUIBAUgBmAEC&hl=it&curr=EUR,2026-09-07T13:05:23.728031Z
FCO-CTA,2026-11-17,47.0,22:00,23:20,Ryanair,,google_flights,https://www.google.com/travel/flights?tfs=GhoSCjIwMjYtMTEtMTdqBRIDRkNPcgUSA0NUQUIBAUgBmAEC&hl=it&curr=EUR,2026-09-07T13:05:23.728031Z
FCO-CTA,2026-11-17,59.0,08:15,09:30,ITA,,google_flights,https://www.google.com/travel/flights?tfs=GhoSCjIwMjYtMTEtMTdqBRIDRkNPcgUSA0NUQUIBAUgBmAEC&hl=it&curr=EUR,2026-09-07T13:05:23.728031Z
FCO-CTA,2026-11-18,24.53,10:10,11:30,Ryanair,,ryanair_farefinder,https://www.ryanair.com/api/farfnd/v4/oneWayFares/FCO/CTA/cheapestPerDay?outboundMonthOfDate=2026-11-01&currency=EUR,2026-09-07T12:30:43.841511Z
FCO-CTA,2026-11-18,24.53,10:10,11:30,Ryanair,FR4872,ryanair_booking_api,https://www.ryanair.com/api/booking/v4/it-it/availability?ADT=1&TEEN=0&CHD=0&INF=0&Origin=FCO&Destination=CTA&promoCode=&IncludeConnectingFlights=false&DateOut=2026-11-13&FlexDaysBeforeOut=0&FlexDaysOut=6&RoundTrip=false&ToUs=AGREED,2026-09-07T12:47:53.340Z
FCO-CTA,2026-11-18,29.0,08:25,09:45,Ryanair,,google_flights,https://www.google.com/travel/flights?tfs=GhoSCjIwMjYtMTEtMThqBRIDRkNPcgUSA0NUQUIBAUgBmAEC&hl=it&curr=EUR,2026-09-07T13:05:25.279770Z
FCO-CTA,2026-11-18,34.99,09:00,10:20,Aeroitalia,XZ2811,aeroitalia_booking_api,https://aeroitalia-gateway.azure-api.net/dotrezprod/api/nsk/v4/availability/search/simple,2026-09-07T13:15:13.841Z
FCO-CTA,2026-11-18,35.0,09:00,10:20,Aeroitalia,,google_flights,https://www.google.com/travel/flights?tfs=GhoSCjIwMjYtMTEtMThqBRIDRkNPcgUSA0NUQUIBAUgBmAEC&hl=it&curr=EUR,2026-09-07T13:05:25.279770Z
FCO-CTA,2026-11-18,59.0,08:15,09:30,ITA,,google_flights,https://www.google.com/travel/flights?tfs=GhoSCjIwMjYtMTEtMThqBRIDRkNPcgUSA0NUQUIBAUgBmAEC&hl=it&curr=EUR,2026-09-07T13:05:25.279770Z
FCO-CTA,2026-11-19,33.15,09:35,10:55,Ryanair,,ryanair_farefinder,https://www.ryanair.com/api/farfnd/v4/oneWayFares/FCO/CTA/cheapestPerDay?outboundMonthOfDate=2026-11-01&currency=EUR,2026-09-07T12:30:43.841511Z
FCO-CTA,2026-11-19,33.15,09:35,10:55,Ryanair,FR4852,ryanair_booking_api,https://www.ryanair.com/api/booking/v4/it-it/availability?ADT=1&TEEN=0&CHD=0&INF=0&Origin=FCO&Destination=CTA&promoCode=&IncludeConnectingFlights=false&DateOut=2026-11-13&FlexDaysBeforeOut=0&FlexDaysOut=6&RoundTrip=false&ToUs=AGREED,2026-09-07T12:47:53.340Z
FCO-CTA,2026-11-19,34.0,09:35,10:55,Ryanair,,google_flights,https://www.google.com/travel/flights?tfs=GhoSCjIwMjYtMTEtMTlqBRIDRkNPcgUSA0NUQUIBAUgBmAEC&hl=it&curr=EUR,2026-09-07T13:05:26.935074Z
FCO-CTA,2026-11-19,34.99,09:00,10:20,Aeroitalia,XZ2811,aeroitalia_booking_api,https://aeroitalia-gateway.azure-api.net/dotrezprod/api/nsk/v4/availability/search/simple,2026-09-07T13:15:15.417Z
FCO-CTA,2026-11-19,35.0,09:00,10:20,Aeroitalia,,google_flights,https://www.google.com/travel/flights?tfs=GhoSCjIwMjYtMTEtMTlqBRIDRkNPcgUSA0NUQUIBAUgBmAEC&hl=it&curr=EUR,2026-09-07T13:05:26.935074Z
FCO-CTA,2026-11-19,59.0,08:15,09:30,ITA,,google_flights,https://www.google.com/travel/flights?tfs=GhoSCjIwMjYtMTEtMTlqBRIDRkNPcgUSA0NUQUIBAUgBmAEC&hl=it&curr=EUR,2026-09-07T13:05:26.935074Z
FCO-CTA,2026-11-20,27.4,12:50,14:10,Ryanair,,ryanair_farefinder,https://www.ryanair.com/api/farfnd/v4/oneWayFares/FCO/CTA/cheapestPerDay?outboundMonthOfDate=2026-11-01&currency=EUR,2026-09-07T12:30:43.841511Z
FCO-CTA,2026-11-20,27.4,12:50,14:10,Ryanair,FR4861,ryanair_booking_api,https://www.ryanair.com/api/booking/v4/it-it/availability?ADT=1&TEEN=0&CHD=0&INF=0&Origin=FCO&Destination=CTA&promoCode=&IncludeConnectingFlights=false&DateOut=2026-11-20&FlexDaysBeforeOut=0&FlexDaysOut=6&RoundTrip=false&ToUs=AGREED,2026-09-07T12:47:54.766Z
FCO-CTA,2026-11-20,31.0,22:50,00:10,Ryanair,,google_flights,https://www.google.com/travel/flights?tfs=GhoSCjIwMjYtMTEtMjBqBRIDRkNPcgUSA0NUQUIBAUgBmAEC&hl=it&curr=EUR,2026-09-07T13:05:28.498945Z
FCO-CTA,2026-11-20,44.99,09:00,10:20,Aeroitalia,XZ2811,aeroitalia_booking_api,https://aeroitalia-gateway.azure-api.net/dotrezprod/api/nsk/v4/availability/search/simple,2026-09-07T13:15:16.873Z
FCO-CTA,2026-11-20,45.0,09:00,10:20,Aeroitalia,,google_flights,https://www.google.com/travel/flights?tfs=GhoSCjIwMjYtMTEtMjBqBRIDRkNPcgUSA0NUQUIBAUgBmAEC&hl=it&curr=EUR,2026-09-07T13:05:28.498945Z
FCO-CTA,2026-11-20,59.0,08:15,09:30,ITA,,google_flights,https://www.google.com/travel/flights?tfs=GhoSCjIwMjYtMTEtMjBqBRIDRkNPcgUSA0NUQUIBAUgBmAEC&hl=it&curr=EUR,2026-09-07T13:05:28.498945Z
FCO-CTA,2026-11-21,22.01,09:15,10:35,Ryanair,,ryanair_farefinder,https://www.ryanair.com/api/farfnd/v4/oneWayFares/FCO/CTA/cheapestPerDay?outboundMonthOfDate=2026-11-01&currency=EUR,2026-09-07T12:30:43.841511Z
FCO-CTA,2026-11-21,22.01,09:15,10:35,Ryanair,FR4861,ryanair_booking_api,https://www.ryanair.com/api/booking/v4/it-it/availability?ADT=1&TEEN=0&CHD=0&INF=0&Origin=FCO&Destination=CTA&promoCode=&IncludeConnectingFlights=false&DateOut=2026-11-20&FlexDaysBeforeOut=0&FlexDaysOut=6&RoundTrip=false&ToUs=AGREED,2026-09-07T12:47:54.766Z
FCO-CTA,2026-11-21,23.0,09:15,10:35,Ryanair,,google_flights,https://www.google.com/travel/flights?tfs=GhoSCjIwMjYtMTEtMjFqBRIDRkNPcgUSA0NUQUIBAUgBmAEC&hl=it&curr=EUR,2026-09-07T13:05:30.161696Z
FCO-CTA,2026-11-21,34.99,09:00,10:20,Aeroitalia,XZ2811,aeroitalia_booking_api,https://aeroitalia-gateway.azure-api.net/dotrezprod/api/nsk/v4/availability/search/simple,2026-09-07T13:15:18.336Z
FCO-CTA,2026-11-21,35.0,09:00,10:20,Aeroitalia,,google_flights,https://www.google.com/travel/flights?tfs=GhoSCjIwMjYtMTEtMjFqBRIDRkNPcgUSA0NUQUIBAUgBmAEC&hl=it&curr=EUR,2026-09-07T13:05:30.161696Z
FCO-CTA,2026-11-21,59.0,08:15,09:30,ITA,,google_flights,https://www.google.com/travel/flights?tfs=GhoSCjIwMjYtMTEtMjFqBRIDRkNPcgUSA0NUQUIBAUgBmAEC&hl=it&curr=EUR,2026-09-07T13:05:30.161696Z
FCO-CTA,2026-11-22,19.62,06:10,07:30,Ryanair,,ryanair_farefinder,https://www.ryanair.com/api/farfnd/v4/oneWayFares/FCO/CTA/cheapestPerDay?outboundMonthOfDate=2026-11-01&currency=EUR,2026-09-07T12:30:43.841511Z
FCO-CTA,2026-11-22,19.62,06:10,07:30,Ryanair,FR4861,ryanair_booking_api,https://www.ryanair.com/api/booking/v4/it-it/availability?ADT=1&TEEN=0&CHD=0&INF=0&Origin=FCO&Destination=CTA&promoCode=&IncludeConnectingFlights=false&DateOut=2026-11-20&FlexDaysBeforeOut=0&FlexDaysOut=6&RoundTrip=false&ToUs=AGREED,2026-09-07T12:47:54.766Z
FCO-CTA,2026-11-22,36.0,12:45,14:05,Ryanair,,google_flights,https://www.google.com/travel/flights?tfs=GhoSCjIwMjYtMTEtMjJqBRIDRkNPcgUSA0NUQUIBAUgBmAEC&hl=it&curr=EUR,2026-09-07T13:05:31.737919Z
FCO-CTA,2026-11-22,44.99,09:00,10:20,Aeroitalia,XZ2811,aeroitalia_booking_api,https://aeroitalia-gateway.azure-api.net/dotrezprod/api/nsk/v4/availability/search/simple,2026-09-07T13:15:19.789Z
FCO-CTA,2026-11-22,45.0,09:00,10:20,Aeroitalia,,google_flights,https://www.google.com/travel/flights?tfs=GhoSCjIwMjYtMTEtMjJqBRIDRkNPcgUSA0NUQUIBAUgBmAEC&hl=it&curr=EUR,2026-09-07T13:05:31.737919Z
FCO-CTA,2026-11-22,59.0,08:15,09:30,ITA,,google_flights,https://www.google.com/travel/flights?tfs=GhoSCjIwMjYtMTEtMjJqBRIDRkNPcgUSA0NUQUIBAUgBmAEC&hl=it&curr=EUR,2026-09-07T13:05:31.737919Z
FCO-CTA,2026-11-23,20.1,06:15,07:35,Ryanair,,ryanair_farefinder,https://www.ryanair.com/api/farfnd/v4/oneWayFares/FCO/CTA/cheapestPerDay?outboundMonthOfDate=2026-11-01&currency=EUR,2026-09-07T12:30:43.841511Z
FCO-CTA,2026-11-23,20.1,06:15,07:35,Ryanair,FR4852,ryanair_booking_api,https://www.ryanair.com/api/booking/v4/it-it/availability?ADT=1&TEEN=0&CHD=0&INF=0&Origin=FCO&Destination=CTA&promoCode=&IncludeConnectingFlights=false&DateOut=2026-11-20&FlexDaysBeforeOut=0&FlexDaysOut=6&RoundTrip=false&ToUs=AGREED,2026-09-07T12:47:54.766Z
FCO-CTA,2026-11-23,21.0,06:15,07:35,Ryanair,,google_flights,https://www.google.com/travel/flights?tfs=GhoSCjIwMjYtMTEtMjNqBRIDRkNPcgUSA0NUQUIBAUgBmAEC&hl=it&curr=EUR,2026-09-07T13:05:33.368450Z
FCO-CTA,2026-11-23,34.99,09:00,10:20,Aeroitalia,XZ2811,aeroitalia_booking_api,https://aeroitalia-gateway.azure-api.net/dotrezprod/api/nsk/v4/availability/search/simple,2026-09-07T13:15:21.356Z
FCO-CTA,2026-11-23,35.0,09:00,10:20,Aeroitalia,,google_flights,https://www.google.com/travel/flights?tfs=GhoSCjIwMjYtMTEtMjNqBRIDRkNPcgUSA0NUQUIBAUgBmAEC&hl=it&curr=EUR,2026-09-07T13:05:33.368450Z
FCO-CTA,2026-11-23,59.0,08:15,09:30,ITA,,google_flights,https://www.google.com/travel/flights?tfs=GhoSCjIwMjYtMTEtMjNqBRIDRkNPcgUSA0NUQUIBAUgBmAEC&hl=it&curr=EUR,2026-09-07T13:05:33.368450Z
FCO-CTA,2026-11-24,30.79,17:05,18:25,Ryanair,,ryanair_farefinder,https://www.ryanair.com/api/farfnd/v4/oneWayFares/FCO/CTA/cheapestPerDay?outboundMonthOfDate=2026-11-01&currency=EUR,2026-09-07T12:30:43.841511Z
FCO-CTA,2026-11-24,30.79,17:05,18:25,Ryanair,FR4852,ryanair_booking_api,https://www.ryanair.com/api/booking/v4/it-it/availability?ADT=1&TEEN=0&CHD=0&INF=0&Origin=FCO&Destination=CTA&promoCode=&IncludeConnectingFlights=false&DateOut=2026-11-20&FlexDaysBeforeOut=0&FlexDaysOut=6&RoundTrip=false&ToUs=AGREED,2026-09-07T12:47:54.766Z
FCO-CTA,2026-11-24,34.99,13:00,14:20,Aeroitalia,XZ2813,aeroitalia_booking_api,https://aeroitalia-gateway.azure-api.net/dotrezprod/api/nsk/v4/availability/search/simple,2026-09-07T13:15:22.807Z
FCO-CTA,2026-11-24,40.0,09:00,10:20,Aeroitalia,,google_flights,https://www.google.com/travel/flights?tfs=GhoSCjIwMjYtMTEtMjRqBRIDRkNPcgUSA0NUQUIBAUgBmAEC&hl=it&curr=EUR,2026-09-07T13:05:34.994558Z
FCO-CTA,2026-11-24,49.0,22:00,23:20,Ryanair,,google_flights,https://www.google.com/travel/flights?tfs=GhoSCjIwMjYtMTEtMjRqBRIDRkNPcgUSA0NUQUIBAUgBmAEC&hl=it&curr=EUR,2026-09-07T13:05:34.994558Z
FCO-CTA,2026-11-24,59.0,08:15,09:30,ITA,,google_flights,https://www.google.com/travel/flights?tfs=GhoSCjIwMjYtMTEtMjRqBRIDRkNPcgUSA0NUQUIBAUgBmAEC&hl=it&curr=EUR,2026-09-07T13:05:34.994558Z
FCO-CTA,2026-11-25,27.06,08:25,09:45,Ryanair,,ryanair_farefinder,https://www.ryanair.com/api/farfnd/v4/oneWayFares/FCO/CTA/cheapestPerDay?outboundMonthOfDate=2026-11-01&currency=EUR,2026-09-07T12:30:43.841511Z
FCO-CTA,2026-11-25,27.06,08:25,09:45,Ryanair,FR4856,ryanair_booking_api,https://www.ryanair.com/api/booking/v4/it-it/availability?ADT=1&TEEN=0&CHD=0&INF=0&Origin=FCO&Destination=CTA&promoCode=&IncludeConnectingFlights=false&DateOut=2026-11-20&FlexDaysBeforeOut=0&FlexDaysOut=6&RoundTrip=false&ToUs=AGREED,2026-09-07T12:47:54.766Z
FCO-CTA,2026-11-25,34.99,09:00,10:20,Aeroitalia,XZ2811,aeroitalia_booking_api,https://aeroitalia-gateway.azure-api.net/dotrezprod/api/nsk/v4/availability/search/simple,2026-09-07T13:15:24.257Z
FCO-CTA,2026-11-25,35.0,09:00,10:20,Aeroitalia,,google_flights,https://www.google.com/travel/flights?tfs=GhoSCjIwMjYtMTEtMjVqBRIDRkNPcgUSA0NUQUIBAUgBmAEC&hl=it&curr=EUR,2026-09-07T13:05:36.563978Z
FCO-CTA,2026-11-25,43.0,20:30,21:50,Ryanair,,google_flights,https://www.google.com/travel/flights?tfs=GhoSCjIwMjYtMTEtMjVqBRIDRkNPcgUSA0NUQUIBAUgBmAEC&hl=it&curr=EUR,2026-09-07T13:05:36.563978Z
FCO-CTA,2026-11-25,59.0,13:20,14:40,ITA,,google_flights,https://www.google.com/travel/flights?tfs=GhoSCjIwMjYtMTEtMjVqBRIDRkNPcgUSA0NUQUIBAUgBmAEC&hl=it&curr=EUR,2026-09-07T13:05:36.563978Z
FCO-CTA,2026-11-26,25.29,09:35,10:55,Ryanair,,ryanair_farefinder,https://www.ryanair.com/api/farfnd/v4/oneWayFares/FCO/CTA/cheapestPerDay?outboundMonthOfDate=2026-11-01&currency=EUR,2026-09-07T12:30:43.841511Z
FCO-CTA,2026-11-26,25.29,09:35,10:55,Ryanair,FR4852,ryanair_booking_api,https://www.ryanair.com/api/booking/v4/it-it/availability?ADT=1&TEEN=0&CHD=0&INF=0&Origin=FCO&Destination=CTA&promoCode=&IncludeConnectingFlights=false&DateOut=2026-11-20&FlexDaysBeforeOut=0&FlexDaysOut=6&RoundTrip=false&ToUs=AGREED,2026-09-07T12:47:54.766Z
FCO-CTA,2026-11-26,26.0,09:35,10:55,Ryanair,,google_flights,https://www.google.com/travel/flights?tfs=GhoSCjIwMjYtMTEtMjZqBRIDRkNPcgUSA0NUQUIBAUgBmAEC&hl=it&curr=EUR,2026-09-07T13:05:38.170192Z
FCO-CTA,2026-11-26,34.99,09:00,10:20,Aeroitalia,XZ2811,aeroitalia_booking_api,https://aeroitalia-gateway.azure-api.net/dotrezprod/api/nsk/v4/availability/search/simple,2026-09-07T13:15:25.717Z
FCO-CTA,2026-11-26,35.0,09:00,10:20,Aeroitalia,,google_flights,https://www.google.com/travel/flights?tfs=GhoSCjIwMjYtMTEtMjZqBRIDRkNPcgUSA0NUQUIBAUgBmAEC&hl=it&curr=EUR,2026-09-07T13:05:38.170192Z
FCO-CTA,2026-11-26,59.0,13:20,14:40,ITA,,google_flights,https://www.google.com/travel/flights?tfs=GhoSCjIwMjYtMTEtMjZqBRIDRkNPcgUSA0NUQUIBAUgBmAEC&hl=it&curr=EUR,2026-09-07T13:05:38.170192Z
FCO-CTA,2026-11-27,30.79,11:45,13:05,Ryanair,,ryanair_farefinder,https://www.ryanair.com/api/farfnd/v4/oneWayFares/FCO/CTA/cheapestPerDay?outboundMonthOfDate=2026-11-01&currency=EUR,2026-09-07T12:30:43.841511Z
FCO-CTA,2026-11-27,30.79,11:45,13:05,Ryanair,FR1170,ryanair_booking_api,https://www.ryanair.com/api/booking/v4/it-it/availability?ADT=1&TEEN=0&CHD=0&INF=0&Origin=FCO&Destination=CTA&promoCode=&IncludeConnectingFlights=false&DateOut=2026-11-27&FlexDaysBeforeOut=0&FlexDaysOut=6&RoundTrip=false&ToUs=AGREED,2026-09-07T12:47:56.213Z
FCO-CTA,2026-11-27,37.0,20:50,22:10,Ryanair,,google_flights,https://www.google.com/travel/flights?tfs=GhoSCjIwMjYtMTEtMjdqBRIDRkNPcgUSA0NUQUIBAUgBmAEC&hl=it&curr=EUR,2026-09-07T13:05:39.792088Z
FCO-CTA,2026-11-27,44.99,09:00,10:20,Aeroitalia,XZ2811,aeroitalia_booking_api,https://aeroitalia-gateway.azure-api.net/dotrezprod/api/nsk/v4/availability/search/simple,2026-09-07T13:15:27.292Z
FCO-CTA,2026-11-27,45.0,09:00,10:20,Aeroitalia,,google_flights,https://www.google.com/travel/flights?tfs=GhoSCjIwMjYtMTEtMjdqBRIDRkNPcgUSA0NUQUIBAUgBmAEC&hl=it&curr=EUR,2026-09-07T13:05:39.792088Z
FCO-CTA,2026-11-27,59.0,08:15,09:30,ITA,,google_flights,https://www.google.com/travel/flights?tfs=GhoSCjIwMjYtMTEtMjdqBRIDRkNPcgUSA0NUQUIBAUgBmAEC&hl=it&curr=EUR,2026-09-07T13:05:39.792088Z
FCO-CTA,2026-11-28,21.53,05:45,07:05,Ryanair,,ryanair_farefinder,https://www.ryanair.com/api/farfnd/v4/oneWayFares/FCO/CTA/cheapestPerDay?outboundMonthOfDate=2026-11-01&currency=EUR,2026-09-07T12:30:43.841511Z
FCO-CTA,2026-11-28,21.53,05:45,07:05,Ryanair,FR4858,ryanair_booking_api,https://www.ryanair.com/api/booking/v4/it-it/availability?ADT=1&TEEN=0&CHD=0&INF=0&Origin=FCO&Destination=CTA&promoCode=&IncludeConnectingFlights=false&DateOut=2026-11-27&FlexDaysBeforeOut=0&FlexDaysOut=6&RoundTrip=false&ToUs=AGREED,2026-09-07T12:47:56.213Z
FCO-CTA,2026-11-28,22.0,05:45,07:05,Ryanair,,google_flights,https://www.google.com/travel/flights?tfs=GhoSCjIwMjYtMTEtMjhqBRIDRkNPcgUSA0NUQUIBAUgBmAEC&hl=it&curr=EUR,2026-09-07T13:05:41.425918Z
FCO-CTA,2026-11-28,34.99,09:00,10:20,Aeroitalia,XZ2811,aeroitalia_booking_api,https://aeroitalia-gateway.azure-api.net/dotrezprod/api/nsk/v4/availability/search/simple,2026-09-07T13:15:28.744Z
FCO-CTA,2026-11-28,35.0,09:00,10:20,Aeroitalia,,google_flights,https://www.google.com/travel/flights?tfs=GhoSCjIwMjYtMTEtMjhqBRIDRkNPcgUSA0NUQUIBAUgBmAEC&hl=it&curr=EUR,2026-09-07T13:05:41.425918Z
FCO-CTA,2026-11-28,59.0,08:15,09:30,ITA,,google_flights,https://www.google.com/travel/flights?tfs=GhoSCjIwMjYtMTEtMjhqBRIDRkNPcgUSA0NUQUIBAUgBmAEC&hl=it&curr=EUR,2026-09-07T13:05:41.425918Z
FCO-CTA,2026-11-29,25.29,06:10,07:30,Ryanair,,ryanair_farefinder,https://www.ryanair.com/api/farfnd/v4/oneWayFares/FCO/CTA/cheapestPerDay?outboundMonthOfDate=2026-11-01&currency=EUR,2026-09-07T12:30:43.841511Z
FCO-CTA,2026-11-29,25.29,06:10,07:30,Ryanair,FR4861,ryanair_booking_api,https://www.ryanair.com/api/booking/v4/it-it/availability?ADT=1&TEEN=0&CHD=0&INF=0&Origin=FCO&Destination=CTA&promoCode=&IncludeConnectingFlights=false&DateOut=2026-11-27&FlexDaysBeforeOut=0&FlexDaysOut=6&RoundTrip=false&ToUs=AGREED,2026-09-07T12:47:56.213Z
FCO-CTA,2026-11-29,26.0,06:10,07:30,Ryanair,,google_flights,https://www.google.com/travel/flights?tfs=GhoSCjIwMjYtMTEtMjlqBRIDRkNPcgUSA0NUQUIBAUgBmAEC&hl=it&curr=EUR,2026-09-07T13:05:43.049809Z
FCO-CTA,2026-11-29,44.99,09:00,10:20,Aeroitalia,XZ2811,aeroitalia_booking_api,https://aeroitalia-gateway.azure-api.net/dotrezprod/api/nsk/v4/availability/search/simple,2026-09-07T13:15:30.191Z
FCO-CTA,2026-11-29,45.0,09:00,10:20,Aeroitalia,,google_flights,https://www.google.com/travel/flights?tfs=GhoSCjIwMjYtMTEtMjlqBRIDRkNPcgUSA0NUQUIBAUgBmAEC&hl=it&curr=EUR,2026-09-07T13:05:43.049809Z
FCO-CTA,2026-11-29,59.0,08:15,09:30,ITA,,google_flights,https://www.google.com/travel/flights?tfs=GhoSCjIwMjYtMTEtMjlqBRIDRkNPcgUSA0NUQUIBAUgBmAEC&hl=it&curr=EUR,2026-09-07T13:05:43.049809Z
FCO-CTA,2026-11-30,20.1,06:15,07:35,Ryanair,,ryanair_farefinder,https://www.ryanair.com/api/farfnd/v4/oneWayFares/FCO/CTA/cheapestPerDay?outboundMonthOfDate=2026-11-01&currency=EUR,2026-09-07T12:30:43.841511Z
FCO-CTA,2026-11-30,20.1,06:15,07:35,Ryanair,FR4852,ryanair_booking_api,https://www.ryanair.com/api/booking/v4/it-it/availability?ADT=1&TEEN=0&CHD=0&INF=0&Origin=FCO&Destination=CTA&promoCode=&IncludeConnectingFlights=false&DateOut=2026-11-27&FlexDaysBeforeOut=0&FlexDaysOut=6&RoundTrip=false&ToUs=AGREED,2026-09-07T12:47:56.213Z
FCO-CTA,2026-11-30,21.0,06:15,07:35,Ryanair,,google_flights,https://www.google.com/travel/flights?tfs=GhoSCjIwMjYtMTEtMzBqBRIDRkNPcgUSA0NUQUIBAUgBmAEC&hl=it&curr=EUR,2026-09-07T13:05:44.654251Z
FCO-CTA,2026-11-30,34.99,09:00,10:20,Aeroitalia,XZ2811,aeroitalia_booking_api,https://aeroitalia-gateway.azure-api.net/dotrezprod/api/nsk/v4/availability/search/simple,2026-09-07T13:15:31.645Z
FCO-CTA,2026-11-30,35.0,09:00,10:20,Aeroitalia,,google_flights,https://www.google.com/travel/flights?tfs=GhoSCjIwMjYtMTEtMzBqBRIDRkNPcgUSA0NUQUIBAUgBmAEC&hl=it&curr=EUR,2026-09-07T13:05:44.654251Z
FCO-CTA,2026-11-30,59.0,08:15,09:30,ITA,,google_flights,https://www.google.com/travel/flights?tfs=GhoSCjIwMjYtMTEtMzBqBRIDRkNPcgUSA0NUQUIBAUgBmAEC&hl=it&curr=EUR,2026-09-07T13:05:44.654251Z
FCO-CTA,2026-12-01,14.99,08:00,09:20,Ryanair,,ryanair_farefinder,https://www.ryanair.com/api/farfnd/v4/oneWayFares/FCO/CTA/cheapestPerDay?outboundMonthOfDate=2026-12-01&currency=EUR,2026-09-07T12:30:45.236160Z
FCO-CTA,2026-12-01,14.99,08:00,09:20,Ryanair,FR1170,ryanair_booking_api,https://www.ryanair.com/api/booking/v4/it-it/availability?ADT=1&TEEN=0&CHD=0&INF=0&Origin=FCO&Destination=CTA&promoCode=&IncludeConnectingFlights=false&DateOut=2026-11-27&FlexDaysBeforeOut=0&FlexDaysOut=6&RoundTrip=false&ToUs=AGREED,2026-09-07T12:47:56.213Z
FCO-CTA,2026-12-01,49.99,09:00,10:20,Aeroitalia,XZ2811,aeroitalia_booking_api,https://aeroitalia-gateway.azure-api.net/dotrezprod/api/nsk/v4/availability/search/simple,2026-09-07T13:15:33.245Z
FCO-CTA,2026-12-01,50.0,09:00,10:20,Aeroitalia,,google_flights,https://www.google.com/travel/flights?tfs=GhoSCjIwMjYtMTItMDFqBRIDRkNPcgUSA0NUQUIBAUgBmAEC&hl=it&curr=EUR,2026-09-07T13:05:46.249648Z
FCO-CTA,2026-12-01,51.0,12:35,13:55,Ryanair,,google_flights,https://www.google.com/travel/flights?tfs=GhoSCjIwMjYtMTItMDFqBRIDRkNPcgUSA0NUQUIBAUgBmAEC&hl=it&curr=EUR,2026-09-07T13:05:46.249648Z
FCO-CTA,2026-12-01,59.0,08:15,09:30,ITA,,google_flights,https://www.google.com/travel/flights?tfs=GhoSCjIwMjYtMTItMDFqBRIDRkNPcgUSA0NUQUIBAUgBmAEC&hl=it&curr=EUR,2026-09-07T13:05:46.249648Z
FCO-CTA,2026-12-02,26.3,12:35,13:55,Ryanair,,ryanair_farefinder,https://www.ryanair.com/api/farfnd/v4/oneWayFares/FCO/CTA/cheapestPerDay?outboundMonthOfDate=2026-12-01&currency=EUR,2026-09-07T12:30:45.236160Z
FCO-CTA,2026-12-02,26.3,12:35,13:55,Ryanair,FR1170,ryanair_booking_api,https://www.ryanair.com/api/booking/v4/it-it/availability?ADT=1&TEEN=0&CHD=0&INF=0&Origin=FCO&Destination=CTA&promoCode=&IncludeConnectingFlights=false&DateOut=2026-11-27&FlexDaysBeforeOut=0&FlexDaysOut=6&RoundTrip=false&ToUs=AGREED,2026-09-07T12:47:56.213Z
FCO-CTA,2026-12-02,37.0,08:25,09:45,Ryanair,,google_flights,https://www.google.com/travel/flights?tfs=GhoSCjIwMjYtMTItMDJqBRIDRkNPcgUSA0NUQUIBAUgBmAEC&hl=it&curr=EUR,2026-09-07T13:05:47.871638Z
FCO-CTA,2026-12-02,49.99,09:00,10:20,Aeroitalia,XZ2811,aeroitalia_booking_api,https://aeroitalia-gateway.azure-api.net/dotrezprod/api/nsk/v4/availability/search/simple,2026-09-07T13:15:34.727Z
FCO-CTA,2026-12-02,50.0,09:00,10:20,Aeroitalia,,google_flights,https://www.google.com/travel/flights?tfs=GhoSCjIwMjYtMTItMDJqBRIDRkNPcgUSA0NUQUIBAUgBmAEC&hl=it&curr=EUR,2026-09-07T13:05:47.871638Z
FCO-CTA,2026-12-02,59.0,13:20,14:40,ITA,,google_flights,https://www.google.com/travel/flights?tfs=GhoSCjIwMjYtMTItMDJqBRIDRkNPcgUSA0NUQUIBAUgBmAEC&hl=it&curr=EUR,2026-09-07T13:05:47.871638Z
FCO-CTA,2026-12-03,27.82,14:00,15:20,Ryanair,,ryanair_farefinder,https://www.ryanair.com/api/farfnd/v4/oneWayFares/FCO/CTA/cheapestPerDay?outboundMonthOfDate=2026-12-01&currency=EUR,2026-09-07T12:30:45.236160Z
FCO-CTA,2026-12-03,27.82,14:00,15:20,Ryanair,FR4856,ryanair_booking_api,https://www.ryanair.com/api/booking/v4/it-it/availability?ADT=1&TEEN=0&CHD=0&INF=0&Origin=FCO&Destination=CTA&promoCode=&IncludeConnectingFlights=false&DateOut=2026-11-27&FlexDaysBeforeOut=0&FlexDaysOut=6&RoundTrip=false&ToUs=AGREED,2026-09-07T12:47:56.213Z
FCO-CTA,2026-12-03,30.0,09:35,10:55,Ryanair,,google_flights,https://www.google.com/travel/flights?tfs=GhoSCjIwMjYtMTItMDNqBRIDRkNPcgUSA0NUQUIBAUgBmAEC&hl=it&curr=EUR,2026-09-07T13:05:49.431821Z
FCO-CTA,2026-12-03,49.99,09:00,10:20,Aeroitalia,XZ2811,aeroitalia_booking_api,https://aeroitalia-gateway.azure-api.net/dotrezprod/api/nsk/v4/availability/search/simple,2026-09-07T13:15:36.194Z
FCO-CTA,2026-12-03,50.0,09:00,10:20,Aeroitalia,,google_flights,https://www.google.com/travel/flights?tfs=GhoSCjIwMjYtMTItMDNqBRIDRkNPcgUSA0NUQUIBAUgBmAEC&hl=it&curr=EUR,2026-09-07T13:05:49.431821Z
FCO-CTA,2026-12-03,59.0,13:20,14:40,ITA,,google_flights,https://www.google.com/travel/flights?tfs=GhoSCjIwMjYtMTItMDNqBRIDRkNPcgUSA0NUQUIBAUgBmAEC&hl=it&curr=EUR,2026-09-07T13:05:49.431821Z
FCO-REG,2026-10-25,66.0,13:20,14:30,ITA,,google_flights,https://www.google.com/travel/flights?tfs=GhoSCjIwMjYtMTAtMjVqBRIDRkNPcgUSA1JFR0IBAUgBmAEC&hl=it&curr=EUR,2026-09-07T13:08:26.765351Z
FCO-REG,2026-10-26,66.0,13:20,14:30,ITA,,google_flights,https://www.google.com/travel/flights?tfs=GhoSCjIwMjYtMTAtMjZqBRIDRkNPcgUSA1JFR0IBAUgBmAEC&hl=it&curr=EUR,2026-09-07T13:08:28.266644Z
FCO-REG,2026-10-27,66.0,13:20,14:30,ITA,,google_flights,https://www.google.com/travel/flights?tfs=GhoSCjIwMjYtMTAtMjdqBRIDRkNPcgUSA1JFR0IBAUgBmAEC&hl=it&curr=EUR,2026-09-07T13:08:29.793133Z
FCO-REG,2026-10-28,66.0,13:20,14:30,ITA,,google_flights,https://www.google.com/travel/flights?tfs=GhoSCjIwMjYtMTAtMjhqBRIDRkNPcgUSA1JFR0IBAUgBmAEC&hl=it&curr=EUR,2026-09-07T13:08:31.279177Z
FCO-REG,2026-10-29,66.0,13:20,14:30,ITA,,google_flights,https://www.google.com/travel/flights?tfs=GhoSCjIwMjYtMTAtMjlqBRIDRkNPcgUSA1JFR0IBAUgBmAEC&hl=it&curr=EUR,2026-09-07T13:08:32.840131Z
FCO-REG,2026-10-30,92.0,13:20,14:30,ITA,,google_flights,https://www.google.com/travel/flights?tfs=GhoSCjIwMjYtMTAtMzBqBRIDRkNPcgUSA1JFR0IBAUgBmAEC&hl=it&curr=EUR,2026-09-07T13:08:34.336518Z
FCO-REG,2026-10-31,92.0,13:20,14:30,ITA,,google_flights,https://www.google.com/travel/flights?tfs=GhoSCjIwMjYtMTAtMzFqBRIDRkNPcgUSA1JFR0IBAUgBmAEC&hl=it&curr=EUR,2026-09-07T13:08:35.887057Z
FCO-REG,2026-11-01,66.0,13:15,14:30,ITA,,google_flights,https://www.google.com/travel/flights?tfs=GhoSCjIwMjYtMTEtMDFqBRIDRkNPcgUSA1JFR0IBAUgBmAEC&hl=it&curr=EUR,2026-09-07T13:08:37.441467Z
FCO-REG,2026-11-02,66.0,13:15,14:30,ITA,,google_flights,https://www.google.com/travel/flights?tfs=GhoSCjIwMjYtMTEtMDJqBRIDRkNPcgUSA1JFR0IBAUgBmAEC&hl=it&curr=EUR,2026-09-07T13:08:38.947709Z
FCO-REG,2026-11-03,66.0,13:15,14:30,ITA,,google_flights,https://www.google.com/travel/flights?tfs=GhoSCjIwMjYtMTEtMDNqBRIDRkNPcgUSA1JFR0IBAUgBmAEC&hl=it&curr=EUR,2026-09-07T13:08:40.467292Z
FCO-REG,2026-11-04,66.0,13:15,14:30,ITA,,google_flights,https://www.google.com/travel/flights?tfs=GhoSCjIwMjYtMTEtMDRqBRIDRkNPcgUSA1JFR0IBAUgBmAEC&hl=it&curr=EUR,2026-09-07T13:08:41.983721Z
FCO-REG,2026-11-05,66.0,13:15,14:30,ITA,,google_flights,https://www.google.com/travel/flights?tfs=GhoSCjIwMjYtMTEtMDVqBRIDRkNPcgUSA1JFR0IBAUgBmAEC&hl=it&curr=EUR,2026-09-07T13:08:43.493115Z
REG-FCO,2026-10-17,56.0,06:25,07:40,ITA,,google_flights,https://www.google.com/travel/flights?tfs=GhoSCjIwMjYtMTAtMTdqBRIDUkVHcgUSA0ZDT0IBAUgBmAEC&hl=it&curr=EUR,2026-09-07T13:06:25.947827Z
REG-FCO,2026-10-18,56.0,06:25,07:40,ITA,,google_flights,https://www.google.com/travel/flights?tfs=GhoSCjIwMjYtMTAtMThqBRIDUkVHcgUSA0ZDT0IBAUgBmAEC&hl=it&curr=EUR,2026-09-07T13:13:12.893546Z
REG-FCO,2026-10-19,66.0,06:25,07:40,ITA,,google_flights,https://www.google.com/travel/flights?tfs=GhoSCjIwMjYtMTAtMTlqBRIDUkVHcgUSA0ZDT0IBAUgBmAEC&hl=it&curr=EUR,2026-09-07T13:13:16.224556Z
REG-FCO,2026-10-20,56.0,06:25,07:40,ITA,,google_flights,https://www.google.com/travel/flights?tfs=GhoSCjIwMjYtMTAtMjBqBRIDUkVHcgUSA0ZDT0IBAUgBmAEC&hl=it&curr=EUR,2026-09-07T13:13:19.508367Z
REG-FCO,2026-10-21,56.0,15:15,16:30,ITA,,google_flights,https://www.google.com/travel/flights?tfs=GhoSCjIwMjYtMTAtMjFqBRIDUkVHcgUSA0ZDT0IBAUgBmAEC&hl=it&curr=EUR,2026-09-07T13:13:22.838163Z
REG-FCO,2026-10-22,56.0,06:25,07:40,ITA,,google_flights,https://www.google.com/travel/flights?tfs=GhoSCjIwMjYtMTAtMjJqBRIDUkVHcgUSA0ZDT0IBAUgBmAEC&hl=it&curr=EUR,2026-09-07T13:06:33.372196Z
REG-FCO,2026-10-23,56.0,06:25,07:40,ITA,,google_flights,https://www.google.com/travel/flights?tfs=GhoSCjIwMjYtMTAtMjNqBRIDUkVHcgUSA0ZDT0IBAUgBmAEC&hl=it&curr=EUR,2026-09-07T13:06:34.891735Z
REG-FCO,2026-10-24,56.0,06:25,07:40,ITA,,google_flights,https://www.google.com/travel/flights?tfs=GhoSCjIwMjYtMTAtMjRqBRIDUkVHcgUSA0ZDT0IBAUgBmAEC&hl=it&curr=EUR,2026-09-07T13:06:36.486262Z
REG-FCO,2026-10-25,56.0,06:25,07:40,ITA,,google_flights,https://www.google.com/travel/flights?tfs=GhoSCjIwMjYtMTAtMjVqBRIDUkVHcgUSA0ZDT0IBAUgBmAEC&hl=it&curr=EUR,2026-09-07T13:06:38.042560Z
REG-FCO,2026-10-26,56.0,15:15,16:30,ITA,,google_flights,https://www.google.com/travel/flights?tfs=GhoSCjIwMjYtMTAtMjZqBRIDUkVHcgUSA0ZDT0IBAUgBmAEC&hl=it&curr=EUR,2026-09-07T13:06:39.554566Z
REG-FCO,2026-10-27,56.0,06:25,07:40,ITA,,google_flights,https://www.google.com/travel/flights?tfs=GhoSCjIwMjYtMTAtMjdqBRIDUkVHcgUSA0ZDT0IBAUgBmAEC&hl=it&curr=EUR,2026-09-07T13:06:41.048729Z
REG-FCO,2026-10-28,56.0,06:25,07:40,ITA,,google_flights,https://www.google.com/travel/flights?tfs=GhoSCjIwMjYtMTAtMjhqBRIDUkVHcgUSA0ZDT0IBAUgBmAEC&hl=it&curr=EUR,2026-09-07T13:06:42.573961Z
REG-FCO,2026-10-29,56.0,06:25,07:40,ITA,,google_flights,https://www.google.com/travel/flights?tfs=GhoSCjIwMjYtMTAtMjlqBRIDUkVHcgUSA0ZDT0IBAUgBmAEC&hl=it&curr=EUR,2026-09-07T13:06:44.127042Z
REG-FCO,2026-10-30,56.0,06:25,07:40,ITA,,google_flights,https://www.google.com/travel/flights?tfs=GhoSCjIwMjYtMTAtMzBqBRIDUkVHcgUSA0ZDT0IBAUgBmAEC&hl=it&curr=EUR,2026-09-07T13:06:45.683236Z
REG-FCO,2026-10-31,56.0,06:25,07:40,ITA,,google_flights,https://www.google.com/travel/flights?tfs=GhoSCjIwMjYtMTAtMzFqBRIDUkVHcgUSA0ZDT0IBAUgBmAEC&hl=it&curr=EUR,2026-09-07T13:06:47.208748Z
REG-FCO,2026-11-01,71.0,06:25,07:40,ITA,,google_flights,https://www.google.com/travel/flights?tfs=GhoSCjIwMjYtMTEtMDFqBRIDUkVHcgUSA0ZDT0IBAUgBmAEC&hl=it&curr=EUR,2026-09-07T13:06:48.729272Z
REG-FCO,2026-11-02,71.0,15:15,16:30,ITA,,google_flights,https://www.google.com/travel/flights?tfs=GhoSCjIwMjYtMTEtMDJqBRIDUkVHcgUSA0ZDT0IBAUgBmAEC&hl=it&curr=EUR,2026-09-07T13:06:50.239559Z
REG-FCO,2026-11-03,66.0,06:25,07:40,ITA,,google_flights,https://www.google.com/travel/flights?tfs=GhoSCjIwMjYtMTEtMDNqBRIDUkVHcgUSA0ZDT0IBAUgBmAEC&hl=it&curr=EUR,2026-09-07T13:06:51.771754Z
REG-FCO,2026-11-04,56.0,06:25,07:40,ITA,,google_flights,https://www.google.com/travel/flights?tfs=GhoSCjIwMjYtMTEtMDRqBRIDUkVHcgUSA0ZDT0IBAUgBmAEC&hl=it&curr=EUR,2026-09-07T13:06:53.320443Z
REG-FCO,2026-11-05,71.0,06:25,07:40,ITA,,google_flights,https://www.google.com/travel/flights?tfs=GhoSCjIwMjYtMTEtMDVqBRIDUkVHcgUSA0ZDT0IBAUgBmAEC&hl=it&curr=EUR,2026-09-07T13:06:54.809124Z
REG-FCO,2026-11-06,56.0,06:25,07:40,ITA,,google_flights,https://www.google.com/travel/flights?tfs=GhoSCjIwMjYtMTEtMDZqBRIDUkVHcgUSA0ZDT0IBAUgBmAEC&hl=it&curr=EUR,2026-09-07T13:06:56.367119Z
REG-FCO,2026-11-07,56.0,06:25,07:40,ITA,,google_flights,https://www.google.com/travel/flights?tfs=GhoSCjIwMjYtMTEtMDdqBRIDUkVHcgUSA0ZDT0IBAUgBmAEC&hl=it&curr=EUR,2026-09-07T13:06:57.887629Z
REG-FCO,2026-11-08,56.0,06:25,07:40,ITA,,google_flights,https://www.google.com/travel/flights?tfs=GhoSCjIwMjYtMTEtMDhqBRIDUkVHcgUSA0ZDT0IBAUgBmAEC&hl=it&curr=EUR,2026-09-07T13:06:59.454008Z
REG-FCO,2026-11-09,56.0,15:15,16:30,ITA,,google_flights,https://www.google.com/travel/flights?tfs=GhoSCjIwMjYtMTEtMDlqBRIDUkVHcgUSA0ZDT0IBAUgBmAEC&hl=it&curr=EUR,2026-09-07T13:07:01.018188Z
REG-FCO,2026-11-10,56.0,15:15,16:30,ITA,,google_flights,https://www.google.com/travel/flights?tfs=GhoSCjIwMjYtMTEtMTBqBRIDUkVHcgUSA0ZDT0IBAUgBmAEC&hl=it&curr=EUR,2026-09-07T13:07:02.696198Z
REG-FCO,2026-11-11,56.0,06:25,07:40,ITA,,google_flights,https://www.google.com/travel/flights?tfs=GhoSCjIwMjYtMTEtMTFqBRIDUkVHcgUSA0ZDT0IBAUgBmAEC&hl=it&curr=EUR,2026-09-07T13:07:04.220711Z
REG-FCO,2026-11-12,71.0,06:25,07:40,ITA,,google_flights,https://www.google.com/travel/flights?tfs=GhoSCjIwMjYtMTEtMTJqBRIDUkVHcgUSA0ZDT0IBAUgBmAEC&hl=it&curr=EUR,2026-09-07T13:07:05.715938Z
REG-FCO,2026-11-13,56.0,06:25,07:40,ITA,,google_flights,https://www.google.com/travel/flights?tfs=GhoSCjIwMjYtMTEtMTNqBRIDUkVHcgUSA0ZDT0IBAUgBmAEC&hl=it&curr=EUR,2026-09-07T13:07:07.214230Z
