route,date,price_eur,dep_time,arr_time,airline,flight_no,faresLeft,operatedBy,source,source_url,fetched_at
CTA-FCO,2026-09-25,41.99,06:15,07:45,Ryanair,FR4860,2,Malta Air,ryanair_booking_api,https://www.ryanair.com/api/booking/v4/it-it/availability?ADT=1&TEEN=0&CHD=0&INF=0&Origin=CTA&Destination=FCO&promoCode=&IncludeConnectingFlights=false&DateOut=2026-09-25&FlexDaysBeforeOut=0&FlexDaysOut=6&RoundTrip=false&ToUs=AGREED,2026-09-07T12:47:27.474Z
CTA-FCO,2026-09-25,73.99,08:00,09:30,Ryanair,FR1171,4,Malta Air,ryanair_booking_api,https://www.ryanair.com/api/booking/v4/it-it/availability?ADT=1&TEEN=0&CHD=0&INF=0&Origin=CTA&Destination=FCO&promoCode=&IncludeConnectingFlights=false&DateOut=2026-09-25&FlexDaysBeforeOut=0&FlexDaysOut=6&RoundTrip=false&ToUs=AGREED,2026-09-07T12:47:27.474Z
CTA-FCO,2026-09-25,51.99,11:55,13:25,Ryanair,FR4851,1,Malta Air,ryanair_booking_api,https://www.ryanair.com/api/booking/v4/it-it/availability?ADT=1&TEEN=0&CHD=0&INF=0&Origin=CTA&Destination=FCO&promoCode=&IncludeConnectingFlights=false&DateOut=2026-09-25&FlexDaysBeforeOut=0&FlexDaysOut=6&RoundTrip=false&ToUs=AGREED,2026-09-07T12:47:27.474Z
CTA-FCO,2026-09-25,50.0,15:40,17:10,Ryanair,FR4871,5,Malta Air,ryanair_booking_api,https://www.ryanair.com/api/booking/v4/it-it/availability?ADT=1&TEEN=0&CHD=0&INF=0&Origin=CTA&Destination=FCO&promoCode=&IncludeConnectingFlights=false&DateOut=2026-09-25&FlexDaysBeforeOut=0&FlexDaysOut=6&RoundTrip=false&ToUs=AGREED,2026-09-07T12:47:27.474Z
CTA-FCO,2026-09-25,76.99,18:10,19:40,Ryanair,FR4892,2,Malta Air,ryanair_booking_api,https://www.ryanair.com/api/booking/v4/it-it/availability?ADT=1&TEEN=0&CHD=0&INF=0&Origin=CTA&Destination=FCO&promoCode=&IncludeConnectingFlights=false&DateOut=2026-09-25&FlexDaysBeforeOut=0&FlexDaysOut=6&RoundTrip=false&ToUs=AGREED,2026-09-07T12:47:27.474Z
CTA-FCO,2026-09-25,15.99,22:45,00:15,Ryanair,FR4857,4,Malta Air,ryanair_booking_api,https://www.ryanair.com/api/booking/v4/it-it/availability?ADT=1&TEEN=0&CHD=0&INF=0&Origin=CTA&Destination=FCO&promoCode=&IncludeConnectingFlights=false&DateOut=2026-09-25&FlexDaysBeforeOut=0&FlexDaysOut=6&RoundTrip=false&ToUs=AGREED,2026-09-07T12:47:27.474Z
CTA-FCO,2026-09-26,49.74,06:00,07:30,Ryanair,FR4871,-1,Malta Air,ryanair_booking_api,https://www.ryanair.com/api/booking/v4/it-it/availability?ADT=1&TEEN=0&CHD=0&INF=0&Origin=CTA&Destination=FCO&promoCode=&IncludeConnectingFlights=false&DateOut=2026-09-25&FlexDaysBeforeOut=0&FlexDaysOut=6&RoundTrip=false&ToUs=AGREED,2026-09-07T12:47:27.474Z
CTA-FCO,2026-09-26,64.99,08:40,10:10,Ryanair,FR1171,5,Malta Air,ryanair_booking_api,https://www.ryanair.com/api/booking/v4/it-it/availability?ADT=1&TEEN=0&CHD=0&INF=0&Origin=CTA&Destination=FCO&promoCode=&IncludeConnectingFlights=false&DateOut=2026-09-25&FlexDaysBeforeOut=0&FlexDaysOut=6&RoundTrip=false&ToUs=AGREED,2026-09-07T12:47:27.474Z
CTA-FCO,2026-09-26,64.99,12:00,13:30,Ryanair,FR4851,3,Malta Air,ryanair_booking_api,https://www.ryanair.com/api/booking/v4/it-it/availability?ADT=1&TEEN=0&CHD=0&INF=0&Origin=CTA&Destination=FCO&promoCode=&IncludeConnectingFlights=false&DateOut=2026-09-25&FlexDaysBeforeOut=0&FlexDaysOut=6&RoundTrip=false&ToUs=AGREED,2026-09-07T12:47:27.474Z
CTA-FCO,2026-09-26,59.99,15:35,17:05,Ryanair,FR4892,4,Malta Air,ryanair_booking_api,https://www.ryanair.com/api/booking/v4/it-it/availability?ADT=1&TEEN=0&CHD=0&INF=0&Origin=CTA&Destination=FCO&promoCode=&IncludeConnectingFlights=false&DateOut=2026-09-25&FlexDaysBeforeOut=0&FlexDaysOut=6&RoundTrip=false&ToUs=AGREED,2026-09-07T12:47:27.474Z
CTA-FCO,2026-09-26,45.99,20:20,21:50,Ryanair,FR4860,2,Malta Air,ryanair_booking_api,https://www.ryanair.com/api/booking/v4/it-it/availability?ADT=1&TEEN=0&CHD=0&INF=0&Origin=CTA&Destination=FCO&promoCode=&IncludeConnectingFlights=false&DateOut=2026-09-25&FlexDaysBeforeOut=0&FlexDaysOut=6&RoundTrip=false&ToUs=AGREED,2026-09-07T12:47:27.474Z
CTA-FCO,2026-09-26,17.7,23:10,00:40,Ryanair,FR4857,-1,Malta Air,ryanair_booking_api,https://www.ryanair.com/api/booking/v4/it-it/availability?ADT=1&TEEN=0&CHD=0&INF=0&Origin=CTA&Destination=FCO&promoCode=&IncludeConnectingFlights=false&DateOut=2026-09-25&FlexDaysBeforeOut=0&FlexDaysOut=6&RoundTrip=false&ToUs=AGREED,2026-09-07T12:47:27.474Z
CTA-FCO,2026-09-27,31.99,06:45,08:15,Ryanair,FR4871,2,Malta Air,ryanair_booking_api,https://www.ryanair.com/api/booking/v4/it-it/availability?ADT=1&TEEN=0&CHD=0&INF=0&Origin=CTA&Destination=FCO&promoCode=&IncludeConnectingFlights=false&DateOut=2026-09-25&FlexDaysBeforeOut=0&FlexDaysOut=6&RoundTrip=false&ToUs=AGREED,2026-09-07T12:47:27.474Z
CTA-FCO,2026-09-27,41.99,07:50,09:20,Ryanair,FR1171,3,Malta Air,ryanair_booking_api,https://www.ryanair.com/api/booking/v4/it-it/availability?ADT=1&TEEN=0&CHD=0&INF=0&Origin=CTA&Destination=FCO&promoCode=&IncludeConnectingFlights=false&DateOut=2026-09-25&FlexDaysBeforeOut=0&FlexDaysOut=6&RoundTrip=false&ToUs=AGREED,2026-09-07T12:47:27.474Z
CTA-FCO,2026-09-27,69.99,09:45,11:15,Ryanair,FR4892,3,Malta Air,ryanair_booking_api,https://www.ryanair.com/api/booking/v4/it-it/availability?ADT=1&TEEN=0&CHD=0&INF=0&Origin=CTA&Destination=FCO&promoCode=&IncludeConnectingFlights=false&DateOut=2026-09-25&FlexDaysBeforeOut=0&FlexDaysOut=6&RoundTrip=false&ToUs=AGREED,2026-09-07T12:47:27.474Z
CTA-FCO,2026-09-27,91.34,14:05,15:35,Ryanair,FR4851,1,Malta Air,ryanair_booking_api,https://www.ryanair.com/api/booking/v4/it-it/availability?ADT=1&TEEN=0&CHD=0&INF=0&Origin=CTA&Destination=FCO&promoCode=&IncludeConnectingFlights=false&DateOut=2026-09-25&FlexDaysBeforeOut=0&FlexDaysOut=6&RoundTrip=false&ToUs=AGREED,2026-09-07T12:47:27.474Z
CTA-FCO,2026-09-27,72.99,17:35,19:05,Ryanair,FR4855,-1,Malta Air,ryanair_booking_api,https://www.ryanair.com/api/booking/v4/it-it/availability?ADT=1&TEEN=0&CHD=0&INF=0&Origin=CTA&Destination=FCO&promoCode=&IncludeConnectingFlights=false&DateOut=2026-09-25&FlexDaysBeforeOut=0&FlexDaysOut=6&RoundTrip=false&ToUs=AGREED,2026-09-07T12:47:27.474Z
CTA-FCO,2026-09-27,91.99,18:10,19:40,Ryanair,FR4930,2,Malta Air,ryanair_booking_api,https://www.ryanair.com/api/booking/v4/it-it/availability?ADT=1&TEEN=0&CHD=0&INF=0&Origin=CTA&Destination=FCO&promoCode=&IncludeConnectingFlights=false&DateOut=2026-09-25&FlexDaysBeforeOut=0&FlexDaysOut=6&RoundTrip=false&ToUs=AGREED,2026-09-07T12:47:27.474Z
CTA-FCO,2026-09-27,44.99,23:20,00:50,Ryanair,FR4860,2,Malta Air,ryanair_booking_api,https://www.ryanair.com/api/booking/v4/it-it/availability?ADT=1&TEEN=0&CHD=0&INF=0&Origin=CTA&Destination=FCO&promoCode=&IncludeConnectingFlights=false&DateOut=2026-09-25&FlexDaysBeforeOut=0&FlexDaysOut=6&RoundTrip=false&ToUs=AGREED,2026-09-07T12:47:27.474Z
CTA-FCO,2026-09-28,39.99,06:10,07:40,Ryanair,FR4871,4,Malta Air,ryanair_booking_api,https://www.ryanair.com/api/booking/v4/it-it/availability?ADT=1&TEEN=0&CHD=0&INF=0&Origin=CTA&Destination=FCO&promoCode=&IncludeConnectingFlights=false&DateOut=2026-09-25&FlexDaysBeforeOut=0&FlexDaysOut=6&RoundTrip=false&ToUs=AGREED,2026-09-07T12:47:27.474Z
CTA-FCO,2026-09-28,62.99,08:00,09:30,Ryanair,FR1171,3,Malta Air,ryanair_booking_api,https://www.ryanair.com/api/booking/v4/it-it/availability?ADT=1&TEEN=0&CHD=0&INF=0&Origin=CTA&Destination=FCO&promoCode=&IncludeConnectingFlights=false&DateOut=2026-09-25&FlexDaysBeforeOut=0&FlexDaysOut=6&RoundTrip=false&ToUs=AGREED,2026-09-07T12:47:27.474Z
CTA-FCO,2026-09-28,35.99,13:45,15:15,Ryanair,FR4855,3,Malta Air,ryanair_booking_api,https://www.ryanair.com/api/booking/v4/it-it/availability?ADT=1&TEEN=0&CHD=0&INF=0&Origin=CTA&Destination=FCO&promoCode=&IncludeConnectingFlights=false&DateOut=2026-09-25&FlexDaysBeforeOut=0&FlexDaysOut=6&RoundTrip=false&ToUs=AGREED,2026-09-07T12:47:27.474Z
CTA-FCO,2026-09-28,51.76,17:50,19:20,Ryanair,FR4857,5,Malta Air,ryanair_booking_api,https://www.ryanair.com/api/booking/v4/it-it/availability?ADT=1&TEEN=0&CHD=0&INF=0&Origin=CTA&Destination=FCO&promoCode=&IncludeConnectingFlights=false&DateOut=2026-09-25&FlexDaysBeforeOut=0&FlexDaysOut=6&RoundTrip=false&ToUs=AGREED,2026-09-07T12:47:27.474Z
CTA-FCO,2026-09-28,43.99,18:25,19:55,Ryanair,FR4892,4,Malta Air,ryanair_booking_api,https://www.ryanair.com/api/booking/v4/it-it/availability?ADT=1&TEEN=0&CHD=0&INF=0&Origin=CTA&Destination=FCO&promoCode=&IncludeConnectingFlights=false&DateOut=2026-09-25&FlexDaysBeforeOut=0&FlexDaysOut=6&RoundTrip=false&ToUs=AGREED,2026-09-07T12:47:27.474Z
CTA-FCO,2026-09-29,23.99,06:50,08:20,Ryanair,FR4871,2,Malta Air,ryanair_booking_api,https://www.ryanair.com/api/booking/v4/it-it/availability?ADT=1&TEEN=0&CHD=0&INF=0&Origin=CTA&Destination=FCO&promoCode=&IncludeConnectingFlights=false&DateOut=2026-09-25&FlexDaysBeforeOut=0&FlexDaysOut=6&RoundTrip=false&ToUs=AGREED,2026-09-07T12:47:27.474Z
CTA-FCO,2026-09-29,21.99,08:20,09:50,Ryanair,FR1171,3,Malta Air,ryanair_booking_api,https://www.ryanair.com/api/booking/v4/it-it/availability?ADT=1&TEEN=0&CHD=0&INF=0&Origin=CTA&Destination=FCO&promoCode=&IncludeConnectingFlights=false&DateOut=2026-09-25&FlexDaysBeforeOut=0&FlexDaysOut=6&RoundTrip=false&ToUs=AGREED,2026-09-07T12:47:27.474Z
CTA-FCO,2026-09-29,29.08,11:50,13:20,Ryanair,FR4851,-1,Malta Air,ryanair_booking_api,https://www.ryanair.com/api/booking/v4/it-it/availability?ADT=1&TEEN=0&CHD=0&INF=0&Origin=CTA&Destination=FCO&promoCode=&IncludeConnectingFlights=false&DateOut=2026-09-25&FlexDaysBeforeOut=0&FlexDaysOut=6&RoundTrip=false&ToUs=AGREED,2026-09-07T12:47:27.474Z
CTA-FCO,2026-09-29,25.99,13:15,14:45,Ryanair,FR4855,4,Malta Air,ryanair_booking_api,https://www.ryanair.com/api/booking/v4/it-it/availability?ADT=1&TEEN=0&CHD=0&INF=0&Origin=CTA&Destination=FCO&promoCode=&IncludeConnectingFlights=false&DateOut=2026-09-25&FlexDaysBeforeOut=0&FlexDaysOut=6&RoundTrip=false&ToUs=AGREED,2026-09-07T12:47:27.474Z
CTA-FCO,2026-09-29,29.59,15:00,16:30,Ryanair,FR4892,-1,Malta Air,ryanair_booking_api,https://www.ryanair.com/api/booking/v4/it-it/availability?ADT=1&TEEN=0&CHD=0&INF=0&Origin=CTA&Destination=FCO&promoCode=&IncludeConnectingFlights=false&DateOut=2026-09-25&FlexDaysBeforeOut=0&FlexDaysOut=6&RoundTrip=false&ToUs=AGREED,2026-09-07T12:47:27.474Z
CTA-FCO,2026-09-29,36.96,17:20,18:50,Ryanair,FR4930,1,Malta Air,ryanair_booking_api,https://www.ryanair.com/api/booking/v4/it-it/availability?ADT=1&TEEN=0&CHD=0&INF=0&Origin=CTA&Destination=FCO&promoCode=&IncludeConnectingFlights=false&DateOut=2026-09-25&FlexDaysBeforeOut=0&FlexDaysOut=6&RoundTrip=false&ToUs=AGREED,2026-09-07T12:47:27.474Z
CTA-FCO,2026-09-29,18.35,22:55,00:25,Ryanair,FR4860,-1,Malta Air,ryanair_booking_api,https://www.ryanair.com/api/booking/v4/it-it/availability?ADT=1&TEEN=0&CHD=0&INF=0&Origin=CTA&Destination=FCO&promoCode=&IncludeConnectingFlights=false&DateOut=2026-09-25&FlexDaysBeforeOut=0&FlexDaysOut=6&RoundTrip=false&ToUs=AGREED,2026-09-07T12:47:27.474Z
CTA-FCO,2026-09-30,18.67,05:45,07:15,Ryanair,FR4871,-1,Malta Air,ryanair_booking_api,https://www.ryanair.com/api/booking/v4/it-it/availability?ADT=1&TEEN=0&CHD=0&INF=0&Origin=CTA&Destination=FCO&promoCode=&IncludeConnectingFlights=false&DateOut=2026-09-25&FlexDaysBeforeOut=0&FlexDaysOut=6&RoundTrip=false&ToUs=AGREED,2026-09-07T12:47:27.474Z
CTA-FCO,2026-09-30,29.08,08:10,09:40,Ryanair,FR1171,-1,Malta Air,ryanair_booking_api,https://www.ryanair.com/api/booking/v4/it-it/availability?ADT=1&TEEN=0&CHD=0&INF=0&Origin=CTA&Destination=FCO&promoCode=&IncludeConnectingFlights=false&DateOut=2026-09-25&FlexDaysBeforeOut=0&FlexDaysOut=6&RoundTrip=false&ToUs=AGREED,2026-09-07T12:47:27.474Z
CTA-FCO,2026-09-30,32.99,11:35,13:05,Ryanair,FR4892,3,Malta Air,ryanair_booking_api,https://www.ryanair.com/api/booking/v4/it-it/availability?ADT=1&TEEN=0&CHD=0&INF=0&Origin=CTA&Destination=FCO&promoCode=&IncludeConnectingFlights=false&DateOut=2026-09-25&FlexDaysBeforeOut=0&FlexDaysOut=6&RoundTrip=false&ToUs=AGREED,2026-09-07T12:47:27.474Z
CTA-FCO,2026-09-30,31.64,12:50,14:20,Ryanair,FR4930,-1,Malta Air,ryanair_booking_api,https://www.ryanair.com/api/booking/v4/it-it/availability?ADT=1&TEEN=0&CHD=0&INF=0&Origin=CTA&Destination=FCO&promoCode=&IncludeConnectingFlights=false&DateOut=2026-09-25&FlexDaysBeforeOut=0&FlexDaysOut=6&RoundTrip=false&ToUs=AGREED,2026-09-07T12:47:27.474Z
CTA-FCO,2026-09-30,33.99,17:45,19:15,Ryanair,FR4851,2,Malta Air,ryanair_booking_api,https://www.ryanair.com/api/booking/v4/it-it/availability?ADT=1&TEEN=0&CHD=0&INF=0&Origin=CTA&Destination=FCO&promoCode=&IncludeConnectingFlights=false&DateOut=2026-09-25&FlexDaysBeforeOut=0&FlexDaysOut=6&RoundTrip=false&ToUs=AGREED,2026-09-07T12:47:27.474Z
CTA-FCO,2026-09-30,23.99,20:00,21:30,Ryanair,FR4855,2,Malta Air,ryanair_booking_api,https://www.ryanair.com/api/booking/v4/it-it/availability?ADT=1&TEEN=0&CHD=0&INF=0&Origin=CTA&Destination=FCO&promoCode=&IncludeConnectingFlights=false&DateOut=2026-09-25&FlexDaysBeforeOut=0&FlexDaysOut=6&RoundTrip=false&ToUs=AGREED,2026-09-07T12:47:27.474Z
CTA-FCO,2026-09-30,14.99,23:00,00:30,Ryanair,FR4857,3,Malta Air,ryanair_booking_api,https://www.ryanair.com/api/booking/v4/it-it/availability?ADT=1&TEEN=0&CHD=0&INF=0&Origin=CTA&Destination=FCO&promoCode=&IncludeConnectingFlights=false&DateOut=2026-09-25&FlexDaysBeforeOut=0&FlexDaysOut=6&RoundTrip=false&ToUs=AGREED,2026-09-07T12:47:27.474Z
CTA-FCO,2026-10-01,21.99,06:35,08:05,Ryanair,FR4871,5,Malta Air,ryanair_booking_api,https://www.ryanair.com/api/booking/v4/it-it/availability?ADT=1&TEEN=0&CHD=0&INF=0&Origin=CTA&Destination=FCO&promoCode=&IncludeConnectingFlights=false&DateOut=2026-09-25&FlexDaysBeforeOut=0&FlexDaysOut=6&RoundTrip=false&ToUs=AGREED,2026-09-07T12:47:27.474Z
CTA-FCO,2026-10-01,26.26,07:50,09:20,Ryanair,FR1171,-1,Malta Air,ryanair_booking_api,https://www.ryanair.com/api/booking/v4/it-it/availability?ADT=1&TEEN=0&CHD=0&INF=0&Origin=CTA&Destination=FCO&promoCode=&IncludeConnectingFlights=false&DateOut=2026-09-25&FlexDaysBeforeOut=0&FlexDaysOut=6&RoundTrip=false&ToUs=AGREED,2026-09-07T12:47:27.474Z
CTA-FCO,2026-10-01,33.99,11:50,13:20,Ryanair,FR4851,3,Malta Air,ryanair_booking_api,https://www.ryanair.com/api/booking/v4/it-it/availability?ADT=1&TEEN=0&CHD=0&INF=0&Origin=CTA&Destination=FCO&promoCode=&IncludeConnectingFlights=false&DateOut=2026-09-25&FlexDaysBeforeOut=0&FlexDaysOut=6&RoundTrip=false&ToUs=AGREED,2026-09-07T12:47:27.474Z
CTA-FCO,2026-10-01,29.99,14:30,16:00,Ryanair,FR4855,4,Malta Air,ryanair_booking_api,https://www.ryanair.com/api/booking/v4/it-it/availability?ADT=1&TEEN=0&CHD=0&INF=0&Origin=CTA&Destination=FCO&promoCode=&IncludeConnectingFlights=false&DateOut=2026-09-25&FlexDaysBeforeOut=0&FlexDaysOut=6&RoundTrip=false&ToUs=AGREED,2026-09-07T12:47:27.474Z
CTA-FCO,2026-10-01,32.97,15:40,17:10,Ryanair,FR4892,-1,Malta Air,ryanair_booking_api,https://www.ryanair.com/api/booking/v4/it-it/availability?ADT=1&TEEN=0&CHD=0&INF=0&Origin=CTA&Destination=FCO&promoCode=&IncludeConnectingFlights=false&DateOut=2026-09-25&FlexDaysBeforeOut=0&FlexDaysOut=6&RoundTrip=false&ToUs=AGREED,2026-09-07T12:47:27.474Z
CTA-FCO,2026-10-01,28.0,23:10,00:40,Ryanair,FR4857,5,Malta Air,ryanair_booking_api,https://www.ryanair.com/api/booking/v4/it-it/availability?ADT=1&TEEN=0&CHD=0&INF=0&Origin=CTA&Destination=FCO&promoCode=&IncludeConnectingFlights=false&DateOut=2026-09-25&FlexDaysBeforeOut=0&FlexDaysOut=6&RoundTrip=false&ToUs=AGREED,2026-09-07T12:47:27.474Z
CTA-FCO,2026-10-02,29.99,06:15,07:45,Ryanair,FR4860,3,Malta Air,ryanair_booking_api,https://www.ryanair.com/api/booking/v4/it-it/availability?ADT=1&TEEN=0&CHD=0&INF=0&Origin=CTA&Destination=FCO&promoCode=&IncludeConnectingFlights=false&DateOut=2026-10-02&FlexDaysBeforeOut=0&FlexDaysOut=6&RoundTrip=false&ToUs=AGREED,2026-09-07T12:47:29.017Z
CTA-FCO,2026-10-02,46.99,08:00,09:30,Ryanair,FR1171,4,Malta Air,ryanair_booking_api,https://www.ryanair.com/api/booking/v4/it-it/availability?ADT=1&TEEN=0&CHD=0&INF=0&Origin=CTA&Destination=FCO&promoCode=&IncludeConnectingFlights=false&DateOut=2026-10-02&FlexDaysBeforeOut=0&FlexDaysOut=6&RoundTrip=false&ToUs=AGREED,2026-09-07T12:47:29.017Z
CTA-FCO,2026-10-02,61.0,11:55,13:25,Ryanair,FR4851,5,Malta Air,ryanair_booking_api,https://www.ryanair.com/api/booking/v4/it-it/availability?ADT=1&TEEN=0&CHD=0&INF=0&Origin=CTA&Destination=FCO&promoCode=&IncludeConnectingFlights=false&DateOut=2026-10-02&FlexDaysBeforeOut=0&FlexDaysOut=6&RoundTrip=false&ToUs=AGREED,2026-09-07T12:47:29.017Z
CTA-FCO,2026-10-02,50.99,15:40,17:10,Ryanair,FR4871,5,Malta Air,ryanair_booking_api,https://www.ryanair.com/api/booking/v4/it-it/availability?ADT=1&TEEN=0&CHD=0&INF=0&Origin=CTA&Destination=FCO&promoCode=&IncludeConnectingFlights=false&DateOut=2026-10-02&FlexDaysBeforeOut=0&FlexDaysOut=6&RoundTrip=false&ToUs=AGREED,2026-09-07T12:47:29.017Z
CTA-FCO,2026-10-02,37.98,18:10,19:40,Ryanair,FR4892,-1,Malta Air,ryanair_booking_api,https://www.ryanair.com/api/booking/v4/it-it/availability?ADT=1&TEEN=0&CHD=0&INF=0&Origin=CTA&Destination=FCO&promoCode=&IncludeConnectingFlights=false&DateOut=2026-10-02&FlexDaysBeforeOut=0&FlexDaysOut=6&RoundTrip=false&ToUs=AGREED,2026-09-07T12:47:29.017Z
CTA-FCO,2026-10-02,14.99,22:45,00:15,Ryanair,FR4857,5,Malta Air,ryanair_booking_api,https://www.ryanair.com/api/booking/v4/it-it/availability?ADT=1&TEEN=0&CHD=0&INF=0&Origin=CTA&Destination=FCO&promoCode=&IncludeConnectingFlights=false&DateOut=2026-10-02&FlexDaysBeforeOut=0&FlexDaysOut=6&RoundTrip=false&ToUs=AGREED,2026-09-07T12:47:29.017Z
CTA-FCO,2026-10-03,45.64,06:00,07:30,Ryanair,FR4871,-1,Malta Air,ryanair_booking_api,https://www.ryanair.com/api/booking/v4/it-it/availability?ADT=1&TEEN=0&CHD=0&INF=0&Origin=CTA&Destination=FCO&promoCode=&IncludeConnectingFlights=false&DateOut=2026-10-02&FlexDaysBeforeOut=0&FlexDaysOut=6&RoundTrip=false&ToUs=AGREED,2026-09-07T12:47:29.017Z
CTA-FCO,2026-10-03,37.98,08:40,10:10,Ryanair,FR1171,-1,Malta Air,ryanair_booking_api,https://www.ryanair.com/api/booking/v4/it-it/availability?ADT=1&TEEN=0&CHD=0&INF=0&Origin=CTA&Destination=FCO&promoCode=&IncludeConnectingFlights=false&DateOut=2026-10-02&FlexDaysBeforeOut=0&FlexDaysOut=6&RoundTrip=false&ToUs=AGREED,2026-09-07T12:47:29.017Z
CTA-FCO,2026-10-03,47.47,12:00,13:30,Ryanair,FR4851,-1,Malta Air,ryanair_booking_api,https://www.ryanair.com/api/booking/v4/it-it/availability?ADT=1&TEEN=0&CHD=0&INF=0&Origin=CTA&Destination=FCO&promoCode=&IncludeConnectingFlights=false&DateOut=2026-10-02&FlexDaysBeforeOut=0&FlexDaysOut=6&RoundTrip=false&ToUs=AGREED,2026-09-07T12:47:29.017Z
CTA-FCO,2026-10-03,37.98,15:35,17:05,Ryanair,FR4892,-1,Malta Air,ryanair_booking_api,https://www.ryanair.com/api/booking/v4/it-it/availability?ADT=1&TEEN=0&CHD=0&INF=0&Origin=CTA&Destination=FCO&promoCode=&IncludeConnectingFlights=false&DateOut=2026-10-02&FlexDaysBeforeOut=0&FlexDaysOut=6&RoundTrip=false&ToUs=AGREED,2026-09-07T12:47:29.017Z
CTA-FCO,2026-10-03,33.69,20:20,21:50,Ryanair,FR4860,-1,Malta Air,ryanair_booking_api,https://www.ryanair.com/api/booking/v4/it-it/availability?ADT=1&TEEN=0&CHD=0&INF=0&Origin=CTA&Destination=FCO&promoCode=&IncludeConnectingFlights=false&DateOut=2026-10-02&FlexDaysBeforeOut=0&FlexDaysOut=6&RoundTrip=false&ToUs=AGREED,2026-09-07T12:47:29.017Z
CTA-FCO,2026-10-03,14.99,23:10,00:40,Ryanair,FR4857,3,Malta Air,ryanair_booking_api,https://www.ryanair.com/api/booking/v4/it-it/availability?ADT=1&TEEN=0&CHD=0&INF=0&Origin=CTA&Destination=FCO&promoCode=&IncludeConnectingFlights=false&DateOut=2026-10-02&FlexDaysBeforeOut=0&FlexDaysOut=6&RoundTrip=false&ToUs=AGREED,2026-09-07T12:47:29.017Z
CTA-FCO,2026-10-04,14.99,06:45,08:15,Ryanair,FR4871,-1,Malta Air,ryanair_booking_api,https://www.ryanair.com/api/booking/v4/it-it/availability?ADT=1&TEEN=0&CHD=0&INF=0&Origin=CTA&Destination=FCO&promoCode=&IncludeConnectingFlights=false&DateOut=2026-10-02&FlexDaysBeforeOut=0&FlexDaysOut=6&RoundTrip=false&ToUs=AGREED,2026-09-07T12:47:29.017Z
CTA-FCO,2026-10-04,26.9,07:50,09:20,Ryanair,FR1171,-1,Malta Air,ryanair_booking_api,https://www.ryanair.com/api/booking/v4/it-it/availability?ADT=1&TEEN=0&CHD=0&INF=0&Origin=CTA&Destination=FCO&promoCode=&IncludeConnectingFlights=false&DateOut=2026-10-02&FlexDaysBeforeOut=0&FlexDaysOut=6&RoundTrip=false&ToUs=AGREED,2026-09-07T12:47:29.017Z
CTA-FCO,2026-10-04,29.99,09:45,11:15,Ryanair,FR4892,3,Malta Air,ryanair_booking_api,https://www.ryanair.com/api/booking/v4/it-it/availability?ADT=1&TEEN=0&CHD=0&INF=0&Origin=CTA&Destination=FCO&promoCode=&IncludeConnectingFlights=false&DateOut=2026-10-02&FlexDaysBeforeOut=0&FlexDaysOut=6&RoundTrip=false&ToUs=AGREED,2026-09-07T12:47:29.017Z
CTA-FCO,2026-10-04,39.0,14:05,15:35,Ryanair,FR4851,5,Malta Air,ryanair_booking_api,https://www.ryanair.com/api/booking/v4/it-it/availability?ADT=1&TEEN=0&CHD=0&INF=0&Origin=CTA&Destination=FCO&promoCode=&IncludeConnectingFlights=false&DateOut=2026-10-02&FlexDaysBeforeOut=0&FlexDaysOut=6&RoundTrip=false&ToUs=AGREED,2026-09-07T12:47:29.017Z
CTA-FCO,2026-10-04,57.09,17:35,19:05,Ryanair,FR4855,-1,Malta Air,ryanair_booking_api,https://www.ryanair.com/api/booking/v4/it-it/availability?ADT=1&TEEN=0&CHD=0&INF=0&Origin=CTA&Destination=FCO&promoCode=&IncludeConnectingFlights=false&DateOut=2026-10-02&FlexDaysBeforeOut=0&FlexDaysOut=6&RoundTrip=false&ToUs=AGREED,2026-09-07T12:47:29.017Z
CTA-FCO,2026-10-04,54.99,18:10,19:40,Ryanair,FR4930,3,Malta Air,ryanair_booking_api,https://www.ryanair.com/api/booking/v4/it-it/availability?ADT=1&TEEN=0&CHD=0&INF=0&Origin=CTA&Destination=FCO&promoCode=&IncludeConnectingFlights=false&DateOut=2026-10-02&FlexDaysBeforeOut=0&FlexDaysOut=6&RoundTrip=false&ToUs=AGREED,2026-09-07T12:47:29.017Z
CTA-FCO,2026-10-04,57.09,23:20,00:50,Ryanair,FR4860,-1,Malta Air,ryanair_booking_api,https://www.ryanair.com/api/booking/v4/it-it/availability?ADT=1&TEEN=0&CHD=0&INF=0&Origin=CTA&Destination=FCO&promoCode=&IncludeConnectingFlights=false&DateOut=2026-10-02&FlexDaysBeforeOut=0&FlexDaysOut=6&RoundTrip=false&ToUs=AGREED,2026-09-07T12:47:29.017Z
CTA-FCO,2026-10-05,24.99,06:10,07:40,Ryanair,FR4871,5,Malta Air,ryanair_booking_api,https://www.ryanair.com/api/booking/v4/it-it/availability?ADT=1&TEEN=0&CHD=0&INF=0&Origin=CTA&Destination=FCO&promoCode=&IncludeConnectingFlights=false&DateOut=2026-10-02&FlexDaysBeforeOut=0&FlexDaysOut=6&RoundTrip=false&ToUs=AGREED,2026-09-07T12:47:29.017Z
CTA-FCO,2026-10-05,37.14,08:00,09:30,Ryanair,FR1171,-1,Malta Air,ryanair_booking_api,https://www.ryanair.com/api/booking/v4/it-it/availability?ADT=1&TEEN=0&CHD=0&INF=0&Origin=CTA&Destination=FCO&promoCode=&IncludeConnectingFlights=false&DateOut=2026-10-02&FlexDaysBeforeOut=0&FlexDaysOut=6&RoundTrip=false&ToUs=AGREED,2026-09-07T12:47:29.017Z
CTA-FCO,2026-10-05,44.72,13:45,15:15,Ryanair,FR4855,-1,Malta Air,ryanair_booking_api,https://www.ryanair.com/api/booking/v4/it-it/availability?ADT=1&TEEN=0&CHD=0&INF=0&Origin=CTA&Destination=FCO&promoCode=&IncludeConnectingFlights=false&DateOut=2026-10-02&FlexDaysBeforeOut=0&FlexDaysOut=6&RoundTrip=false&ToUs=AGREED,2026-09-07T12:47:29.017Z
CTA-FCO,2026-10-05,48.99,17:50,19:20,Ryanair,FR4857,5,Malta Air,ryanair_booking_api,https://www.ryanair.com/api/booking/v4/it-it/availability?ADT=1&TEEN=0&CHD=0&INF=0&Origin=CTA&Destination=FCO&promoCode=&IncludeConnectingFlights=false&DateOut=2026-10-02&FlexDaysBeforeOut=0&FlexDaysOut=6&RoundTrip=false&ToUs=AGREED,2026-09-07T12:47:29.017Z
CTA-FCO,2026-10-05,42.99,18:25,19:55,Ryanair,FR4892,4,Malta Air,ryanair_booking_api,https://www.ryanair.com/api/booking/v4/it-it/availability?ADT=1&TEEN=0&CHD=0&INF=0&Origin=CTA&Destination=FCO&promoCode=&IncludeConnectingFlights=false&DateOut=2026-10-02&FlexDaysBeforeOut=0&FlexDaysOut=6&RoundTrip=false&ToUs=AGREED,2026-09-07T12:47:29.017Z
CTA-FCO,2026-10-06,25.99,06:50,08:20,Ryanair,FR4871,2,Malta Air,ryanair_booking_api,https://www.ryanair.com/api/booking/v4/it-it/availability?ADT=1&TEEN=0&CHD=0&INF=0&Origin=CTA&Destination=FCO&promoCode=&IncludeConnectingFlights=false&DateOut=2026-10-02&FlexDaysBeforeOut=0&FlexDaysOut=6&RoundTrip=false&ToUs=AGREED,2026-09-07T12:47:29.017Z
CTA-FCO,2026-10-06,26.99,08:20,09:50,Ryanair,FR1171,5,Malta Air,ryanair_booking_api,https://www.ryanair.com/api/booking/v4/it-it/availability?ADT=1&TEEN=0&CHD=0&INF=0&Origin=CTA&Destination=FCO&promoCode=&IncludeConnectingFlights=false&DateOut=2026-10-02&FlexDaysBeforeOut=0&FlexDaysOut=6&RoundTrip=false&ToUs=AGREED,2026-09-07T12:47:29.017Z
CTA-FCO,2026-10-06,29.99,11:50,13:20,Ryanair,FR4851,3,Malta Air,ryanair_booking_api,https://www.ryanair.com/api/booking/v4/it-it/availability?ADT=1&TEEN=0&CHD=0&INF=0&Origin=CTA&Destination=FCO&promoCode=&IncludeConnectingFlights=false&DateOut=2026-10-02&FlexDaysBeforeOut=0&FlexDaysOut=6&RoundTrip=false&ToUs=AGREED,2026-09-07T12:47:29.017Z
CTA-FCO,2026-10-06,26.81,13:15,14:45,Ryanair,FR4855,1,Malta Air,ryanair_booking_api,https://www.ryanair.com/api/booking/v4/it-it/availability?ADT=1&TEEN=0&CHD=0&INF=0&Origin=CTA&Destination=FCO&promoCode=&IncludeConnectingFlights=false&DateOut=2026-10-02&FlexDaysBeforeOut=0&FlexDaysOut=6&RoundTrip=false&ToUs=AGREED,2026-09-07T12:47:29.017Z
CTA-FCO,2026-10-06,30.99,15:00,16:30,Ryanair,FR4892,-1,Malta Air,ryanair_booking_api,https://www.ryanair.com/api/booking/v4/it-it/availability?ADT=1&TEEN=0&CHD=0&INF=0&Origin=CTA&Destination=FCO&promoCode=&IncludeConnectingFlights=false&DateOut=2026-10-02&FlexDaysBeforeOut=0&FlexDaysOut=6&RoundTrip=false&ToUs=AGREED,2026-09-07T12:47:29.017Z
CTA-FCO,2026-10-06,26.3,17:20,18:50,Ryanair,FR4930,-1,Malta Air,ryanair_booking_api,https://www.ryanair.com/api/booking/v4/it-it/availability?ADT=1&TEEN=0&CHD=0&INF=0&Origin=CTA&Destination=FCO&promoCode=&IncludeConnectingFlights=false&DateOut=2026-10-02&FlexDaysBeforeOut=0&FlexDaysOut=6&RoundTrip=false&ToUs=AGREED,2026-09-07T12:47:29.017Z
CTA-FCO,2026-10-06,18.35,22:55,00:25,Ryanair,FR4860,-1,Malta Air,ryanair_booking_api,https://www.ryanair.com/api/booking/v4/it-it/availability?ADT=1&TEEN=0&CHD=0&INF=0&Origin=CTA&Destination=FCO&promoCode=&IncludeConnectingFlights=false&DateOut=2026-10-02&FlexDaysBeforeOut=0&FlexDaysOut=6&RoundTrip=false&ToUs=AGREED,2026-09-07T12:47:29.017Z
CTA-FCO,2026-10-07,24.99,05:45,07:15,Ryanair,FR4871,2,Malta Air,ryanair_booking_api,https://www.ryanair.com/api/booking/v4/it-it/availability?ADT=1&TEEN=0&CHD=0&INF=0&Origin=CTA&Destination=FCO&promoCode=&IncludeConnectingFlights=false&DateOut=2026-10-02&FlexDaysBeforeOut=0&FlexDaysOut=6&RoundTrip=false&ToUs=AGREED,2026-09-07T12:47:29.017Z
CTA-FCO,2026-10-07,24.99,08:10,09:40,Ryanair,FR1171,-1,Malta Air,ryanair_booking_api,https://www.ryanair.com/api/booking/v4/it-it/availability?ADT=1&TEEN=0&CHD=0&INF=0&Origin=CTA&Destination=FCO&promoCode=&IncludeConnectingFlights=false&DateOut=2026-10-02&FlexDaysBeforeOut=0&FlexDaysOut=6&RoundTrip=false&ToUs=AGREED,2026-09-07T12:47:29.017Z
CTA-FCO,2026-10-07,25.99,11:35,13:05,Ryanair,FR4892,-1,Malta Air,ryanair_booking_api,https://www.ryanair.com/api/booking/v4/it-it/availability?ADT=1&TEEN=0&CHD=0&INF=0&Origin=CTA&Destination=FCO&promoCode=&IncludeConnectingFlights=false&DateOut=2026-10-02&FlexDaysBeforeOut=0&FlexDaysOut=6&RoundTrip=false&ToUs=AGREED,2026-09-07T12:47:29.017Z
CTA-FCO,2026-10-07,26.81,12:50,14:20,Ryanair,FR4930,-1,Malta Air,ryanair_booking_api,https://www.ryanair.com/api/booking/v4/it-it/availability?ADT=1&TEEN=0&CHD=0&INF=0&Origin=CTA&Destination=FCO&promoCode=&IncludeConnectingFlights=false&DateOut=2026-10-02&FlexDaysBeforeOut=0&FlexDaysOut=6&RoundTrip=false&ToUs=AGREED,2026-09-07T12:47:29.017Z
CTA-FCO,2026-10-07,22.17,17:45,19:15,Ryanair,FR4851,-1,Malta Air,ryanair_booking_api,https://www.ryanair.com/api/booking/v4/it-it/availability?ADT=1&TEEN=0&CHD=0&INF=0&Origin=CTA&Destination=FCO&promoCode=&IncludeConnectingFlights=false&DateOut=2026-10-02&FlexDaysBeforeOut=0&FlexDaysOut=6&RoundTrip=false&ToUs=AGREED,2026-09-07T12:47:29.017Z
CTA-FCO,2026-10-07,15.08,20:00,21:30,Ryanair,FR4855,-1,Malta Air,ryanair_booking_api,https://www.ryanair.com/api/booking/v4/it-it/availability?ADT=1&TEEN=0&CHD=0&INF=0&Origin=CTA&Destination=FCO&promoCode=&IncludeConnectingFlights=false&DateOut=2026-10-02&FlexDaysBeforeOut=0&FlexDaysOut=6&RoundTrip=false&ToUs=AGREED,2026-09-07T12:47:29.017Z
CTA-FCO,2026-10-07,24.99,23:00,00:30,Ryanair,FR4857,4,Malta Air,ryanair_booking_api,https://www.ryanair.com/api/booking/v4/it-it/availability?ADT=1&TEEN=0&CHD=0&INF=0&Origin=CTA&Destination=FCO&promoCode=&IncludeConnectingFlights=false&DateOut=2026-10-02&FlexDaysBeforeOut=0&FlexDaysOut=6&RoundTrip=false&ToUs=AGREED,2026-09-07T12:47:29.017Z
CTA-FCO,2026-10-08,24.99,06:35,08:05,Ryanair,FR4871,5,Malta Air,ryanair_booking_api,https://www.ryanair.com/api/booking/v4/it-it/availability?ADT=1&TEEN=0&CHD=0&INF=0&Origin=CTA&Destination=FCO&promoCode=&IncludeConnectingFlights=false&DateOut=2026-10-02&FlexDaysBeforeOut=0&FlexDaysOut=6&RoundTrip=false&ToUs=AGREED,2026-09-07T12:47:29.017Z
CTA-FCO,2026-10-08,26.99,07:50,09:20,Ryanair,FR1171,5,Malta Air,ryanair_booking_api,https://www.ryanair.com/api/booking/v4/it-it/availability?ADT=1&TEEN=0&CHD=0&INF=0&Origin=CTA&Destination=FCO&promoCode=&IncludeConnectingFlights=false&DateOut=2026-10-02&FlexDaysBeforeOut=0&FlexDaysOut=6&RoundTrip=false&ToUs=AGREED,2026-09-07T12:47:29.017Z
CTA-FCO,2026-10-08,33.99,11:50,13:20,Ryanair,FR4851,1,Malta Air,ryanair_booking_api,https://www.ryanair.com/api/booking/v4/it-it/availability?ADT=1&TEEN=0&CHD=0&INF=0&Origin=CTA&Destination=FCO&promoCode=&IncludeConnectingFlights=false&DateOut=2026-10-02&FlexDaysBeforeOut=0&FlexDaysOut=6&RoundTrip=false&ToUs=AGREED,2026-09-07T12:47:29.017Z
CTA-FCO,2026-10-08,35.52,14:30,16:00,Ryanair,FR4855,3,Malta Air,ryanair_booking_api,https://www.ryanair.com/api/booking/v4/it-it/availability?ADT=1&TEEN=0&CHD=0&INF=0&Origin=CTA&Destination=FCO&promoCode=&IncludeConnectingFlights=false&DateOut=2026-10-02&FlexDaysBeforeOut=0&FlexDaysOut=6&RoundTrip=false&ToUs=AGREED,2026-09-07T12:47:29.017Z
CTA-FCO,2026-10-08,26.99,15:40,17:10,Ryanair,FR4892,2,Malta Air,ryanair_booking_api,https://www.ryanair.com/api/booking/v4/it-it/availability?ADT=1&TEEN=0&CHD=0&INF=0&Origin=CTA&Destination=FCO&promoCode=&IncludeConnectingFlights=false&DateOut=2026-10-02&FlexDaysBeforeOut=0&FlexDaysOut=6&RoundTrip=false&ToUs=AGREED,2026-09-07T12:47:29.017Z
CTA-FCO,2026-10-08,14.99,23:10,00:40,Ryanair,FR4857,5,Malta Air,ryanair_booking_api,https://www.ryanair.com/api/booking/v4/it-it/availability?ADT=1&TEEN=0&CHD=0&INF=0&Origin=CTA&Destination=FCO&promoCode=&IncludeConnectingFlights=false&DateOut=2026-10-02&FlexDaysBeforeOut=0&FlexDaysOut=6&RoundTrip=false&ToUs=AGREED,2026-09-07T12:47:29.017Z
CTA-FCO,2026-10-09,35.99,06:15,07:45,Ryanair,FR4860,3,Malta Air,ryanair_booking_api,https://www.ryanair.com/api/booking/v4/it-it/availability?ADT=1&TEEN=0&CHD=0&INF=0&Origin=CTA&Destination=FCO&promoCode=&IncludeConnectingFlights=false&DateOut=2026-10-09&FlexDaysBeforeOut=0&FlexDaysOut=6&RoundTrip=false&ToUs=AGREED,2026-09-07T12:47:30.554Z
CTA-FCO,2026-10-09,50.0,08:00,09:30,Ryanair,FR1171,5,Malta Air,ryanair_booking_api,https://www.ryanair.com/api/booking/v4/it-it/availability?ADT=1&TEEN=0&CHD=0&INF=0&Origin=CTA&Destination=FCO&promoCode=&IncludeConnectingFlights=false&DateOut=2026-10-09&FlexDaysBeforeOut=0&FlexDaysOut=6&RoundTrip=false&ToUs=AGREED,2026-09-07T12:47:30.554Z
CTA-FCO,2026-10-09,57.99,11:55,13:25,Ryanair,FR4851,5,Malta Air,ryanair_booking_api,https://www.ryanair.com/api/booking/v4/it-it/availability?ADT=1&TEEN=0&CHD=0&INF=0&Origin=CTA&Destination=FCO&promoCode=&IncludeConnectingFlights=false&DateOut=2026-10-09&FlexDaysBeforeOut=0&FlexDaysOut=6&RoundTrip=false&ToUs=AGREED,2026-09-07T12:47:30.554Z
CTA-FCO,2026-10-09,35.99,15:40,17:10,Ryanair,FR4871,2,Malta Air,ryanair_booking_api,https://www.ryanair.com/api/booking/v4/it-it/availability?ADT=1&TEEN=0&CHD=0&INF=0&Origin=CTA&Destination=FCO&promoCode=&IncludeConnectingFlights=false&DateOut=2026-10-09&FlexDaysBeforeOut=0&FlexDaysOut=6&RoundTrip=false&ToUs=AGREED,2026-09-07T12:47:30.554Z
CTA-FCO,2026-10-09,41.99,18:10,19:40,Ryanair,FR4892,1,Malta Air,ryanair_booking_api,https://www.ryanair.com/api/booking/v4/it-it/availability?ADT=1&TEEN=0&CHD=0&INF=0&Origin=CTA&Destination=FCO&promoCode=&IncludeConnectingFlights=false&DateOut=2026-10-09&FlexDaysBeforeOut=0&FlexDaysOut=6&RoundTrip=false&ToUs=AGREED,2026-09-07T12:47:30.554Z
CTA-FCO,2026-10-09,19.99,22:45,00:15,Ryanair,FR4857,3,Malta Air,ryanair_booking_api,https://www.ryanair.com/api/booking/v4/it-it/availability?ADT=1&TEEN=0&CHD=0&INF=0&Origin=CTA&Destination=FCO&promoCode=&IncludeConnectingFlights=false&DateOut=2026-10-09&FlexDaysBeforeOut=0&FlexDaysOut=6&RoundTrip=false&ToUs=AGREED,2026-09-07T12:47:30.554Z
CTA-FCO,2026-10-10,32.62,06:00,07:30,Ryanair,FR4871,-1,Malta Air,ryanair_booking_api,https://www.ryanair.com/api/booking/v4/it-it/availability?ADT=1&TEEN=0&CHD=0&INF=0&Origin=CTA&Destination=FCO&promoCode=&IncludeConnectingFlights=false&DateOut=2026-10-09&FlexDaysBeforeOut=0&FlexDaysOut=6&RoundTrip=false&ToUs=AGREED,2026-09-07T12:47:30.554Z
CTA-FCO,2026-10-10,35.99,08:40,10:10,Ryanair,FR1171,-1,Malta Air,ryanair_booking_api,https://www.ryanair.com/api/booking/v4/it-it/availability?ADT=1&TEEN=0&CHD=0&INF=0&Origin=CTA&Destination=FCO&promoCode=&IncludeConnectingFlights=false&DateOut=2026-10-09&FlexDaysBeforeOut=0&FlexDaysOut=6&RoundTrip=false&ToUs=AGREED,2026-09-07T12:47:30.554Z
CTA-FCO,2026-10-10,41.99,12:00,13:30,Ryanair,FR4851,3,Malta Air,ryanair_booking_api,https://www.ryanair.com/api/booking/v4/it-it/availability?ADT=1&TEEN=0&CHD=0&INF=0&Origin=CTA&Destination=FCO&promoCode=&IncludeConnectingFlights=false&DateOut=2026-10-09&FlexDaysBeforeOut=0&FlexDaysOut=6&RoundTrip=false&ToUs=AGREED,2026-09-07T12:47:30.554Z
CTA-FCO,2026-10-10,39.08,15:35,17:05,Ryanair,FR4892,-1,Malta Air,ryanair_booking_api,https://www.ryanair.com/api/booking/v4/it-it/availability?ADT=1&TEEN=0&CHD=0&INF=0&Origin=CTA&Destination=FCO&promoCode=&IncludeConnectingFlights=false&DateOut=2026-10-09&FlexDaysBeforeOut=0&FlexDaysOut=6&RoundTrip=false&ToUs=AGREED,2026-09-07T12:47:30.554Z
CTA-FCO,2026-10-10,28.99,20:20,21:50,Ryanair,FR4860,-1,Malta Air,ryanair_booking_api,https://www.ryanair.com/api/booking/v4/it-it/availability?ADT=1&TEEN=0&CHD=0&INF=0&Origin=CTA&Destination=FCO&promoCode=&IncludeConnectingFlights=false&DateOut=2026-10-09&FlexDaysBeforeOut=0&FlexDaysOut=6&RoundTrip=false&ToUs=AGREED,2026-09-07T12:47:30.554Z
CTA-FCO,2026-10-10,14.99,23:10,00:40,Ryanair,FR4857,2,Malta Air,ryanair_booking_api,https://www.ryanair.com/api/booking/v4/it-it/availability?ADT=1&TEEN=0&CHD=0&INF=0&Origin=CTA&Destination=FCO&promoCode=&IncludeConnectingFlights=false&DateOut=2026-10-09&FlexDaysBeforeOut=0&FlexDaysOut=6&RoundTrip=false&ToUs=AGREED,2026-09-07T12:47:30.554Z
CTA-FCO,2026-10-11,19.77,06:45,08:15,Ryanair,FR4871,-1,Malta Air,ryanair_booking_api,https://www.ryanair.com/api/booking/v4/it-it/availability?ADT=1&TEEN=0&CHD=0&INF=0&Origin=CTA&Destination=FCO&promoCode=&IncludeConnectingFlights=false&DateOut=2026-10-09&FlexDaysBeforeOut=0&FlexDaysOut=6&RoundTrip=false&ToUs=AGREED,2026-09-07T12:47:30.554Z
CTA-FCO,2026-10-11,34.07,07:50,09:20,Ryanair,FR1171,5,Malta Air,ryanair_booking_api,https://www.ryanair.com/api/booking/v4/it-it/availability?ADT=1&TEEN=0&CHD=0&INF=0&Origin=CTA&Destination=FCO&promoCode=&IncludeConnectingFlights=false&DateOut=2026-10-09&FlexDaysBeforeOut=0&FlexDaysOut=6&RoundTrip=false&ToUs=AGREED,2026-09-07T12:47:30.554Z
CTA-FCO,2026-10-11,29.99,09:45,11:15,Ryanair,FR4892,-1,Malta Air,ryanair_booking_api,https://www.ryanair.com/api/booking/v4/it-it/availability?ADT=1&TEEN=0&CHD=0&INF=0&Origin=CTA&Destination=FCO&promoCode=&IncludeConnectingFlights=false&DateOut=2026-10-09&FlexDaysBeforeOut=0&FlexDaysOut=6&RoundTrip=false&ToUs=AGREED,2026-09-07T12:47:30.554Z
CTA-FCO,2026-10-11,43.99,14:05,15:35,Ryanair,FR4851,3,Malta Air,ryanair_booking_api,https://www.ryanair.com/api/booking/v4/it-it/availability?ADT=1&TEEN=0&CHD=0&INF=0&Origin=CTA&Destination=FCO&promoCode=&IncludeConnectingFlights=false&DateOut=2026-10-09&FlexDaysBeforeOut=0&FlexDaysOut=6&RoundTrip=false&ToUs=AGREED,2026-09-07T12:47:30.554Z
CTA-FCO,2026-10-11,43.99,17:35,19:05,Ryanair,FR4855,2,Malta Air,ryanair_booking_api,https://www.ryanair.com/api/booking/v4/it-it/availability?ADT=1&TEEN=0&CHD=0&INF=0&Origin=CTA&Destination=FCO&promoCode=&IncludeConnectingFlights=false&DateOut=2026-10-09&FlexDaysBeforeOut=0&FlexDaysOut=6&RoundTrip=false&ToUs=AGREED,2026-09-07T12:47:30.554Z
CTA-FCO,2026-10-11,61.0,18:10,19:40,Ryanair,FR4930,1,Malta Air,ryanair_booking_api,https://www.ryanair.com/api/booking/v4/it-it/availability?ADT=1&TEEN=0&CHD=0&INF=0&Origin=CTA&Destination=FCO&promoCode=&IncludeConnectingFlights=false&DateOut=2026-10-09&FlexDaysBeforeOut=0&FlexDaysOut=6&RoundTrip=false&ToUs=AGREED,2026-09-07T12:47:30.554Z
CTA-FCO,2026-10-11,34.99,23:20,00:50,Ryanair,FR4860,2,Malta Air,ryanair_booking_api,https://www.ryanair.com/api/booking/v4/it-it/availability?ADT=1&TEEN=0&CHD=0&INF=0&Origin=CTA&Destination=FCO&promoCode=&IncludeConnectingFlights=false&DateOut=2026-10-09&FlexDaysBeforeOut=0&FlexDaysOut=6&RoundTrip=false&ToUs=AGREED,2026-09-07T12:47:30.554Z
CTA-FCO,2026-10-12,33.34,06:10,07:40,Ryanair,FR4871,-1,Malta Air,ryanair_booking_api,https://www.ryanair.com/api/booking/v4/it-it/availability?ADT=1&TEEN=0&CHD=0&INF=0&Origin=CTA&Destination=FCO&promoCode=&IncludeConnectingFlights=false&DateOut=2026-10-09&FlexDaysBeforeOut=0&FlexDaysOut=6&RoundTrip=false&ToUs=AGREED,2026-09-07T12:47:30.554Z
CTA-FCO,2026-10-12,32.62,08:00,09:30,Ryanair,FR1171,-1,Malta Air,ryanair_booking_api,https://www.ryanair.com/api/booking/v4/it-it/availability?ADT=1&TEEN=0&CHD=0&INF=0&Origin=CTA&Destination=FCO&promoCode=&IncludeConnectingFlights=false&DateOut=2026-10-09&FlexDaysBeforeOut=0&FlexDaysOut=6&RoundTrip=false&ToUs=AGREED,2026-09-07T12:47:30.554Z
CTA-FCO,2026-10-12,33.99,13:45,15:15,Ryanair,FR4855,2,Malta Air,ryanair_booking_api,https://www.ryanair.com/api/booking/v4/it-it/availability?ADT=1&TEEN=0&CHD=0&INF=0&Origin=CTA&Destination=FCO&promoCode=&IncludeConnectingFlights=false&DateOut=2026-10-09&FlexDaysBeforeOut=0&FlexDaysOut=6&RoundTrip=false&ToUs=AGREED,2026-09-07T12:47:30.554Z
CTA-FCO,2026-10-12,28.99,17:50,19:20,Ryanair,FR4857,4,Malta Air,ryanair_booking_api,https://www.ryanair.com/api/booking/v4/it-it/availability?ADT=1&TEEN=0&CHD=0&INF=0&Origin=CTA&Destination=FCO&promoCode=&IncludeConnectingFlights=false&DateOut=2026-10-09&FlexDaysBeforeOut=0&FlexDaysOut=6&RoundTrip=false&ToUs=AGREED,2026-09-07T12:47:30.554Z
CTA-FCO,2026-10-12,28.99,18:25,19:55,Ryanair,FR4892,5,Malta Air,ryanair_booking_api,https://www.ryanair.com/api/booking/v4/it-it/availability?ADT=1&TEEN=0&CHD=0&INF=0&Origin=CTA&Destination=FCO&promoCode=&IncludeConnectingFlights=false&DateOut=2026-10-09&FlexDaysBeforeOut=0&FlexDaysOut=6&RoundTrip=false&ToUs=AGREED,2026-09-07T12:47:30.554Z
CTA-FCO,2026-10-13,34.42,06:50,08:20,Ryanair,FR4871,-1,Malta Air,ryanair_booking_api,https://www.ryanair.com/api/booking/v4/it-it/availability?ADT=1&TEEN=0&CHD=0&INF=0&Origin=CTA&Destination=FCO&promoCode=&IncludeConnectingFlights=false&DateOut=2026-10-09&FlexDaysBeforeOut=0&FlexDaysOut=6&RoundTrip=false&ToUs=AGREED,2026-09-07T12:47:30.554Z
CTA-FCO,2026-10-13,24.99,08:20,09:50,Ryanair,FR1171,3,Malta Air,ryanair_booking_api,https://www.ryanair.com/api/booking/v4/it-it/availability?ADT=1&TEEN=0&CHD=0&INF=0&Origin=CTA&Destination=FCO&promoCode=&IncludeConnectingFlights=false&DateOut=2026-10-09&FlexDaysBeforeOut=0&FlexDaysOut=6&RoundTrip=false&ToUs=AGREED,2026-09-07T12:47:30.554Z
CTA-FCO,2026-10-13,33.69,11:50,13:20,Ryanair,FR4851,-1,Malta Air,ryanair_booking_api,https://www.ryanair.com/api/booking/v4/it-it/availability?ADT=1&TEEN=0&CHD=0&INF=0&Origin=CTA&Destination=FCO&promoCode=&IncludeConnectingFlights=false&DateOut=2026-10-09&FlexDaysBeforeOut=0&FlexDaysOut=6&RoundTrip=false&ToUs=AGREED,2026-09-07T12:47:30.554Z
CTA-FCO,2026-10-13,26.3,13:15,14:45,Ryanair,FR4855,-1,Malta Air,ryanair_booking_api,https://www.ryanair.com/api/booking/v4/it-it/availability?ADT=1&TEEN=0&CHD=0&INF=0&Origin=CTA&Destination=FCO&promoCode=&IncludeConnectingFlights=false&DateOut=2026-10-09&FlexDaysBeforeOut=0&FlexDaysOut=6&RoundTrip=false&ToUs=AGREED,2026-09-07T12:47:30.554Z
CTA-FCO,2026-10-13,31.52,15:00,16:30,Ryanair,FR4892,-1,Malta Air,ryanair_booking_api,https://www.ryanair.com/api/booking/v4/it-it/availability?ADT=1&TEEN=0&CHD=0&INF=0&Origin=CTA&Destination=FCO&promoCode=&IncludeConnectingFlights=false&DateOut=2026-10-09&FlexDaysBeforeOut=0&FlexDaysOut=6&RoundTrip=false&ToUs=AGREED,2026-09-07T12:47:30.554Z
CTA-FCO,2026-10-13,25.99,17:20,18:50,Ryanair,FR4930,4,Malta Air,ryanair_booking_api,https://www.ryanair.com/api/booking/v4/it-it/availability?ADT=1&TEEN=0&CHD=0&INF=0&Origin=CTA&Destination=FCO&promoCode=&IncludeConnectingFlights=false&DateOut=2026-10-09&FlexDaysBeforeOut=0&FlexDaysOut=6&RoundTrip=false&ToUs=AGREED,2026-09-07T12:47:30.554Z
CTA-FCO,2026-10-13,14.99,22:55,00:25,Ryanair,FR4860,-1,Malta Air,ryanair_booking_api,https://www.ryanair.com/api/booking/v4/it-it/availability?ADT=1&TEEN=0&CHD=0&INF=0&Origin=CTA&Destination=FCO&promoCode=&IncludeConnectingFlights=false&DateOut=2026-10-09&FlexDaysBeforeOut=0&FlexDaysOut=6&RoundTrip=false&ToUs=AGREED,2026-09-07T12:47:30.554Z
CTA-FCO,2026-10-14,26.99,05:45,07:15,Ryanair,FR4871,5,Malta Air,ryanair_booking_api,https://www.ryanair.com/api/booking/v4/it-it/availability?ADT=1&TEEN=0&CHD=0&INF=0&Origin=CTA&Destination=FCO&promoCode=&IncludeConnectingFlights=false&DateOut=2026-10-09&FlexDaysBeforeOut=0&FlexDaysOut=6&RoundTrip=false&ToUs=AGREED,2026-09-07T12:47:30.554Z
CTA-FCO,2026-10-14,42.99,08:10,09:40,Ryanair,FR1171,3,Malta Air,ryanair_booking_api,https://www.ryanair.com/api/booking/v4/it-it/availability?ADT=1&TEEN=0&CHD=0&INF=0&Origin=CTA&Destination=FCO&promoCode=&IncludeConnectingFlights=false&DateOut=2026-10-09&FlexDaysBeforeOut=0&FlexDaysOut=6&RoundTrip=false&ToUs=AGREED,2026-09-07T12:47:30.554Z
CTA-FCO,2026-10-14,50.0,11:35,13:05,Ryanair,FR4892,5,Malta Air,ryanair_booking_api,https://www.ryanair.com/api/booking/v4/it-it/availability?ADT=1&TEEN=0&CHD=0&INF=0&Origin=CTA&Destination=FCO&promoCode=&IncludeConnectingFlights=false&DateOut=2026-10-09&FlexDaysBeforeOut=0&FlexDaysOut=6&RoundTrip=false&ToUs=AGREED,2026-09-07T12:47:30.554Z
CTA-FCO,2026-10-14,47.47,12:50,14:20,Ryanair,FR4930,-1,Malta Air,ryanair_booking_api,https://www.ryanair.com/api/booking/v4/it-it/availability?ADT=1&TEEN=0&CHD=0&INF=0&Origin=CTA&Destination=FCO&promoCode=&IncludeConnectingFlights=false&DateOut=2026-10-09&FlexDaysBeforeOut=0&FlexDaysOut=6&RoundTrip=false&ToUs=AGREED,2026-09-07T12:47:30.554Z
CTA-FCO,2026-10-14,28.99,17:45,19:15,Ryanair,FR4851,3,Malta Air,ryanair_booking_api,https://www.ryanair.com/api/booking/v4/it-it/availability?ADT=1&TEEN=0&CHD=0&INF=0&Origin=CTA&Destination=FCO&promoCode=&IncludeConnectingFlights=false&DateOut=2026-10-09&FlexDaysBeforeOut=0&FlexDaysOut=6&RoundTrip=false&ToUs=AGREED,2026-09-07T12:47:30.554Z
CTA-FCO,2026-10-14,25.99,20:00,21:30,Ryanair,FR4855,4,Malta Air,ryanair_booking_api,https://www.ryanair.com/api/booking/v4/it-it/availability?ADT=1&TEEN=0&CHD=0&INF=0&Origin=CTA&Destination=FCO&promoCode=&IncludeConnectingFlights=false&DateOut=2026-10-09&FlexDaysBeforeOut=0&FlexDaysOut=6&RoundTrip=false&ToUs=AGREED,2026-09-07T12:47:30.554Z
CTA-FCO,2026-10-14,17.0,23:00,00:30,Ryanair,FR4857,5,Malta Air,ryanair_booking_api,https://www.ryanair.com/api/booking/v4/it-it/availability?ADT=1&TEEN=0&CHD=0&INF=0&Origin=CTA&Destination=FCO&promoCode=&IncludeConnectingFlights=false&DateOut=2026-10-09&FlexDaysBeforeOut=0&FlexDaysOut=6&RoundTrip=false&ToUs=AGREED,2026-09-07T12:47:30.554Z
CTA-FCO,2026-10-15,18.99,06:35,08:05,Ryanair,FR4871,-1,Malta Air,ryanair_booking_api,https://www.ryanair.com/api/booking/v4/it-it/availability?ADT=1&TEEN=0&CHD=0&INF=0&Origin=CTA&Destination=FCO&promoCode=&IncludeConnectingFlights=false&DateOut=2026-10-09&FlexDaysBeforeOut=0&FlexDaysOut=6&RoundTrip=false&ToUs=AGREED,2026-09-07T12:47:30.554Z
CTA-FCO,2026-10-15,24.99,07:50,09:20,Ryanair,FR1171,-1,Malta Air,ryanair_booking_api,https://www.ryanair.com/api/booking/v4/it-it/availability?ADT=1&TEEN=0&CHD=0&INF=0&Origin=CTA&Destination=FCO&promoCode=&IncludeConnectingFlights=false&DateOut=2026-10-09&FlexDaysBeforeOut=0&FlexDaysOut=6&RoundTrip=false&ToUs=AGREED,2026-09-07T12:47:30.554Z
CTA-FCO,2026-10-15,35.52,11:50,13:20,Ryanair,FR4851,-1,Malta Air,ryanair_booking_api,https://www.ryanair.com/api/booking/v4/it-it/availability?ADT=1&TEEN=0&CHD=0&INF=0&Origin=CTA&Destination=FCO&promoCode=&IncludeConnectingFlights=false&DateOut=2026-10-09&FlexDaysBeforeOut=0&FlexDaysOut=6&RoundTrip=false&ToUs=AGREED,2026-09-07T12:47:30.554Z
CTA-FCO,2026-10-15,34.79,14:30,16:00,Ryanair,FR4855,-1,Malta Air,ryanair_booking_api,https://www.ryanair.com/api/booking/v4/it-it/availability?ADT=1&TEEN=0&CHD=0&INF=0&Origin=CTA&Destination=FCO&promoCode=&IncludeConnectingFlights=false&DateOut=2026-10-09&FlexDaysBeforeOut=0&FlexDaysOut=6&RoundTrip=false&ToUs=AGREED,2026-09-07T12:47:30.554Z
CTA-FCO,2026-10-15,39.08,15:40,17:10,Ryanair,FR4892,-1,Malta Air,ryanair_booking_api,https://www.ryanair.com/api/booking/v4/it-it/availability?ADT=1&TEEN=0&CHD=0&INF=0&Origin=CTA&Destination=FCO&promoCode=&IncludeConnectingFlights=false&DateOut=2026-10-09&FlexDaysBeforeOut=0&FlexDaysOut=6&RoundTrip=false&ToUs=AGREED,2026-09-07T12:47:30.554Z
CTA-FCO,2026-10-15,17.0,23:10,00:40,Ryanair,FR4857,5,Malta Air,ryanair_booking_api,https://www.ryanair.com/api/booking/v4/it-it/availability?ADT=1&TEEN=0&CHD=0&INF=0&Origin=CTA&Destination=FCO&promoCode=&IncludeConnectingFlights=false&DateOut=2026-10-09&FlexDaysBeforeOut=0&FlexDaysOut=6&RoundTrip=false&ToUs=AGREED,2026-09-07T12:47:30.554Z
CTA-FCO,2026-10-16,29.99,06:15,07:45,Ryanair,FR4860,1,Malta Air,ryanair_booking_api,https://www.ryanair.com/api/booking/v4/it-it/availability?ADT=1&TEEN=0&CHD=0&INF=0&Origin=CTA&Destination=FCO&promoCode=&IncludeConnectingFlights=false&DateOut=2026-10-16&FlexDaysBeforeOut=0&FlexDaysOut=6&RoundTrip=false&ToUs=AGREED,2026-09-07T12:47:32.047Z
CTA-FCO,2026-10-16,47.47,08:00,09:30,Ryanair,FR1171,-1,Malta Air,ryanair_booking_api,https://www.ryanair.com/api/booking/v4/it-it/availability?ADT=1&TEEN=0&CHD=0&INF=0&Origin=CTA&Destination=FCO&promoCode=&IncludeConnectingFlights=false&DateOut=2026-10-16&FlexDaysBeforeOut=0&FlexDaysOut=6&RoundTrip=false&ToUs=AGREED,2026-09-07T12:47:32.047Z
CTA-FCO,2026-10-16,44.72,11:55,13:25,Ryanair,FR4851,-1,Malta Air,ryanair_booking_api,https://www.ryanair.com/api/booking/v4/it-it/availability?ADT=1&TEEN=0&CHD=0&INF=0&Origin=CTA&Destination=FCO&promoCode=&IncludeConnectingFlights=false&DateOut=2026-10-16&FlexDaysBeforeOut=0&FlexDaysOut=6&RoundTrip=false&ToUs=AGREED,2026-09-07T12:47:32.047Z
CTA-FCO,2026-10-16,43.8,15:40,17:10,Ryanair,FR4871,-1,Malta Air,ryanair_booking_api,https://www.ryanair.com/api/booking/v4/it-it/availability?ADT=1&TEEN=0&CHD=0&INF=0&Origin=CTA&Destination=FCO&promoCode=&IncludeConnectingFlights=false&DateOut=2026-10-16&FlexDaysBeforeOut=0&FlexDaysOut=6&RoundTrip=false&ToUs=AGREED,2026-09-07T12:47:32.047Z
CTA-FCO,2026-10-16,46.54,18:10,19:40,Ryanair,FR4892,-1,Malta Air,ryanair_booking_api,https://www.ryanair.com/api/booking/v4/it-it/availability?ADT=1&TEEN=0&CHD=0&INF=0&Origin=CTA&Destination=FCO&promoCode=&IncludeConnectingFlights=false&DateOut=2026-10-16&FlexDaysBeforeOut=0&FlexDaysOut=6&RoundTrip=false&ToUs=AGREED,2026-09-07T12:47:32.047Z
CTA-FCO,2026-10-16,15.99,22:45,00:15,Ryanair,FR4857,-1,Malta Air,ryanair_booking_api,https://www.ryanair.com/api/booking/v4/it-it/availability?ADT=1&TEEN=0&CHD=0&INF=0&Origin=CTA&Destination=FCO&promoCode=&IncludeConnectingFlights=false&DateOut=2026-10-16&FlexDaysBeforeOut=0&FlexDaysOut=6&RoundTrip=false&ToUs=AGREED,2026-09-07T12:47:32.047Z
CTA-FCO,2026-10-17,39.68,06:00,07:30,Ryanair,FR4871,-1,Malta Air,ryanair_booking_api,https://www.ryanair.com/api/booking/v4/it-it/availability?ADT=1&TEEN=0&CHD=0&INF=0&Origin=CTA&Destination=FCO&promoCode=&IncludeConnectingFlights=false&DateOut=2026-10-16&FlexDaysBeforeOut=0&FlexDaysOut=6&RoundTrip=false&ToUs=AGREED,2026-09-07T12:47:32.047Z
CTA-FCO,2026-10-17,38.83,08:40,10:10,Ryanair,FR1171,-1,Malta Air,ryanair_booking_api,https://www.ryanair.com/api/booking/v4/it-it/availability?ADT=1&TEEN=0&CHD=0&INF=0&Origin=CTA&Destination=FCO&promoCode=&IncludeConnectingFlights=false&DateOut=2026-10-16&FlexDaysBeforeOut=0&FlexDaysOut=6&RoundTrip=false&ToUs=AGREED,2026-09-07T12:47:32.047Z
CTA-FCO,2026-10-17,52.76,12:00,13:30,Ryanair,FR4851,-1,Malta Air,ryanair_booking_api,https://www.ryanair.com/api/booking/v4/it-it/availability?ADT=1&TEEN=0&CHD=0&INF=0&Origin=CTA&Destination=FCO&promoCode=&IncludeConnectingFlights=false&DateOut=2026-10-16&FlexDaysBeforeOut=0&FlexDaysOut=6&RoundTrip=false&ToUs=AGREED,2026-09-07T12:47:32.047Z
CTA-FCO,2026-10-17,45.99,15:35,17:05,Ryanair,FR4892,3,Malta Air,ryanair_booking_api,https://www.ryanair.com/api/booking/v4/it-it/availability?ADT=1&TEEN=0&CHD=0&INF=0&Origin=CTA&Destination=FCO&promoCode=&IncludeConnectingFlights=false&DateOut=2026-10-16&FlexDaysBeforeOut=0&FlexDaysOut=6&RoundTrip=false&ToUs=AGREED,2026-09-07T12:47:32.047Z
CTA-FCO,2026-10-17,24.99,20:20,21:50,Ryanair,FR4860,4,Malta Air,ryanair_booking_api,https://www.ryanair.com/api/booking/v4/it-it/availability?ADT=1&TEEN=0&CHD=0&INF=0&Origin=CTA&Destination=FCO&promoCode=&IncludeConnectingFlights=false&DateOut=2026-10-16&FlexDaysBeforeOut=0&FlexDaysOut=6&RoundTrip=false&ToUs=AGREED,2026-09-07T12:47:32.047Z
CTA-FCO,2026-10-17,17.0,23:10,00:40,Ryanair,FR4857,5,Malta Air,ryanair_booking_api,https://www.ryanair.com/api/booking/v4/it-it/availability?ADT=1&TEEN=0&CHD=0&INF=0&Origin=CTA&Destination=FCO&promoCode=&IncludeConnectingFlights=false&DateOut=2026-10-16&FlexDaysBeforeOut=0&FlexDaysOut=6&RoundTrip=false&ToUs=AGREED,2026-09-07T12:47:32.047Z
CTA-FCO,2026-10-18,15.99,06:45,08:15,Ryanair,FR4871,3,Malta Air,ryanair_booking_api,https://www.ryanair.com/api/booking/v4/it-it/availability?ADT=1&TEEN=0&CHD=0&INF=0&Origin=CTA&Destination=FCO&promoCode=&IncludeConnectingFlights=false&DateOut=2026-10-16&FlexDaysBeforeOut=0&FlexDaysOut=6&RoundTrip=false&ToUs=AGREED,2026-09-07T12:47:32.047Z
CTA-FCO,2026-10-18,20.24,07:50,09:20,Ryanair,FR1171,-1,Malta Air,ryanair_booking_api,https://www.ryanair.com/api/booking/v4/it-it/availability?ADT=1&TEEN=0&CHD=0&INF=0&Origin=CTA&Destination=FCO&promoCode=&IncludeConnectingFlights=false&DateOut=2026-10-16&FlexDaysBeforeOut=0&FlexDaysOut=6&RoundTrip=false&ToUs=AGREED,2026-09-07T12:47:32.047Z
CTA-FCO,2026-10-18,28.99,09:45,11:15,Ryanair,FR4892,5,Malta Air,ryanair_booking_api,https://www.ryanair.com/api/booking/v4/it-it/availability?ADT=1&TEEN=0&CHD=0&INF=0&Origin=CTA&Destination=FCO&promoCode=&IncludeConnectingFlights=false&DateOut=2026-10-16&FlexDaysBeforeOut=0&FlexDaysOut=6&RoundTrip=false&ToUs=AGREED,2026-09-07T12:47:32.047Z
CTA-FCO,2026-10-18,39.0,14:05,15:35,Ryanair,FR4851,-1,Malta Air,ryanair_booking_api,https://www.ryanair.com/api/booking/v4/it-it/availability?ADT=1&TEEN=0&CHD=0&INF=0&Origin=CTA&Destination=FCO&promoCode=&IncludeConnectingFlights=false&DateOut=2026-10-16&FlexDaysBeforeOut=0&FlexDaysOut=6&RoundTrip=false&ToUs=AGREED,2026-09-07T12:47:32.047Z
CTA-FCO,2026-10-18,40.99,17:35,19:05,Ryanair,FR4855,5,Malta Air,ryanair_booking_api,https://www.ryanair.com/api/booking/v4/it-it/availability?ADT=1&TEEN=0&CHD=0&INF=0&Origin=CTA&Destination=FCO&promoCode=&IncludeConnectingFlights=false&DateOut=2026-10-16&FlexDaysBeforeOut=0&FlexDaysOut=6&RoundTrip=false&ToUs=AGREED,2026-09-07T12:47:32.047Z
CTA-FCO,2026-10-18,44.99,18:10,19:40,Ryanair,FR4930,5,Malta Air,ryanair_booking_api,https://www.ryanair.com/api/booking/v4/it-it/availability?ADT=1&TEEN=0&CHD=0&INF=0&Origin=CTA&Destination=FCO&promoCode=&IncludeConnectingFlights=false&DateOut=2026-10-16&FlexDaysBeforeOut=0&FlexDaysOut=6&RoundTrip=false&ToUs=AGREED,2026-09-07T12:47:32.047Z
CTA-FCO,2026-10-18,20.99,23:20,00:50,Ryanair,FR4860,4,Malta Air,ryanair_booking_api,https://www.ryanair.com/api/booking/v4/it-it/availability?ADT=1&TEEN=0&CHD=0&INF=0&Origin=CTA&Destination=FCO&promoCode=&IncludeConnectingFlights=false&DateOut=2026-10-16&FlexDaysBeforeOut=0&FlexDaysOut=6&RoundTrip=false&ToUs=AGREED,2026-09-07T12:47:32.047Z
CTA-FCO,2026-10-19,25.8,06:10,07:40,Ryanair,FR4871,-1,Malta Air,ryanair_booking_api,https://www.ryanair.com/api/booking/v4/it-it/availability?ADT=1&TEEN=0&CHD=0&INF=0&Origin=CTA&Destination=FCO&promoCode=&IncludeConnectingFlights=false&DateOut=2026-10-16&FlexDaysBeforeOut=0&FlexDaysOut=6&RoundTrip=false&ToUs=AGREED,2026-09-07T12:47:32.047Z
CTA-FCO,2026-10-19,28.99,08:00,09:30,Ryanair,FR1171,5,Malta Air,ryanair_booking_api,https://www.ryanair.com/api/booking/v4/it-it/availability?ADT=1&TEEN=0&CHD=0&INF=0&Origin=CTA&Destination=FCO&promoCode=&IncludeConnectingFlights=false&DateOut=2026-10-16&FlexDaysBeforeOut=0&FlexDaysOut=6&RoundTrip=false&ToUs=AGREED,2026-09-07T12:47:32.047Z
CTA-FCO,2026-10-19,32.99,13:45,15:15,Ryanair,FR4855,5,Malta Air,ryanair_booking_api,https://www.ryanair.com/api/booking/v4/it-it/availability?ADT=1&TEEN=0&CHD=0&INF=0&Origin=CTA&Destination=FCO&promoCode=&IncludeConnectingFlights=false&DateOut=2026-10-16&FlexDaysBeforeOut=0&FlexDaysOut=6&RoundTrip=false&ToUs=AGREED,2026-09-07T12:47:32.047Z
CTA-FCO,2026-10-19,32.24,17:50,19:20,Ryanair,FR4857,-1,Malta Air,ryanair_booking_api,https://www.ryanair.com/api/booking/v4/it-it/availability?ADT=1&TEEN=0&CHD=0&INF=0&Origin=CTA&Destination=FCO&promoCode=&IncludeConnectingFlights=false&DateOut=2026-10-16&FlexDaysBeforeOut=0&FlexDaysOut=6&RoundTrip=false&ToUs=AGREED,2026-09-07T12:47:32.047Z
CTA-FCO,2026-10-19,32.24,18:25,19:55,Ryanair,FR4892,-1,Malta Air,ryanair_booking_api,https://www.ryanair.com/api/booking/v4/it-it/availability?ADT=1&TEEN=0&CHD=0&INF=0&Origin=CTA&Destination=FCO&promoCode=&IncludeConnectingFlights=false&DateOut=2026-10-16&FlexDaysBeforeOut=0&FlexDaysOut=6&RoundTrip=false&ToUs=AGREED,2026-09-07T12:47:32.047Z
CTA-FCO,2026-10-20,24.99,06:50,08:20,Ryanair,FR4871,5,Malta Air,ryanair_booking_api,https://www.ryanair.com/api/booking/v4/it-it/availability?ADT=1&TEEN=0&CHD=0&INF=0&Origin=CTA&Destination=FCO&promoCode=&IncludeConnectingFlights=false&DateOut=2026-10-16&FlexDaysBeforeOut=0&FlexDaysOut=6&RoundTrip=false&ToUs=AGREED,2026-09-07T12:47:32.047Z
CTA-FCO,2026-10-20,24.99,08:20,09:50,Ryanair,FR1171,3,Malta Air,ryanair_booking_api,https://www.ryanair.com/api/booking/v4/it-it/availability?ADT=1&TEEN=0&CHD=0&INF=0&Origin=CTA&Destination=FCO&promoCode=&IncludeConnectingFlights=false&DateOut=2026-10-16&FlexDaysBeforeOut=0&FlexDaysOut=6&RoundTrip=false&ToUs=AGREED,2026-09-07T12:47:32.047Z
CTA-FCO,2026-10-20,21.99,11:50,13:20,Ryanair,FR4851,4,Malta Air,ryanair_booking_api,https://www.ryanair.com/api/booking/v4/it-it/availability?ADT=1&TEEN=0&CHD=0&INF=0&Origin=CTA&Destination=FCO&promoCode=&IncludeConnectingFlights=false&DateOut=2026-10-16&FlexDaysBeforeOut=0&FlexDaysOut=6&RoundTrip=false&ToUs=AGREED,2026-09-07T12:47:32.047Z
CTA-FCO,2026-10-20,31.64,13:15,14:45,Ryanair,FR4855,-1,Malta Air,ryanair_booking_api,https://www.ryanair.com/api/booking/v4/it-it/availability?ADT=1&TEEN=0&CHD=0&INF=0&Origin=CTA&Destination=FCO&promoCode=&IncludeConnectingFlights=false&DateOut=2026-10-16&FlexDaysBeforeOut=0&FlexDaysOut=6&RoundTrip=false&ToUs=AGREED,2026-09-07T12:47:32.047Z
CTA-FCO,2026-10-20,17.0,15:00,16:30,Ryanair,FR4892,1,Malta Air,ryanair_booking_api,https://www.ryanair.com/api/booking/v4/it-it/availability?ADT=1&TEEN=0&CHD=0&INF=0&Origin=CTA&Destination=FCO&promoCode=&IncludeConnectingFlights=false&DateOut=2026-10-16&FlexDaysBeforeOut=0&FlexDaysOut=6&RoundTrip=false&ToUs=AGREED,2026-09-07T12:47:32.047Z
CTA-FCO,2026-10-20,24.99,17:20,18:50,Ryanair,FR4930,5,Malta Air,ryanair_booking_api,https://www.ryanair.com/api/booking/v4/it-it/availability?ADT=1&TEEN=0&CHD=0&INF=0&Origin=CTA&Destination=FCO&promoCode=&IncludeConnectingFlights=false&DateOut=2026-10-16&FlexDaysBeforeOut=0&FlexDaysOut=6&RoundTrip=false&ToUs=AGREED,2026-09-07T12:47:32.047Z
CTA-FCO,2026-10-20,14.99,22:55,00:25,Ryanair,FR4860,-1,Malta Air,ryanair_booking_api,https://www.ryanair.com/api/booking/v4/it-it/availability?ADT=1&TEEN=0&CHD=0&INF=0&Origin=CTA&Destination=FCO&promoCode=&IncludeConnectingFlights=false&DateOut=2026-10-16&FlexDaysBeforeOut=0&FlexDaysOut=6&RoundTrip=false&ToUs=AGREED,2026-09-07T12:47:32.047Z
CTA-FCO,2026-10-21,24.99,05:45,07:15,Ryanair,FR4871,5,Malta Air,ryanair_booking_api,https://www.ryanair.com/api/booking/v4/it-it/availability?ADT=1&TEEN=0&CHD=0&INF=0&Origin=CTA&Destination=FCO&promoCode=&IncludeConnectingFlights=false&DateOut=2026-10-16&FlexDaysBeforeOut=0&FlexDaysOut=6&RoundTrip=false&ToUs=AGREED,2026-09-07T12:47:32.047Z
CTA-FCO,2026-10-21,24.99,08:10,09:40,Ryanair,FR1171,2,Malta Air,ryanair_booking_api,https://www.ryanair.com/api/booking/v4/it-it/availability?ADT=1&TEEN=0&CHD=0&INF=0&Origin=CTA&Destination=FCO&promoCode=&IncludeConnectingFlights=false&DateOut=2026-10-16&FlexDaysBeforeOut=0&FlexDaysOut=6&RoundTrip=false&ToUs=AGREED,2026-09-07T12:47:32.047Z
CTA-FCO,2026-10-21,33.69,11:35,13:05,Ryanair,FR4892,-1,Malta Air,ryanair_booking_api,https://www.ryanair.com/api/booking/v4/it-it/availability?ADT=1&TEEN=0&CHD=0&INF=0&Origin=CTA&Destination=FCO&promoCode=&IncludeConnectingFlights=false&DateOut=2026-10-16&FlexDaysBeforeOut=0&FlexDaysOut=6&RoundTrip=false&ToUs=AGREED,2026-09-07T12:47:32.047Z
CTA-FCO,2026-10-21,38.83,12:50,14:20,Ryanair,FR4930,4,Malta Air,ryanair_booking_api,https://www.ryanair.com/api/booking/v4/it-it/availability?ADT=1&TEEN=0&CHD=0&INF=0&Origin=CTA&Destination=FCO&promoCode=&IncludeConnectingFlights=false&DateOut=2026-10-16&FlexDaysBeforeOut=0&FlexDaysOut=6&RoundTrip=false&ToUs=AGREED,2026-09-07T12:47:32.047Z
CTA-FCO,2026-10-21,24.99,17:45,19:15,Ryanair,FR4851,5,Malta Air,ryanair_booking_api,https://www.ryanair.com/api/booking/v4/it-it/availability?ADT=1&TEEN=0&CHD=0&INF=0&Origin=CTA&Destination=FCO&promoCode=&IncludeConnectingFlights=false&DateOut=2026-10-16&FlexDaysBeforeOut=0&FlexDaysOut=6&RoundTrip=false&ToUs=AGREED,2026-09-07T12:47:32.047Z
CTA-FCO,2026-10-21,30.99,20:00,21:30,Ryanair,FR4855,5,Malta Air,ryanair_booking_api,https://www.ryanair.com/api/booking/v4/it-it/availability?ADT=1&TEEN=0&CHD=0&INF=0&Origin=CTA&Destination=FCO&promoCode=&IncludeConnectingFlights=false&DateOut=2026-10-16&FlexDaysBeforeOut=0&FlexDaysOut=6&RoundTrip=false&ToUs=AGREED,2026-09-07T12:47:32.047Z
CTA-FCO,2026-10-21,24.99,23:00,00:30,Ryanair,FR4857,5,Malta Air,ryanair_booking_api,https://www.ryanair.com/api/booking/v4/it-it/availability?ADT=1&TEEN=0&CHD=0&INF=0&Origin=CTA&Destination=FCO&promoCode=&IncludeConnectingFlights=false&DateOut=2026-10-16&FlexDaysBeforeOut=0&FlexDaysOut=6&RoundTrip=false&ToUs=AGREED,2026-09-07T12:47:32.047Z
CTA-FCO,2026-10-22,32.24,06:35,08:05,Ryanair,FR4871,-1,Malta Air,ryanair_booking_api,https://www.ryanair.com/api/booking/v4/it-it/availability?ADT=1&TEEN=0&CHD=0&INF=0&Origin=CTA&Destination=FCO&promoCode=&IncludeConnectingFlights=false&DateOut=2026-10-16&FlexDaysBeforeOut=0&FlexDaysOut=6&RoundTrip=false&ToUs=AGREED,2026-09-07T12:47:32.047Z
CTA-FCO,2026-10-22,32.24,07:50,09:20,Ryanair,FR1171,-1,Malta Air,ryanair_booking_api,https://www.ryanair.com/api/booking/v4/it-it/availability?ADT=1&TEEN=0&CHD=0&INF=0&Origin=CTA&Destination=FCO&promoCode=&IncludeConnectingFlights=false&DateOut=2026-10-16&FlexDaysBeforeOut=0&FlexDaysOut=6&RoundTrip=false&ToUs=AGREED,2026-09-07T12:47:32.047Z
CTA-FCO,2026-10-22,41.99,11:50,13:20,Ryanair,FR4851,5,Malta Air,ryanair_booking_api,https://www.ryanair.com/api/booking/v4/it-it/availability?ADT=1&TEEN=0&CHD=0&INF=0&Origin=CTA&Destination=FCO&promoCode=&IncludeConnectingFlights=false&DateOut=2026-10-16&FlexDaysBeforeOut=0&FlexDaysOut=6&RoundTrip=false&ToUs=AGREED,2026-09-07T12:47:32.047Z
CTA-FCO,2026-10-22,36.99,14:30,16:00,Ryanair,FR4855,3,Malta Air,ryanair_booking_api,https://www.ryanair.com/api/booking/v4/it-it/availability?ADT=1&TEEN=0&CHD=0&INF=0&Origin=CTA&Destination=FCO&promoCode=&IncludeConnectingFlights=false&DateOut=2026-10-16&FlexDaysBeforeOut=0&FlexDaysOut=6&RoundTrip=false&ToUs=AGREED,2026-09-07T12:47:32.047Z
CTA-FCO,2026-10-22,41.99,15:40,17:10,Ryanair,FR4892,4,Malta Air,ryanair_booking_api,https://www.ryanair.com/api/booking/v4/it-it/availability?ADT=1&TEEN=0&CHD=0&INF=0&Origin=CTA&Destination=FCO&promoCode=&IncludeConnectingFlights=false&DateOut=2026-10-16&FlexDaysBeforeOut=0&FlexDaysOut=6&RoundTrip=false&ToUs=AGREED,2026-09-07T12:47:32.047Z
CTA-FCO,2026-10-22,17.0,23:10,00:40,Ryanair,FR4857,4,Malta Air,ryanair_booking_api,https://www.ryanair.com/api/booking/v4/it-it/availability?ADT=1&TEEN=0&CHD=0&INF=0&Origin=CTA&Destination=FCO&promoCode=&IncludeConnectingFlights=false&DateOut=2026-10-16&FlexDaysBeforeOut=0&FlexDaysOut=6&RoundTrip=false&ToUs=AGREED,2026-09-07T12:47:32.047Z
CTA-FCO,2026-10-23,42.99,06:15,07:45,Ryanair,FR4860,1,Malta Air,ryanair_booking_api,https://www.ryanair.com/api/booking/v4/it-it/availability?ADT=1&TEEN=0&CHD=0&INF=0&Origin=CTA&Destination=FCO&promoCode=&IncludeConnectingFlights=false&DateOut=2026-10-23&FlexDaysBeforeOut=0&FlexDaysOut=6&RoundTrip=false&ToUs=AGREED,2026-09-07T12:47:33.595Z
CTA-FCO,2026-10-23,40.52,08:00,09:30,Ryanair,FR1171,-1,Malta Air,ryanair_booking_api,https://www.ryanair.com/api/booking/v4/it-it/availability?ADT=1&TEEN=0&CHD=0&INF=0&Origin=CTA&Destination=FCO&promoCode=&IncludeConnectingFlights=false&DateOut=2026-10-23&FlexDaysBeforeOut=0&FlexDaysOut=6&RoundTrip=false&ToUs=AGREED,2026-09-07T12:47:33.595Z
CTA-FCO,2026-10-23,48.99,11:55,13:25,Ryanair,FR4851,3,Malta Air,ryanair_booking_api,https://www.ryanair.com/api/booking/v4/it-it/availability?ADT=1&TEEN=0&CHD=0&INF=0&Origin=CTA&Destination=FCO&promoCode=&IncludeConnectingFlights=false&DateOut=2026-10-23&FlexDaysBeforeOut=0&FlexDaysOut=6&RoundTrip=false&ToUs=AGREED,2026-09-07T12:47:33.595Z
CTA-FCO,2026-10-23,45.64,15:40,17:10,Ryanair,FR4871,-1,Malta Air,ryanair_booking_api,https://www.ryanair.com/api/booking/v4/it-it/availability?ADT=1&TEEN=0&CHD=0&INF=0&Origin=CTA&Destination=FCO&promoCode=&IncludeConnectingFlights=false&DateOut=2026-10-23&FlexDaysBeforeOut=0&FlexDaysOut=6&RoundTrip=false&ToUs=AGREED,2026-09-07T12:47:33.595Z
CTA-FCO,2026-10-23,37.99,18:10,19:40,Ryanair,FR4892,3,Malta Air,ryanair_booking_api,https://www.ryanair.com/api/booking/v4/it-it/availability?ADT=1&TEEN=0&CHD=0&INF=0&Origin=CTA&Destination=FCO&promoCode=&IncludeConnectingFlights=false&DateOut=2026-10-23&FlexDaysBeforeOut=0&FlexDaysOut=6&RoundTrip=false&ToUs=AGREED,2026-09-07T12:47:33.595Z
CTA-FCO,2026-10-23,26.99,22:45,00:15,Ryanair,FR4857,-1,Malta Air,ryanair_booking_api,https://www.ryanair.com/api/booking/v4/it-it/availability?ADT=1&TEEN=0&CHD=0&INF=0&Origin=CTA&Destination=FCO&promoCode=&IncludeConnectingFlights=false&DateOut=2026-10-23&FlexDaysBeforeOut=0&FlexDaysOut=6&RoundTrip=false&ToUs=AGREED,2026-09-07T12:47:33.595Z
CTA-FCO,2026-10-24,37.14,06:00,07:30,Ryanair,FR4871,-1,Malta Air,ryanair_booking_api,https://www.ryanair.com/api/booking/v4/it-it/availability?ADT=1&TEEN=0&CHD=0&INF=0&Origin=CTA&Destination=FCO&promoCode=&IncludeConnectingFlights=false&DateOut=2026-10-23&FlexDaysBeforeOut=0&FlexDaysOut=6&RoundTrip=false&ToUs=AGREED,2026-09-07T12:47:33.595Z
CTA-FCO,2026-10-24,64.37,08:40,10:10,Ryanair,FR1171,-1,Malta Air,ryanair_booking_api,https://www.ryanair.com/api/booking/v4/it-it/availability?ADT=1&TEEN=0&CHD=0&INF=0&Origin=CTA&Destination=FCO&promoCode=&IncludeConnectingFlights=false&DateOut=2026-10-23&FlexDaysBeforeOut=0&FlexDaysOut=6&RoundTrip=false&ToUs=AGREED,2026-09-07T12:47:33.595Z
CTA-FCO,2026-10-24,86.99,12:00,13:30,Ryanair,FR4851,5,Malta Air,ryanair_booking_api,https://www.ryanair.com/api/booking/v4/it-it/availability?ADT=1&TEEN=0&CHD=0&INF=0&Origin=CTA&Destination=FCO&promoCode=&IncludeConnectingFlights=false&DateOut=2026-10-23&FlexDaysBeforeOut=0&FlexDaysOut=6&RoundTrip=false&ToUs=AGREED,2026-09-07T12:47:33.595Z
CTA-FCO,2026-10-24,33.69,15:35,17:05,Ryanair,FR4892,4,Malta Air,ryanair_booking_api,https://www.ryanair.com/api/booking/v4/it-it/availability?ADT=1&TEEN=0&CHD=0&INF=0&Origin=CTA&Destination=FCO&promoCode=&IncludeConnectingFlights=false&DateOut=2026-10-23&FlexDaysBeforeOut=0&FlexDaysOut=6&RoundTrip=false&ToUs=AGREED,2026-09-07T12:47:33.595Z
CTA-FCO,2026-10-24,24.99,20:20,21:50,Ryanair,FR4860,5,Malta Air,ryanair_booking_api,https://www.ryanair.com/api/booking/v4/it-it/availability?ADT=1&TEEN=0&CHD=0&INF=0&Origin=CTA&Destination=FCO&promoCode=&IncludeConnectingFlights=false&DateOut=2026-10-23&FlexDaysBeforeOut=0&FlexDaysOut=6&RoundTrip=false&ToUs=AGREED,2026-09-07T12:47:33.595Z
CTA-FCO,2026-10-24,17.0,23:10,00:40,Ryanair,FR4857,4,Malta Air,ryanair_booking_api,https://www.ryanair.com/api/booking/v4/it-it/availability?ADT=1&TEEN=0&CHD=0&INF=0&Origin=CTA&Destination=FCO&promoCode=&IncludeConnectingFlights=false&DateOut=2026-10-23&FlexDaysBeforeOut=0&FlexDaysOut=6&RoundTrip=false&ToUs=AGREED,2026-09-07T12:47:33.595Z
CTA-FCO,2026-10-25,30.99,06:30,07:55,Ryanair,FR4871,1,Malta Air,ryanair_booking_api,https://www.ryanair.com/api/booking/v4/it-it/availability?ADT=1&TEEN=0&CHD=0&INF=0&Origin=CTA&Destination=FCO&promoCode=&IncludeConnectingFlights=false&DateOut=2026-10-23&FlexDaysBeforeOut=0&FlexDaysOut=6&RoundTrip=false&ToUs=AGREED,2026-09-07T12:47:33.595Z
CTA-FCO,2026-10-25,76.73,07:55,09:20,Ryanair,FR4860,-1,Malta Air,ryanair_booking_api,https://www.ryanair.com/api/booking/v4/it-it/availability?ADT=1&TEEN=0&CHD=0&INF=0&Origin=CTA&Destination=FCO&promoCode=&IncludeConnectingFlights=false&DateOut=2026-10-23&FlexDaysBeforeOut=0&FlexDaysOut=6&RoundTrip=false&ToUs=AGREED,2026-09-07T12:47:33.595Z
CTA-FCO,2026-10-25,37.19,10:15,11:40,Ryanair,FR4892,-1,Malta Air,ryanair_booking_api,https://www.ryanair.com/api/booking/v4/it-it/availability?ADT=1&TEEN=0&CHD=0&INF=0&Origin=CTA&Destination=FCO&promoCode=&IncludeConnectingFlights=false&DateOut=2026-10-23&FlexDaysBeforeOut=0&FlexDaysOut=6&RoundTrip=false&ToUs=AGREED,2026-09-07T12:47:33.595Z
CTA-FCO,2026-10-25,43.8,14:30,15:55,Ryanair,FR4857,-1,Malta Air,ryanair_booking_api,https://www.ryanair.com/api/booking/v4/it-it/availability?ADT=1&TEEN=0&CHD=0&INF=0&Origin=CTA&Destination=FCO&promoCode=&IncludeConnectingFlights=false&DateOut=2026-10-23&FlexDaysBeforeOut=0&FlexDaysOut=6&RoundTrip=false&ToUs=AGREED,2026-09-07T12:47:33.595Z
CTA-FCO,2026-10-25,53.99,18:10,19:35,Ryanair,FR4855,-1,Malta Air,ryanair_booking_api,https://www.ryanair.com/api/booking/v4/it-it/availability?ADT=1&TEEN=0&CHD=0&INF=0&Origin=CTA&Destination=FCO&promoCode=&IncludeConnectingFlights=false&DateOut=2026-10-23&FlexDaysBeforeOut=0&FlexDaysOut=6&RoundTrip=false&ToUs=AGREED,2026-09-07T12:47:33.595Z
CTA-FCO,2026-10-25,39.99,20:20,21:45,Ryanair,FR1171,3,Malta Air,ryanair_booking_api,https://www.ryanair.com/api/booking/v4/it-it/availability?ADT=1&TEEN=0&CHD=0&INF=0&Origin=CTA&Destination=FCO&promoCode=&IncludeConnectingFlights=false&DateOut=2026-10-23&FlexDaysBeforeOut=0&FlexDaysOut=6&RoundTrip=false&ToUs=AGREED,2026-09-07T12:47:33.595Z
CTA-FCO,2026-10-25,17.0,23:00,00:25,Ryanair,FR4851,4,,ryanair_booking_api,https://www.ryanair.com/api/booking/v4/it-it/availability?ADT=1&TEEN=0&CHD=0&INF=0&Origin=CTA&Destination=FCO&promoCode=&IncludeConnectingFlights=false&DateOut=2026-10-23&FlexDaysBeforeOut=0&FlexDaysOut=6&RoundTrip=false&ToUs=AGREED,2026-09-07T12:47:33.595Z
CTA-FCO,2026-10-26,31.64,06:30,07:55,Ryanair,FR4871,-1,Malta Air,ryanair_booking_api,https://www.ryanair.com/api/booking/v4/it-it/availability?ADT=1&TEEN=0&CHD=0&INF=0&Origin=CTA&Destination=FCO&promoCode=&IncludeConnectingFlights=false&DateOut=2026-10-23&FlexDaysBeforeOut=0&FlexDaysOut=6&RoundTrip=false&ToUs=AGREED,2026-09-07T12:47:33.595Z
CTA-FCO,2026-10-26,32.99,08:00,09:25,Ryanair,FR4851,-1,,ryanair_booking_api,https://www.ryanair.com/api/booking/v4/it-it/availability?ADT=1&TEEN=0&CHD=0&INF=0&Origin=CTA&Destination=FCO&promoCode=&IncludeConnectingFlights=false&DateOut=2026-10-23&FlexDaysBeforeOut=0&FlexDaysOut=6&RoundTrip=false&ToUs=AGREED,2026-09-07T12:47:33.595Z
CTA-FCO,2026-10-26,36.99,11:10,12:35,Ryanair,FR4857,5,Malta Air,ryanair_booking_api,https://www.ryanair.com/api/booking/v4/it-it/availability?ADT=1&TEEN=0&CHD=0&INF=0&Origin=CTA&Destination=FCO&promoCode=&IncludeConnectingFlights=false&DateOut=2026-10-23&FlexDaysBeforeOut=0&FlexDaysOut=6&RoundTrip=false&ToUs=AGREED,2026-09-07T12:47:33.595Z
CTA-FCO,2026-10-26,36.99,14:35,16:00,Ryanair,FR1171,4,,ryanair_booking_api,https://www.ryanair.com/api/booking/v4/it-it/availability?ADT=1&TEEN=0&CHD=0&INF=0&Origin=CTA&Destination=FCO&promoCode=&IncludeConnectingFlights=false&DateOut=2026-10-23&FlexDaysBeforeOut=0&FlexDaysOut=6&RoundTrip=false&ToUs=AGREED,2026-09-07T12:47:33.595Z
CTA-FCO,2026-10-26,31.0,20:25,21:50,Ryanair,FR4860,-1,Malta Air,ryanair_booking_api,https://www.ryanair.com/api/booking/v4/it-it/availability?ADT=1&TEEN=0&CHD=0&INF=0&Origin=CTA&Destination=FCO&promoCode=&IncludeConnectingFlights=false&DateOut=2026-10-23&FlexDaysBeforeOut=0&FlexDaysOut=6&RoundTrip=false&ToUs=AGREED,2026-09-07T12:47:33.595Z
CTA-FCO,2026-10-26,21.24,21:30,22:55,Ryanair,FR4892,-1,Malta Air,ryanair_booking_api,https://www.ryanair.com/api/booking/v4/it-it/availability?ADT=1&TEEN=0&CHD=0&INF=0&Origin=CTA&Destination=FCO&promoCode=&IncludeConnectingFlights=false&DateOut=2026-10-23&FlexDaysBeforeOut=0&FlexDaysOut=6&RoundTrip=false&ToUs=AGREED,2026-09-07T12:47:33.595Z
CTA-FCO,2026-10-26,15.99,23:10,00:35,Ryanair,FR4855,3,,ryanair_booking_api,https://www.ryanair.com/api/booking/v4/it-it/availability?ADT=1&TEEN=0&CHD=0&INF=0&Origin=CTA&Destination=FCO&promoCode=&IncludeConnectingFlights=false&DateOut=2026-10-23&FlexDaysBeforeOut=0&FlexDaysOut=6&RoundTrip=false&ToUs=AGREED,2026-09-07T12:47:33.595Z
CTA-FCO,2026-10-27,28.0,06:00,07:25,Ryanair,FR1171,1,Malta Air,ryanair_booking_api,https://www.ryanair.com/api/booking/v4/it-it/availability?ADT=1&TEEN=0&CHD=0&INF=0&Origin=CTA&Destination=FCO&promoCode=&IncludeConnectingFlights=false&DateOut=2026-10-23&FlexDaysBeforeOut=0&FlexDaysOut=6&RoundTrip=false&ToUs=AGREED,2026-09-07T12:47:33.595Z
CTA-FCO,2026-10-27,32.24,10:35,12:00,Ryanair,FR4871,-1,Malta Air,ryanair_booking_api,https://www.ryanair.com/api/booking/v4/it-it/availability?ADT=1&TEEN=0&CHD=0&INF=0&Origin=CTA&Destination=FCO&promoCode=&IncludeConnectingFlights=false&DateOut=2026-10-23&FlexDaysBeforeOut=0&FlexDaysOut=6&RoundTrip=false&ToUs=AGREED,2026-09-07T12:47:33.595Z
CTA-FCO,2026-10-27,30.99,12:45,14:10,Ryanair,FR4855,4,Malta Air,ryanair_booking_api,https://www.ryanair.com/api/booking/v4/it-it/availability?ADT=1&TEEN=0&CHD=0&INF=0&Origin=CTA&Destination=FCO&promoCode=&IncludeConnectingFlights=false&DateOut=2026-10-23&FlexDaysBeforeOut=0&FlexDaysOut=6&RoundTrip=false&ToUs=AGREED,2026-09-07T12:47:33.595Z
CTA-FCO,2026-10-27,32.97,15:00,16:25,Ryanair,FR4851,-1,Malta Air,ryanair_booking_api,https://www.ryanair.com/api/booking/v4/it-it/availability?ADT=1&TEEN=0&CHD=0&INF=0&Origin=CTA&Destination=FCO&promoCode=&IncludeConnectingFlights=false&DateOut=2026-10-23&FlexDaysBeforeOut=0&FlexDaysOut=6&RoundTrip=false&ToUs=AGREED,2026-09-07T12:47:33.595Z
CTA-FCO,2026-10-27,25.72,20:00,21:25,Ryanair,FR4892,-1,Malta Air,ryanair_booking_api,https://www.ryanair.com/api/booking/v4/it-it/availability?ADT=1&TEEN=0&CHD=0&INF=0&Origin=CTA&Destination=FCO&promoCode=&IncludeConnectingFlights=false&DateOut=2026-10-23&FlexDaysBeforeOut=0&FlexDaysOut=6&RoundTrip=false&ToUs=AGREED,2026-09-07T12:47:33.595Z
CTA-FCO,2026-10-27,21.53,22:00,23:25,Ryanair,FR4857,-1,Malta Air,ryanair_booking_api,https://www.ryanair.com/api/booking/v4/it-it/availability?ADT=1&TEEN=0&CHD=0&INF=0&Origin=CTA&Destination=FCO&promoCode=&IncludeConnectingFlights=false&DateOut=2026-10-23&FlexDaysBeforeOut=0&FlexDaysOut=6&RoundTrip=false&ToUs=AGREED,2026-09-07T12:47:33.595Z
CTA-FCO,2026-10-28,27.31,06:25,07:50,Ryanair,FR4855,3,Malta Air,ryanair_booking_api,https://www.ryanair.com/api/booking/v4/it-it/availability?ADT=1&TEEN=0&CHD=0&INF=0&Origin=CTA&Destination=FCO&promoCode=&IncludeConnectingFlights=false&DateOut=2026-10-23&FlexDaysBeforeOut=0&FlexDaysOut=6&RoundTrip=false&ToUs=AGREED,2026-09-07T12:47:33.595Z
CTA-FCO,2026-10-28,25.99,14:20,15:45,Ryanair,FR1171,2,Malta Air,ryanair_booking_api,https://www.ryanair.com/api/booking/v4/it-it/availability?ADT=1&TEEN=0&CHD=0&INF=0&Origin=CTA&Destination=FCO&promoCode=&IncludeConnectingFlights=false&DateOut=2026-10-23&FlexDaysBeforeOut=0&FlexDaysOut=6&RoundTrip=false&ToUs=AGREED,2026-09-07T12:47:33.595Z
CTA-FCO,2026-10-28,32.24,16:00,17:25,Ryanair,FR4892,-1,Malta Air,ryanair_booking_api,https://www.ryanair.com/api/booking/v4/it-it/availability?ADT=1&TEEN=0&CHD=0&INF=0&Origin=CTA&Destination=FCO&promoCode=&IncludeConnectingFlights=false&DateOut=2026-10-23&FlexDaysBeforeOut=0&FlexDaysOut=6&RoundTrip=false&ToUs=AGREED,2026-09-07T12:47:33.595Z
CTA-FCO,2026-10-28,31.0,17:45,19:10,Ryanair,FR4857,-1,Malta Air,ryanair_booking_api,https://www.ryanair.com/api/booking/v4/it-it/availability?ADT=1&TEEN=0&CHD=0&INF=0&Origin=CTA&Destination=FCO&promoCode=&IncludeConnectingFlights=false&DateOut=2026-10-23&FlexDaysBeforeOut=0&FlexDaysOut=6&RoundTrip=false&ToUs=AGREED,2026-09-07T12:47:33.595Z
CTA-FCO,2026-10-28,25.72,20:30,21:55,Ryanair,FR4860,2,Malta Air,ryanair_booking_api,https://www.ryanair.com/api/booking/v4/it-it/availability?ADT=1&TEEN=0&CHD=0&INF=0&Origin=CTA&Destination=FCO&promoCode=&IncludeConnectingFlights=false&DateOut=2026-10-23&FlexDaysBeforeOut=0&FlexDaysOut=6&RoundTrip=false&ToUs=AGREED,2026-09-07T12:47:33.595Z
CTA-FCO,2026-10-28,14.99,22:15,23:40,Ryanair,FR4851,-1,,ryanair_booking_api,https://www.ryanair.com/api/booking/v4/it-it/availability?ADT=1&TEEN=0&CHD=0&INF=0&Origin=CTA&Destination=FCO&promoCode=&IncludeConnectingFlights=false&DateOut=2026-10-23&FlexDaysBeforeOut=0&FlexDaysOut=6&RoundTrip=false&ToUs=AGREED,2026-09-07T12:47:33.595Z
CTA-FCO,2026-10-29,46.96,05:50,07:15,Ryanair,FR4871,-1,Malta Air,ryanair_booking_api,https://www.ryanair.com/api/booking/v4/it-it/availability?ADT=1&TEEN=0&CHD=0&INF=0&Origin=CTA&Destination=FCO&promoCode=&IncludeConnectingFlights=false&DateOut=2026-10-23&FlexDaysBeforeOut=0&FlexDaysOut=6&RoundTrip=false&ToUs=AGREED,2026-09-07T12:47:33.595Z
CTA-FCO,2026-10-29,62.99,07:50,09:15,Ryanair,FR4857,3,Malta Air,ryanair_booking_api,https://www.ryanair.com/api/booking/v4/it-it/availability?ADT=1&TEEN=0&CHD=0&INF=0&Origin=CTA&Destination=FCO&promoCode=&IncludeConnectingFlights=false&DateOut=2026-10-23&FlexDaysBeforeOut=0&FlexDaysOut=6&RoundTrip=false&ToUs=AGREED,2026-09-07T12:47:33.595Z
CTA-FCO,2026-10-29,51.68,09:35,11:00,Ryanair,FR4892,-1,Malta Air,ryanair_booking_api,https://www.ryanair.com/api/booking/v4/it-it/availability?ADT=1&TEEN=0&CHD=0&INF=0&Origin=CTA&Destination=FCO&promoCode=&IncludeConnectingFlights=false&DateOut=2026-10-23&FlexDaysBeforeOut=0&FlexDaysOut=6&RoundTrip=false&ToUs=AGREED,2026-09-07T12:47:33.595Z
CTA-FCO,2026-10-29,37.99,11:20,12:45,Ryanair,FR4851,5,Malta Air,ryanair_booking_api,https://www.ryanair.com/api/booking/v4/it-it/availability?ADT=1&TEEN=0&CHD=0&INF=0&Origin=CTA&Destination=FCO&promoCode=&IncludeConnectingFlights=false&DateOut=2026-10-23&FlexDaysBeforeOut=0&FlexDaysOut=6&RoundTrip=false&ToUs=AGREED,2026-09-07T12:47:33.595Z
CTA-FCO,2026-10-29,35.99,15:45,17:10,Ryanair,FR4855,5,Malta Air,ryanair_booking_api,https://www.ryanair.com/api/booking/v4/it-it/availability?ADT=1&TEEN=0&CHD=0&INF=0&Origin=CTA&Destination=FCO&promoCode=&IncludeConnectingFlights=false&DateOut=2026-10-23&FlexDaysBeforeOut=0&FlexDaysOut=6&RoundTrip=false&ToUs=AGREED,2026-09-07T12:47:33.595Z
CTA-FCO,2026-10-29,31.52,21:10,22:35,Ryanair,FR1171,-1,,ryanair_booking_api,https://www.ryanair.com/api/booking/v4/it-it/availability?ADT=1&TEEN=0&CHD=0&INF=0&Origin=CTA&Destination=FCO&promoCode=&IncludeConnectingFlights=false&DateOut=2026-10-23&FlexDaysBeforeOut=0&FlexDaysOut=6&RoundTrip=false&ToUs=AGREED,2026-09-07T12:47:33.595Z
CTA-FCO,2026-10-30,43.04,05:55,07:20,Ryanair,FR4871,-1,Malta Air,ryanair_booking_api,https://www.ryanair.com/api/booking/v4/it-it/availability?ADT=1&TEEN=0&CHD=0&INF=0&Origin=CTA&Destination=FCO&promoCode=&IncludeConnectingFlights=false&DateOut=2026-10-30&FlexDaysBeforeOut=0&FlexDaysOut=6&RoundTrip=false&ToUs=AGREED,2026-09-07T12:47:35.132Z
CTA-FCO,2026-10-30,33.99,09:45,11:10,Ryanair,FR1171,5,Malta Air,ryanair_booking_api,https://www.ryanair.com/api/booking/v4/it-it/availability?ADT=1&TEEN=0&CHD=0&INF=0&Origin=CTA&Destination=FCO&promoCode=&IncludeConnectingFlights=false&DateOut=2026-10-30&FlexDaysBeforeOut=0&FlexDaysOut=6&RoundTrip=false&ToUs=AGREED,2026-09-07T12:47:35.132Z
CTA-FCO,2026-10-30,38.83,14:35,16:00,Ryanair,FR4860,4,,ryanair_booking_api,https://www.ryanair.com/api/booking/v4/it-it/availability?ADT=1&TEEN=0&CHD=0&INF=0&Origin=CTA&Destination=FCO&promoCode=&IncludeConnectingFlights=false&DateOut=2026-10-30&FlexDaysBeforeOut=0&FlexDaysOut=6&RoundTrip=false&ToUs=AGREED,2026-09-07T12:47:35.132Z
CTA-FCO,2026-10-30,45.64,15:25,16:50,Ryanair,FR4892,-1,Malta Air,ryanair_booking_api,https://www.ryanair.com/api/booking/v4/it-it/availability?ADT=1&TEEN=0&CHD=0&INF=0&Origin=CTA&Destination=FCO&promoCode=&IncludeConnectingFlights=false&DateOut=2026-10-30&FlexDaysBeforeOut=0&FlexDaysOut=6&RoundTrip=false&ToUs=AGREED,2026-09-07T12:47:35.132Z
CTA-FCO,2026-10-30,33.99,16:45,18:10,Ryanair,FR4851,1,Malta Air,ryanair_booking_api,https://www.ryanair.com/api/booking/v4/it-it/availability?ADT=1&TEEN=0&CHD=0&INF=0&Origin=CTA&Destination=FCO&promoCode=&IncludeConnectingFlights=false&DateOut=2026-10-30&FlexDaysBeforeOut=0&FlexDaysOut=6&RoundTrip=false&ToUs=AGREED,2026-09-07T12:47:35.132Z
CTA-FCO,2026-10-30,38.83,20:50,22:15,Ryanair,FR4857,-1,Malta Air,ryanair_booking_api,https://www.ryanair.com/api/booking/v4/it-it/availability?ADT=1&TEEN=0&CHD=0&INF=0&Origin=CTA&Destination=FCO&promoCode=&IncludeConnectingFlights=false&DateOut=2026-10-30&FlexDaysBeforeOut=0&FlexDaysOut=6&RoundTrip=false&ToUs=AGREED,2026-09-07T12:47:35.132Z
CTA-FCO,2026-10-30,28.0,22:35,23:59,Ryanair,FR4855,3,Malta Air,ryanair_booking_api,https://www.ryanair.com/api/booking/v4/it-it/availability?ADT=1&TEEN=0&CHD=0&INF=0&Origin=CTA&Destination=FCO&promoCode=&IncludeConnectingFlights=false&DateOut=2026-10-30&FlexDaysBeforeOut=0&FlexDaysOut=6&RoundTrip=false&ToUs=AGREED,2026-09-07T12:47:35.132Z
CTA-FCO,2026-10-31,26.26,06:30,07:55,Ryanair,FR4871,5,Malta Air,ryanair_booking_api,https://www.ryanair.com/api/booking/v4/it-it/availability?ADT=1&TEEN=0&CHD=0&INF=0&Origin=CTA&Destination=FCO&promoCode=&IncludeConnectingFlights=false&DateOut=2026-10-30&FlexDaysBeforeOut=0&FlexDaysOut=6&RoundTrip=false&ToUs=AGREED,2026-09-07T12:47:35.132Z
CTA-FCO,2026-10-31,40.99,07:30,08:55,Ryanair,FR4857,4,Malta Air,ryanair_booking_api,https://www.ryanair.com/api/booking/v4/it-it/availability?ADT=1&TEEN=0&CHD=0&INF=0&Origin=CTA&Destination=FCO&promoCode=&IncludeConnectingFlights=false&DateOut=2026-10-30&FlexDaysBeforeOut=0&FlexDaysOut=6&RoundTrip=false&ToUs=AGREED,2026-09-07T12:47:35.132Z
CTA-FCO,2026-10-31,34.99,11:00,12:25,Ryanair,FR4860,5,Malta Air,ryanair_booking_api,https://www.ryanair.com/api/booking/v4/it-it/availability?ADT=1&TEEN=0&CHD=0&INF=0&Origin=CTA&Destination=FCO&promoCode=&IncludeConnectingFlights=false&DateOut=2026-10-30&FlexDaysBeforeOut=0&FlexDaysOut=6&RoundTrip=false&ToUs=AGREED,2026-09-07T12:47:35.132Z
CTA-FCO,2026-10-31,36.99,12:40,14:05,Ryanair,FR1171,-1,,ryanair_booking_api,https://www.ryanair.com/api/booking/v4/it-it/availability?ADT=1&TEEN=0&CHD=0&INF=0&Origin=CTA&Destination=FCO&promoCode=&IncludeConnectingFlights=false&DateOut=2026-10-30&FlexDaysBeforeOut=0&FlexDaysOut=6&RoundTrip=false&ToUs=AGREED,2026-09-07T12:47:35.132Z
CTA-FCO,2026-10-31,31.52,15:40,17:05,Ryanair,FR4851,-1,Malta Air,ryanair_booking_api,https://www.ryanair.com/api/booking/v4/it-it/availability?ADT=1&TEEN=0&CHD=0&INF=0&Origin=CTA&Destination=FCO&promoCode=&IncludeConnectingFlights=false&DateOut=2026-10-30&FlexDaysBeforeOut=0&FlexDaysOut=6&RoundTrip=false&ToUs=AGREED,2026-09-07T12:47:35.132Z
CTA-FCO,2026-10-31,28.0,17:20,18:45,Ryanair,FR4855,5,Malta Air,ryanair_booking_api,https://www.ryanair.com/api/booking/v4/it-it/availability?ADT=1&TEEN=0&CHD=0&INF=0&Origin=CTA&Destination=FCO&promoCode=&IncludeConnectingFlights=false&DateOut=2026-10-30&FlexDaysBeforeOut=0&FlexDaysOut=6&RoundTrip=false&ToUs=AGREED,2026-09-07T12:47:35.132Z
CTA-FCO,2026-10-31,23.53,21:20,22:45,Ryanair,FR4892,-1,Malta Air,ryanair_booking_api,https://www.ryanair.com/api/booking/v4/it-it/availability?ADT=1&TEEN=0&CHD=0&INF=0&Origin=CTA&Destination=FCO&promoCode=&IncludeConnectingFlights=false&DateOut=2026-10-30&FlexDaysBeforeOut=0&FlexDaysOut=6&RoundTrip=false&ToUs=AGREED,2026-09-07T12:47:35.132Z
CTA-FCO,2026-11-01,27.89,06:30,07:55,Ryanair,FR4871,-1,Malta Air,ryanair_booking_api,https://www.ryanair.com/api/booking/v4/it-it/availability?ADT=1&TEEN=0&CHD=0&INF=0&Origin=CTA&Destination=FCO&promoCode=&IncludeConnectingFlights=false&DateOut=2026-10-30&FlexDaysBeforeOut=0&FlexDaysOut=6&RoundTrip=false&ToUs=AGREED,2026-09-07T12:47:35.132Z
CTA-FCO,2026-11-01,76.64,07:55,09:20,Ryanair,FR4860,-1,Malta Air,ryanair_booking_api,https://www.ryanair.com/api/booking/v4/it-it/availability?ADT=1&TEEN=0&CHD=0&INF=0&Origin=CTA&Destination=FCO&promoCode=&IncludeConnectingFlights=false&DateOut=2026-10-30&FlexDaysBeforeOut=0&FlexDaysOut=6&RoundTrip=false&ToUs=AGREED,2026-09-07T12:47:35.132Z
CTA-FCO,2026-11-01,76.64,10:15,11:40,Ryanair,FR4892,-1,Malta Air,ryanair_booking_api,https://www.ryanair.com/api/booking/v4/it-it/availability?ADT=1&TEEN=0&CHD=0&INF=0&Origin=CTA&Destination=FCO&promoCode=&IncludeConnectingFlights=false&DateOut=2026-10-30&FlexDaysBeforeOut=0&FlexDaysOut=6&RoundTrip=false&ToUs=AGREED,2026-09-07T12:47:35.132Z
CTA-FCO,2026-11-01,33.33,14:30,15:55,Ryanair,FR4857,-1,Malta Air,ryanair_booking_api,https://www.ryanair.com/api/booking/v4/it-it/availability?ADT=1&TEEN=0&CHD=0&INF=0&Origin=CTA&Destination=FCO&promoCode=&IncludeConnectingFlights=false&DateOut=2026-10-30&FlexDaysBeforeOut=0&FlexDaysOut=6&RoundTrip=false&ToUs=AGREED,2026-09-07T12:47:35.132Z
CTA-FCO,2026-11-01,58.67,18:10,19:35,Ryanair,FR4855,-1,Malta Air,ryanair_booking_api,https://www.ryanair.com/api/booking/v4/it-it/availability?ADT=1&TEEN=0&CHD=0&INF=0&Origin=CTA&Destination=FCO&promoCode=&IncludeConnectingFlights=false&DateOut=2026-10-30&FlexDaysBeforeOut=0&FlexDaysOut=6&RoundTrip=false&ToUs=AGREED,2026-09-07T12:47:35.132Z
CTA-FCO,2026-11-01,41.8,20:20,21:45,Ryanair,FR1171,-1,Malta Air,ryanair_booking_api,https://www.ryanair.com/api/booking/v4/it-it/availability?ADT=1&TEEN=0&CHD=0&INF=0&Origin=CTA&Destination=FCO&promoCode=&IncludeConnectingFlights=false&DateOut=2026-10-30&FlexDaysBeforeOut=0&FlexDaysOut=6&RoundTrip=false&ToUs=AGREED,2026-09-07T12:47:35.132Z
CTA-FCO,2026-11-01,39.24,23:00,00:25,Ryanair,FR4851,-1,,ryanair_booking_api,https://www.ryanair.com/api/booking/v4/it-it/availability?ADT=1&TEEN=0&CHD=0&INF=0&Origin=CTA&Destination=FCO&promoCode=&IncludeConnectingFlights=false&DateOut=2026-10-30&FlexDaysBeforeOut=0&FlexDaysOut=6&RoundTrip=false&ToUs=AGREED,2026-09-07T12:47:35.132Z
CTA-FCO,2026-11-02,74.44,06:30,07:55,Ryanair,FR4871,-1,Malta Air,ryanair_booking_api,https://www.ryanair.com/api/booking/v4/it-it/availability?ADT=1&TEEN=0&CHD=0&INF=0&Origin=CTA&Destination=FCO&promoCode=&IncludeConnectingFlights=false&DateOut=2026-10-30&FlexDaysBeforeOut=0&FlexDaysOut=6&RoundTrip=false&ToUs=AGREED,2026-09-07T12:47:35.132Z
CTA-FCO,2026-11-02,47.47,08:00,09:25,Ryanair,FR4851,-1,,ryanair_booking_api,https://www.ryanair.com/api/booking/v4/it-it/availability?ADT=1&TEEN=0&CHD=0&INF=0&Origin=CTA&Destination=FCO&promoCode=&IncludeConnectingFlights=false&DateOut=2026-10-30&FlexDaysBeforeOut=0&FlexDaysOut=6&RoundTrip=false&ToUs=AGREED,2026-09-07T12:47:35.132Z
CTA-FCO,2026-11-02,48.83,11:10,12:35,Ryanair,FR4857,-1,Malta Air,ryanair_booking_api,https://www.ryanair.com/api/booking/v4/it-it/availability?ADT=1&TEEN=0&CHD=0&INF=0&Origin=CTA&Destination=FCO&promoCode=&IncludeConnectingFlights=false&DateOut=2026-10-30&FlexDaysBeforeOut=0&FlexDaysOut=6&RoundTrip=false&ToUs=AGREED,2026-09-07T12:47:35.132Z
CTA-FCO,2026-11-02,54.36,14:35,16:00,Ryanair,FR1171,-1,,ryanair_booking_api,https://www.ryanair.com/api/booking/v4/it-it/availability?ADT=1&TEEN=0&CHD=0&INF=0&Origin=CTA&Destination=FCO&promoCode=&IncludeConnectingFlights=false&DateOut=2026-10-30&FlexDaysBeforeOut=0&FlexDaysOut=6&RoundTrip=false&ToUs=AGREED,2026-09-07T12:47:35.132Z
CTA-FCO,2026-11-02,54.36,20:25,21:50,Ryanair,FR4860,-1,Malta Air,ryanair_booking_api,https://www.ryanair.com/api/booking/v4/it-it/availability?ADT=1&TEEN=0&CHD=0&INF=0&Origin=CTA&Destination=FCO&promoCode=&IncludeConnectingFlights=false&DateOut=2026-10-30&FlexDaysBeforeOut=0&FlexDaysOut=6&RoundTrip=false&ToUs=AGREED,2026-09-07T12:47:35.132Z
CTA-FCO,2026-11-02,46.28,21:30,22:55,Ryanair,FR4892,-1,Malta Air,ryanair_booking_api,https://www.ryanair.com/api/booking/v4/it-it/availability?ADT=1&TEEN=0&CHD=0&INF=0&Origin=CTA&Destination=FCO&promoCode=&IncludeConnectingFlights=false&DateOut=2026-10-30&FlexDaysBeforeOut=0&FlexDaysOut=6&RoundTrip=false&ToUs=AGREED,2026-09-07T12:47:35.132Z
CTA-FCO,2026-11-02,28.97,23:10,00:35,Ryanair,FR4855,-1,,ryanair_booking_api,https://www.ryanair.com/api/booking/v4/it-it/availability?ADT=1&TEEN=0&CHD=0&INF=0&Origin=CTA&Destination=FCO&promoCode=&IncludeConnectingFlights=false&DateOut=2026-10-30&FlexDaysBeforeOut=0&FlexDaysOut=6&RoundTrip=false&ToUs=AGREED,2026-09-07T12:47:35.132Z
CTA-FCO,2026-11-03,48.97,06:00,07:25,Ryanair,FR1171,-1,Malta Air,ryanair_booking_api,https://www.ryanair.com/api/booking/v4/it-it/availability?ADT=1&TEEN=0&CHD=0&INF=0&Origin=CTA&Destination=FCO&promoCode=&IncludeConnectingFlights=false&DateOut=2026-10-30&FlexDaysBeforeOut=0&FlexDaysOut=6&RoundTrip=false&ToUs=AGREED,2026-09-07T12:47:35.132Z
CTA-FCO,2026-11-03,98.6,10:35,12:00,Ryanair,FR4871,-1,Malta Air,ryanair_booking_api,https://www.ryanair.com/api/booking/v4/it-it/availability?ADT=1&TEEN=0&CHD=0&INF=0&Origin=CTA&Destination=FCO&promoCode=&IncludeConnectingFlights=false&DateOut=2026-10-30&FlexDaysBeforeOut=0&FlexDaysOut=6&RoundTrip=false&ToUs=AGREED,2026-09-07T12:47:35.132Z
CTA-FCO,2026-11-03,50.59,15:00,16:25,Ryanair,FR4851,-1,Malta Air,ryanair_booking_api,https://www.ryanair.com/api/booking/v4/it-it/availability?ADT=1&TEEN=0&CHD=0&INF=0&Origin=CTA&Destination=FCO&promoCode=&IncludeConnectingFlights=false&DateOut=2026-10-30&FlexDaysBeforeOut=0&FlexDaysOut=6&RoundTrip=false&ToUs=AGREED,2026-09-07T12:47:35.132Z
CTA-FCO,2026-11-03,54.36,20:00,21:25,Ryanair,FR4892,-1,Malta Air,ryanair_booking_api,https://www.ryanair.com/api/booking/v4/it-it/availability?ADT=1&TEEN=0&CHD=0&INF=0&Origin=CTA&Destination=FCO&promoCode=&IncludeConnectingFlights=false&DateOut=2026-10-30&FlexDaysBeforeOut=0&FlexDaysOut=6&RoundTrip=false&ToUs=AGREED,2026-09-07T12:47:35.132Z
CTA-FCO,2026-11-04,36.29,06:25,07:50,Ryanair,FR4855,-1,Malta Air,ryanair_booking_api,https://www.ryanair.com/api/booking/v4/it-it/availability?ADT=1&TEEN=0&CHD=0&INF=0&Origin=CTA&Destination=FCO&promoCode=&IncludeConnectingFlights=false&DateOut=2026-10-30&FlexDaysBeforeOut=0&FlexDaysOut=6&RoundTrip=false&ToUs=AGREED,2026-09-07T12:47:35.132Z
CTA-FCO,2026-11-04,59.39,11:55,13:20,Ryanair,FR4871,-1,Malta Air,ryanair_booking_api,https://www.ryanair.com/api/booking/v4/it-it/availability?ADT=1&TEEN=0&CHD=0&INF=0&Origin=CTA&Destination=FCO&promoCode=&IncludeConnectingFlights=false&DateOut=2026-10-30&FlexDaysBeforeOut=0&FlexDaysOut=6&RoundTrip=false&ToUs=AGREED,2026-09-07T12:47:35.132Z
CTA-FCO,2026-11-04,39.69,14:20,15:45,Ryanair,FR1171,-1,Malta Air,ryanair_booking_api,https://www.ryanair.com/api/booking/v4/it-it/availability?ADT=1&TEEN=0&CHD=0&INF=0&Origin=CTA&Destination=FCO&promoCode=&IncludeConnectingFlights=false&DateOut=2026-10-30&FlexDaysBeforeOut=0&FlexDaysOut=6&RoundTrip=false&ToUs=AGREED,2026-09-07T12:47:35.132Z
CTA-FCO,2026-11-04,47.47,16:00,17:25,Ryanair,FR4892,1,Malta Air,ryanair_booking_api,https://www.ryanair.com/api/booking/v4/it-it/availability?ADT=1&TEEN=0&CHD=0&INF=0&Origin=CTA&Destination=FCO&promoCode=&IncludeConnectingFlights=false&DateOut=2026-10-30&FlexDaysBeforeOut=0&FlexDaysOut=6&RoundTrip=false&ToUs=AGREED,2026-09-07T12:47:35.132Z
CTA-FCO,2026-11-04,29.71,20:30,21:55,Ryanair,FR4860,-1,Malta Air,ryanair_booking_api,https://www.ryanair.com/api/booking/v4/it-it/availability?ADT=1&TEEN=0&CHD=0&INF=0&Origin=CTA&Destination=FCO&promoCode=&IncludeConnectingFlights=false&DateOut=2026-10-30&FlexDaysBeforeOut=0&FlexDaysOut=6&RoundTrip=false&ToUs=AGREED,2026-09-07T12:47:35.132Z
CTA-FCO,2026-11-04,25.29,22:15,23:40,Ryanair,FR4851,5,,ryanair_booking_api,https://www.ryanair.com/api/booking/v4/it-it/availability?ADT=1&TEEN=0&CHD=0&INF=0&Origin=CTA&Destination=FCO&promoCode=&IncludeConnectingFlights=false&DateOut=2026-10-30&FlexDaysBeforeOut=0&FlexDaysOut=6&RoundTrip=false&ToUs=AGREED,2026-09-07T12:47:35.132Z
CTA-FCO,2026-11-05,80.29,09:35,11:00,Ryanair,FR4892,-1,Malta Air,ryanair_booking_api,https://www.ryanair.com/api/booking/v4/it-it/availability?ADT=1&TEEN=0&CHD=0&INF=0&Origin=CTA&Destination=FCO&promoCode=&IncludeConnectingFlights=false&DateOut=2026-10-30&FlexDaysBeforeOut=0&FlexDaysOut=6&RoundTrip=false&ToUs=AGREED,2026-09-07T12:47:35.132Z
CTA-FCO,2026-11-05,42.65,11:20,12:45,Ryanair,FR4851,1,Malta Air,ryanair_booking_api,https://www.ryanair.com/api/booking/v4/it-it/availability?ADT=1&TEEN=0&CHD=0&INF=0&Origin=CTA&Destination=FCO&promoCode=&IncludeConnectingFlights=false&DateOut=2026-10-30&FlexDaysBeforeOut=0&FlexDaysOut=6&RoundTrip=false&ToUs=AGREED,2026-09-07T12:47:35.132Z
CTA-FCO,2026-11-05,30.79,15:45,17:10,Ryanair,FR4855,-1,Malta Air,ryanair_booking_api,https://www.ryanair.com/api/booking/v4/it-it/availability?ADT=1&TEEN=0&CHD=0&INF=0&Origin=CTA&Destination=FCO&promoCode=&IncludeConnectingFlights=false&DateOut=2026-10-30&FlexDaysBeforeOut=0&FlexDaysOut=6&RoundTrip=false&ToUs=AGREED,2026-09-07T12:47:35.132Z
CTA-FCO,2026-11-05,27.89,21:10,22:35,Ryanair,FR1171,-1,,ryanair_booking_api,https://www.ryanair.com/api/booking/v4/it-it/availability?ADT=1&TEEN=0&CHD=0&INF=0&Origin=CTA&Destination=FCO&promoCode=&IncludeConnectingFlights=false&DateOut=2026-10-30&FlexDaysBeforeOut=0&FlexDaysOut=6&RoundTrip=false&ToUs=AGREED,2026-09-07T12:47:35.132Z
CTA-FCO,2026-11-06,75.54,05:55,07:20,Ryanair,FR4871,-1,Malta Air,ryanair_booking_api,https://www.ryanair.com/api/booking/v4/it-it/availability?ADT=1&TEEN=0&CHD=0&INF=0&Origin=CTA&Destination=FCO&promoCode=&IncludeConnectingFlights=false&DateOut=2026-11-06&FlexDaysBeforeOut=0&FlexDaysOut=6&RoundTrip=false&ToUs=AGREED,2026-09-07T12:47:36.556Z
CTA-FCO,2026-11-06,69.82,09:45,11:10,Ryanair,FR1171,-1,Malta Air,ryanair_booking_api,https://www.ryanair.com/api/booking/v4/it-it/availability?ADT=1&TEEN=0&CHD=0&INF=0&Origin=CTA&Destination=FCO&promoCode=&IncludeConnectingFlights=false&DateOut=2026-11-06&FlexDaysBeforeOut=0&FlexDaysOut=6&RoundTrip=false&ToUs=AGREED,2026-09-07T12:47:36.556Z
CTA-FCO,2026-11-06,42.63,14:35,16:00,Ryanair,FR4860,-1,,ryanair_booking_api,https://www.ryanair.com/api/booking/v4/it-it/availability?ADT=1&TEEN=0&CHD=0&INF=0&Origin=CTA&Destination=FCO&promoCode=&IncludeConnectingFlights=false&DateOut=2026-11-06&FlexDaysBeforeOut=0&FlexDaysOut=6&RoundTrip=false&ToUs=AGREED,2026-09-07T12:47:36.556Z
CTA-FCO,2026-11-06,59.77,15:25,16:50,Ryanair,FR4892,-1,Malta Air,ryanair_booking_api,https://www.ryanair.com/api/booking/v4/it-it/availability?ADT=1&TEEN=0&CHD=0&INF=0&Origin=CTA&Destination=FCO&promoCode=&IncludeConnectingFlights=false&DateOut=2026-11-06&FlexDaysBeforeOut=0&FlexDaysOut=6&RoundTrip=false&ToUs=AGREED,2026-09-07T12:47:36.556Z
CTA-FCO,2026-11-06,34.43,20:50,22:15,Ryanair,FR4857,-1,Malta Air,ryanair_booking_api,https://www.ryanair.com/api/booking/v4/it-it/availability?ADT=1&TEEN=0&CHD=0&INF=0&Origin=CTA&Destination=FCO&promoCode=&IncludeConnectingFlights=false&DateOut=2026-11-06&FlexDaysBeforeOut=0&FlexDaysOut=6&RoundTrip=false&ToUs=AGREED,2026-09-07T12:47:36.556Z
CTA-FCO,2026-11-06,26.39,22:35,23:59,Ryanair,FR4855,-1,Malta Air,ryanair_booking_api,https://www.ryanair.com/api/booking/v4/it-it/availability?ADT=1&TEEN=0&CHD=0&INF=0&Origin=CTA&Destination=FCO&promoCode=&IncludeConnectingFlights=false&DateOut=2026-11-06&FlexDaysBeforeOut=0&FlexDaysOut=6&RoundTrip=false&ToUs=AGREED,2026-09-07T12:47:36.556Z
CTA-FCO,2026-11-07,56.29,06:30,07:55,Ryanair,FR4871,-1,Malta Air,ryanair_booking_api,https://www.ryanair.com/api/booking/v4/it-it/availability?ADT=1&TEEN=0&CHD=0&INF=0&Origin=CTA&Destination=FCO&promoCode=&IncludeConnectingFlights=false&DateOut=2026-11-06&FlexDaysBeforeOut=0&FlexDaysOut=6&RoundTrip=false&ToUs=AGREED,2026-09-07T12:47:36.556Z
CTA-FCO,2026-11-07,58.67,07:30,08:55,Ryanair,FR4857,-1,Malta Air,ryanair_booking_api,https://www.ryanair.com/api/booking/v4/it-it/availability?ADT=1&TEEN=0&CHD=0&INF=0&Origin=CTA&Destination=FCO&promoCode=&IncludeConnectingFlights=false&DateOut=2026-11-06&FlexDaysBeforeOut=0&FlexDaysOut=6&RoundTrip=false&ToUs=AGREED,2026-09-07T12:47:36.556Z
CTA-FCO,2026-11-07,42.89,11:00,12:25,Ryanair,FR4860,-1,Malta Air,ryanair_booking_api,https://www.ryanair.com/api/booking/v4/it-it/availability?ADT=1&TEEN=0&CHD=0&INF=0&Origin=CTA&Destination=FCO&promoCode=&IncludeConnectingFlights=false&DateOut=2026-11-06&FlexDaysBeforeOut=0&FlexDaysOut=6&RoundTrip=false&ToUs=AGREED,2026-09-07T12:47:36.556Z
CTA-FCO,2026-11-07,55.99,12:40,14:05,Ryanair,FR1171,-1,,ryanair_booking_api,https://www.ryanair.com/api/booking/v4/it-it/availability?ADT=1&TEEN=0&CHD=0&INF=0&Origin=CTA&Destination=FCO&promoCode=&IncludeConnectingFlights=false&DateOut=2026-11-06&FlexDaysBeforeOut=0&FlexDaysOut=6&RoundTrip=false&ToUs=AGREED,2026-09-07T12:47:36.556Z
CTA-FCO,2026-11-07,41.53,15:40,17:05,Ryanair,FR4851,5,Malta Air,ryanair_booking_api,https://www.ryanair.com/api/booking/v4/it-it/availability?ADT=1&TEEN=0&CHD=0&INF=0&Origin=CTA&Destination=FCO&promoCode=&IncludeConnectingFlights=false&DateOut=2026-11-06&FlexDaysBeforeOut=0&FlexDaysOut=6&RoundTrip=false&ToUs=AGREED,2026-09-07T12:47:36.556Z
CTA-FCO,2026-11-07,54.42,21:20,22:45,Ryanair,FR4892,-1,Malta Air,ryanair_booking_api,https://www.ryanair.com/api/booking/v4/it-it/availability?ADT=1&TEEN=0&CHD=0&INF=0&Origin=CTA&Destination=FCO&promoCode=&IncludeConnectingFlights=false&DateOut=2026-11-06&FlexDaysBeforeOut=0&FlexDaysOut=6&RoundTrip=false&ToUs=AGREED,2026-09-07T12:47:36.556Z
CTA-FCO,2026-11-08,87.09,07:55,09:20,Ryanair,FR4860,3,Malta Air,ryanair_booking_api,https://www.ryanair.com/api/booking/v4/it-it/availability?ADT=1&TEEN=0&CHD=0&INF=0&Origin=CTA&Destination=FCO&promoCode=&IncludeConnectingFlights=false&DateOut=2026-11-06&FlexDaysBeforeOut=0&FlexDaysOut=6&RoundTrip=false&ToUs=AGREED,2026-09-07T12:47:36.556Z
CTA-FCO,2026-11-08,51.69,10:15,11:40,Ryanair,FR4892,-1,Malta Air,ryanair_booking_api,https://www.ryanair.com/api/booking/v4/it-it/availability?ADT=1&TEEN=0&CHD=0&INF=0&Origin=CTA&Destination=FCO&promoCode=&IncludeConnectingFlights=false&DateOut=2026-11-06&FlexDaysBeforeOut=0&FlexDaysOut=6&RoundTrip=false&ToUs=AGREED,2026-09-07T12:47:36.556Z
CTA-FCO,2026-11-08,51.69,14:30,15:55,Ryanair,FR4857,-1,Malta Air,ryanair_booking_api,https://www.ryanair.com/api/booking/v4/it-it/availability?ADT=1&TEEN=0&CHD=0&INF=0&Origin=CTA&Destination=FCO&promoCode=&IncludeConnectingFlights=false&DateOut=2026-11-06&FlexDaysBeforeOut=0&FlexDaysOut=6&RoundTrip=false&ToUs=AGREED,2026-09-07T12:47:36.556Z
CTA-FCO,2026-11-08,40.36,18:10,19:35,Ryanair,FR4855,-1,Malta Air,ryanair_booking_api,https://www.ryanair.com/api/booking/v4/it-it/availability?ADT=1&TEEN=0&CHD=0&INF=0&Origin=CTA&Destination=FCO&promoCode=&IncludeConnectingFlights=false&DateOut=2026-11-06&FlexDaysBeforeOut=0&FlexDaysOut=6&RoundTrip=false&ToUs=AGREED,2026-09-07T12:47:36.556Z
CTA-FCO,2026-11-08,37.33,20:20,21:45,Ryanair,FR1171,-1,Malta Air,ryanair_booking_api,https://www.ryanair.com/api/booking/v4/it-it/availability?ADT=1&TEEN=0&CHD=0&INF=0&Origin=CTA&Destination=FCO&promoCode=&IncludeConnectingFlights=false&DateOut=2026-11-06&FlexDaysBeforeOut=0&FlexDaysOut=6&RoundTrip=false&ToUs=AGREED,2026-09-07T12:47:36.556Z
CTA-FCO,2026-11-08,15.32,23:00,00:25,Ryanair,FR4851,-1,,ryanair_booking_api,https://www.ryanair.com/api/booking/v4/it-it/availability?ADT=1&TEEN=0&CHD=0&INF=0&Origin=CTA&Destination=FCO&promoCode=&IncludeConnectingFlights=false&DateOut=2026-11-06&FlexDaysBeforeOut=0&FlexDaysOut=6&RoundTrip=false&ToUs=AGREED,2026-09-07T12:47:36.556Z
CTA-FCO,2026-11-09,74.44,06:30,07:55,Ryanair,FR4871,-1,Malta Air,ryanair_booking_api,https://www.ryanair.com/api/booking/v4/it-it/availability?ADT=1&TEEN=0&CHD=0&INF=0&Origin=CTA&Destination=FCO&promoCode=&IncludeConnectingFlights=false&DateOut=2026-11-06&FlexDaysBeforeOut=0&FlexDaysOut=6&RoundTrip=false&ToUs=AGREED,2026-09-07T12:47:36.556Z
CTA-FCO,2026-11-09,90.19,08:00,09:25,Ryanair,FR4851,-1,,ryanair_booking_api,https://www.ryanair.com/api/booking/v4/it-it/availability?ADT=1&TEEN=0&CHD=0&INF=0&Origin=CTA&Destination=FCO&promoCode=&IncludeConnectingFlights=false&DateOut=2026-11-06&FlexDaysBeforeOut=0&FlexDaysOut=6&RoundTrip=false&ToUs=AGREED,2026-09-07T12:47:36.556Z
CTA-FCO,2026-11-09,48.97,11:10,12:35,Ryanair,FR4857,-1,Malta Air,ryanair_booking_api,https://www.ryanair.com/api/booking/v4/it-it/availability?ADT=1&TEEN=0&CHD=0&INF=0&Origin=CTA&Destination=FCO&promoCode=&IncludeConnectingFlights=false&DateOut=2026-11-06&FlexDaysBeforeOut=0&FlexDaysOut=6&RoundTrip=false&ToUs=AGREED,2026-09-07T12:47:36.556Z
CTA-FCO,2026-11-09,54.36,14:35,16:00,Ryanair,FR1171,-1,,ryanair_booking_api,https://www.ryanair.com/api/booking/v4/it-it/availability?ADT=1&TEEN=0&CHD=0&INF=0&Origin=CTA&Destination=FCO&promoCode=&IncludeConnectingFlights=false&DateOut=2026-11-06&FlexDaysBeforeOut=0&FlexDaysOut=6&RoundTrip=false&ToUs=AGREED,2026-09-07T12:47:36.556Z
CTA-FCO,2026-11-09,127.52,20:25,21:50,Ryanair,FR4860,-1,Malta Air,ryanair_booking_api,https://www.ryanair.com/api/booking/v4/it-it/availability?ADT=1&TEEN=0&CHD=0&INF=0&Origin=CTA&Destination=FCO&promoCode=&IncludeConnectingFlights=false&DateOut=2026-11-06&FlexDaysBeforeOut=0&FlexDaysOut=6&RoundTrip=false&ToUs=AGREED,2026-09-07T12:47:36.556Z
CTA-FCO,2026-11-09,50.59,21:30,22:55,Ryanair,FR4892,-1,Malta Air,ryanair_booking_api,https://www.ryanair.com/api/booking/v4/it-it/availability?ADT=1&TEEN=0&CHD=0&INF=0&Origin=CTA&Destination=FCO&promoCode=&IncludeConnectingFlights=false&DateOut=2026-11-06&FlexDaysBeforeOut=0&FlexDaysOut=6&RoundTrip=false&ToUs=AGREED,2026-09-07T12:47:36.556Z
CTA-FCO,2026-11-10,68.19,10:35,12:00,Ryanair,FR4871,-1,Malta Air,ryanair_booking_api,https://www.ryanair.com/api/booking/v4/it-it/availability?ADT=1&TEEN=0&CHD=0&INF=0&Origin=CTA&Destination=FCO&promoCode=&IncludeConnectingFlights=false&DateOut=2026-11-06&FlexDaysBeforeOut=0&FlexDaysOut=6&RoundTrip=false&ToUs=AGREED,2026-09-07T12:47:36.556Z
CTA-FCO,2026-11-10,57.61,15:00,16:25,Ryanair,FR4851,-1,Malta Air,ryanair_booking_api,https://www.ryanair.com/api/booking/v4/it-it/availability?ADT=1&TEEN=0&CHD=0&INF=0&Origin=CTA&Destination=FCO&promoCode=&IncludeConnectingFlights=false&DateOut=2026-11-06&FlexDaysBeforeOut=0&FlexDaysOut=6&RoundTrip=false&ToUs=AGREED,2026-09-07T12:47:36.556Z
CTA-FCO,2026-11-10,34.18,20:00,21:25,Ryanair,FR4892,-1,Malta Air,ryanair_booking_api,https://www.ryanair.com/api/booking/v4/it-it/availability?ADT=1&TEEN=0&CHD=0&INF=0&Origin=CTA&Destination=FCO&promoCode=&IncludeConnectingFlights=false&DateOut=2026-11-06&FlexDaysBeforeOut=0&FlexDaysOut=6&RoundTrip=false&ToUs=AGREED,2026-09-07T12:47:36.556Z
CTA-FCO,2026-11-11,36.29,06:25,07:50,Ryanair,FR4855,2,Malta Air,ryanair_booking_api,https://www.ryanair.com/api/booking/v4/it-it/availability?ADT=1&TEEN=0&CHD=0&INF=0&Origin=CTA&Destination=FCO&promoCode=&IncludeConnectingFlights=false&DateOut=2026-11-06&FlexDaysBeforeOut=0&FlexDaysOut=6&RoundTrip=false&ToUs=AGREED,2026-09-07T12:47:36.556Z
CTA-FCO,2026-11-11,50.59,11:55,13:20,Ryanair,FR4871,-1,Malta Air,ryanair_booking_api,https://www.ryanair.com/api/booking/v4/it-it/availability?ADT=1&TEEN=0&CHD=0&INF=0&Origin=CTA&Destination=FCO&promoCode=&IncludeConnectingFlights=false&DateOut=2026-11-06&FlexDaysBeforeOut=0&FlexDaysOut=6&RoundTrip=false&ToUs=AGREED,2026-09-07T12:47:36.556Z
CTA-FCO,2026-11-11,40.52,16:00,17:25,Ryanair,FR4892,5,Malta Air,ryanair_booking_api,https://www.ryanair.com/api/booking/v4/it-it/availability?ADT=1&TEEN=0&CHD=0&INF=0&Origin=CTA&Destination=FCO&promoCode=&IncludeConnectingFlights=false&DateOut=2026-11-06&FlexDaysBeforeOut=0&FlexDaysOut=6&RoundTrip=false&ToUs=AGREED,2026-09-07T12:47:36.556Z
CTA-FCO,2026-11-11,23.27,22:15,23:40,Ryanair,FR4851,-1,,ryanair_booking_api,https://www.ryanair.com/api/booking/v4/it-it/availability?ADT=1&TEEN=0&CHD=0&INF=0&Origin=CTA&Destination=FCO&promoCode=&IncludeConnectingFlights=false&DateOut=2026-11-06&FlexDaysBeforeOut=0&FlexDaysOut=6&RoundTrip=false&ToUs=AGREED,2026-09-07T12:47:36.556Z
CTA-FCO,2026-11-12,47.89,09:35,11:00,Ryanair,FR4892,-1,Malta Air,ryanair_booking_api,https://www.ryanair.com/api/booking/v4/it-it/availability?ADT=1&TEEN=0&CHD=0&INF=0&Origin=CTA&Destination=FCO&promoCode=&IncludeConnectingFlights=false&DateOut=2026-11-06&FlexDaysBeforeOut=0&FlexDaysOut=6&RoundTrip=false&ToUs=AGREED,2026-09-07T12:47:36.556Z
CTA-FCO,2026-11-12,49.74,11:20,12:45,Ryanair,FR4851,-1,Malta Air,ryanair_booking_api,https://www.ryanair.com/api/booking/v4/it-it/availability?ADT=1&TEEN=0&CHD=0&INF=0&Origin=CTA&Destination=FCO&promoCode=&IncludeConnectingFlights=false&DateOut=2026-11-06&FlexDaysBeforeOut=0&FlexDaysOut=6&RoundTrip=false&ToUs=AGREED,2026-09-07T12:47:36.556Z
CTA-FCO,2026-11-12,30.79,15:45,17:10,Ryanair,FR4855,-1,Malta Air,ryanair_booking_api,https://www.ryanair.com/api/booking/v4/it-it/availability?ADT=1&TEEN=0&CHD=0&INF=0&Origin=CTA&Destination=FCO&promoCode=&IncludeConnectingFlights=false&DateOut=2026-11-06&FlexDaysBeforeOut=0&FlexDaysOut=6&RoundTrip=false&ToUs=AGREED,2026-09-07T12:47:36.556Z
CTA-FCO,2026-11-12,26.3,21:10,22:35,Ryanair,FR1171,-1,,ryanair_booking_api,https://www.ryanair.com/api/booking/v4/it-it/availability?ADT=1&TEEN=0&CHD=0&INF=0&Origin=CTA&Destination=FCO&promoCode=&IncludeConnectingFlights=false&DateOut=2026-11-06&FlexDaysBeforeOut=0&FlexDaysOut=6&RoundTrip=false&ToUs=AGREED,2026-09-07T12:47:36.556Z
CTA-FCO,2026-11-13,50.59,05:55,07:20,Ryanair,FR4871,-1,Malta Air,ryanair_booking_api,https://www.ryanair.com/api/booking/v4/it-it/availability?ADT=1&TEEN=0&CHD=0&INF=0&Origin=CTA&Destination=FCO&promoCode=&IncludeConnectingFlights=false&DateOut=2026-11-13&FlexDaysBeforeOut=0&FlexDaysOut=6&RoundTrip=false&ToUs=AGREED,2026-09-07T12:47:38.028Z
CTA-FCO,2026-11-13,47.47,09:45,11:10,Ryanair,FR1171,1,Malta Air,ryanair_booking_api,https://www.ryanair.com/api/booking/v4/it-it/availability?ADT=1&TEEN=0&CHD=0&INF=0&Origin=CTA&Destination=FCO&promoCode=&IncludeConnectingFlights=false&DateOut=2026-11-13&FlexDaysBeforeOut=0&FlexDaysOut=6&RoundTrip=false&ToUs=AGREED,2026-09-07T12:47:38.028Z
CTA-FCO,2026-11-13,49.74,14:35,16:00,Ryanair,FR4860,-1,,ryanair_booking_api,https://www.ryanair.com/api/booking/v4/it-it/availability?ADT=1&TEEN=0&CHD=0&INF=0&Origin=CTA&Destination=FCO&promoCode=&IncludeConnectingFlights=false&DateOut=2026-11-13&FlexDaysBeforeOut=0&FlexDaysOut=6&RoundTrip=false&ToUs=AGREED,2026-09-07T12:47:38.028Z
CTA-FCO,2026-11-13,49.74,15:25,16:50,Ryanair,FR4892,-1,Malta Air,ryanair_booking_api,https://www.ryanair.com/api/booking/v4/it-it/availability?ADT=1&TEEN=0&CHD=0&INF=0&Origin=CTA&Destination=FCO&promoCode=&IncludeConnectingFlights=false&DateOut=2026-11-13&FlexDaysBeforeOut=0&FlexDaysOut=6&RoundTrip=false&ToUs=AGREED,2026-09-07T12:47:38.028Z
CTA-FCO,2026-11-13,41.53,20:50,22:15,Ryanair,FR4857,-1,Malta Air,ryanair_booking_api,https://www.ryanair.com/api/booking/v4/it-it/availability?ADT=1&TEEN=0&CHD=0&INF=0&Origin=CTA&Destination=FCO&promoCode=&IncludeConnectingFlights=false&DateOut=2026-11-13&FlexDaysBeforeOut=0&FlexDaysOut=6&RoundTrip=false&ToUs=AGREED,2026-09-07T12:47:38.028Z
CTA-FCO,2026-11-13,27.89,22:35,23:59,Ryanair,FR4855,-1,Malta Air,ryanair_booking_api,https://www.ryanair.com/api/booking/v4/it-it/availability?ADT=1&TEEN=0&CHD=0&INF=0&Origin=CTA&Destination=FCO&promoCode=&IncludeConnectingFlights=false&DateOut=2026-11-13&FlexDaysBeforeOut=0&FlexDaysOut=6&RoundTrip=false&ToUs=AGREED,2026-09-07T12:47:38.028Z
CTA-FCO,2026-11-14,50.59,06:30,07:55,Ryanair,FR4871,-1,Malta Air,ryanair_booking_api,https://www.ryanair.com/api/booking/v4/it-it/availability?ADT=1&TEEN=0&CHD=0&INF=0&Origin=CTA&Destination=FCO&promoCode=&IncludeConnectingFlights=false&DateOut=2026-11-13&FlexDaysBeforeOut=0&FlexDaysOut=6&RoundTrip=false&ToUs=AGREED,2026-09-07T12:47:38.028Z
CTA-FCO,2026-11-14,49.74,07:30,08:55,Ryanair,FR4857,5,Malta Air,ryanair_booking_api,https://www.ryanair.com/api/booking/v4/it-it/availability?ADT=1&TEEN=0&CHD=0&INF=0&Origin=CTA&Destination=FCO&promoCode=&IncludeConnectingFlights=false&DateOut=2026-11-13&FlexDaysBeforeOut=0&FlexDaysOut=6&RoundTrip=false&ToUs=AGREED,2026-09-07T12:47:38.028Z
CTA-FCO,2026-11-14,68.19,11:00,12:25,Ryanair,FR4860,-1,Malta Air,ryanair_booking_api,https://www.ryanair.com/api/booking/v4/it-it/availability?ADT=1&TEEN=0&CHD=0&INF=0&Origin=CTA&Destination=FCO&promoCode=&IncludeConnectingFlights=false&DateOut=2026-11-13&FlexDaysBeforeOut=0&FlexDaysOut=6&RoundTrip=false&ToUs=AGREED,2026-09-07T12:47:38.028Z
CTA-FCO,2026-11-14,46.09,12:40,14:05,Ryanair,FR1171,3,,ryanair_booking_api,https://www.ryanair.com/api/booking/v4/it-it/availability?ADT=1&TEEN=0&CHD=0&INF=0&Origin=CTA&Destination=FCO&promoCode=&IncludeConnectingFlights=false&DateOut=2026-11-13&FlexDaysBeforeOut=0&FlexDaysOut=6&RoundTrip=false&ToUs=AGREED,2026-09-07T12:47:38.028Z
CTA-FCO,2026-11-14,32.9,15:40,17:05,Ryanair,FR4851,-1,Malta Air,ryanair_booking_api,https://www.ryanair.com/api/booking/v4/it-it/availability?ADT=1&TEEN=0&CHD=0&INF=0&Origin=CTA&Destination=FCO&promoCode=&IncludeConnectingFlights=false&DateOut=2026-11-13&FlexDaysBeforeOut=0&FlexDaysOut=6&RoundTrip=false&ToUs=AGREED,2026-09-07T12:47:38.028Z
CTA-FCO,2026-11-14,50.59,21:20,22:45,Ryanair,FR4892,-1,Malta Air,ryanair_booking_api,https://www.ryanair.com/api/booking/v4/it-it/availability?ADT=1&TEEN=0&CHD=0&INF=0&Origin=CTA&Destination=FCO&promoCode=&IncludeConnectingFlights=false&DateOut=2026-11-13&FlexDaysBeforeOut=0&FlexDaysOut=6&RoundTrip=false&ToUs=AGREED,2026-09-07T12:47:38.028Z
CTA-FCO,2026-11-15,114.39,07:55,09:20,Ryanair,FR4860,-1,Malta Air,ryanair_booking_api,https://www.ryanair.com/api/booking/v4/it-it/availability?ADT=1&TEEN=0&CHD=0&INF=0&Origin=CTA&Destination=FCO&promoCode=&IncludeConnectingFlights=false&DateOut=2026-11-13&FlexDaysBeforeOut=0&FlexDaysOut=6&RoundTrip=false&ToUs=AGREED,2026-09-07T12:47:38.028Z
CTA-FCO,2026-11-15,53.86,10:15,11:40,Ryanair,FR4892,-1,Malta Air,ryanair_booking_api,https://www.ryanair.com/api/booking/v4/it-it/availability?ADT=1&TEEN=0&CHD=0&INF=0&Origin=CTA&Destination=FCO&promoCode=&IncludeConnectingFlights=false&DateOut=2026-11-13&FlexDaysBeforeOut=0&FlexDaysOut=6&RoundTrip=false&ToUs=AGREED,2026-09-07T12:47:38.028Z
CTA-FCO,2026-11-15,57.09,14:30,15:55,Ryanair,FR4857,-1,Malta Air,ryanair_booking_api,https://www.ryanair.com/api/booking/v4/it-it/availability?ADT=1&TEEN=0&CHD=0&INF=0&Origin=CTA&Destination=FCO&promoCode=&IncludeConnectingFlights=false&DateOut=2026-11-13&FlexDaysBeforeOut=0&FlexDaysOut=6&RoundTrip=false&ToUs=AGREED,2026-09-07T12:47:38.028Z
CTA-FCO,2026-11-15,60.49,18:10,19:35,Ryanair,FR4855,-1,Malta Air,ryanair_booking_api,https://www.ryanair.com/api/booking/v4/it-it/availability?ADT=1&TEEN=0&CHD=0&INF=0&Origin=CTA&Destination=FCO&promoCode=&IncludeConnectingFlights=false&DateOut=2026-11-13&FlexDaysBeforeOut=0&FlexDaysOut=6&RoundTrip=false&ToUs=AGREED,2026-09-07T12:47:38.028Z
CTA-FCO,2026-11-15,43.75,20:20,21:45,Ryanair,FR1171,2,Malta Air,ryanair_booking_api,https://www.ryanair.com/api/booking/v4/it-it/availability?ADT=1&TEEN=0&CHD=0&INF=0&Origin=CTA&Destination=FCO&promoCode=&IncludeConnectingFlights=false&DateOut=2026-11-13&FlexDaysBeforeOut=0&FlexDaysOut=6&RoundTrip=false&ToUs=AGREED,2026-09-07T12:47:38.028Z
CTA-FCO,2026-11-15,28.99,23:00,00:25,Ryanair,FR4851,-1,,ryanair_booking_api,https://www.ryanair.com/api/booking/v4/it-it/availability?ADT=1&TEEN=0&CHD=0&INF=0&Origin=CTA&Destination=FCO&promoCode=&IncludeConnectingFlights=false&DateOut=2026-11-13&FlexDaysBeforeOut=0&FlexDaysOut=6&RoundTrip=false&ToUs=AGREED,2026-09-07T12:47:38.028Z
CTA-FCO,2026-11-16,54.42,06:30,07:55,Ryanair,FR4871,-1,Malta Air,ryanair_booking_api,https://www.ryanair.com/api/booking/v4/it-it/availability?ADT=1&TEEN=0&CHD=0&INF=0&Origin=CTA&Destination=FCO&promoCode=&IncludeConnectingFlights=false&DateOut=2026-11-13&FlexDaysBeforeOut=0&FlexDaysOut=6&RoundTrip=false&ToUs=AGREED,2026-09-07T12:47:38.028Z
CTA-FCO,2026-11-16,42.65,08:00,09:25,Ryanair,FR4851,-1,,ryanair_booking_api,https://www.ryanair.com/api/booking/v4/it-it/availability?ADT=1&TEEN=0&CHD=0&INF=0&Origin=CTA&Destination=FCO&promoCode=&IncludeConnectingFlights=false&DateOut=2026-11-13&FlexDaysBeforeOut=0&FlexDaysOut=6&RoundTrip=false&ToUs=AGREED,2026-09-07T12:47:38.028Z
CTA-FCO,2026-11-16,42.27,11:10,12:35,Ryanair,FR4857,5,Malta Air,ryanair_booking_api,https://www.ryanair.com/api/booking/v4/it-it/availability?ADT=1&TEEN=0&CHD=0&INF=0&Origin=CTA&Destination=FCO&promoCode=&IncludeConnectingFlights=false&DateOut=2026-11-13&FlexDaysBeforeOut=0&FlexDaysOut=6&RoundTrip=false&ToUs=AGREED,2026-09-07T12:47:38.028Z
CTA-FCO,2026-11-16,44.72,14:35,16:00,Ryanair,FR1171,-1,,ryanair_booking_api,https://www.ryanair.com/api/booking/v4/it-it/availability?ADT=1&TEEN=0&CHD=0&INF=0&Origin=CTA&Destination=FCO&promoCode=&IncludeConnectingFlights=false&DateOut=2026-11-13&FlexDaysBeforeOut=0&FlexDaysOut=6&RoundTrip=false&ToUs=AGREED,2026-09-07T12:47:38.028Z
CTA-FCO,2026-11-16,33.33,20:25,21:50,Ryanair,FR4860,-1,Malta Air,ryanair_booking_api,https://www.ryanair.com/api/booking/v4/it-it/availability?ADT=1&TEEN=0&CHD=0&INF=0&Origin=CTA&Destination=FCO&promoCode=&IncludeConnectingFlights=false&DateOut=2026-11-13&FlexDaysBeforeOut=0&FlexDaysOut=6&RoundTrip=false&ToUs=AGREED,2026-09-07T12:47:38.028Z
CTA-FCO,2026-11-16,54.42,21:30,22:55,Ryanair,FR4892,-1,Malta Air,ryanair_booking_api,https://www.ryanair.com/api/booking/v4/it-it/availability?ADT=1&TEEN=0&CHD=0&INF=0&Origin=CTA&Destination=FCO&promoCode=&IncludeConnectingFlights=false&DateOut=2026-11-13&FlexDaysBeforeOut=0&FlexDaysOut=6&RoundTrip=false&ToUs=AGREED,2026-09-07T12:47:38.028Z
CTA-FCO,2026-11-17,41.53,10:35,12:00,Ryanair,FR4871,3,Malta Air,ryanair_booking_api,https://www.ryanair.com/api/booking/v4/it-it/availability?ADT=1&TEEN=0&CHD=0&INF=0&Origin=CTA&Destination=FCO&promoCode=&IncludeConnectingFlights=false&DateOut=2026-11-13&FlexDaysBeforeOut=0&FlexDaysOut=6&RoundTrip=false&ToUs=AGREED,2026-09-07T12:47:38.028Z
CTA-FCO,2026-11-17,40.52,15:00,16:25,Ryanair,FR4851,-1,Malta Air,ryanair_booking_api,https://www.ryanair.com/api/booking/v4/it-it/availability?ADT=1&TEEN=0&CHD=0&INF=0&Origin=CTA&Destination=FCO&promoCode=&IncludeConnectingFlights=false&DateOut=2026-11-13&FlexDaysBeforeOut=0&FlexDaysOut=6&RoundTrip=false&ToUs=AGREED,2026-09-07T12:47:38.028Z
CTA-FCO,2026-11-17,30.79,20:00,21:25,Ryanair,FR4892,-1,Malta Air,ryanair_booking_api,https://www.ryanair.com/api/booking/v4/it-it/availability?ADT=1&TEEN=0&CHD=0&INF=0&Origin=CTA&Destination=FCO&promoCode=&IncludeConnectingFlights=false&DateOut=2026-11-13&FlexDaysBeforeOut=0&FlexDaysOut=6&RoundTrip=false&ToUs=AGREED,2026-09-07T12:47:38.028Z
CTA-FCO,2026-11-18,30.79,06:25,07:50,Ryanair,FR4855,3,Malta Air,ryanair_booking_api,https://www.ryanair.com/api/booking/v4/it-it/availability?ADT=1&TEEN=0&CHD=0&INF=0&Origin=CTA&Destination=FCO&promoCode=&IncludeConnectingFlights=false&DateOut=2026-11-13&FlexDaysBeforeOut=0&FlexDaysOut=6&RoundTrip=false&ToUs=AGREED,2026-09-07T12:47:38.028Z
CTA-FCO,2026-11-18,50.59,11:55,13:20,Ryanair,FR4871,3,Malta Air,ryanair_booking_api,https://www.ryanair.com/api/booking/v4/it-it/availability?ADT=1&TEEN=0&CHD=0&INF=0&Origin=CTA&Destination=FCO&promoCode=&IncludeConnectingFlights=false&DateOut=2026-11-13&FlexDaysBeforeOut=0&FlexDaysOut=6&RoundTrip=false&ToUs=AGREED,2026-09-07T12:47:38.028Z
CTA-FCO,2026-11-18,55.99,16:00,17:25,Ryanair,FR4892,-1,Malta Air,ryanair_booking_api,https://www.ryanair.com/api/booking/v4/it-it/availability?ADT=1&TEEN=0&CHD=0&INF=0&Origin=CTA&Destination=FCO&promoCode=&IncludeConnectingFlights=false&DateOut=2026-11-13&FlexDaysBeforeOut=0&FlexDaysOut=6&RoundTrip=false&ToUs=AGREED,2026-09-07T12:47:38.028Z
CTA-FCO,2026-11-18,14.99,22:15,23:40,Ryanair,FR4851,-1,,ryanair_booking_api,https://www.ryanair.com/api/booking/v4/it-it/availability?ADT=1&TEEN=0&CHD=0&INF=0&Origin=CTA&Destination=FCO&promoCode=&IncludeConnectingFlights=false&DateOut=2026-11-13&FlexDaysBeforeOut=0&FlexDaysOut=6&RoundTrip=false&ToUs=AGREED,2026-09-07T12:47:38.028Z
CTA-FCO,2026-11-19,96.42,09:35,11:00,Ryanair,FR4892,-1,Malta Air,ryanair_booking_api,https://www.ryanair.com/api/booking/v4/it-it/availability?ADT=1&TEEN=0&CHD=0&INF=0&Origin=CTA&Destination=FCO&promoCode=&IncludeConnectingFlights=false&DateOut=2026-11-13&FlexDaysBeforeOut=0&FlexDaysOut=6&RoundTrip=false&ToUs=AGREED,2026-09-07T12:47:38.028Z
CTA-FCO,2026-11-19,42.65,11:20,12:45,Ryanair,FR4851,-1,Malta Air,ryanair_booking_api,https://www.ryanair.com/api/booking/v4/it-it/availability?ADT=1&TEEN=0&CHD=0&INF=0&Origin=CTA&Destination=FCO&promoCode=&IncludeConnectingFlights=false&DateOut=2026-11-13&FlexDaysBeforeOut=0&FlexDaysOut=6&RoundTrip=false&ToUs=AGREED,2026-09-07T12:47:38.028Z
CTA-FCO,2026-11-19,39.26,15:45,17:10,Ryanair,FR4855,-1,Malta Air,ryanair_booking_api,https://www.ryanair.com/api/booking/v4/it-it/availability?ADT=1&TEEN=0&CHD=0&INF=0&Origin=CTA&Destination=FCO&promoCode=&IncludeConnectingFlights=false&DateOut=2026-11-13&FlexDaysBeforeOut=0&FlexDaysOut=6&RoundTrip=false&ToUs=AGREED,2026-09-07T12:47:38.028Z
CTA-FCO,2026-11-19,36.23,21:10,22:35,Ryanair,FR1171,-1,,ryanair_booking_api,https://www.ryanair.com/api/booking/v4/it-it/availability?ADT=1&TEEN=0&CHD=0&INF=0&Origin=CTA&Destination=FCO&promoCode=&IncludeConnectingFlights=false&DateOut=2026-11-13&FlexDaysBeforeOut=0&FlexDaysOut=6&RoundTrip=false&ToUs=AGREED,2026-09-07T12:47:38.028Z
CTA-FCO,2026-11-20,51.69,05:55,07:20,Ryanair,FR4871,-1,Malta Air,ryanair_booking_api,https://www.ryanair.com/api/booking/v4/it-it/availability?ADT=1&TEEN=0&CHD=0&INF=0&Origin=CTA&Destination=FCO&promoCode=&IncludeConnectingFlights=false&DateOut=2026-11-20&FlexDaysBeforeOut=0&FlexDaysOut=6&RoundTrip=false&ToUs=AGREED,2026-09-07T12:47:39.715Z
CTA-FCO,2026-11-20,50.07,09:45,11:10,Ryanair,FR1171,-1,Malta Air,ryanair_booking_api,https://www.ryanair.com/api/booking/v4/it-it/availability?ADT=1&TEEN=0&CHD=0&INF=0&Origin=CTA&Destination=FCO&promoCode=&IncludeConnectingFlights=false&DateOut=2026-11-20&FlexDaysBeforeOut=0&FlexDaysOut=6&RoundTrip=false&ToUs=AGREED,2026-09-07T12:47:39.715Z
CTA-FCO,2026-11-20,42.9,14:35,16:00,Ryanair,FR4860,-1,,ryanair_booking_api,https://www.ryanair.com/api/booking/v4/it-it/availability?ADT=1&TEEN=0&CHD=0&INF=0&Origin=CTA&Destination=FCO&promoCode=&IncludeConnectingFlights=false&DateOut=2026-11-20&FlexDaysBeforeOut=0&FlexDaysOut=6&RoundTrip=false&ToUs=AGREED,2026-09-07T12:47:39.715Z
CTA-FCO,2026-11-20,43.75,15:25,16:50,Ryanair,FR4892,-1,Malta Air,ryanair_booking_api,https://www.ryanair.com/api/booking/v4/it-it/availability?ADT=1&TEEN=0&CHD=0&INF=0&Origin=CTA&Destination=FCO&promoCode=&IncludeConnectingFlights=false&DateOut=2026-11-20&FlexDaysBeforeOut=0&FlexDaysOut=6&RoundTrip=false&ToUs=AGREED,2026-09-07T12:47:39.715Z
CTA-FCO,2026-11-20,21.2,20:50,22:15,Ryanair,FR4857,-1,Malta Air,ryanair_booking_api,https://www.ryanair.com/api/booking/v4/it-it/availability?ADT=1&TEEN=0&CHD=0&INF=0&Origin=CTA&Destination=FCO&promoCode=&IncludeConnectingFlights=false&DateOut=2026-11-20&FlexDaysBeforeOut=0&FlexDaysOut=6&RoundTrip=false&ToUs=AGREED,2026-09-07T12:47:39.715Z
CTA-FCO,2026-11-20,34.0,22:35,23:59,Ryanair,FR4855,-1,Malta Air,ryanair_booking_api,https://www.ryanair.com/api/booking/v4/it-it/availability?ADT=1&TEEN=0&CHD=0&INF=0&Origin=CTA&Destination=FCO&promoCode=&IncludeConnectingFlights=false&DateOut=2026-11-20&FlexDaysBeforeOut=0&FlexDaysOut=6&RoundTrip=false&ToUs=AGREED,2026-09-07T12:47:39.715Z
CTA-FCO,2026-11-21,56.29,06:30,07:55,Ryanair,FR4871,-1,Malta Air,ryanair_booking_api,https://www.ryanair.com/api/booking/v4/it-it/availability?ADT=1&TEEN=0&CHD=0&INF=0&Origin=CTA&Destination=FCO&promoCode=&IncludeConnectingFlights=false&DateOut=2026-11-20&FlexDaysBeforeOut=0&FlexDaysOut=6&RoundTrip=false&ToUs=AGREED,2026-09-07T12:47:39.715Z
CTA-FCO,2026-11-21,28.58,07:30,08:55,Ryanair,FR4857,-1,Malta Air,ryanair_booking_api,https://www.ryanair.com/api/booking/v4/it-it/availability?ADT=1&TEEN=0&CHD=0&INF=0&Origin=CTA&Destination=FCO&promoCode=&IncludeConnectingFlights=false&DateOut=2026-11-20&FlexDaysBeforeOut=0&FlexDaysOut=6&RoundTrip=false&ToUs=AGREED,2026-09-07T12:47:39.715Z
CTA-FCO,2026-11-21,25.29,11:00,12:25,Ryanair,FR4860,-1,Malta Air,ryanair_booking_api,https://www.ryanair.com/api/booking/v4/it-it/availability?ADT=1&TEEN=0&CHD=0&INF=0&Origin=CTA&Destination=FCO&promoCode=&IncludeConnectingFlights=false&DateOut=2026-11-20&FlexDaysBeforeOut=0&FlexDaysOut=6&RoundTrip=false&ToUs=AGREED,2026-09-07T12:47:39.715Z
CTA-FCO,2026-11-21,36.23,12:40,14:05,Ryanair,FR1171,-1,,ryanair_booking_api,https://www.ryanair.com/api/booking/v4/it-it/availability?ADT=1&TEEN=0&CHD=0&INF=0&Origin=CTA&Destination=FCO&promoCode=&IncludeConnectingFlights=false&DateOut=2026-11-20&FlexDaysBeforeOut=0&FlexDaysOut=6&RoundTrip=false&ToUs=AGREED,2026-09-07T12:47:39.715Z
CTA-FCO,2026-11-21,20.1,15:40,17:05,Ryanair,FR4851,-1,Malta Air,ryanair_booking_api,https://www.ryanair.com/api/booking/v4/it-it/availability?ADT=1&TEEN=0&CHD=0&INF=0&Origin=CTA&Destination=FCO&promoCode=&IncludeConnectingFlights=false&DateOut=2026-11-20&FlexDaysBeforeOut=0&FlexDaysOut=6&RoundTrip=false&ToUs=AGREED,2026-09-07T12:47:39.715Z
CTA-FCO,2026-11-21,59.39,21:20,22:45,Ryanair,FR4892,-1,Malta Air,ryanair_booking_api,https://www.ryanair.com/api/booking/v4/it-it/availability?ADT=1&TEEN=0&CHD=0&INF=0&Origin=CTA&Destination=FCO&promoCode=&IncludeConnectingFlights=false&DateOut=2026-11-20&FlexDaysBeforeOut=0&FlexDaysOut=6&RoundTrip=false&ToUs=AGREED,2026-09-07T12:47:39.715Z
CTA-FCO,2026-11-22,47.47,07:55,09:20,Ryanair,FR4860,-1,Malta Air,ryanair_booking_api,https://www.ryanair.com/api/booking/v4/it-it/availability?ADT=1&TEEN=0&CHD=0&INF=0&Origin=CTA&Destination=FCO&promoCode=&IncludeConnectingFlights=false&DateOut=2026-11-20&FlexDaysBeforeOut=0&FlexDaysOut=6&RoundTrip=false&ToUs=AGREED,2026-09-07T12:47:39.715Z
CTA-FCO,2026-11-22,36.29,10:15,11:40,Ryanair,FR4892,-1,Malta Air,ryanair_booking_api,https://www.ryanair.com/api/booking/v4/it-it/availability?ADT=1&TEEN=0&CHD=0&INF=0&Origin=CTA&Destination=FCO&promoCode=&IncludeConnectingFlights=false&DateOut=2026-11-20&FlexDaysBeforeOut=0&FlexDaysOut=6&RoundTrip=false&ToUs=AGREED,2026-09-07T12:47:39.715Z
CTA-FCO,2026-11-22,26.3,14:30,15:55,Ryanair,FR4857,-1,Malta Air,ryanair_booking_api,https://www.ryanair.com/api/booking/v4/it-it/availability?ADT=1&TEEN=0&CHD=0&INF=0&Origin=CTA&Destination=FCO&promoCode=&IncludeConnectingFlights=false&DateOut=2026-11-20&FlexDaysBeforeOut=0&FlexDaysOut=6&RoundTrip=false&ToUs=AGREED,2026-09-07T12:47:39.715Z
CTA-FCO,2026-11-22,30.79,18:10,19:35,Ryanair,FR4855,-1,Malta Air,ryanair_booking_api,https://www.ryanair.com/api/booking/v4/it-it/availability?ADT=1&TEEN=0&CHD=0&INF=0&Origin=CTA&Destination=FCO&promoCode=&IncludeConnectingFlights=false&DateOut=2026-11-20&FlexDaysBeforeOut=0&FlexDaysOut=6&RoundTrip=false&ToUs=AGREED,2026-09-07T12:47:39.715Z
CTA-FCO,2026-11-22,21.53,20:20,21:45,Ryanair,FR1171,2,Malta Air,ryanair_booking_api,https://www.ryanair.com/api/booking/v4/it-it/availability?ADT=1&TEEN=0&CHD=0&INF=0&Origin=CTA&Destination=FCO&promoCode=&IncludeConnectingFlights=false&DateOut=2026-11-20&FlexDaysBeforeOut=0&FlexDaysOut=6&RoundTrip=false&ToUs=AGREED,2026-09-07T12:47:39.715Z
CTA-FCO,2026-11-22,19.86,23:00,00:25,Ryanair,FR4851,2,,ryanair_booking_api,https://www.ryanair.com/api/booking/v4/it-it/availability?ADT=1&TEEN=0&CHD=0&INF=0&Origin=CTA&Destination=FCO&promoCode=&IncludeConnectingFlights=false&DateOut=2026-11-20&FlexDaysBeforeOut=0&FlexDaysOut=6&RoundTrip=false&ToUs=AGREED,2026-09-07T12:47:39.715Z
CTA-FCO,2026-11-23,59.39,06:30,07:55,Ryanair,FR4871,2,Malta Air,ryanair_booking_api,https://www.ryanair.com/api/booking/v4/it-it/availability?ADT=1&TEEN=0&CHD=0&INF=0&Origin=CTA&Destination=FCO&promoCode=&IncludeConnectingFlights=false&DateOut=2026-11-20&FlexDaysBeforeOut=0&FlexDaysOut=6&RoundTrip=false&ToUs=AGREED,2026-09-07T12:47:39.715Z
CTA-FCO,2026-11-23,80.29,08:00,09:25,Ryanair,FR4851,-1,,ryanair_booking_api,https://www.ryanair.com/api/booking/v4/it-it/availability?ADT=1&TEEN=0&CHD=0&INF=0&Origin=CTA&Destination=FCO&promoCode=&IncludeConnectingFlights=false&DateOut=2026-11-20&FlexDaysBeforeOut=0&FlexDaysOut=6&RoundTrip=false&ToUs=AGREED,2026-09-07T12:47:39.715Z
CTA-FCO,2026-11-23,66.17,11:10,12:35,Ryanair,FR4857,-1,Malta Air,ryanair_booking_api,https://www.ryanair.com/api/booking/v4/it-it/availability?ADT=1&TEEN=0&CHD=0&INF=0&Origin=CTA&Destination=FCO&promoCode=&IncludeConnectingFlights=false&DateOut=2026-11-20&FlexDaysBeforeOut=0&FlexDaysOut=6&RoundTrip=false&ToUs=AGREED,2026-09-07T12:47:39.715Z
CTA-FCO,2026-11-23,124.23,14:35,16:00,Ryanair,FR1171,-1,,ryanair_booking_api,https://www.ryanair.com/api/booking/v4/it-it/availability?ADT=1&TEEN=0&CHD=0&INF=0&Origin=CTA&Destination=FCO&promoCode=&IncludeConnectingFlights=false&DateOut=2026-11-20&FlexDaysBeforeOut=0&FlexDaysOut=6&RoundTrip=false&ToUs=AGREED,2026-09-07T12:47:39.715Z
CTA-FCO,2026-11-23,25.29,20:25,21:50,Ryanair,FR4860,4,Malta Air,ryanair_booking_api,https://www.ryanair.com/api/booking/v4/it-it/availability?ADT=1&TEEN=0&CHD=0&INF=0&Origin=CTA&Destination=FCO&promoCode=&IncludeConnectingFlights=false&DateOut=2026-11-20&FlexDaysBeforeOut=0&FlexDaysOut=6&RoundTrip=false&ToUs=AGREED,2026-09-07T12:47:39.715Z
CTA-FCO,2026-11-23,46.28,21:30,22:55,Ryanair,FR4892,-1,Malta Air,ryanair_booking_api,https://www.ryanair.com/api/booking/v4/it-it/availability?ADT=1&TEEN=0&CHD=0&INF=0&Origin=CTA&Destination=FCO&promoCode=&IncludeConnectingFlights=false&DateOut=2026-11-20&FlexDaysBeforeOut=0&FlexDaysOut=6&RoundTrip=false&ToUs=AGREED,2026-09-07T12:47:39.715Z
CTA-FCO,2026-11-24,59.39,10:35,12:00,Ryanair,FR4871,4,Malta Air,ryanair_booking_api,https://www.ryanair.com/api/booking/v4/it-it/availability?ADT=1&TEEN=0&CHD=0&INF=0&Origin=CTA&Destination=FCO&promoCode=&IncludeConnectingFlights=false&DateOut=2026-11-20&FlexDaysBeforeOut=0&FlexDaysOut=6&RoundTrip=false&ToUs=AGREED,2026-09-07T12:47:39.715Z
CTA-FCO,2026-11-24,42.65,15:00,16:25,Ryanair,FR4851,5,Malta Air,ryanair_booking_api,https://www.ryanair.com/api/booking/v4/it-it/availability?ADT=1&TEEN=0&CHD=0&INF=0&Origin=CTA&Destination=FCO&promoCode=&IncludeConnectingFlights=false&DateOut=2026-11-20&FlexDaysBeforeOut=0&FlexDaysOut=6&RoundTrip=false&ToUs=AGREED,2026-09-07T12:47:39.715Z
CTA-FCO,2026-11-24,32.24,20:00,21:25,Ryanair,FR4892,1,Malta Air,ryanair_booking_api,https://www.ryanair.com/api/booking/v4/it-it/availability?ADT=1&TEEN=0&CHD=0&INF=0&Origin=CTA&Destination=FCO&promoCode=&IncludeConnectingFlights=false&DateOut=2026-11-20&FlexDaysBeforeOut=0&FlexDaysOut=6&RoundTrip=false&ToUs=AGREED,2026-09-07T12:47:39.715Z
CTA-FCO,2026-11-25,85.99,06:25,07:50,Ryanair,FR4855,-1,Malta Air,ryanair_booking_api,https://www.ryanair.com/api/booking/v4/it-it/availability?ADT=1&TEEN=0&CHD=0&INF=0&Origin=CTA&Destination=FCO&promoCode=&IncludeConnectingFlights=false&DateOut=2026-11-20&FlexDaysBeforeOut=0&FlexDaysOut=6&RoundTrip=false&ToUs=AGREED,2026-09-07T12:47:39.715Z
CTA-FCO,2026-11-25,57.53,11:55,13:20,Ryanair,FR4871,-1,Malta Air,ryanair_booking_api,https://www.ryanair.com/api/booking/v4/it-it/availability?ADT=1&TEEN=0&CHD=0&INF=0&Origin=CTA&Destination=FCO&promoCode=&IncludeConnectingFlights=false&DateOut=2026-11-20&FlexDaysBeforeOut=0&FlexDaysOut=6&RoundTrip=false&ToUs=AGREED,2026-09-07T12:47:39.715Z
CTA-FCO,2026-11-25,57.61,16:00,17:25,Ryanair,FR4892,-1,Malta Air,ryanair_booking_api,https://www.ryanair.com/api/booking/v4/it-it/availability?ADT=1&TEEN=0&CHD=0&INF=0&Origin=CTA&Destination=FCO&promoCode=&IncludeConnectingFlights=false&DateOut=2026-11-20&FlexDaysBeforeOut=0&FlexDaysOut=6&RoundTrip=false&ToUs=AGREED,2026-09-07T12:47:39.715Z
CTA-FCO,2026-11-25,14.99,22:15,23:40,Ryanair,FR4851,-1,,ryanair_booking_api,https://www.ryanair.com/api/booking/v4/it-it/availability?ADT=1&TEEN=0&CHD=0&INF=0&Origin=CTA&Destination=FCO&promoCode=&IncludeConnectingFlights=false&DateOut=2026-11-20&FlexDaysBeforeOut=0&FlexDaysOut=6&RoundTrip=false&ToUs=AGREED,2026-09-07T12:47:39.715Z
CTA-FCO,2026-11-26,46.28,09:35,11:00,Ryanair,FR4892,-1,Malta Air,ryanair_booking_api,https://www.ryanair.com/api/booking/v4/it-it/availability?ADT=1&TEEN=0&CHD=0&INF=0&Origin=CTA&Destination=FCO&promoCode=&IncludeConnectingFlights=false&DateOut=2026-11-20&FlexDaysBeforeOut=0&FlexDaysOut=6&RoundTrip=false&ToUs=AGREED,2026-09-07T12:47:39.715Z
CTA-FCO,2026-11-26,39.26,11:20,12:45,Ryanair,FR4851,1,Malta Air,ryanair_booking_api,https://www.ryanair.com/api/booking/v4/it-it/availability?ADT=1&TEEN=0&CHD=0&INF=0&Origin=CTA&Destination=FCO&promoCode=&IncludeConnectingFlights=false&DateOut=2026-11-20&FlexDaysBeforeOut=0&FlexDaysOut=6&RoundTrip=false&ToUs=AGREED,2026-09-07T12:47:39.715Z
CTA-FCO,2026-11-26,49.74,15:45,17:10,Ryanair,FR4855,-1,Malta Air,ryanair_booking_api,https://www.ryanair.com/api/booking/v4/it-it/availability?ADT=1&TEEN=0&CHD=0&INF=0&Origin=CTA&Destination=FCO&promoCode=&IncludeConnectingFlights=false&DateOut=2026-11-20&FlexDaysBeforeOut=0&FlexDaysOut=6&RoundTrip=false&ToUs=AGREED,2026-09-07T12:47:39.715Z
CTA-FCO,2026-11-26,25.29,21:10,22:35,Ryanair,FR1171,5,,ryanair_booking_api,https://www.ryanair.com/api/booking/v4/it-it/availability?ADT=1&TEEN=0&CHD=0&INF=0&Origin=CTA&Destination=FCO&promoCode=&IncludeConnectingFlights=false&DateOut=2026-11-20&FlexDaysBeforeOut=0&FlexDaysOut=6&RoundTrip=false&ToUs=AGREED,2026-09-07T12:47:39.715Z
CTA-FCO,2026-11-27,62.78,05:55,07:20,Ryanair,FR4871,-1,Malta Air,ryanair_booking_api,https://www.ryanair.com/api/booking/v4/it-it/availability?ADT=1&TEEN=0&CHD=0&INF=0&Origin=CTA&Destination=FCO&promoCode=&IncludeConnectingFlights=false&DateOut=2026-11-27&FlexDaysBeforeOut=0&FlexDaysOut=6&RoundTrip=false&ToUs=AGREED,2026-09-07T12:47:41.239Z
CTA-FCO,2026-11-27,58.67,09:45,11:10,Ryanair,FR1171,-1,Malta Air,ryanair_booking_api,https://www.ryanair.com/api/booking/v4/it-it/availability?ADT=1&TEEN=0&CHD=0&INF=0&Origin=CTA&Destination=FCO&promoCode=&IncludeConnectingFlights=false&DateOut=2026-11-27&FlexDaysBeforeOut=0&FlexDaysOut=6&RoundTrip=false&ToUs=AGREED,2026-09-07T12:47:41.239Z
CTA-FCO,2026-11-27,36.29,14:35,16:00,Ryanair,FR4860,-1,,ryanair_booking_api,https://www.ryanair.com/api/booking/v4/it-it/availability?ADT=1&TEEN=0&CHD=0&INF=0&Origin=CTA&Destination=FCO&promoCode=&IncludeConnectingFlights=false&DateOut=2026-11-27&FlexDaysBeforeOut=0&FlexDaysOut=6&RoundTrip=false&ToUs=AGREED,2026-09-07T12:47:41.239Z
CTA-FCO,2026-11-27,44.72,15:25,16:50,Ryanair,FR4892,1,Malta Air,ryanair_booking_api,https://www.ryanair.com/api/booking/v4/it-it/availability?ADT=1&TEEN=0&CHD=0&INF=0&Origin=CTA&Destination=FCO&promoCode=&IncludeConnectingFlights=false&DateOut=2026-11-27&FlexDaysBeforeOut=0&FlexDaysOut=6&RoundTrip=false&ToUs=AGREED,2026-09-07T12:47:41.239Z
CTA-FCO,2026-11-27,40.52,20:50,22:15,Ryanair,FR4857,-1,Malta Air,ryanair_booking_api,https://www.ryanair.com/api/booking/v4/it-it/availability?ADT=1&TEEN=0&CHD=0&INF=0&Origin=CTA&Destination=FCO&promoCode=&IncludeConnectingFlights=false&DateOut=2026-11-27&FlexDaysBeforeOut=0&FlexDaysOut=6&RoundTrip=false&ToUs=AGREED,2026-09-07T12:47:41.239Z
CTA-FCO,2026-11-27,30.79,22:35,23:59,Ryanair,FR4855,-1,Malta Air,ryanair_booking_api,https://www.ryanair.com/api/booking/v4/it-it/availability?ADT=1&TEEN=0&CHD=0&INF=0&Origin=CTA&Destination=FCO&promoCode=&IncludeConnectingFlights=false&DateOut=2026-11-27&FlexDaysBeforeOut=0&FlexDaysOut=6&RoundTrip=false&ToUs=AGREED,2026-09-07T12:47:41.239Z
CTA-FCO,2026-11-28,36.29,06:30,07:55,Ryanair,FR4871,-1,Malta Air,ryanair_booking_api,https://www.ryanair.com/api/booking/v4/it-it/availability?ADT=1&TEEN=0&CHD=0&INF=0&Origin=CTA&Destination=FCO&promoCode=&IncludeConnectingFlights=false&DateOut=2026-11-27&FlexDaysBeforeOut=0&FlexDaysOut=6&RoundTrip=false&ToUs=AGREED,2026-09-07T12:47:41.239Z
CTA-FCO,2026-11-28,59.39,07:30,08:55,Ryanair,FR4857,-1,Malta Air,ryanair_booking_api,https://www.ryanair.com/api/booking/v4/it-it/availability?ADT=1&TEEN=0&CHD=0&INF=0&Origin=CTA&Destination=FCO&promoCode=&IncludeConnectingFlights=false&DateOut=2026-11-27&FlexDaysBeforeOut=0&FlexDaysOut=6&RoundTrip=false&ToUs=AGREED,2026-09-07T12:47:41.239Z
CTA-FCO,2026-11-28,27.06,11:00,12:25,Ryanair,FR4860,-1,Malta Air,ryanair_booking_api,https://www.ryanair.com/api/booking/v4/it-it/availability?ADT=1&TEEN=0&CHD=0&INF=0&Origin=CTA&Destination=FCO&promoCode=&IncludeConnectingFlights=false&DateOut=2026-11-27&FlexDaysBeforeOut=0&FlexDaysOut=6&RoundTrip=false&ToUs=AGREED,2026-09-07T12:47:41.239Z
CTA-FCO,2026-11-28,23.29,12:40,14:05,Ryanair,FR1171,-1,,ryanair_booking_api,https://www.ryanair.com/api/booking/v4/it-it/availability?ADT=1&TEEN=0&CHD=0&INF=0&Origin=CTA&Destination=FCO&promoCode=&IncludeConnectingFlights=false&DateOut=2026-11-27&FlexDaysBeforeOut=0&FlexDaysOut=6&RoundTrip=false&ToUs=AGREED,2026-09-07T12:47:41.239Z
CTA-FCO,2026-11-28,36.23,15:40,17:05,Ryanair,FR4851,-1,Malta Air,ryanair_booking_api,https://www.ryanair.com/api/booking/v4/it-it/availability?ADT=1&TEEN=0&CHD=0&INF=0&Origin=CTA&Destination=FCO&promoCode=&IncludeConnectingFlights=false&DateOut=2026-11-27&FlexDaysBeforeOut=0&FlexDaysOut=6&RoundTrip=false&ToUs=AGREED,2026-09-07T12:47:41.239Z
CTA-FCO,2026-11-28,50.59,21:20,22:45,Ryanair,FR4892,-1,Malta Air,ryanair_booking_api,https://www.ryanair.com/api/booking/v4/it-it/availability?ADT=1&TEEN=0&CHD=0&INF=0&Origin=CTA&Destination=FCO&promoCode=&IncludeConnectingFlights=false&DateOut=2026-11-27&FlexDaysBeforeOut=0&FlexDaysOut=6&RoundTrip=false&ToUs=AGREED,2026-09-07T12:47:41.239Z
CTA-FCO,2026-11-29,40.52,07:55,09:20,Ryanair,FR4860,1,Malta Air,ryanair_booking_api,https://www.ryanair.com/api/booking/v4/it-it/availability?ADT=1&TEEN=0&CHD=0&INF=0&Origin=CTA&Destination=FCO&promoCode=&IncludeConnectingFlights=false&DateOut=2026-11-27&FlexDaysBeforeOut=0&FlexDaysOut=6&RoundTrip=false&ToUs=AGREED,2026-09-07T12:47:41.239Z
CTA-FCO,2026-11-29,46.28,10:15,11:40,Ryanair,FR4892,-1,Malta Air,ryanair_booking_api,https://www.ryanair.com/api/booking/v4/it-it/availability?ADT=1&TEEN=0&CHD=0&INF=0&Origin=CTA&Destination=FCO&promoCode=&IncludeConnectingFlights=false&DateOut=2026-11-27&FlexDaysBeforeOut=0&FlexDaysOut=6&RoundTrip=false&ToUs=AGREED,2026-09-07T12:47:41.239Z
CTA-FCO,2026-11-29,29.71,14:30,15:55,Ryanair,FR4857,3,Malta Air,ryanair_booking_api,https://www.ryanair.com/api/booking/v4/it-it/availability?ADT=1&TEEN=0&CHD=0&INF=0&Origin=CTA&Destination=FCO&promoCode=&IncludeConnectingFlights=false&DateOut=2026-11-27&FlexDaysBeforeOut=0&FlexDaysOut=6&RoundTrip=false&ToUs=AGREED,2026-09-07T12:47:41.239Z
CTA-FCO,2026-11-29,41.8,18:10,19:35,Ryanair,FR4855,5,Malta Air,ryanair_booking_api,https://www.ryanair.com/api/booking/v4/it-it/availability?ADT=1&TEEN=0&CHD=0&INF=0&Origin=CTA&Destination=FCO&promoCode=&IncludeConnectingFlights=false&DateOut=2026-11-27&FlexDaysBeforeOut=0&FlexDaysOut=6&RoundTrip=false&ToUs=AGREED,2026-09-07T12:47:41.239Z
CTA-FCO,2026-11-29,124.23,20:20,21:45,Ryanair,FR1171,-1,Malta Air,ryanair_booking_api,https://www.ryanair.com/api/booking/v4/it-it/availability?ADT=1&TEEN=0&CHD=0&INF=0&Origin=CTA&Destination=FCO&promoCode=&IncludeConnectingFlights=false&DateOut=2026-11-27&FlexDaysBeforeOut=0&FlexDaysOut=6&RoundTrip=false&ToUs=AGREED,2026-09-07T12:47:41.239Z
CTA-FCO,2026-11-29,17.42,23:00,00:25,Ryanair,FR4851,5,,ryanair_booking_api,https://www.ryanair.com/api/booking/v4/it-it/availability?ADT=1&TEEN=0&CHD=0&INF=0&Origin=CTA&Destination=FCO&promoCode=&IncludeConnectingFlights=false&DateOut=2026-11-27&FlexDaysBeforeOut=0&FlexDaysOut=6&RoundTrip=false&ToUs=AGREED,2026-09-07T12:47:41.239Z
CTA-FCO,2026-11-30,50.59,06:30,07:55,Ryanair,FR4871,-1,Malta Air,ryanair_booking_api,https://www.ryanair.com/api/booking/v4/it-it/availability?ADT=1&TEEN=0&CHD=0&INF=0&Origin=CTA&Destination=FCO&promoCode=&IncludeConnectingFlights=false&DateOut=2026-11-27&FlexDaysBeforeOut=0&FlexDaysOut=6&RoundTrip=false&ToUs=AGREED,2026-09-07T12:47:41.239Z
CTA-FCO,2026-11-30,33.33,08:00,09:25,Ryanair,FR4851,-1,,ryanair_booking_api,https://www.ryanair.com/api/booking/v4/it-it/availability?ADT=1&TEEN=0&CHD=0&INF=0&Origin=CTA&Destination=FCO&promoCode=&IncludeConnectingFlights=false&DateOut=2026-11-27&FlexDaysBeforeOut=0&FlexDaysOut=6&RoundTrip=false&ToUs=AGREED,2026-09-07T12:47:41.239Z
CTA-FCO,2026-11-30,48.97,11:10,12:35,Ryanair,FR4857,-1,Malta Air,ryanair_booking_api,https://www.ryanair.com/api/booking/v4/it-it/availability?ADT=1&TEEN=0&CHD=0&INF=0&Origin=CTA&Destination=FCO&promoCode=&IncludeConnectingFlights=false&DateOut=2026-11-27&FlexDaysBeforeOut=0&FlexDaysOut=6&RoundTrip=false&ToUs=AGREED,2026-09-07T12:47:41.239Z
CTA-FCO,2026-11-30,29.08,14:35,16:00,Ryanair,FR1171,-1,,ryanair_booking_api,https://www.ryanair.com/api/booking/v4/it-it/availability?ADT=1&TEEN=0&CHD=0&INF=0&Origin=CTA&Destination=FCO&promoCode=&IncludeConnectingFlights=false&DateOut=2026-11-27&FlexDaysBeforeOut=0&FlexDaysOut=6&RoundTrip=false&ToUs=AGREED,2026-09-07T12:47:41.239Z
CTA-FCO,2026-11-30,27.06,20:25,21:50,Ryanair,FR4860,-1,Malta Air,ryanair_booking_api,https://www.ryanair.com/api/booking/v4/it-it/availability?ADT=1&TEEN=0&CHD=0&INF=0&Origin=CTA&Destination=FCO&promoCode=&IncludeConnectingFlights=false&DateOut=2026-11-27&FlexDaysBeforeOut=0&FlexDaysOut=6&RoundTrip=false&ToUs=AGREED,2026-09-07T12:47:41.239Z
CTA-FCO,2026-11-30,56.29,21:30,22:55,Ryanair,FR4892,-1,Malta Air,ryanair_booking_api,https://www.ryanair.com/api/booking/v4/it-it/availability?ADT=1&TEEN=0&CHD=0&INF=0&Origin=CTA&Destination=FCO&promoCode=&IncludeConnectingFlights=false&DateOut=2026-11-27&FlexDaysBeforeOut=0&FlexDaysOut=6&RoundTrip=false&ToUs=AGREED,2026-09-07T12:47:41.239Z
CTA-FCO,2026-12-01,42.65,06:00,07:25,Ryanair,FR1171,-1,Malta Air,ryanair_booking_api,https://www.ryanair.com/api/booking/v4/it-it/availability?ADT=1&TEEN=0&CHD=0&INF=0&Origin=CTA&Destination=FCO&promoCode=&IncludeConnectingFlights=false&DateOut=2026-11-27&FlexDaysBeforeOut=0&FlexDaysOut=6&RoundTrip=false&ToUs=AGREED,2026-09-07T12:47:41.239Z
CTA-FCO,2026-12-01,50.59,10:35,12:00,Ryanair,FR4871,5,Malta Air,ryanair_booking_api,https://www.ryanair.com/api/booking/v4/it-it/availability?ADT=1&TEEN=0&CHD=0&INF=0&Origin=CTA&Destination=FCO&promoCode=&IncludeConnectingFlights=false&DateOut=2026-11-27&FlexDaysBeforeOut=0&FlexDaysOut=6&RoundTrip=false&ToUs=AGREED,2026-09-07T12:47:41.239Z
CTA-FCO,2026-12-01,35.51,15:00,16:25,Ryanair,FR4851,-1,Malta Air,ryanair_booking_api,https://www.ryanair.com/api/booking/v4/it-it/availability?ADT=1&TEEN=0&CHD=0&INF=0&Origin=CTA&Destination=FCO&promoCode=&IncludeConnectingFlights=false&DateOut=2026-11-27&FlexDaysBeforeOut=0&FlexDaysOut=6&RoundTrip=false&ToUs=AGREED,2026-09-07T12:47:41.239Z
CTA-FCO,2026-12-01,32.9,20:00,21:25,Ryanair,FR4892,-1,Malta Air,ryanair_booking_api,https://www.ryanair.com/api/booking/v4/it-it/availability?ADT=1&TEEN=0&CHD=0&INF=0&Origin=CTA&Destination=FCO&promoCode=&IncludeConnectingFlights=false&DateOut=2026-11-27&FlexDaysBeforeOut=0&FlexDaysOut=6&RoundTrip=false&ToUs=AGREED,2026-09-07T12:47:41.239Z
CTA-FCO,2026-12-02,76.64,06:25,07:50,Ryanair,FR4855,-1,Malta Air,ryanair_booking_api,https://www.ryanair.com/api/booking/v4/it-it/availability?ADT=1&TEEN=0&CHD=0&INF=0&Origin=CTA&Destination=FCO&promoCode=&IncludeConnectingFlights=false&DateOut=2026-11-27&FlexDaysBeforeOut=0&FlexDaysOut=6&RoundTrip=false&ToUs=AGREED,2026-09-07T12:47:41.239Z
CTA-FCO,2026-12-02,46.28,11:55,13:20,Ryanair,FR4871,4,Malta Air,ryanair_booking_api,https://www.ryanair.com/api/booking/v4/it-it/availability?ADT=1&TEEN=0&CHD=0&INF=0&Origin=CTA&Destination=FCO&promoCode=&IncludeConnectingFlights=false&DateOut=2026-11-27&FlexDaysBeforeOut=0&FlexDaysOut=6&RoundTrip=false&ToUs=AGREED,2026-09-07T12:47:41.239Z
CTA-FCO,2026-12-02,49.74,14:20,15:45,Ryanair,FR1171,-1,Malta Air,ryanair_booking_api,https://www.ryanair.com/api/booking/v4/it-it/availability?ADT=1&TEEN=0&CHD=0&INF=0&Origin=CTA&Destination=FCO&promoCode=&IncludeConnectingFlights=false&DateOut=2026-11-27&FlexDaysBeforeOut=0&FlexDaysOut=6&RoundTrip=false&ToUs=AGREED,2026-09-07T12:47:41.239Z
CTA-FCO,2026-12-02,48.83,16:00,17:25,Ryanair,FR4892,-1,Malta Air,ryanair_booking_api,https://www.ryanair.com/api/booking/v4/it-it/availability?ADT=1&TEEN=0&CHD=0&INF=0&Origin=CTA&Destination=FCO&promoCode=&IncludeConnectingFlights=false&DateOut=2026-11-27&FlexDaysBeforeOut=0&FlexDaysOut=6&RoundTrip=false&ToUs=AGREED,2026-09-07T12:47:41.239Z
CTA-FCO,2026-12-03,56.29,09:35,11:00,Ryanair,FR4892,-1,Malta Air,ryanair_booking_api,https://www.ryanair.com/api/booking/v4/it-it/availability?ADT=1&TEEN=0&CHD=0&INF=0&Origin=CTA&Destination=FCO&promoCode=&IncludeConnectingFlights=false&DateOut=2026-11-27&FlexDaysBeforeOut=0&FlexDaysOut=6&RoundTrip=false&ToUs=AGREED,2026-09-07T12:47:41.239Z
CTA-FCO,2026-12-03,39.26,11:20,12:45,Ryanair,FR4851,1,Malta Air,ryanair_booking_api,https://www.ryanair.com/api/booking/v4/it-it/availability?ADT=1&TEEN=0&CHD=0&INF=0&Origin=CTA&Destination=FCO&promoCode=&IncludeConnectingFlights=false&DateOut=2026-11-27&FlexDaysBeforeOut=0&FlexDaysOut=6&RoundTrip=false&ToUs=AGREED,2026-09-07T12:47:41.239Z
CTA-FCO,2026-12-03,49.74,15:45,17:10,Ryanair,FR4855,-1,Malta Air,ryanair_booking_api,https://www.ryanair.com/api/booking/v4/it-it/availability?ADT=1&TEEN=0&CHD=0&INF=0&Origin=CTA&Destination=FCO&promoCode=&IncludeConnectingFlights=false&DateOut=2026-11-27&FlexDaysBeforeOut=0&FlexDaysOut=6&RoundTrip=false&ToUs=AGREED,2026-09-07T12:47:41.239Z
CTA-FCO,2026-12-03,50.59,21:10,22:35,Ryanair,FR1171,-1,,ryanair_booking_api,https://www.ryanair.com/api/booking/v4/it-it/availability?ADT=1&TEEN=0&CHD=0&INF=0&Origin=CTA&Destination=FCO&promoCode=&IncludeConnectingFlights=false&DateOut=2026-11-27&FlexDaysBeforeOut=0&FlexDaysOut=6&RoundTrip=false&ToUs=AGREED,2026-09-07T12:47:41.239Z
FCO-CTA,2026-09-25,17.7,05:45,07:05,Ryanair,FR1170,-1,Malta Air,ryanair_booking_api,https://www.ryanair.com/api/booking/v4/it-it/availability?ADT=1&TEEN=0&CHD=0&INF=0&Origin=FCO&Destination=CTA&promoCode=&IncludeConnectingFlights=false&DateOut=2026-09-25&FlexDaysBeforeOut=0&FlexDaysOut=6&RoundTrip=false&ToUs=AGREED,2026-09-07T12:47:42.661Z
FCO-CTA,2026-09-25,30.99,08:25,09:45,Ryanair,FR4861,4,Malta Air,ryanair_booking_api,https://www.ryanair.com/api/booking/v4/it-it/availability?ADT=1&TEEN=0&CHD=0&INF=0&Origin=FCO&Destination=CTA&promoCode=&IncludeConnectingFlights=false&DateOut=2026-09-25&FlexDaysBeforeOut=0&FlexDaysOut=6&RoundTrip=false&ToUs=AGREED,2026-09-07T12:47:42.661Z
FCO-CTA,2026-09-25,36.99,10:05,11:25,Ryanair,FR4852,3,Malta Air,ryanair_booking_api,https://www.ryanair.com/api/booking/v4/it-it/availability?ADT=1&TEEN=0&CHD=0&INF=0&Origin=FCO&Destination=CTA&promoCode=&IncludeConnectingFlights=false&DateOut=2026-09-25&FlexDaysBeforeOut=0&FlexDaysOut=6&RoundTrip=false&ToUs=AGREED,2026-09-07T12:47:42.661Z
FCO-CTA,2026-09-25,51.99,17:45,19:05,Ryanair,FR4872,1,Malta Air,ryanair_booking_api,https://www.ryanair.com/api/booking/v4/it-it/availability?ADT=1&TEEN=0&CHD=0&INF=0&Origin=FCO&Destination=CTA&promoCode=&IncludeConnectingFlights=false&DateOut=2026-09-25&FlexDaysBeforeOut=0&FlexDaysOut=6&RoundTrip=false&ToUs=AGREED,2026-09-07T12:47:42.661Z
FCO-CTA,2026-09-25,50.99,20:15,21:35,Ryanair,FR4891,2,Malta Air,ryanair_booking_api,https://www.ryanair.com/api/booking/v4/it-it/availability?ADT=1&TEEN=0&CHD=0&INF=0&Origin=FCO&Destination=CTA&promoCode=&IncludeConnectingFlights=false&DateOut=2026-09-25&FlexDaysBeforeOut=0&FlexDaysOut=6&RoundTrip=false&ToUs=AGREED,2026-09-07T12:47:42.661Z
FCO-CTA,2026-09-25,35.99,21:00,22:20,Ryanair,FR4858,3,Malta Air,ryanair_booking_api,https://www.ryanair.com/api/booking/v4/it-it/availability?ADT=1&TEEN=0&CHD=0&INF=0&Origin=FCO&Destination=CTA&promoCode=&IncludeConnectingFlights=false&DateOut=2026-09-25&FlexDaysBeforeOut=0&FlexDaysOut=6&RoundTrip=false&ToUs=AGREED,2026-09-07T12:47:42.661Z
FCO-CTA,2026-09-26,21.85,06:55,08:15,Ryanair,FR1170,-1,Malta Air,ryanair_booking_api,https://www.ryanair.com/api/booking/v4/it-it/availability?ADT=1&TEEN=0&CHD=0&INF=0&Origin=FCO&Destination=CTA&promoCode=&IncludeConnectingFlights=false&DateOut=2026-09-25&FlexDaysBeforeOut=0&FlexDaysOut=6&RoundTrip=false&ToUs=AGREED,2026-09-07T12:47:42.661Z
FCO-CTA,2026-09-26,20.99,08:05,09:25,Ryanair,FR4872,3,Malta Air,ryanair_booking_api,https://www.ryanair.com/api/booking/v4/it-it/availability?ADT=1&TEEN=0&CHD=0&INF=0&Origin=FCO&Destination=CTA&promoCode=&IncludeConnectingFlights=false&DateOut=2026-09-25&FlexDaysBeforeOut=0&FlexDaysOut=6&RoundTrip=false&ToUs=AGREED,2026-09-07T12:47:42.661Z
FCO-CTA,2026-09-26,59.75,10:00,11:20,Ryanair,FR4852,-1,Malta Air,ryanair_booking_api,https://www.ryanair.com/api/booking/v4/it-it/availability?ADT=1&TEEN=0&CHD=0&INF=0&Origin=FCO&Destination=CTA&promoCode=&IncludeConnectingFlights=false&DateOut=2026-09-25&FlexDaysBeforeOut=0&FlexDaysOut=6&RoundTrip=false&ToUs=AGREED,2026-09-07T12:47:42.661Z
FCO-CTA,2026-09-26,43.49,17:55,19:15,Ryanair,FR4891,3,Malta Air,ryanair_booking_api,https://www.ryanair.com/api/booking/v4/it-it/availability?ADT=1&TEEN=0&CHD=0&INF=0&Origin=FCO&Destination=CTA&promoCode=&IncludeConnectingFlights=false&DateOut=2026-09-25&FlexDaysBeforeOut=0&FlexDaysOut=6&RoundTrip=false&ToUs=AGREED,2026-09-07T12:47:42.661Z
FCO-CTA,2026-09-26,33.99,18:35,19:55,Ryanair,FR4861,5,Malta Air,ryanair_booking_api,https://www.ryanair.com/api/booking/v4/it-it/availability?ADT=1&TEEN=0&CHD=0&INF=0&Origin=FCO&Destination=CTA&promoCode=&IncludeConnectingFlights=false&DateOut=2026-09-25&FlexDaysBeforeOut=0&FlexDaysOut=6&RoundTrip=false&ToUs=AGREED,2026-09-07T12:47:42.661Z
FCO-CTA,2026-09-26,22.33,21:25,22:45,Ryanair,FR4858,-1,Malta Air,ryanair_booking_api,https://www.ryanair.com/api/booking/v4/it-it/availability?ADT=1&TEEN=0&CHD=0&INF=0&Origin=FCO&Destination=CTA&promoCode=&IncludeConnectingFlights=false&DateOut=2026-09-25&FlexDaysBeforeOut=0&FlexDaysOut=6&RoundTrip=false&ToUs=AGREED,2026-09-07T12:47:42.661Z
FCO-CTA,2026-09-27,19.99,06:00,07:20,Ryanair,FR1170,4,Malta Air,ryanair_booking_api,https://www.ryanair.com/api/booking/v4/it-it/availability?ADT=1&TEEN=0&CHD=0&INF=0&Origin=FCO&Destination=CTA&promoCode=&IncludeConnectingFlights=false&DateOut=2026-09-25&FlexDaysBeforeOut=0&FlexDaysOut=6&RoundTrip=false&ToUs=AGREED,2026-09-07T12:47:42.661Z
FCO-CTA,2026-09-27,20.0,08:50,10:10,Ryanair,FR4872,-1,Malta Air,ryanair_booking_api,https://www.ryanair.com/api/booking/v4/it-it/availability?ADT=1&TEEN=0&CHD=0&INF=0&Origin=FCO&Destination=CTA&promoCode=&IncludeConnectingFlights=false&DateOut=2026-09-25&FlexDaysBeforeOut=0&FlexDaysOut=6&RoundTrip=false&ToUs=AGREED,2026-09-07T12:47:42.661Z
FCO-CTA,2026-09-27,50.99,11:50,13:10,Ryanair,FR4891,1,Malta Air,ryanair_booking_api,https://www.ryanair.com/api/booking/v4/it-it/availability?ADT=1&TEEN=0&CHD=0&INF=0&Origin=FCO&Destination=CTA&promoCode=&IncludeConnectingFlights=false&DateOut=2026-09-25&FlexDaysBeforeOut=0&FlexDaysOut=6&RoundTrip=false&ToUs=AGREED,2026-09-07T12:47:42.661Z
FCO-CTA,2026-09-27,39.99,12:20,13:40,Ryanair,FR4852,5,Malta Air,ryanair_booking_api,https://www.ryanair.com/api/booking/v4/it-it/availability?ADT=1&TEEN=0&CHD=0&INF=0&Origin=FCO&Destination=CTA&promoCode=&IncludeConnectingFlights=false&DateOut=2026-09-25&FlexDaysBeforeOut=0&FlexDaysOut=6&RoundTrip=false&ToUs=AGREED,2026-09-07T12:47:42.661Z
FCO-CTA,2026-09-27,91.34,15:45,17:05,Ryanair,FR4856,3,Malta Air,ryanair_booking_api,https://www.ryanair.com/api/booking/v4/it-it/availability?ADT=1&TEEN=0&CHD=0&INF=0&Origin=FCO&Destination=CTA&promoCode=&IncludeConnectingFlights=false&DateOut=2026-09-25&FlexDaysBeforeOut=0&FlexDaysOut=6&RoundTrip=false&ToUs=AGREED,2026-09-07T12:47:42.661Z
FCO-CTA,2026-09-27,68.99,20:15,21:35,Ryanair,FR4929,3,Malta Air,ryanair_booking_api,https://www.ryanair.com/api/booking/v4/it-it/availability?ADT=1&TEEN=0&CHD=0&INF=0&Origin=FCO&Destination=CTA&promoCode=&IncludeConnectingFlights=false&DateOut=2026-09-25&FlexDaysBeforeOut=0&FlexDaysOut=6&RoundTrip=false&ToUs=AGREED,2026-09-07T12:47:42.661Z
FCO-CTA,2026-09-27,62.99,21:35,22:55,Ryanair,FR4861,3,Malta Air,ryanair_booking_api,https://www.ryanair.com/api/booking/v4/it-it/availability?ADT=1&TEEN=0&CHD=0&INF=0&Origin=FCO&Destination=CTA&promoCode=&IncludeConnectingFlights=false&DateOut=2026-09-25&FlexDaysBeforeOut=0&FlexDaysOut=6&RoundTrip=false&ToUs=AGREED,2026-09-07T12:47:42.661Z
FCO-CTA,2026-09-28,18.8,05:45,07:05,Ryanair,FR1170,-1,Malta Air,ryanair_booking_api,https://www.ryanair.com/api/booking/v4/it-it/availability?ADT=1&TEEN=0&CHD=0&INF=0&Origin=FCO&Destination=CTA&promoCode=&IncludeConnectingFlights=false&DateOut=2026-09-25&FlexDaysBeforeOut=0&FlexDaysOut=6&RoundTrip=false&ToUs=AGREED,2026-09-07T12:47:42.661Z
FCO-CTA,2026-09-28,51.76,08:15,09:35,Ryanair,FR4872,1,Malta Air,ryanair_booking_api,https://www.ryanair.com/api/booking/v4/it-it/availability?ADT=1&TEEN=0&CHD=0&INF=0&Origin=FCO&Destination=CTA&promoCode=&IncludeConnectingFlights=false&DateOut=2026-09-25&FlexDaysBeforeOut=0&FlexDaysOut=6&RoundTrip=false&ToUs=AGREED,2026-09-07T12:47:42.661Z
FCO-CTA,2026-09-28,49.48,12:00,13:20,Ryanair,FR4856,3,Malta Air,ryanair_booking_api,https://www.ryanair.com/api/booking/v4/it-it/availability?ADT=1&TEEN=0&CHD=0&INF=0&Origin=FCO&Destination=CTA&promoCode=&IncludeConnectingFlights=false&DateOut=2026-09-25&FlexDaysBeforeOut=0&FlexDaysOut=6&RoundTrip=false&ToUs=AGREED,2026-09-07T12:47:42.661Z
FCO-CTA,2026-09-28,41.99,16:05,17:25,Ryanair,FR4858,3,Malta Air,ryanair_booking_api,https://www.ryanair.com/api/booking/v4/it-it/availability?ADT=1&TEEN=0&CHD=0&INF=0&Origin=FCO&Destination=CTA&promoCode=&IncludeConnectingFlights=false&DateOut=2026-09-25&FlexDaysBeforeOut=0&FlexDaysOut=6&RoundTrip=false&ToUs=AGREED,2026-09-07T12:47:42.661Z
FCO-CTA,2026-09-28,44.99,20:30,21:50,Ryanair,FR4891,2,Malta Air,ryanair_booking_api,https://www.ryanair.com/api/booking/v4/it-it/availability?ADT=1&TEEN=0&CHD=0&INF=0&Origin=FCO&Destination=CTA&promoCode=&IncludeConnectingFlights=false&DateOut=2026-09-25&FlexDaysBeforeOut=0&FlexDaysOut=6&RoundTrip=false&ToUs=AGREED,2026-09-07T12:47:42.661Z
FCO-CTA,2026-09-29,17.7,06:35,07:55,Ryanair,FR1170,-1,Malta Air,ryanair_booking_api,https://www.ryanair.com/api/booking/v4/it-it/availability?ADT=1&TEEN=0&CHD=0&INF=0&Origin=FCO&Destination=CTA&promoCode=&IncludeConnectingFlights=false&DateOut=2026-09-25&FlexDaysBeforeOut=0&FlexDaysOut=6&RoundTrip=false&ToUs=AGREED,2026-09-07T12:47:42.661Z
FCO-CTA,2026-09-29,15.99,08:55,10:15,Ryanair,FR4872,-1,Malta Air,ryanair_booking_api,https://www.ryanair.com/api/booking/v4/it-it/availability?ADT=1&TEEN=0&CHD=0&INF=0&Origin=FCO&Destination=CTA&promoCode=&IncludeConnectingFlights=false&DateOut=2026-09-25&FlexDaysBeforeOut=0&FlexDaysOut=6&RoundTrip=false&ToUs=AGREED,2026-09-07T12:47:42.661Z
FCO-CTA,2026-09-29,17.0,09:55,11:15,Ryanair,FR4852,2,Malta Air,ryanair_booking_api,https://www.ryanair.com/api/booking/v4/it-it/availability?ADT=1&TEEN=0&CHD=0&INF=0&Origin=FCO&Destination=CTA&promoCode=&IncludeConnectingFlights=false&DateOut=2026-09-25&FlexDaysBeforeOut=0&FlexDaysOut=6&RoundTrip=false&ToUs=AGREED,2026-09-07T12:47:42.661Z
FCO-CTA,2026-09-29,20.99,11:30,12:50,Ryanair,FR4856,4,Malta Air,ryanair_booking_api,https://www.ryanair.com/api/booking/v4/it-it/availability?ADT=1&TEEN=0&CHD=0&INF=0&Origin=FCO&Destination=CTA&promoCode=&IncludeConnectingFlights=false&DateOut=2026-09-25&FlexDaysBeforeOut=0&FlexDaysOut=6&RoundTrip=false&ToUs=AGREED,2026-09-07T12:47:42.661Z
FCO-CTA,2026-09-29,30.99,17:05,18:25,Ryanair,FR4891,4,Malta Air,ryanair_booking_api,https://www.ryanair.com/api/booking/v4/it-it/availability?ADT=1&TEEN=0&CHD=0&INF=0&Origin=FCO&Destination=CTA&promoCode=&IncludeConnectingFlights=false&DateOut=2026-09-25&FlexDaysBeforeOut=0&FlexDaysOut=6&RoundTrip=false&ToUs=AGREED,2026-09-07T12:47:42.661Z
FCO-CTA,2026-09-29,29.08,19:25,20:45,Ryanair,FR4929,-1,Malta Air,ryanair_booking_api,https://www.ryanair.com/api/booking/v4/it-it/availability?ADT=1&TEEN=0&CHD=0&INF=0&Origin=FCO&Destination=CTA&promoCode=&IncludeConnectingFlights=false&DateOut=2026-09-25&FlexDaysBeforeOut=0&FlexDaysOut=6&RoundTrip=false&ToUs=AGREED,2026-09-07T12:47:42.661Z
FCO-CTA,2026-09-29,33.99,21:10,22:30,Ryanair,FR4861,4,Malta Air,ryanair_booking_api,https://www.ryanair.com/api/booking/v4/it-it/availability?ADT=1&TEEN=0&CHD=0&INF=0&Origin=FCO&Destination=CTA&promoCode=&IncludeConnectingFlights=false&DateOut=2026-09-25&FlexDaysBeforeOut=0&FlexDaysOut=6&RoundTrip=false&ToUs=AGREED,2026-09-07T12:47:42.661Z
FCO-CTA,2026-09-30,14.99,06:25,07:45,Ryanair,FR1170,3,Malta Air,ryanair_booking_api,https://www.ryanair.com/api/booking/v4/it-it/availability?ADT=1&TEEN=0&CHD=0&INF=0&Origin=FCO&Destination=CTA&promoCode=&IncludeConnectingFlights=false&DateOut=2026-09-25&FlexDaysBeforeOut=0&FlexDaysOut=6&RoundTrip=false&ToUs=AGREED,2026-09-07T12:47:42.661Z
FCO-CTA,2026-09-30,18.67,07:50,09:10,Ryanair,FR4872,-1,Malta Air,ryanair_booking_api,https://www.ryanair.com/api/booking/v4/it-it/availability?ADT=1&TEEN=0&CHD=0&INF=0&Origin=FCO&Destination=CTA&promoCode=&IncludeConnectingFlights=false&DateOut=2026-09-25&FlexDaysBeforeOut=0&FlexDaysOut=6&RoundTrip=false&ToUs=AGREED,2026-09-07T12:47:42.661Z
FCO-CTA,2026-09-30,23.99,13:40,15:00,Ryanair,FR4891,3,Malta Air,ryanair_booking_api,https://www.ryanair.com/api/booking/v4/it-it/availability?ADT=1&TEEN=0&CHD=0&INF=0&Origin=FCO&Destination=CTA&promoCode=&IncludeConnectingFlights=false&DateOut=2026-09-25&FlexDaysBeforeOut=0&FlexDaysOut=6&RoundTrip=false&ToUs=AGREED,2026-09-07T12:47:42.661Z
FCO-CTA,2026-09-30,18.9,14:55,16:15,Ryanair,FR4929,-1,Malta Air,ryanair_booking_api,https://www.ryanair.com/api/booking/v4/it-it/availability?ADT=1&TEEN=0&CHD=0&INF=0&Origin=FCO&Destination=CTA&promoCode=&IncludeConnectingFlights=false&DateOut=2026-09-25&FlexDaysBeforeOut=0&FlexDaysOut=6&RoundTrip=false&ToUs=AGREED,2026-09-07T12:47:42.661Z
FCO-CTA,2026-09-30,15.99,15:55,17:15,Ryanair,FR4852,3,Malta Air,ryanair_booking_api,https://www.ryanair.com/api/booking/v4/it-it/availability?ADT=1&TEEN=0&CHD=0&INF=0&Origin=FCO&Destination=CTA&promoCode=&IncludeConnectingFlights=false&DateOut=2026-09-25&FlexDaysBeforeOut=0&FlexDaysOut=6&RoundTrip=false&ToUs=AGREED,2026-09-07T12:47:42.661Z
FCO-CTA,2026-09-30,20.99,18:10,19:30,Ryanair,FR4856,3,Malta Air,ryanair_booking_api,https://www.ryanair.com/api/booking/v4/it-it/availability?ADT=1&TEEN=0&CHD=0&INF=0&Origin=FCO&Destination=CTA&promoCode=&IncludeConnectingFlights=false&DateOut=2026-09-25&FlexDaysBeforeOut=0&FlexDaysOut=6&RoundTrip=false&ToUs=AGREED,2026-09-07T12:47:42.661Z
FCO-CTA,2026-09-30,58.67,21:15,22:35,Ryanair,FR4858,-1,Malta Air,ryanair_booking_api,https://www.ryanair.com/api/booking/v4/it-it/availability?ADT=1&TEEN=0&CHD=0&INF=0&Origin=FCO&Destination=CTA&promoCode=&IncludeConnectingFlights=false&DateOut=2026-09-25&FlexDaysBeforeOut=0&FlexDaysOut=6&RoundTrip=false&ToUs=AGREED,2026-09-07T12:47:42.661Z
FCO-CTA,2026-10-01,14.99,06:05,07:25,Ryanair,FR1170,1,Malta Air,ryanair_booking_api,https://www.ryanair.com/api/booking/v4/it-it/availability?ADT=1&TEEN=0&CHD=0&INF=0&Origin=FCO&Destination=CTA&promoCode=&IncludeConnectingFlights=false&DateOut=2026-09-25&FlexDaysBeforeOut=0&FlexDaysOut=6&RoundTrip=false&ToUs=AGREED,2026-09-07T12:47:42.661Z
FCO-CTA,2026-10-01,15.99,08:40,10:00,Ryanair,FR4872,4,Malta Air,ryanair_booking_api,https://www.ryanair.com/api/booking/v4/it-it/availability?ADT=1&TEEN=0&CHD=0&INF=0&Origin=FCO&Destination=CTA&promoCode=&IncludeConnectingFlights=false&DateOut=2026-09-25&FlexDaysBeforeOut=0&FlexDaysOut=6&RoundTrip=false&ToUs=AGREED,2026-09-07T12:47:42.661Z
FCO-CTA,2026-10-01,24.99,09:25,10:45,Ryanair,FR4852,5,Malta Air,ryanair_booking_api,https://www.ryanair.com/api/booking/v4/it-it/availability?ADT=1&TEEN=0&CHD=0&INF=0&Origin=FCO&Destination=CTA&promoCode=&IncludeConnectingFlights=false&DateOut=2026-09-25&FlexDaysBeforeOut=0&FlexDaysOut=6&RoundTrip=false&ToUs=AGREED,2026-09-07T12:47:42.661Z
FCO-CTA,2026-10-01,39.0,12:45,14:05,Ryanair,FR4856,4,Malta Air,ryanair_booking_api,https://www.ryanair.com/api/booking/v4/it-it/availability?ADT=1&TEEN=0&CHD=0&INF=0&Origin=FCO&Destination=CTA&promoCode=&IncludeConnectingFlights=false&DateOut=2026-09-25&FlexDaysBeforeOut=0&FlexDaysOut=6&RoundTrip=false&ToUs=AGREED,2026-09-07T12:47:42.661Z
FCO-CTA,2026-10-01,39.99,17:45,19:05,Ryanair,FR4891,5,Malta Air,ryanair_booking_api,https://www.ryanair.com/api/booking/v4/it-it/availability?ADT=1&TEEN=0&CHD=0&INF=0&Origin=FCO&Destination=CTA&promoCode=&IncludeConnectingFlights=false&DateOut=2026-09-25&FlexDaysBeforeOut=0&FlexDaysOut=6&RoundTrip=false&ToUs=AGREED,2026-09-07T12:47:42.661Z
FCO-CTA,2026-10-01,313.12,21:25,22:45,Ryanair,FR4858,-1,Malta Air,ryanair_booking_api,https://www.ryanair.com/api/booking/v4/it-it/availability?ADT=1&TEEN=0&CHD=0&INF=0&Origin=FCO&Destination=CTA&promoCode=&IncludeConnectingFlights=false&DateOut=2026-09-25&FlexDaysBeforeOut=0&FlexDaysOut=6&RoundTrip=false&ToUs=AGREED,2026-09-07T12:47:42.661Z
FCO-CTA,2026-10-02,18.9,05:45,07:05,Ryanair,FR1170,-1,Malta Air,ryanair_booking_api,https://www.ryanair.com/api/booking/v4/it-it/availability?ADT=1&TEEN=0&CHD=0&INF=0&Origin=FCO&Destination=CTA&promoCode=&IncludeConnectingFlights=false&DateOut=2026-10-02&FlexDaysBeforeOut=0&FlexDaysOut=6&RoundTrip=false&ToUs=AGREED,2026-09-07T12:47:44.354Z
FCO-CTA,2026-10-02,31.64,08:25,09:45,Ryanair,FR4861,-1,Malta Air,ryanair_booking_api,https://www.ryanair.com/api/booking/v4/it-it/availability?ADT=1&TEEN=0&CHD=0&INF=0&Origin=FCO&Destination=CTA&promoCode=&IncludeConnectingFlights=false&DateOut=2026-10-02&FlexDaysBeforeOut=0&FlexDaysOut=6&RoundTrip=false&ToUs=AGREED,2026-09-07T12:47:44.354Z
FCO-CTA,2026-10-02,34.99,10:05,11:25,Ryanair,FR4852,2,Malta Air,ryanair_booking_api,https://www.ryanair.com/api/booking/v4/it-it/availability?ADT=1&TEEN=0&CHD=0&INF=0&Origin=FCO&Destination=CTA&promoCode=&IncludeConnectingFlights=false&DateOut=2026-10-02&FlexDaysBeforeOut=0&FlexDaysOut=6&RoundTrip=false&ToUs=AGREED,2026-09-07T12:47:44.354Z
FCO-CTA,2026-10-02,71.45,17:45,19:05,Ryanair,FR4872,3,Malta Air,ryanair_booking_api,https://www.ryanair.com/api/booking/v4/it-it/availability?ADT=1&TEEN=0&CHD=0&INF=0&Origin=FCO&Destination=CTA&promoCode=&IncludeConnectingFlights=false&DateOut=2026-10-02&FlexDaysBeforeOut=0&FlexDaysOut=6&RoundTrip=false&ToUs=AGREED,2026-09-07T12:47:44.354Z
FCO-CTA,2026-10-02,41.99,20:15,21:35,Ryanair,FR4891,3,Malta Air,ryanair_booking_api,https://www.ryanair.com/api/booking/v4/it-it/availability?ADT=1&TEEN=0&CHD=0&INF=0&Origin=FCO&Destination=CTA&promoCode=&IncludeConnectingFlights=false&DateOut=2026-10-02&FlexDaysBeforeOut=0&FlexDaysOut=6&RoundTrip=false&ToUs=AGREED,2026-09-07T12:47:44.354Z
FCO-CTA,2026-10-02,35.99,21:00,22:20,Ryanair,FR4858,2,Malta Air,ryanair_booking_api,https://www.ryanair.com/api/booking/v4/it-it/availability?ADT=1&TEEN=0&CHD=0&INF=0&Origin=FCO&Destination=CTA&promoCode=&IncludeConnectingFlights=false&DateOut=2026-10-02&FlexDaysBeforeOut=0&FlexDaysOut=6&RoundTrip=false&ToUs=AGREED,2026-09-07T12:47:44.354Z
FCO-CTA,2026-10-03,22.52,06:55,08:15,Ryanair,FR1170,-1,Malta Air,ryanair_booking_api,https://www.ryanair.com/api/booking/v4/it-it/availability?ADT=1&TEEN=0&CHD=0&INF=0&Origin=FCO&Destination=CTA&promoCode=&IncludeConnectingFlights=false&DateOut=2026-10-02&FlexDaysBeforeOut=0&FlexDaysOut=6&RoundTrip=false&ToUs=AGREED,2026-09-07T12:47:44.354Z
FCO-CTA,2026-10-03,26.99,08:05,09:25,Ryanair,FR4872,1,Malta Air,ryanair_booking_api,https://www.ryanair.com/api/booking/v4/it-it/availability?ADT=1&TEEN=0&CHD=0&INF=0&Origin=FCO&Destination=CTA&promoCode=&IncludeConnectingFlights=false&DateOut=2026-10-02&FlexDaysBeforeOut=0&FlexDaysOut=6&RoundTrip=false&ToUs=AGREED,2026-09-07T12:47:44.354Z
FCO-CTA,2026-10-03,37.98,10:00,11:20,Ryanair,FR4852,-1,Malta Air,ryanair_booking_api,https://www.ryanair.com/api/booking/v4/it-it/availability?ADT=1&TEEN=0&CHD=0&INF=0&Origin=FCO&Destination=CTA&promoCode=&IncludeConnectingFlights=false&DateOut=2026-10-02&FlexDaysBeforeOut=0&FlexDaysOut=6&RoundTrip=false&ToUs=AGREED,2026-09-07T12:47:44.354Z
FCO-CTA,2026-10-03,21.75,17:55,19:15,Ryanair,FR4891,-1,Malta Air,ryanair_booking_api,https://www.ryanair.com/api/booking/v4/it-it/availability?ADT=1&TEEN=0&CHD=0&INF=0&Origin=FCO&Destination=CTA&promoCode=&IncludeConnectingFlights=false&DateOut=2026-10-02&FlexDaysBeforeOut=0&FlexDaysOut=6&RoundTrip=false&ToUs=AGREED,2026-09-07T12:47:44.354Z
FCO-CTA,2026-10-03,25.99,18:35,19:55,Ryanair,FR4861,5,Malta Air,ryanair_booking_api,https://www.ryanair.com/api/booking/v4/it-it/availability?ADT=1&TEEN=0&CHD=0&INF=0&Origin=FCO&Destination=CTA&promoCode=&IncludeConnectingFlights=false&DateOut=2026-10-02&FlexDaysBeforeOut=0&FlexDaysOut=6&RoundTrip=false&ToUs=AGREED,2026-09-07T12:47:44.354Z
FCO-CTA,2026-10-03,55.99,21:25,22:45,Ryanair,FR4858,-1,Malta Air,ryanair_booking_api,https://www.ryanair.com/api/booking/v4/it-it/availability?ADT=1&TEEN=0&CHD=0&INF=0&Origin=FCO&Destination=CTA&promoCode=&IncludeConnectingFlights=false&DateOut=2026-10-02&FlexDaysBeforeOut=0&FlexDaysOut=6&RoundTrip=false&ToUs=AGREED,2026-09-07T12:47:44.354Z
FCO-CTA,2026-10-04,14.99,06:00,07:20,Ryanair,FR1170,-1,Malta Air,ryanair_booking_api,https://www.ryanair.com/api/booking/v4/it-it/availability?ADT=1&TEEN=0&CHD=0&INF=0&Origin=FCO&Destination=CTA&promoCode=&IncludeConnectingFlights=false&DateOut=2026-10-02&FlexDaysBeforeOut=0&FlexDaysOut=6&RoundTrip=false&ToUs=AGREED,2026-09-07T12:47:44.354Z
FCO-CTA,2026-10-04,19.45,08:50,10:10,Ryanair,FR4872,-1,Malta Air,ryanair_booking_api,https://www.ryanair.com/api/booking/v4/it-it/availability?ADT=1&TEEN=0&CHD=0&INF=0&Origin=FCO&Destination=CTA&promoCode=&IncludeConnectingFlights=false&DateOut=2026-10-02&FlexDaysBeforeOut=0&FlexDaysOut=6&RoundTrip=false&ToUs=AGREED,2026-09-07T12:47:44.354Z
FCO-CTA,2026-10-04,24.99,11:50,13:10,Ryanair,FR4891,3,Malta Air,ryanair_booking_api,https://www.ryanair.com/api/booking/v4/it-it/availability?ADT=1&TEEN=0&CHD=0&INF=0&Origin=FCO&Destination=CTA&promoCode=&IncludeConnectingFlights=false&DateOut=2026-10-02&FlexDaysBeforeOut=0&FlexDaysOut=6&RoundTrip=false&ToUs=AGREED,2026-09-07T12:47:44.354Z
FCO-CTA,2026-10-04,26.59,12:20,13:40,Ryanair,FR4852,-1,Malta Air,ryanair_booking_api,https://www.ryanair.com/api/booking/v4/it-it/availability?ADT=1&TEEN=0&CHD=0&INF=0&Origin=FCO&Destination=CTA&promoCode=&IncludeConnectingFlights=false&DateOut=2026-10-02&FlexDaysBeforeOut=0&FlexDaysOut=6&RoundTrip=false&ToUs=AGREED,2026-09-07T12:47:44.354Z
FCO-CTA,2026-10-04,47.99,15:45,17:05,Ryanair,FR4856,1,Malta Air,ryanair_booking_api,https://www.ryanair.com/api/booking/v4/it-it/availability?ADT=1&TEEN=0&CHD=0&INF=0&Origin=FCO&Destination=CTA&promoCode=&IncludeConnectingFlights=false&DateOut=2026-10-02&FlexDaysBeforeOut=0&FlexDaysOut=6&RoundTrip=false&ToUs=AGREED,2026-09-07T12:47:44.354Z
FCO-CTA,2026-10-04,47.99,20:15,21:35,Ryanair,FR4929,5,Malta Air,ryanair_booking_api,https://www.ryanair.com/api/booking/v4/it-it/availability?ADT=1&TEEN=0&CHD=0&INF=0&Origin=FCO&Destination=CTA&promoCode=&IncludeConnectingFlights=false&DateOut=2026-10-02&FlexDaysBeforeOut=0&FlexDaysOut=6&RoundTrip=false&ToUs=AGREED,2026-09-07T12:47:44.354Z
FCO-CTA,2026-10-04,36.99,21:35,22:55,Ryanair,FR4861,1,Malta Air,ryanair_booking_api,https://www.ryanair.com/api/booking/v4/it-it/availability?ADT=1&TEEN=0&CHD=0&INF=0&Origin=FCO&Destination=CTA&promoCode=&IncludeConnectingFlights=false&DateOut=2026-10-02&FlexDaysBeforeOut=0&FlexDaysOut=6&RoundTrip=false&ToUs=AGREED,2026-09-07T12:47:44.354Z
FCO-CTA,2026-10-05,17.0,05:45,07:05,Ryanair,FR1170,5,Malta Air,ryanair_booking_api,https://www.ryanair.com/api/booking/v4/it-it/availability?ADT=1&TEEN=0&CHD=0&INF=0&Origin=FCO&Destination=CTA&promoCode=&IncludeConnectingFlights=false&DateOut=2026-10-02&FlexDaysBeforeOut=0&FlexDaysOut=6&RoundTrip=false&ToUs=AGREED,2026-09-07T12:47:44.354Z
FCO-CTA,2026-10-05,28.99,08:15,09:35,Ryanair,FR4872,1,Malta Air,ryanair_booking_api,https://www.ryanair.com/api/booking/v4/it-it/availability?ADT=1&TEEN=0&CHD=0&INF=0&Origin=FCO&Destination=CTA&promoCode=&IncludeConnectingFlights=false&DateOut=2026-10-02&FlexDaysBeforeOut=0&FlexDaysOut=6&RoundTrip=false&ToUs=AGREED,2026-09-07T12:47:44.354Z
FCO-CTA,2026-10-05,47.47,12:00,13:20,Ryanair,FR4856,-1,Malta Air,ryanair_booking_api,https://www.ryanair.com/api/booking/v4/it-it/availability?ADT=1&TEEN=0&CHD=0&INF=0&Origin=FCO&Destination=CTA&promoCode=&IncludeConnectingFlights=false&DateOut=2026-10-02&FlexDaysBeforeOut=0&FlexDaysOut=6&RoundTrip=false&ToUs=AGREED,2026-09-07T12:47:44.354Z
FCO-CTA,2026-10-05,38.83,16:05,17:25,Ryanair,FR4858,4,Malta Air,ryanair_booking_api,https://www.ryanair.com/api/booking/v4/it-it/availability?ADT=1&TEEN=0&CHD=0&INF=0&Origin=FCO&Destination=CTA&promoCode=&IncludeConnectingFlights=false&DateOut=2026-10-02&FlexDaysBeforeOut=0&FlexDaysOut=6&RoundTrip=false&ToUs=AGREED,2026-09-07T12:47:44.354Z
FCO-CTA,2026-10-05,36.99,20:30,21:50,Ryanair,FR4891,5,Malta Air,ryanair_booking_api,https://www.ryanair.com/api/booking/v4/it-it/availability?ADT=1&TEEN=0&CHD=0&INF=0&Origin=FCO&Destination=CTA&promoCode=&IncludeConnectingFlights=false&DateOut=2026-10-02&FlexDaysBeforeOut=0&FlexDaysOut=6&RoundTrip=false&ToUs=AGREED,2026-09-07T12:47:44.354Z
FCO-CTA,2026-10-06,14.99,06:35,07:55,Ryanair,FR1170,4,Malta Air,ryanair_booking_api,https://www.ryanair.com/api/booking/v4/it-it/availability?ADT=1&TEEN=0&CHD=0&INF=0&Origin=FCO&Destination=CTA&promoCode=&IncludeConnectingFlights=false&DateOut=2026-10-02&FlexDaysBeforeOut=0&FlexDaysOut=6&RoundTrip=false&ToUs=AGREED,2026-09-07T12:47:44.354Z
FCO-CTA,2026-10-06,18.35,08:55,10:15,Ryanair,FR4872,4,Malta Air,ryanair_booking_api,https://www.ryanair.com/api/booking/v4/it-it/availability?ADT=1&TEEN=0&CHD=0&INF=0&Origin=FCO&Destination=CTA&promoCode=&IncludeConnectingFlights=false&DateOut=2026-10-02&FlexDaysBeforeOut=0&FlexDaysOut=6&RoundTrip=false&ToUs=AGREED,2026-09-07T12:47:44.354Z
FCO-CTA,2026-10-06,14.99,09:55,11:15,Ryanair,FR4852,1,Malta Air,ryanair_booking_api,https://www.ryanair.com/api/booking/v4/it-it/availability?ADT=1&TEEN=0&CHD=0&INF=0&Origin=FCO&Destination=CTA&promoCode=&IncludeConnectingFlights=false&DateOut=2026-10-02&FlexDaysBeforeOut=0&FlexDaysOut=6&RoundTrip=false&ToUs=AGREED,2026-09-07T12:47:44.354Z
FCO-CTA,2026-10-06,22.52,11:30,12:50,Ryanair,FR4856,-1,Malta Air,ryanair_booking_api,https://www.ryanair.com/api/booking/v4/it-it/availability?ADT=1&TEEN=0&CHD=0&INF=0&Origin=FCO&Destination=CTA&promoCode=&IncludeConnectingFlights=false&DateOut=2026-10-02&FlexDaysBeforeOut=0&FlexDaysOut=6&RoundTrip=false&ToUs=AGREED,2026-09-07T12:47:44.354Z
FCO-CTA,2026-10-06,33.99,17:05,18:25,Ryanair,FR4891,3,Malta Air,ryanair_booking_api,https://www.ryanair.com/api/booking/v4/it-it/availability?ADT=1&TEEN=0&CHD=0&INF=0&Origin=FCO&Destination=CTA&promoCode=&IncludeConnectingFlights=false&DateOut=2026-10-02&FlexDaysBeforeOut=0&FlexDaysOut=6&RoundTrip=false&ToUs=AGREED,2026-09-07T12:47:44.354Z
FCO-CTA,2026-10-06,30.36,19:25,20:45,Ryanair,FR4929,-1,Malta Air,ryanair_booking_api,https://www.ryanair.com/api/booking/v4/it-it/availability?ADT=1&TEEN=0&CHD=0&INF=0&Origin=FCO&Destination=CTA&promoCode=&IncludeConnectingFlights=false&DateOut=2026-10-02&FlexDaysBeforeOut=0&FlexDaysOut=6&RoundTrip=false&ToUs=AGREED,2026-09-07T12:47:44.354Z
FCO-CTA,2026-10-06,24.99,21:10,22:30,Ryanair,FR4861,-1,Malta Air,ryanair_booking_api,https://www.ryanair.com/api/booking/v4/it-it/availability?ADT=1&TEEN=0&CHD=0&INF=0&Origin=FCO&Destination=CTA&promoCode=&IncludeConnectingFlights=false&DateOut=2026-10-02&FlexDaysBeforeOut=0&FlexDaysOut=6&RoundTrip=false&ToUs=AGREED,2026-09-07T12:47:44.354Z
FCO-CTA,2026-10-07,14.99,06:25,07:45,Ryanair,FR1170,5,Malta Air,ryanair_booking_api,https://www.ryanair.com/api/booking/v4/it-it/availability?ADT=1&TEEN=0&CHD=0&INF=0&Origin=FCO&Destination=CTA&promoCode=&IncludeConnectingFlights=false&DateOut=2026-10-02&FlexDaysBeforeOut=0&FlexDaysOut=6&RoundTrip=false&ToUs=AGREED,2026-09-07T12:47:44.354Z
FCO-CTA,2026-10-07,19.99,07:50,09:10,Ryanair,FR4872,5,Malta Air,ryanair_booking_api,https://www.ryanair.com/api/booking/v4/it-it/availability?ADT=1&TEEN=0&CHD=0&INF=0&Origin=FCO&Destination=CTA&promoCode=&IncludeConnectingFlights=false&DateOut=2026-10-02&FlexDaysBeforeOut=0&FlexDaysOut=6&RoundTrip=false&ToUs=AGREED,2026-09-07T12:47:44.354Z
FCO-CTA,2026-10-07,22.17,13:40,15:00,Ryanair,FR4891,4,Malta Air,ryanair_booking_api,https://www.ryanair.com/api/booking/v4/it-it/availability?ADT=1&TEEN=0&CHD=0&INF=0&Origin=FCO&Destination=CTA&promoCode=&IncludeConnectingFlights=false&DateOut=2026-10-02&FlexDaysBeforeOut=0&FlexDaysOut=6&RoundTrip=false&ToUs=AGREED,2026-09-07T12:47:44.354Z
FCO-CTA,2026-10-07,25.99,14:55,16:15,Ryanair,FR4929,-1,Malta Air,ryanair_booking_api,https://www.ryanair.com/api/booking/v4/it-it/availability?ADT=1&TEEN=0&CHD=0&INF=0&Origin=FCO&Destination=CTA&promoCode=&IncludeConnectingFlights=false&DateOut=2026-10-02&FlexDaysBeforeOut=0&FlexDaysOut=6&RoundTrip=false&ToUs=AGREED,2026-09-07T12:47:44.354Z
FCO-CTA,2026-10-07,24.99,15:55,17:15,Ryanair,FR4852,3,Malta Air,ryanair_booking_api,https://www.ryanair.com/api/booking/v4/it-it/availability?ADT=1&TEEN=0&CHD=0&INF=0&Origin=FCO&Destination=CTA&promoCode=&IncludeConnectingFlights=false&DateOut=2026-10-02&FlexDaysBeforeOut=0&FlexDaysOut=6&RoundTrip=false&ToUs=AGREED,2026-09-07T12:47:44.354Z
FCO-CTA,2026-10-07,20.99,18:10,19:30,Ryanair,FR4856,1,Malta Air,ryanair_booking_api,https://www.ryanair.com/api/booking/v4/it-it/availability?ADT=1&TEEN=0&CHD=0&INF=0&Origin=FCO&Destination=CTA&promoCode=&IncludeConnectingFlights=false&DateOut=2026-10-02&FlexDaysBeforeOut=0&FlexDaysOut=6&RoundTrip=false&ToUs=AGREED,2026-09-07T12:47:44.354Z
FCO-CTA,2026-10-07,32.24,21:15,22:35,Ryanair,FR4858,-1,Malta Air,ryanair_booking_api,https://www.ryanair.com/api/booking/v4/it-it/availability?ADT=1&TEEN=0&CHD=0&INF=0&Origin=FCO&Destination=CTA&promoCode=&IncludeConnectingFlights=false&DateOut=2026-10-02&FlexDaysBeforeOut=0&FlexDaysOut=6&RoundTrip=false&ToUs=AGREED,2026-09-07T12:47:44.354Z
FCO-CTA,2026-10-08,17.0,06:05,07:25,Ryanair,FR1170,4,Malta Air,ryanair_booking_api,https://www.ryanair.com/api/booking/v4/it-it/availability?ADT=1&TEEN=0&CHD=0&INF=0&Origin=FCO&Destination=CTA&promoCode=&IncludeConnectingFlights=false&DateOut=2026-10-02&FlexDaysBeforeOut=0&FlexDaysOut=6&RoundTrip=false&ToUs=AGREED,2026-09-07T12:47:44.354Z
FCO-CTA,2026-10-08,20.24,08:40,10:00,Ryanair,FR4872,-1,Malta Air,ryanair_booking_api,https://www.ryanair.com/api/booking/v4/it-it/availability?ADT=1&TEEN=0&CHD=0&INF=0&Origin=FCO&Destination=CTA&promoCode=&IncludeConnectingFlights=false&DateOut=2026-10-02&FlexDaysBeforeOut=0&FlexDaysOut=6&RoundTrip=false&ToUs=AGREED,2026-09-07T12:47:44.354Z
FCO-CTA,2026-10-08,24.99,09:25,10:45,Ryanair,FR4852,1,Malta Air,ryanair_booking_api,https://www.ryanair.com/api/booking/v4/it-it/availability?ADT=1&TEEN=0&CHD=0&INF=0&Origin=FCO&Destination=CTA&promoCode=&IncludeConnectingFlights=false&DateOut=2026-10-02&FlexDaysBeforeOut=0&FlexDaysOut=6&RoundTrip=false&ToUs=AGREED,2026-09-07T12:47:44.354Z
FCO-CTA,2026-10-08,24.99,12:45,14:05,Ryanair,FR4856,2,Malta Air,ryanair_booking_api,https://www.ryanair.com/api/booking/v4/it-it/availability?ADT=1&TEEN=0&CHD=0&INF=0&Origin=FCO&Destination=CTA&promoCode=&IncludeConnectingFlights=false&DateOut=2026-10-02&FlexDaysBeforeOut=0&FlexDaysOut=6&RoundTrip=false&ToUs=AGREED,2026-09-07T12:47:44.354Z
FCO-CTA,2026-10-08,39.93,17:45,19:05,Ryanair,FR4891,3,Malta Air,ryanair_booking_api,https://www.ryanair.com/api/booking/v4/it-it/availability?ADT=1&TEEN=0&CHD=0&INF=0&Origin=FCO&Destination=CTA&promoCode=&IncludeConnectingFlights=false&DateOut=2026-10-02&FlexDaysBeforeOut=0&FlexDaysOut=6&RoundTrip=false&ToUs=AGREED,2026-09-07T12:47:44.354Z
FCO-CTA,2026-10-08,35.99,21:25,22:45,Ryanair,FR4858,5,Malta Air,ryanair_booking_api,https://www.ryanair.com/api/booking/v4/it-it/availability?ADT=1&TEEN=0&CHD=0&INF=0&Origin=FCO&Destination=CTA&promoCode=&IncludeConnectingFlights=false&DateOut=2026-10-02&FlexDaysBeforeOut=0&FlexDaysOut=6&RoundTrip=false&ToUs=AGREED,2026-09-07T12:47:44.354Z
FCO-CTA,2026-10-09,15.09,05:45,07:05,Ryanair,FR1170,-1,Malta Air,ryanair_booking_api,https://www.ryanair.com/api/booking/v4/it-it/availability?ADT=1&TEEN=0&CHD=0&INF=0&Origin=FCO&Destination=CTA&promoCode=&IncludeConnectingFlights=false&DateOut=2026-10-09&FlexDaysBeforeOut=0&FlexDaysOut=6&RoundTrip=false&ToUs=AGREED,2026-09-07T12:47:45.863Z
FCO-CTA,2026-10-09,33.99,08:25,09:45,Ryanair,FR4861,1,Malta Air,ryanair_booking_api,https://www.ryanair.com/api/booking/v4/it-it/availability?ADT=1&TEEN=0&CHD=0&INF=0&Origin=FCO&Destination=CTA&promoCode=&IncludeConnectingFlights=false&DateOut=2026-10-09&FlexDaysBeforeOut=0&FlexDaysOut=6&RoundTrip=false&ToUs=AGREED,2026-09-07T12:47:45.863Z
FCO-CTA,2026-10-09,35.99,10:05,11:25,Ryanair,FR4852,4,Malta Air,ryanair_booking_api,https://www.ryanair.com/api/booking/v4/it-it/availability?ADT=1&TEEN=0&CHD=0&INF=0&Origin=FCO&Destination=CTA&promoCode=&IncludeConnectingFlights=false&DateOut=2026-10-09&FlexDaysBeforeOut=0&FlexDaysOut=6&RoundTrip=false&ToUs=AGREED,2026-09-07T12:47:45.863Z
FCO-CTA,2026-10-09,52.72,17:45,19:05,Ryanair,FR4872,-1,Malta Air,ryanair_booking_api,https://www.ryanair.com/api/booking/v4/it-it/availability?ADT=1&TEEN=0&CHD=0&INF=0&Origin=FCO&Destination=CTA&promoCode=&IncludeConnectingFlights=false&DateOut=2026-10-09&FlexDaysBeforeOut=0&FlexDaysOut=6&RoundTrip=false&ToUs=AGREED,2026-09-07T12:47:45.863Z
FCO-CTA,2026-10-09,39.0,20:15,21:35,Ryanair,FR4891,5,Malta Air,ryanair_booking_api,https://www.ryanair.com/api/booking/v4/it-it/availability?ADT=1&TEEN=0&CHD=0&INF=0&Origin=FCO&Destination=CTA&promoCode=&IncludeConnectingFlights=false&DateOut=2026-10-09&FlexDaysBeforeOut=0&FlexDaysOut=6&RoundTrip=false&ToUs=AGREED,2026-09-07T12:47:45.863Z
FCO-CTA,2026-10-09,24.99,21:00,22:20,Ryanair,FR4858,5,Malta Air,ryanair_booking_api,https://www.ryanair.com/api/booking/v4/it-it/availability?ADT=1&TEEN=0&CHD=0&INF=0&Origin=FCO&Destination=CTA&promoCode=&IncludeConnectingFlights=false&DateOut=2026-10-09&FlexDaysBeforeOut=0&FlexDaysOut=6&RoundTrip=false&ToUs=AGREED,2026-09-07T12:47:45.863Z
FCO-CTA,2026-10-10,24.99,06:55,08:15,Ryanair,FR1170,5,Malta Air,ryanair_booking_api,https://www.ryanair.com/api/booking/v4/it-it/availability?ADT=1&TEEN=0&CHD=0&INF=0&Origin=FCO&Destination=CTA&promoCode=&IncludeConnectingFlights=false&DateOut=2026-10-09&FlexDaysBeforeOut=0&FlexDaysOut=6&RoundTrip=false&ToUs=AGREED,2026-09-07T12:47:45.863Z
FCO-CTA,2026-10-10,23.27,08:05,09:25,Ryanair,FR4872,-1,Malta Air,ryanair_booking_api,https://www.ryanair.com/api/booking/v4/it-it/availability?ADT=1&TEEN=0&CHD=0&INF=0&Origin=FCO&Destination=CTA&promoCode=&IncludeConnectingFlights=false&DateOut=2026-10-09&FlexDaysBeforeOut=0&FlexDaysOut=6&RoundTrip=false&ToUs=AGREED,2026-09-07T12:47:45.863Z
FCO-CTA,2026-10-10,28.99,10:00,11:20,Ryanair,FR4852,4,Malta Air,ryanair_booking_api,https://www.ryanair.com/api/booking/v4/it-it/availability?ADT=1&TEEN=0&CHD=0&INF=0&Origin=FCO&Destination=CTA&promoCode=&IncludeConnectingFlights=false&DateOut=2026-10-09&FlexDaysBeforeOut=0&FlexDaysOut=6&RoundTrip=false&ToUs=AGREED,2026-09-07T12:47:45.863Z
FCO-CTA,2026-10-10,17.0,17:55,19:15,Ryanair,FR4891,5,Malta Air,ryanair_booking_api,https://www.ryanair.com/api/booking/v4/it-it/availability?ADT=1&TEEN=0&CHD=0&INF=0&Origin=FCO&Destination=CTA&promoCode=&IncludeConnectingFlights=false&DateOut=2026-10-09&FlexDaysBeforeOut=0&FlexDaysOut=6&RoundTrip=false&ToUs=AGREED,2026-09-07T12:47:45.863Z
FCO-CTA,2026-10-10,20.24,18:35,19:55,Ryanair,FR4861,-1,Malta Air,ryanair_booking_api,https://www.ryanair.com/api/booking/v4/it-it/availability?ADT=1&TEEN=0&CHD=0&INF=0&Origin=FCO&Destination=CTA&promoCode=&IncludeConnectingFlights=false&DateOut=2026-10-09&FlexDaysBeforeOut=0&FlexDaysOut=6&RoundTrip=false&ToUs=AGREED,2026-09-07T12:47:45.863Z
FCO-CTA,2026-10-10,28.41,21:25,22:45,Ryanair,FR4858,-1,Malta Air,ryanair_booking_api,https://www.ryanair.com/api/booking/v4/it-it/availability?ADT=1&TEEN=0&CHD=0&INF=0&Origin=FCO&Destination=CTA&promoCode=&IncludeConnectingFlights=false&DateOut=2026-10-09&FlexDaysBeforeOut=0&FlexDaysOut=6&RoundTrip=false&ToUs=AGREED,2026-09-07T12:47:45.863Z
FCO-CTA,2026-10-11,24.99,06:00,07:20,Ryanair,FR1170,2,Malta Air,ryanair_booking_api,https://www.ryanair.com/api/booking/v4/it-it/availability?ADT=1&TEEN=0&CHD=0&INF=0&Origin=FCO&Destination=CTA&promoCode=&IncludeConnectingFlights=false&DateOut=2026-10-09&FlexDaysBeforeOut=0&FlexDaysOut=6&RoundTrip=false&ToUs=AGREED,2026-09-07T12:47:45.863Z
FCO-CTA,2026-10-11,14.99,08:50,10:10,Ryanair,FR4872,-1,Malta Air,ryanair_booking_api,https://www.ryanair.com/api/booking/v4/it-it/availability?ADT=1&TEEN=0&CHD=0&INF=0&Origin=FCO&Destination=CTA&promoCode=&IncludeConnectingFlights=false&DateOut=2026-10-09&FlexDaysBeforeOut=0&FlexDaysOut=6&RoundTrip=false&ToUs=AGREED,2026-09-07T12:47:45.863Z
FCO-CTA,2026-10-11,24.99,11:50,13:10,Ryanair,FR4891,5,Malta Air,ryanair_booking_api,https://www.ryanair.com/api/booking/v4/it-it/availability?ADT=1&TEEN=0&CHD=0&INF=0&Origin=FCO&Destination=CTA&promoCode=&IncludeConnectingFlights=false&DateOut=2026-10-09&FlexDaysBeforeOut=0&FlexDaysOut=6&RoundTrip=false&ToUs=AGREED,2026-09-07T12:47:45.863Z
FCO-CTA,2026-10-11,26.99,12:20,13:40,Ryanair,FR4852,3,Malta Air,ryanair_booking_api,https://www.ryanair.com/api/booking/v4/it-it/availability?ADT=1&TEEN=0&CHD=0&INF=0&Origin=FCO&Destination=CTA&promoCode=&IncludeConnectingFlights=false&DateOut=2026-10-09&FlexDaysBeforeOut=0&FlexDaysOut=6&RoundTrip=false&ToUs=AGREED,2026-09-07T12:47:45.863Z
FCO-CTA,2026-10-11,35.99,15:45,17:05,Ryanair,FR4856,3,Malta Air,ryanair_booking_api,https://www.ryanair.com/api/booking/v4/it-it/availability?ADT=1&TEEN=0&CHD=0&INF=0&Origin=FCO&Destination=CTA&promoCode=&IncludeConnectingFlights=false&DateOut=2026-10-09&FlexDaysBeforeOut=0&FlexDaysOut=6&RoundTrip=false&ToUs=AGREED,2026-09-07T12:47:45.863Z
FCO-CTA,2026-10-11,59.99,20:15,21:35,Ryanair,FR4929,4,Malta Air,ryanair_booking_api,https://www.ryanair.com/api/booking/v4/it-it/availability?ADT=1&TEEN=0&CHD=0&INF=0&Origin=FCO&Destination=CTA&promoCode=&IncludeConnectingFlights=false&DateOut=2026-10-09&FlexDaysBeforeOut=0&FlexDaysOut=6&RoundTrip=false&ToUs=AGREED,2026-09-07T12:47:45.863Z
FCO-CTA,2026-10-11,57.09,21:35,22:55,Ryanair,FR4861,4,Malta Air,ryanair_booking_api,https://www.ryanair.com/api/booking/v4/it-it/availability?ADT=1&TEEN=0&CHD=0&INF=0&Origin=FCO&Destination=CTA&promoCode=&IncludeConnectingFlights=false&DateOut=2026-10-09&FlexDaysBeforeOut=0&FlexDaysOut=6&RoundTrip=false&ToUs=AGREED,2026-09-07T12:47:45.863Z
FCO-CTA,2026-10-12,24.99,05:45,07:05,Ryanair,FR1170,5,Malta Air,ryanair_booking_api,https://www.ryanair.com/api/booking/v4/it-it/availability?ADT=1&TEEN=0&CHD=0&INF=0&Origin=FCO&Destination=CTA&promoCode=&IncludeConnectingFlights=false&DateOut=2026-10-09&FlexDaysBeforeOut=0&FlexDaysOut=6&RoundTrip=false&ToUs=AGREED,2026-09-07T12:47:45.863Z
FCO-CTA,2026-10-12,21.99,08:15,09:35,Ryanair,FR4872,2,Malta Air,ryanair_booking_api,https://www.ryanair.com/api/booking/v4/it-it/availability?ADT=1&TEEN=0&CHD=0&INF=0&Origin=FCO&Destination=CTA&promoCode=&IncludeConnectingFlights=false&DateOut=2026-10-09&FlexDaysBeforeOut=0&FlexDaysOut=6&RoundTrip=false&ToUs=AGREED,2026-09-07T12:47:45.863Z
FCO-CTA,2026-10-12,34.07,12:00,13:20,Ryanair,FR4856,1,Malta Air,ryanair_booking_api,https://www.ryanair.com/api/booking/v4/it-it/availability?ADT=1&TEEN=0&CHD=0&INF=0&Origin=FCO&Destination=CTA&promoCode=&IncludeConnectingFlights=false&DateOut=2026-10-09&FlexDaysBeforeOut=0&FlexDaysOut=6&RoundTrip=false&ToUs=AGREED,2026-09-07T12:47:45.863Z
FCO-CTA,2026-10-12,30.99,16:05,17:25,Ryanair,FR4858,5,Malta Air,ryanair_booking_api,https://www.ryanair.com/api/booking/v4/it-it/availability?ADT=1&TEEN=0&CHD=0&INF=0&Origin=FCO&Destination=CTA&promoCode=&IncludeConnectingFlights=false&DateOut=2026-10-09&FlexDaysBeforeOut=0&FlexDaysOut=6&RoundTrip=false&ToUs=AGREED,2026-09-07T12:47:45.863Z
FCO-CTA,2026-10-12,24.99,20:30,21:50,Ryanair,FR4891,2,Malta Air,ryanair_booking_api,https://www.ryanair.com/api/booking/v4/it-it/availability?ADT=1&TEEN=0&CHD=0&INF=0&Origin=FCO&Destination=CTA&promoCode=&IncludeConnectingFlights=false&DateOut=2026-10-09&FlexDaysBeforeOut=0&FlexDaysOut=6&RoundTrip=false&ToUs=AGREED,2026-09-07T12:47:45.863Z
FCO-CTA,2026-10-13,24.99,06:35,07:55,Ryanair,FR1170,5,Malta Air,ryanair_booking_api,https://www.ryanair.com/api/booking/v4/it-it/availability?ADT=1&TEEN=0&CHD=0&INF=0&Origin=FCO&Destination=CTA&promoCode=&IncludeConnectingFlights=false&DateOut=2026-10-09&FlexDaysBeforeOut=0&FlexDaysOut=6&RoundTrip=false&ToUs=AGREED,2026-09-07T12:47:45.863Z
FCO-CTA,2026-10-13,24.99,08:55,10:15,Ryanair,FR4872,2,Malta Air,ryanair_booking_api,https://www.ryanair.com/api/booking/v4/it-it/availability?ADT=1&TEEN=0&CHD=0&INF=0&Origin=FCO&Destination=CTA&promoCode=&IncludeConnectingFlights=false&DateOut=2026-10-09&FlexDaysBeforeOut=0&FlexDaysOut=6&RoundTrip=false&ToUs=AGREED,2026-09-07T12:47:45.863Z
FCO-CTA,2026-10-13,24.99,09:55,11:15,Ryanair,FR4852,5,Malta Air,ryanair_booking_api,https://www.ryanair.com/api/booking/v4/it-it/availability?ADT=1&TEEN=0&CHD=0&INF=0&Origin=FCO&Destination=CTA&promoCode=&IncludeConnectingFlights=false&DateOut=2026-10-09&FlexDaysBeforeOut=0&FlexDaysOut=6&RoundTrip=false&ToUs=AGREED,2026-09-07T12:47:45.863Z
FCO-CTA,2026-10-13,25.99,11:30,12:50,Ryanair,FR4856,2,Malta Air,ryanair_booking_api,https://www.ryanair.com/api/booking/v4/it-it/availability?ADT=1&TEEN=0&CHD=0&INF=0&Origin=FCO&Destination=CTA&promoCode=&IncludeConnectingFlights=false&DateOut=2026-10-09&FlexDaysBeforeOut=0&FlexDaysOut=6&RoundTrip=false&ToUs=AGREED,2026-09-07T12:47:45.863Z
FCO-CTA,2026-10-13,28.99,17:05,18:25,Ryanair,FR4891,1,Malta Air,ryanair_booking_api,https://www.ryanair.com/api/booking/v4/it-it/availability?ADT=1&TEEN=0&CHD=0&INF=0&Origin=FCO&Destination=CTA&promoCode=&IncludeConnectingFlights=false&DateOut=2026-10-09&FlexDaysBeforeOut=0&FlexDaysOut=6&RoundTrip=false&ToUs=AGREED,2026-09-07T12:47:45.863Z
FCO-CTA,2026-10-13,24.99,19:25,20:45,Ryanair,FR4929,5,Malta Air,ryanair_booking_api,https://www.ryanair.com/api/booking/v4/it-it/availability?ADT=1&TEEN=0&CHD=0&INF=0&Origin=FCO&Destination=CTA&promoCode=&IncludeConnectingFlights=false&DateOut=2026-10-09&FlexDaysBeforeOut=0&FlexDaysOut=6&RoundTrip=false&ToUs=AGREED,2026-09-07T12:47:45.863Z
FCO-CTA,2026-10-13,26.81,21:10,22:30,Ryanair,FR4861,2,Malta Air,ryanair_booking_api,https://www.ryanair.com/api/booking/v4/it-it/availability?ADT=1&TEEN=0&CHD=0&INF=0&Origin=FCO&Destination=CTA&promoCode=&IncludeConnectingFlights=false&DateOut=2026-10-09&FlexDaysBeforeOut=0&FlexDaysOut=6&RoundTrip=false&ToUs=AGREED,2026-09-07T12:47:45.863Z
FCO-CTA,2026-10-14,15.11,06:25,07:45,Ryanair,FR1170,-1,Malta Air,ryanair_booking_api,https://www.ryanair.com/api/booking/v4/it-it/availability?ADT=1&TEEN=0&CHD=0&INF=0&Origin=FCO&Destination=CTA&promoCode=&IncludeConnectingFlights=false&DateOut=2026-10-09&FlexDaysBeforeOut=0&FlexDaysOut=6&RoundTrip=false&ToUs=AGREED,2026-09-07T12:47:45.863Z
FCO-CTA,2026-10-14,17.0,07:50,09:10,Ryanair,FR4872,4,Malta Air,ryanair_booking_api,https://www.ryanair.com/api/booking/v4/it-it/availability?ADT=1&TEEN=0&CHD=0&INF=0&Origin=FCO&Destination=CTA&promoCode=&IncludeConnectingFlights=false&DateOut=2026-10-09&FlexDaysBeforeOut=0&FlexDaysOut=6&RoundTrip=false&ToUs=AGREED,2026-09-07T12:47:45.863Z
FCO-CTA,2026-10-14,21.21,13:40,15:00,Ryanair,FR4891,5,Malta Air,ryanair_booking_api,https://www.ryanair.com/api/booking/v4/it-it/availability?ADT=1&TEEN=0&CHD=0&INF=0&Origin=FCO&Destination=CTA&promoCode=&IncludeConnectingFlights=false&DateOut=2026-10-09&FlexDaysBeforeOut=0&FlexDaysOut=6&RoundTrip=false&ToUs=AGREED,2026-09-07T12:47:45.863Z
FCO-CTA,2026-10-14,24.99,14:55,16:15,Ryanair,FR4929,5,Malta Air,ryanair_booking_api,https://www.ryanair.com/api/booking/v4/it-it/availability?ADT=1&TEEN=0&CHD=0&INF=0&Origin=FCO&Destination=CTA&promoCode=&IncludeConnectingFlights=false&DateOut=2026-10-09&FlexDaysBeforeOut=0&FlexDaysOut=6&RoundTrip=false&ToUs=AGREED,2026-09-07T12:47:45.863Z
FCO-CTA,2026-10-14,14.99,15:55,17:15,Ryanair,FR4852,-1,Malta Air,ryanair_booking_api,https://www.ryanair.com/api/booking/v4/it-it/availability?ADT=1&TEEN=0&CHD=0&INF=0&Origin=FCO&Destination=CTA&promoCode=&IncludeConnectingFlights=false&DateOut=2026-10-09&FlexDaysBeforeOut=0&FlexDaysOut=6&RoundTrip=false&ToUs=AGREED,2026-09-07T12:47:45.863Z
FCO-CTA,2026-10-14,25.99,18:10,19:30,Ryanair,FR4856,4,Malta Air,ryanair_booking_api,https://www.ryanair.com/api/booking/v4/it-it/availability?ADT=1&TEEN=0&CHD=0&INF=0&Origin=FCO&Destination=CTA&promoCode=&IncludeConnectingFlights=false&DateOut=2026-10-09&FlexDaysBeforeOut=0&FlexDaysOut=6&RoundTrip=false&ToUs=AGREED,2026-09-07T12:47:45.863Z
FCO-CTA,2026-10-14,34.42,21:15,22:35,Ryanair,FR4858,-1,Malta Air,ryanair_booking_api,https://www.ryanair.com/api/booking/v4/it-it/availability?ADT=1&TEEN=0&CHD=0&INF=0&Origin=FCO&Destination=CTA&promoCode=&IncludeConnectingFlights=false&DateOut=2026-10-09&FlexDaysBeforeOut=0&FlexDaysOut=6&RoundTrip=false&ToUs=AGREED,2026-09-07T12:47:45.863Z
FCO-CTA,2026-10-15,26.99,06:05,07:25,Ryanair,FR1170,-1,Malta Air,ryanair_booking_api,https://www.ryanair.com/api/booking/v4/it-it/availability?ADT=1&TEEN=0&CHD=0&INF=0&Origin=FCO&Destination=CTA&promoCode=&IncludeConnectingFlights=false&DateOut=2026-10-09&FlexDaysBeforeOut=0&FlexDaysOut=6&RoundTrip=false&ToUs=AGREED,2026-09-07T12:47:45.863Z
FCO-CTA,2026-10-15,44.9,08:40,10:00,Ryanair,FR4872,-1,Malta Air,ryanair_booking_api,https://www.ryanair.com/api/booking/v4/it-it/availability?ADT=1&TEEN=0&CHD=0&INF=0&Origin=FCO&Destination=CTA&promoCode=&IncludeConnectingFlights=false&DateOut=2026-10-09&FlexDaysBeforeOut=0&FlexDaysOut=6&RoundTrip=false&ToUs=AGREED,2026-09-07T12:47:45.863Z
FCO-CTA,2026-10-15,43.99,09:25,10:45,Ryanair,FR4852,2,Malta Air,ryanair_booking_api,https://www.ryanair.com/api/booking/v4/it-it/availability?ADT=1&TEEN=0&CHD=0&INF=0&Origin=FCO&Destination=CTA&promoCode=&IncludeConnectingFlights=false&DateOut=2026-10-09&FlexDaysBeforeOut=0&FlexDaysOut=6&RoundTrip=false&ToUs=AGREED,2026-09-07T12:47:45.863Z
FCO-CTA,2026-10-15,39.93,12:45,14:05,Ryanair,FR4856,-1,Malta Air,ryanair_booking_api,https://www.ryanair.com/api/booking/v4/it-it/availability?ADT=1&TEEN=0&CHD=0&INF=0&Origin=FCO&Destination=CTA&promoCode=&IncludeConnectingFlights=false&DateOut=2026-10-09&FlexDaysBeforeOut=0&FlexDaysOut=6&RoundTrip=false&ToUs=AGREED,2026-09-07T12:47:45.863Z
FCO-CTA,2026-10-15,52.78,17:45,19:05,Ryanair,FR4891,-1,Malta Air,ryanair_booking_api,https://www.ryanair.com/api/booking/v4/it-it/availability?ADT=1&TEEN=0&CHD=0&INF=0&Origin=FCO&Destination=CTA&promoCode=&IncludeConnectingFlights=false&DateOut=2026-10-09&FlexDaysBeforeOut=0&FlexDaysOut=6&RoundTrip=false&ToUs=AGREED,2026-09-07T12:47:45.863Z
FCO-CTA,2026-10-15,45.99,21:25,22:45,Ryanair,FR4858,5,Malta Air,ryanair_booking_api,https://www.ryanair.com/api/booking/v4/it-it/availability?ADT=1&TEEN=0&CHD=0&INF=0&Origin=FCO&Destination=CTA&promoCode=&IncludeConnectingFlights=false&DateOut=2026-10-09&FlexDaysBeforeOut=0&FlexDaysOut=6&RoundTrip=false&ToUs=AGREED,2026-09-07T12:47:45.863Z
FCO-CTA,2026-10-16,14.99,05:45,07:05,Ryanair,FR1170,-1,Malta Air,ryanair_booking_api,https://www.ryanair.com/api/booking/v4/it-it/availability?ADT=1&TEEN=0&CHD=0&INF=0&Origin=FCO&Destination=CTA&promoCode=&IncludeConnectingFlights=false&DateOut=2026-10-16&FlexDaysBeforeOut=0&FlexDaysOut=6&RoundTrip=false&ToUs=AGREED,2026-09-07T12:47:47.316Z
FCO-CTA,2026-10-16,15.99,08:25,09:45,Ryanair,FR4861,2,Malta Air,ryanair_booking_api,https://www.ryanair.com/api/booking/v4/it-it/availability?ADT=1&TEEN=0&CHD=0&INF=0&Origin=FCO&Destination=CTA&promoCode=&IncludeConnectingFlights=false&DateOut=2026-10-16&FlexDaysBeforeOut=0&FlexDaysOut=6&RoundTrip=false&ToUs=AGREED,2026-09-07T12:47:47.316Z
FCO-CTA,2026-10-16,26.99,10:05,11:25,Ryanair,FR4852,5,Malta Air,ryanair_booking_api,https://www.ryanair.com/api/booking/v4/it-it/availability?ADT=1&TEEN=0&CHD=0&INF=0&Origin=FCO&Destination=CTA&promoCode=&IncludeConnectingFlights=false&DateOut=2026-10-16&FlexDaysBeforeOut=0&FlexDaysOut=6&RoundTrip=false&ToUs=AGREED,2026-09-07T12:47:47.316Z
FCO-CTA,2026-10-16,37.99,17:45,19:05,Ryanair,FR4872,1,Malta Air,ryanair_booking_api,https://www.ryanair.com/api/booking/v4/it-it/availability?ADT=1&TEEN=0&CHD=0&INF=0&Origin=FCO&Destination=CTA&promoCode=&IncludeConnectingFlights=false&DateOut=2026-10-16&FlexDaysBeforeOut=0&FlexDaysOut=6&RoundTrip=false&ToUs=AGREED,2026-09-07T12:47:47.316Z
FCO-CTA,2026-10-16,25.99,20:15,21:35,Ryanair,FR4891,4,Malta Air,ryanair_booking_api,https://www.ryanair.com/api/booking/v4/it-it/availability?ADT=1&TEEN=0&CHD=0&INF=0&Origin=FCO&Destination=CTA&promoCode=&IncludeConnectingFlights=false&DateOut=2026-10-16&FlexDaysBeforeOut=0&FlexDaysOut=6&RoundTrip=false&ToUs=AGREED,2026-09-07T12:47:47.316Z
FCO-CTA,2026-10-16,26.3,21:00,22:20,Ryanair,FR4858,-1,Malta Air,ryanair_booking_api,https://www.ryanair.com/api/booking/v4/it-it/availability?ADT=1&TEEN=0&CHD=0&INF=0&Origin=FCO&Destination=CTA&promoCode=&IncludeConnectingFlights=false&DateOut=2026-10-16&FlexDaysBeforeOut=0&FlexDaysOut=6&RoundTrip=false&ToUs=AGREED,2026-09-07T12:47:47.316Z
FCO-CTA,2026-10-17,14.99,06:55,08:15,Ryanair,FR1170,-1,Malta Air,ryanair_booking_api,https://www.ryanair.com/api/booking/v4/it-it/availability?ADT=1&TEEN=0&CHD=0&INF=0&Origin=FCO&Destination=CTA&promoCode=&IncludeConnectingFlights=false&DateOut=2026-10-16&FlexDaysBeforeOut=0&FlexDaysOut=6&RoundTrip=false&ToUs=AGREED,2026-09-07T12:47:47.316Z
FCO-CTA,2026-10-17,21.75,08:05,09:25,Ryanair,FR4872,-1,Malta Air,ryanair_booking_api,https://www.ryanair.com/api/booking/v4/it-it/availability?ADT=1&TEEN=0&CHD=0&INF=0&Origin=FCO&Destination=CTA&promoCode=&IncludeConnectingFlights=false&DateOut=2026-10-16&FlexDaysBeforeOut=0&FlexDaysOut=6&RoundTrip=false&ToUs=AGREED,2026-09-07T12:47:47.316Z
FCO-CTA,2026-10-17,25.72,10:00,11:20,Ryanair,FR4852,-1,Malta Air,ryanair_booking_api,https://www.ryanair.com/api/booking/v4/it-it/availability?ADT=1&TEEN=0&CHD=0&INF=0&Origin=FCO&Destination=CTA&promoCode=&IncludeConnectingFlights=false&DateOut=2026-10-16&FlexDaysBeforeOut=0&FlexDaysOut=6&RoundTrip=false&ToUs=AGREED,2026-09-07T12:47:47.316Z
FCO-CTA,2026-10-17,15.99,17:55,19:15,Ryanair,FR4891,4,Malta Air,ryanair_booking_api,https://www.ryanair.com/api/booking/v4/it-it/availability?ADT=1&TEEN=0&CHD=0&INF=0&Origin=FCO&Destination=CTA&promoCode=&IncludeConnectingFlights=false&DateOut=2026-10-16&FlexDaysBeforeOut=0&FlexDaysOut=6&RoundTrip=false&ToUs=AGREED,2026-09-07T12:47:47.316Z
FCO-CTA,2026-10-17,15.99,18:35,19:55,Ryanair,FR4861,3,Malta Air,ryanair_booking_api,https://www.ryanair.com/api/booking/v4/it-it/availability?ADT=1&TEEN=0&CHD=0&INF=0&Origin=FCO&Destination=CTA&promoCode=&IncludeConnectingFlights=false&DateOut=2026-10-16&FlexDaysBeforeOut=0&FlexDaysOut=6&RoundTrip=false&ToUs=AGREED,2026-09-07T12:47:47.316Z
FCO-CTA,2026-10-17,22.52,21:25,22:45,Ryanair,FR4858,-1,Malta Air,ryanair_booking_api,https://www.ryanair.com/api/booking/v4/it-it/availability?ADT=1&TEEN=0&CHD=0&INF=0&Origin=FCO&Destination=CTA&promoCode=&IncludeConnectingFlights=false&DateOut=2026-10-16&FlexDaysBeforeOut=0&FlexDaysOut=6&RoundTrip=false&ToUs=AGREED,2026-09-07T12:47:47.316Z
FCO-CTA,2026-10-18,24.99,06:00,07:20,Ryanair,FR1170,5,Malta Air,ryanair_booking_api,https://www.ryanair.com/api/booking/v4/it-it/availability?ADT=1&TEEN=0&CHD=0&INF=0&Origin=FCO&Destination=CTA&promoCode=&IncludeConnectingFlights=false&DateOut=2026-10-16&FlexDaysBeforeOut=0&FlexDaysOut=6&RoundTrip=false&ToUs=AGREED,2026-09-07T12:47:47.316Z
FCO-CTA,2026-10-18,17.0,08:50,10:10,Ryanair,FR4872,-1,Malta Air,ryanair_booking_api,https://www.ryanair.com/api/booking/v4/it-it/availability?ADT=1&TEEN=0&CHD=0&INF=0&Origin=FCO&Destination=CTA&promoCode=&IncludeConnectingFlights=false&DateOut=2026-10-16&FlexDaysBeforeOut=0&FlexDaysOut=6&RoundTrip=false&ToUs=AGREED,2026-09-07T12:47:47.316Z
FCO-CTA,2026-10-18,24.99,11:50,13:10,Ryanair,FR4891,2,Malta Air,ryanair_booking_api,https://www.ryanair.com/api/booking/v4/it-it/availability?ADT=1&TEEN=0&CHD=0&INF=0&Origin=FCO&Destination=CTA&promoCode=&IncludeConnectingFlights=false&DateOut=2026-10-16&FlexDaysBeforeOut=0&FlexDaysOut=6&RoundTrip=false&ToUs=AGREED,2026-09-07T12:47:47.316Z
FCO-CTA,2026-10-18,32.62,12:20,13:40,Ryanair,FR4852,-1,Malta Air,ryanair_booking_api,https://www.ryanair.com/api/booking/v4/it-it/availability?ADT=1&TEEN=0&CHD=0&INF=0&Origin=FCO&Destination=CTA&promoCode=&IncludeConnectingFlights=false&DateOut=2026-10-16&FlexDaysBeforeOut=0&FlexDaysOut=6&RoundTrip=false&ToUs=AGREED,2026-09-07T12:47:47.316Z
FCO-CTA,2026-10-18,34.99,15:45,17:05,Ryanair,FR4856,2,Malta Air,ryanair_booking_api,https://www.ryanair.com/api/booking/v4/it-it/availability?ADT=1&TEEN=0&CHD=0&INF=0&Origin=FCO&Destination=CTA&promoCode=&IncludeConnectingFlights=false&DateOut=2026-10-16&FlexDaysBeforeOut=0&FlexDaysOut=6&RoundTrip=false&ToUs=AGREED,2026-09-07T12:47:47.316Z
FCO-CTA,2026-10-18,61.0,20:15,21:35,Ryanair,FR4929,2,Malta Air,ryanair_booking_api,https://www.ryanair.com/api/booking/v4/it-it/availability?ADT=1&TEEN=0&CHD=0&INF=0&Origin=FCO&Destination=CTA&promoCode=&IncludeConnectingFlights=false&DateOut=2026-10-16&FlexDaysBeforeOut=0&FlexDaysOut=6&RoundTrip=false&ToUs=AGREED,2026-09-07T12:47:47.316Z
FCO-CTA,2026-10-18,65.47,21:35,22:55,Ryanair,FR4861,-1,Malta Air,ryanair_booking_api,https://www.ryanair.com/api/booking/v4/it-it/availability?ADT=1&TEEN=0&CHD=0&INF=0&Origin=FCO&Destination=CTA&promoCode=&IncludeConnectingFlights=false&DateOut=2026-10-16&FlexDaysBeforeOut=0&FlexDaysOut=6&RoundTrip=false&ToUs=AGREED,2026-09-07T12:47:47.316Z
FCO-CTA,2026-10-19,14.99,05:45,07:05,Ryanair,FR1170,-1,Malta Air,ryanair_booking_api,https://www.ryanair.com/api/booking/v4/it-it/availability?ADT=1&TEEN=0&CHD=0&INF=0&Origin=FCO&Destination=CTA&promoCode=&IncludeConnectingFlights=false&DateOut=2026-10-16&FlexDaysBeforeOut=0&FlexDaysOut=6&RoundTrip=false&ToUs=AGREED,2026-09-07T12:47:47.316Z
FCO-CTA,2026-10-19,28.99,08:15,09:35,Ryanair,FR4872,3,Malta Air,ryanair_booking_api,https://www.ryanair.com/api/booking/v4/it-it/availability?ADT=1&TEEN=0&CHD=0&INF=0&Origin=FCO&Destination=CTA&promoCode=&IncludeConnectingFlights=false&DateOut=2026-10-16&FlexDaysBeforeOut=0&FlexDaysOut=6&RoundTrip=false&ToUs=AGREED,2026-09-07T12:47:47.316Z
FCO-CTA,2026-10-19,33.99,12:00,13:20,Ryanair,FR4856,3,Malta Air,ryanair_booking_api,https://www.ryanair.com/api/booking/v4/it-it/availability?ADT=1&TEEN=0&CHD=0&INF=0&Origin=FCO&Destination=CTA&promoCode=&IncludeConnectingFlights=false&DateOut=2026-10-16&FlexDaysBeforeOut=0&FlexDaysOut=6&RoundTrip=false&ToUs=AGREED,2026-09-07T12:47:47.316Z
FCO-CTA,2026-10-19,39.68,16:05,17:25,Ryanair,FR4858,-1,Malta Air,ryanair_booking_api,https://www.ryanair.com/api/booking/v4/it-it/availability?ADT=1&TEEN=0&CHD=0&INF=0&Origin=FCO&Destination=CTA&promoCode=&IncludeConnectingFlights=false&DateOut=2026-10-16&FlexDaysBeforeOut=0&FlexDaysOut=6&RoundTrip=false&ToUs=AGREED,2026-09-07T12:47:47.316Z
FCO-CTA,2026-10-19,45.64,20:30,21:50,Ryanair,FR4891,-1,Malta Air,ryanair_booking_api,https://www.ryanair.com/api/booking/v4/it-it/availability?ADT=1&TEEN=0&CHD=0&INF=0&Origin=FCO&Destination=CTA&promoCode=&IncludeConnectingFlights=false&DateOut=2026-10-16&FlexDaysBeforeOut=0&FlexDaysOut=6&RoundTrip=false&ToUs=AGREED,2026-09-07T12:47:47.316Z
FCO-CTA,2026-10-20,24.99,06:35,07:55,Ryanair,FR1170,5,Malta Air,ryanair_booking_api,https://www.ryanair.com/api/booking/v4/it-it/availability?ADT=1&TEEN=0&CHD=0&INF=0&Origin=FCO&Destination=CTA&promoCode=&IncludeConnectingFlights=false&DateOut=2026-10-16&FlexDaysBeforeOut=0&FlexDaysOut=6&RoundTrip=false&ToUs=AGREED,2026-09-07T12:47:47.316Z
FCO-CTA,2026-10-20,24.99,08:55,10:15,Ryanair,FR4872,4,Malta Air,ryanair_booking_api,https://www.ryanair.com/api/booking/v4/it-it/availability?ADT=1&TEEN=0&CHD=0&INF=0&Origin=FCO&Destination=CTA&promoCode=&IncludeConnectingFlights=false&DateOut=2026-10-16&FlexDaysBeforeOut=0&FlexDaysOut=6&RoundTrip=false&ToUs=AGREED,2026-09-07T12:47:47.316Z
FCO-CTA,2026-10-20,24.99,09:55,11:15,Ryanair,FR4852,5,Malta Air,ryanair_booking_api,https://www.ryanair.com/api/booking/v4/it-it/availability?ADT=1&TEEN=0&CHD=0&INF=0&Origin=FCO&Destination=CTA&promoCode=&IncludeConnectingFlights=false&DateOut=2026-10-16&FlexDaysBeforeOut=0&FlexDaysOut=6&RoundTrip=false&ToUs=AGREED,2026-09-07T12:47:47.316Z
FCO-CTA,2026-10-20,24.99,11:30,12:50,Ryanair,FR4856,5,Malta Air,ryanair_booking_api,https://www.ryanair.com/api/booking/v4/it-it/availability?ADT=1&TEEN=0&CHD=0&INF=0&Origin=FCO&Destination=CTA&promoCode=&IncludeConnectingFlights=false&DateOut=2026-10-16&FlexDaysBeforeOut=0&FlexDaysOut=6&RoundTrip=false&ToUs=AGREED,2026-09-07T12:47:47.316Z
FCO-CTA,2026-10-20,26.99,17:05,18:25,Ryanair,FR4891,2,Malta Air,ryanair_booking_api,https://www.ryanair.com/api/booking/v4/it-it/availability?ADT=1&TEEN=0&CHD=0&INF=0&Origin=FCO&Destination=CTA&promoCode=&IncludeConnectingFlights=false&DateOut=2026-10-16&FlexDaysBeforeOut=0&FlexDaysOut=6&RoundTrip=false&ToUs=AGREED,2026-09-07T12:47:47.316Z
FCO-CTA,2026-10-20,27.31,19:25,20:45,Ryanair,FR4929,-1,Malta Air,ryanair_booking_api,https://www.ryanair.com/api/booking/v4/it-it/availability?ADT=1&TEEN=0&CHD=0&INF=0&Origin=FCO&Destination=CTA&promoCode=&IncludeConnectingFlights=false&DateOut=2026-10-16&FlexDaysBeforeOut=0&FlexDaysOut=6&RoundTrip=false&ToUs=AGREED,2026-09-07T12:47:47.316Z
FCO-CTA,2026-10-20,27.31,21:10,22:30,Ryanair,FR4861,-1,Malta Air,ryanair_booking_api,https://www.ryanair.com/api/booking/v4/it-it/availability?ADT=1&TEEN=0&CHD=0&INF=0&Origin=FCO&Destination=CTA&promoCode=&IncludeConnectingFlights=false&DateOut=2026-10-16&FlexDaysBeforeOut=0&FlexDaysOut=6&RoundTrip=false&ToUs=AGREED,2026-09-07T12:47:47.316Z
FCO-CTA,2026-10-21,24.99,06:25,07:45,Ryanair,FR1170,5,Malta Air,ryanair_booking_api,https://www.ryanair.com/api/booking/v4/it-it/availability?ADT=1&TEEN=0&CHD=0&INF=0&Origin=FCO&Destination=CTA&promoCode=&IncludeConnectingFlights=false&DateOut=2026-10-16&FlexDaysBeforeOut=0&FlexDaysOut=6&RoundTrip=false&ToUs=AGREED,2026-09-07T12:47:47.316Z
FCO-CTA,2026-10-21,18.9,07:50,09:10,Ryanair,FR4872,-1,Malta Air,ryanair_booking_api,https://www.ryanair.com/api/booking/v4/it-it/availability?ADT=1&TEEN=0&CHD=0&INF=0&Origin=FCO&Destination=CTA&promoCode=&IncludeConnectingFlights=false&DateOut=2026-10-16&FlexDaysBeforeOut=0&FlexDaysOut=6&RoundTrip=false&ToUs=AGREED,2026-09-07T12:47:47.316Z
FCO-CTA,2026-10-21,21.75,13:40,15:00,Ryanair,FR4891,-1,Malta Air,ryanair_booking_api,https://www.ryanair.com/api/booking/v4/it-it/availability?ADT=1&TEEN=0&CHD=0&INF=0&Origin=FCO&Destination=CTA&promoCode=&IncludeConnectingFlights=false&DateOut=2026-10-16&FlexDaysBeforeOut=0&FlexDaysOut=6&RoundTrip=false&ToUs=AGREED,2026-09-07T12:47:47.316Z
FCO-CTA,2026-10-21,15.99,14:55,16:15,Ryanair,FR4929,3,Malta Air,ryanair_booking_api,https://www.ryanair.com/api/booking/v4/it-it/availability?ADT=1&TEEN=0&CHD=0&INF=0&Origin=FCO&Destination=CTA&promoCode=&IncludeConnectingFlights=false&DateOut=2026-10-16&FlexDaysBeforeOut=0&FlexDaysOut=6&RoundTrip=false&ToUs=AGREED,2026-09-07T12:47:47.316Z
FCO-CTA,2026-10-21,14.99,15:55,17:15,Ryanair,FR4852,-1,Malta Air,ryanair_booking_api,https://www.ryanair.com/api/booking/v4/it-it/availability?ADT=1&TEEN=0&CHD=0&INF=0&Origin=FCO&Destination=CTA&promoCode=&IncludeConnectingFlights=false&DateOut=2026-10-16&FlexDaysBeforeOut=0&FlexDaysOut=6&RoundTrip=false&ToUs=AGREED,2026-09-07T12:47:47.316Z
FCO-CTA,2026-10-21,34.42,18:10,19:30,Ryanair,FR4856,3,Malta Air,ryanair_booking_api,https://www.ryanair.com/api/booking/v4/it-it/availability?ADT=1&TEEN=0&CHD=0&INF=0&Origin=FCO&Destination=CTA&promoCode=&IncludeConnectingFlights=false&DateOut=2026-10-16&FlexDaysBeforeOut=0&FlexDaysOut=6&RoundTrip=false&ToUs=AGREED,2026-09-07T12:47:47.316Z
FCO-CTA,2026-10-21,26.99,21:15,22:35,Ryanair,FR4858,3,Malta Air,ryanair_booking_api,https://www.ryanair.com/api/booking/v4/it-it/availability?ADT=1&TEEN=0&CHD=0&INF=0&Origin=FCO&Destination=CTA&promoCode=&IncludeConnectingFlights=false&DateOut=2026-10-16&FlexDaysBeforeOut=0&FlexDaysOut=6&RoundTrip=false&ToUs=AGREED,2026-09-07T12:47:47.316Z
FCO-CTA,2026-10-22,14.99,06:05,07:25,Ryanair,FR1170,-1,Malta Air,ryanair_booking_api,https://www.ryanair.com/api/booking/v4/it-it/availability?ADT=1&TEEN=0&CHD=0&INF=0&Origin=FCO&Destination=CTA&promoCode=&IncludeConnectingFlights=false&DateOut=2026-10-16&FlexDaysBeforeOut=0&FlexDaysOut=6&RoundTrip=false&ToUs=AGREED,2026-09-07T12:47:47.316Z
FCO-CTA,2026-10-22,21.21,08:40,10:00,Ryanair,FR4872,-1,Malta Air,ryanair_booking_api,https://www.ryanair.com/api/booking/v4/it-it/availability?ADT=1&TEEN=0&CHD=0&INF=0&Origin=FCO&Destination=CTA&promoCode=&IncludeConnectingFlights=false&DateOut=2026-10-16&FlexDaysBeforeOut=0&FlexDaysOut=6&RoundTrip=false&ToUs=AGREED,2026-09-07T12:47:47.316Z
FCO-CTA,2026-10-22,26.3,09:25,10:45,Ryanair,FR4852,-1,Malta Air,ryanair_booking_api,https://www.ryanair.com/api/booking/v4/it-it/availability?ADT=1&TEEN=0&CHD=0&INF=0&Origin=FCO&Destination=CTA&promoCode=&IncludeConnectingFlights=false&DateOut=2026-10-16&FlexDaysBeforeOut=0&FlexDaysOut=6&RoundTrip=false&ToUs=AGREED,2026-09-07T12:47:47.316Z
FCO-CTA,2026-10-22,22.99,12:45,14:05,Ryanair,FR4856,4,Malta Air,ryanair_booking_api,https://www.ryanair.com/api/booking/v4/it-it/availability?ADT=1&TEEN=0&CHD=0&INF=0&Origin=FCO&Destination=CTA&promoCode=&IncludeConnectingFlights=false&DateOut=2026-10-16&FlexDaysBeforeOut=0&FlexDaysOut=6&RoundTrip=false&ToUs=AGREED,2026-09-07T12:47:47.316Z
FCO-CTA,2026-10-22,34.42,17:45,19:05,Ryanair,FR4891,3,Malta Air,ryanair_booking_api,https://www.ryanair.com/api/booking/v4/it-it/availability?ADT=1&TEEN=0&CHD=0&INF=0&Origin=FCO&Destination=CTA&promoCode=&IncludeConnectingFlights=false&DateOut=2026-10-16&FlexDaysBeforeOut=0&FlexDaysOut=6&RoundTrip=false&ToUs=AGREED,2026-09-07T12:47:47.316Z
FCO-CTA,2026-10-22,26.99,21:25,22:45,Ryanair,FR4858,3,Malta Air,ryanair_booking_api,https://www.ryanair.com/api/booking/v4/it-it/availability?ADT=1&TEEN=0&CHD=0&INF=0&Origin=FCO&Destination=CTA&promoCode=&IncludeConnectingFlights=false&DateOut=2026-10-16&FlexDaysBeforeOut=0&FlexDaysOut=6&RoundTrip=false&ToUs=AGREED,2026-09-07T12:47:47.316Z
FCO-CTA,2026-10-23,15.99,05:45,07:05,Ryanair,FR1170,2,Malta Air,ryanair_booking_api,https://www.ryanair.com/api/booking/v4/it-it/availability?ADT=1&TEEN=0&CHD=0&INF=0&Origin=FCO&Destination=CTA&promoCode=&IncludeConnectingFlights=false&DateOut=2026-10-23&FlexDaysBeforeOut=0&FlexDaysOut=6&RoundTrip=false&ToUs=AGREED,2026-09-07T12:47:48.750Z
FCO-CTA,2026-10-23,14.99,08:25,09:45,Ryanair,FR4861,-1,Malta Air,ryanair_booking_api,https://www.ryanair.com/api/booking/v4/it-it/availability?ADT=1&TEEN=0&CHD=0&INF=0&Origin=FCO&Destination=CTA&promoCode=&IncludeConnectingFlights=false&DateOut=2026-10-23&FlexDaysBeforeOut=0&FlexDaysOut=6&RoundTrip=false&ToUs=AGREED,2026-09-07T12:47:48.750Z
FCO-CTA,2026-10-23,21.85,10:05,11:25,Ryanair,FR4852,-1,Malta Air,ryanair_booking_api,https://www.ryanair.com/api/booking/v4/it-it/availability?ADT=1&TEEN=0&CHD=0&INF=0&Origin=FCO&Destination=CTA&promoCode=&IncludeConnectingFlights=false&DateOut=2026-10-23&FlexDaysBeforeOut=0&FlexDaysOut=6&RoundTrip=false&ToUs=AGREED,2026-09-07T12:47:48.750Z
FCO-CTA,2026-10-23,46.54,17:45,19:05,Ryanair,FR4872,-1,Malta Air,ryanair_booking_api,https://www.ryanair.com/api/booking/v4/it-it/availability?ADT=1&TEEN=0&CHD=0&INF=0&Origin=FCO&Destination=CTA&promoCode=&IncludeConnectingFlights=false&DateOut=2026-10-23&FlexDaysBeforeOut=0&FlexDaysOut=6&RoundTrip=false&ToUs=AGREED,2026-09-07T12:47:48.750Z
FCO-CTA,2026-10-23,32.24,20:15,21:35,Ryanair,FR4891,-1,Malta Air,ryanair_booking_api,https://www.ryanair.com/api/booking/v4/it-it/availability?ADT=1&TEEN=0&CHD=0&INF=0&Origin=FCO&Destination=CTA&promoCode=&IncludeConnectingFlights=false&DateOut=2026-10-23&FlexDaysBeforeOut=0&FlexDaysOut=6&RoundTrip=false&ToUs=AGREED,2026-09-07T12:47:48.750Z
FCO-CTA,2026-10-23,39.99,21:00,22:20,Ryanair,FR4858,-1,Malta Air,ryanair_booking_api,https://www.ryanair.com/api/booking/v4/it-it/availability?ADT=1&TEEN=0&CHD=0&INF=0&Origin=FCO&Destination=CTA&promoCode=&IncludeConnectingFlights=false&DateOut=2026-10-23&FlexDaysBeforeOut=0&FlexDaysOut=6&RoundTrip=false&ToUs=AGREED,2026-09-07T12:47:48.750Z
FCO-CTA,2026-10-24,24.99,06:55,08:15,Ryanair,FR1170,5,Malta Air,ryanair_booking_api,https://www.ryanair.com/api/booking/v4/it-it/availability?ADT=1&TEEN=0&CHD=0&INF=0&Origin=FCO&Destination=CTA&promoCode=&IncludeConnectingFlights=false&DateOut=2026-10-23&FlexDaysBeforeOut=0&FlexDaysOut=6&RoundTrip=false&ToUs=AGREED,2026-09-07T12:47:48.750Z
FCO-CTA,2026-10-24,24.99,08:05,09:25,Ryanair,FR4872,2,Malta Air,ryanair_booking_api,https://www.ryanair.com/api/booking/v4/it-it/availability?ADT=1&TEEN=0&CHD=0&INF=0&Origin=FCO&Destination=CTA&promoCode=&IncludeConnectingFlights=false&DateOut=2026-10-23&FlexDaysBeforeOut=0&FlexDaysOut=6&RoundTrip=false&ToUs=AGREED,2026-09-07T12:47:48.750Z
FCO-CTA,2026-10-24,34.42,10:00,11:20,Ryanair,FR4852,5,Malta Air,ryanair_booking_api,https://www.ryanair.com/api/booking/v4/it-it/availability?ADT=1&TEEN=0&CHD=0&INF=0&Origin=FCO&Destination=CTA&promoCode=&IncludeConnectingFlights=false&DateOut=2026-10-23&FlexDaysBeforeOut=0&FlexDaysOut=6&RoundTrip=false&ToUs=AGREED,2026-09-07T12:47:48.750Z
FCO-CTA,2026-10-24,21.53,17:55,19:15,Ryanair,FR4891,-1,Malta Air,ryanair_booking_api,https://www.ryanair.com/api/booking/v4/it-it/availability?ADT=1&TEEN=0&CHD=0&INF=0&Origin=FCO&Destination=CTA&promoCode=&IncludeConnectingFlights=false&DateOut=2026-10-23&FlexDaysBeforeOut=0&FlexDaysOut=6&RoundTrip=false&ToUs=AGREED,2026-09-07T12:47:48.750Z
FCO-CTA,2026-10-24,19.14,18:35,19:55,Ryanair,FR4861,-1,Malta Air,ryanair_booking_api,https://www.ryanair.com/api/booking/v4/it-it/availability?ADT=1&TEEN=0&CHD=0&INF=0&Origin=FCO&Destination=CTA&promoCode=&IncludeConnectingFlights=false&DateOut=2026-10-23&FlexDaysBeforeOut=0&FlexDaysOut=6&RoundTrip=false&ToUs=AGREED,2026-09-07T12:47:48.750Z
FCO-CTA,2026-10-24,18.99,21:25,22:45,Ryanair,FR4858,5,Malta Air,ryanair_booking_api,https://www.ryanair.com/api/booking/v4/it-it/availability?ADT=1&TEEN=0&CHD=0&INF=0&Origin=FCO&Destination=CTA&promoCode=&IncludeConnectingFlights=false&DateOut=2026-10-23&FlexDaysBeforeOut=0&FlexDaysOut=6&RoundTrip=false&ToUs=AGREED,2026-09-07T12:47:48.750Z
FCO-CTA,2026-10-25,14.99,06:10,07:30,Ryanair,FR4861,-1,Malta Air,ryanair_booking_api,https://www.ryanair.com/api/booking/v4/it-it/availability?ADT=1&TEEN=0&CHD=0&INF=0&Origin=FCO&Destination=CTA&promoCode=&IncludeConnectingFlights=false&DateOut=2026-10-23&FlexDaysBeforeOut=0&FlexDaysOut=6&RoundTrip=false&ToUs=AGREED,2026-09-07T12:47:48.750Z
FCO-CTA,2026-10-25,17.0,08:30,09:50,Ryanair,FR4872,5,Malta Air,ryanair_booking_api,https://www.ryanair.com/api/booking/v4/it-it/availability?ADT=1&TEEN=0&CHD=0&INF=0&Origin=FCO&Destination=CTA&promoCode=&IncludeConnectingFlights=false&DateOut=2026-10-23&FlexDaysBeforeOut=0&FlexDaysOut=6&RoundTrip=false&ToUs=AGREED,2026-09-07T12:47:48.750Z
FCO-CTA,2026-10-25,37.87,12:15,13:35,Ryanair,FR4891,-1,Malta Air,ryanair_booking_api,https://www.ryanair.com/api/booking/v4/it-it/availability?ADT=1&TEEN=0&CHD=0&INF=0&Origin=FCO&Destination=CTA&promoCode=&IncludeConnectingFlights=false&DateOut=2026-10-23&FlexDaysBeforeOut=0&FlexDaysOut=6&RoundTrip=false&ToUs=AGREED,2026-09-07T12:47:48.750Z
FCO-CTA,2026-10-25,39.0,12:45,14:05,Ryanair,FR4858,5,Malta Air,ryanair_booking_api,https://www.ryanair.com/api/booking/v4/it-it/availability?ADT=1&TEEN=0&CHD=0&INF=0&Origin=FCO&Destination=CTA&promoCode=&IncludeConnectingFlights=false&DateOut=2026-10-23&FlexDaysBeforeOut=0&FlexDaysOut=6&RoundTrip=false&ToUs=AGREED,2026-09-07T12:47:48.750Z
FCO-CTA,2026-10-25,46.99,16:25,17:45,Ryanair,FR4856,5,Malta Air,ryanair_booking_api,https://www.ryanair.com/api/booking/v4/it-it/availability?ADT=1&TEEN=0&CHD=0&INF=0&Origin=FCO&Destination=CTA&promoCode=&IncludeConnectingFlights=false&DateOut=2026-10-23&FlexDaysBeforeOut=0&FlexDaysOut=6&RoundTrip=false&ToUs=AGREED,2026-09-07T12:47:48.750Z
FCO-CTA,2026-10-25,50.99,18:35,19:55,Ryanair,FR1170,5,Malta Air,ryanair_booking_api,https://www.ryanair.com/api/booking/v4/it-it/availability?ADT=1&TEEN=0&CHD=0&INF=0&Origin=FCO&Destination=CTA&promoCode=&IncludeConnectingFlights=false&DateOut=2026-10-23&FlexDaysBeforeOut=0&FlexDaysOut=6&RoundTrip=false&ToUs=AGREED,2026-09-07T12:47:48.750Z
FCO-CTA,2026-10-25,61.99,21:15,22:35,Ryanair,FR4852,5,,ryanair_booking_api,https://www.ryanair.com/api/booking/v4/it-it/availability?ADT=1&TEEN=0&CHD=0&INF=0&Origin=FCO&Destination=CTA&promoCode=&IncludeConnectingFlights=false&DateOut=2026-10-23&FlexDaysBeforeOut=0&FlexDaysOut=6&RoundTrip=false&ToUs=AGREED,2026-09-07T12:47:48.750Z
FCO-CTA,2026-10-26,24.99,06:15,07:35,Ryanair,FR4852,5,,ryanair_booking_api,https://www.ryanair.com/api/booking/v4/it-it/availability?ADT=1&TEEN=0&CHD=0&INF=0&Origin=FCO&Destination=CTA&promoCode=&IncludeConnectingFlights=false&DateOut=2026-10-23&FlexDaysBeforeOut=0&FlexDaysOut=6&RoundTrip=false&ToUs=AGREED,2026-09-07T12:47:48.750Z
FCO-CTA,2026-10-26,24.98,08:30,09:50,Ryanair,FR4872,-1,Malta Air,ryanair_booking_api,https://www.ryanair.com/api/booking/v4/it-it/availability?ADT=1&TEEN=0&CHD=0&INF=0&Origin=FCO&Destination=CTA&promoCode=&IncludeConnectingFlights=false&DateOut=2026-10-23&FlexDaysBeforeOut=0&FlexDaysOut=6&RoundTrip=false&ToUs=AGREED,2026-09-07T12:47:48.750Z
FCO-CTA,2026-10-26,30.99,09:25,10:45,Ryanair,FR4858,1,Malta Air,ryanair_booking_api,https://www.ryanair.com/api/booking/v4/it-it/availability?ADT=1&TEEN=0&CHD=0&INF=0&Origin=FCO&Destination=CTA&promoCode=&IncludeConnectingFlights=false&DateOut=2026-10-23&FlexDaysBeforeOut=0&FlexDaysOut=6&RoundTrip=false&ToUs=AGREED,2026-09-07T12:47:48.750Z
FCO-CTA,2026-10-26,37.99,12:50,14:10,Ryanair,FR1170,-1,,ryanair_booking_api,https://www.ryanair.com/api/booking/v4/it-it/availability?ADT=1&TEEN=0&CHD=0&INF=0&Origin=FCO&Destination=CTA&promoCode=&IncludeConnectingFlights=false&DateOut=2026-10-23&FlexDaysBeforeOut=0&FlexDaysOut=6&RoundTrip=false&ToUs=AGREED,2026-09-07T12:47:48.750Z
FCO-CTA,2026-10-26,63.37,18:40,20:00,Ryanair,FR4861,1,Malta Air,ryanair_booking_api,https://www.ryanair.com/api/booking/v4/it-it/availability?ADT=1&TEEN=0&CHD=0&INF=0&Origin=FCO&Destination=CTA&promoCode=&IncludeConnectingFlights=false&DateOut=2026-10-23&FlexDaysBeforeOut=0&FlexDaysOut=6&RoundTrip=false&ToUs=AGREED,2026-09-07T12:47:48.750Z
FCO-CTA,2026-10-26,23.99,21:25,22:45,Ryanair,FR4856,5,,ryanair_booking_api,https://www.ryanair.com/api/booking/v4/it-it/availability?ADT=1&TEEN=0&CHD=0&INF=0&Origin=FCO&Destination=CTA&promoCode=&IncludeConnectingFlights=false&DateOut=2026-10-23&FlexDaysBeforeOut=0&FlexDaysOut=6&RoundTrip=false&ToUs=AGREED,2026-09-07T12:47:48.750Z
FCO-CTA,2026-10-26,21.75,23:30,00:50,Ryanair,FR4891,-1,Malta Air,ryanair_booking_api,https://www.ryanair.com/api/booking/v4/it-it/availability?ADT=1&TEEN=0&CHD=0&INF=0&Origin=FCO&Destination=CTA&promoCode=&IncludeConnectingFlights=false&DateOut=2026-10-23&FlexDaysBeforeOut=0&FlexDaysOut=6&RoundTrip=false&ToUs=AGREED,2026-09-07T12:47:48.750Z
FCO-CTA,2026-10-27,14.99,08:00,09:20,Ryanair,FR1170,-1,Malta Air,ryanair_booking_api,https://www.ryanair.com/api/booking/v4/it-it/availability?ADT=1&TEEN=0&CHD=0&INF=0&Origin=FCO&Destination=CTA&promoCode=&IncludeConnectingFlights=false&DateOut=2026-10-23&FlexDaysBeforeOut=0&FlexDaysOut=6&RoundTrip=false&ToUs=AGREED,2026-09-07T12:47:48.750Z
FCO-CTA,2026-10-27,21.85,11:00,12:20,Ryanair,FR4856,-1,Malta Air,ryanair_booking_api,https://www.ryanair.com/api/booking/v4/it-it/availability?ADT=1&TEEN=0&CHD=0&INF=0&Origin=FCO&Destination=CTA&promoCode=&IncludeConnectingFlights=false&DateOut=2026-10-23&FlexDaysBeforeOut=0&FlexDaysOut=6&RoundTrip=false&ToUs=AGREED,2026-09-07T12:47:48.750Z
FCO-CTA,2026-10-27,18.9,12:35,13:55,Ryanair,FR4872,-1,Malta Air,ryanair_booking_api,https://www.ryanair.com/api/booking/v4/it-it/availability?ADT=1&TEEN=0&CHD=0&INF=0&Origin=FCO&Destination=CTA&promoCode=&IncludeConnectingFlights=false&DateOut=2026-10-23&FlexDaysBeforeOut=0&FlexDaysOut=6&RoundTrip=false&ToUs=AGREED,2026-09-07T12:47:48.750Z
FCO-CTA,2026-10-27,37.98,17:05,18:25,Ryanair,FR4852,-1,Malta Air,ryanair_booking_api,https://www.ryanair.com/api/booking/v4/it-it/availability?ADT=1&TEEN=0&CHD=0&INF=0&Origin=FCO&Destination=CTA&promoCode=&IncludeConnectingFlights=false&DateOut=2026-10-23&FlexDaysBeforeOut=0&FlexDaysOut=6&RoundTrip=false&ToUs=AGREED,2026-09-07T12:47:48.750Z
FCO-CTA,2026-10-27,21.53,20:15,21:35,Ryanair,FR4858,-1,Malta Air,ryanair_booking_api,https://www.ryanair.com/api/booking/v4/it-it/availability?ADT=1&TEEN=0&CHD=0&INF=0&Origin=FCO&Destination=CTA&promoCode=&IncludeConnectingFlights=false&DateOut=2026-10-23&FlexDaysBeforeOut=0&FlexDaysOut=6&RoundTrip=false&ToUs=AGREED,2026-09-07T12:47:48.750Z
FCO-CTA,2026-10-27,21.24,22:00,23:20,Ryanair,FR4891,-1,Malta Air,ryanair_booking_api,https://www.ryanair.com/api/booking/v4/it-it/availability?ADT=1&TEEN=0&CHD=0&INF=0&Origin=FCO&Destination=CTA&promoCode=&IncludeConnectingFlights=false&DateOut=2026-10-23&FlexDaysBeforeOut=0&FlexDaysOut=6&RoundTrip=false&ToUs=AGREED,2026-09-07T12:47:48.750Z
FCO-CTA,2026-10-28,31.52,08:25,09:45,Ryanair,FR4856,-1,Malta Air,ryanair_booking_api,https://www.ryanair.com/api/booking/v4/it-it/availability?ADT=1&TEEN=0&CHD=0&INF=0&Origin=FCO&Destination=CTA&promoCode=&IncludeConnectingFlights=false&DateOut=2026-10-23&FlexDaysBeforeOut=0&FlexDaysOut=6&RoundTrip=false&ToUs=AGREED,2026-09-07T12:47:48.750Z
FCO-CTA,2026-10-28,24.99,12:35,13:55,Ryanair,FR1170,3,Malta Air,ryanair_booking_api,https://www.ryanair.com/api/booking/v4/it-it/availability?ADT=1&TEEN=0&CHD=0&INF=0&Origin=FCO&Destination=CTA&promoCode=&IncludeConnectingFlights=false&DateOut=2026-10-23&FlexDaysBeforeOut=0&FlexDaysOut=6&RoundTrip=false&ToUs=AGREED,2026-09-07T12:47:48.750Z
FCO-CTA,2026-10-28,31.64,16:00,17:20,Ryanair,FR4858,2,Malta Air,ryanair_booking_api,https://www.ryanair.com/api/booking/v4/it-it/availability?ADT=1&TEEN=0&CHD=0&INF=0&Origin=FCO&Destination=CTA&promoCode=&IncludeConnectingFlights=false&DateOut=2026-10-23&FlexDaysBeforeOut=0&FlexDaysOut=6&RoundTrip=false&ToUs=AGREED,2026-09-07T12:47:48.750Z
FCO-CTA,2026-10-28,39.68,18:00,19:20,Ryanair,FR4891,-1,Malta Air,ryanair_booking_api,https://www.ryanair.com/api/booking/v4/it-it/availability?ADT=1&TEEN=0&CHD=0&INF=0&Origin=FCO&Destination=CTA&promoCode=&IncludeConnectingFlights=false&DateOut=2026-10-23&FlexDaysBeforeOut=0&FlexDaysOut=6&RoundTrip=false&ToUs=AGREED,2026-09-07T12:47:48.750Z
FCO-CTA,2026-10-28,18.99,20:30,21:50,Ryanair,FR4852,5,,ryanair_booking_api,https://www.ryanair.com/api/booking/v4/it-it/availability?ADT=1&TEEN=0&CHD=0&INF=0&Origin=FCO&Destination=CTA&promoCode=&IncludeConnectingFlights=false&DateOut=2026-10-23&FlexDaysBeforeOut=0&FlexDaysOut=6&RoundTrip=false&ToUs=AGREED,2026-09-07T12:47:48.750Z
FCO-CTA,2026-10-28,25.72,22:30,23:50,Ryanair,FR4861,-1,Malta Air,ryanair_booking_api,https://www.ryanair.com/api/booking/v4/it-it/availability?ADT=1&TEEN=0&CHD=0&INF=0&Origin=FCO&Destination=CTA&promoCode=&IncludeConnectingFlights=false&DateOut=2026-10-23&FlexDaysBeforeOut=0&FlexDaysOut=6&RoundTrip=false&ToUs=AGREED,2026-09-07T12:47:48.750Z
FCO-CTA,2026-10-29,15.99,06:05,07:25,Ryanair,FR4858,3,Malta Air,ryanair_booking_api,https://www.ryanair.com/api/booking/v4/it-it/availability?ADT=1&TEEN=0&CHD=0&INF=0&Origin=FCO&Destination=CTA&promoCode=&IncludeConnectingFlights=false&DateOut=2026-10-23&FlexDaysBeforeOut=0&FlexDaysOut=6&RoundTrip=false&ToUs=AGREED,2026-09-07T12:47:48.750Z
FCO-CTA,2026-10-29,22.13,07:50,09:10,Ryanair,FR4872,-1,Malta Air,ryanair_booking_api,https://www.ryanair.com/api/booking/v4/it-it/availability?ADT=1&TEEN=0&CHD=0&INF=0&Origin=FCO&Destination=CTA&promoCode=&IncludeConnectingFlights=false&DateOut=2026-10-23&FlexDaysBeforeOut=0&FlexDaysOut=6&RoundTrip=false&ToUs=AGREED,2026-09-07T12:47:48.750Z
FCO-CTA,2026-10-29,18.99,09:35,10:55,Ryanair,FR4852,4,Malta Air,ryanair_booking_api,https://www.ryanair.com/api/booking/v4/it-it/availability?ADT=1&TEEN=0&CHD=0&INF=0&Origin=FCO&Destination=CTA&promoCode=&IncludeConnectingFlights=false&DateOut=2026-10-23&FlexDaysBeforeOut=0&FlexDaysOut=6&RoundTrip=false&ToUs=AGREED,2026-09-07T12:47:48.750Z
FCO-CTA,2026-10-29,21.75,11:35,12:55,Ryanair,FR4891,-1,Malta Air,ryanair_booking_api,https://www.ryanair.com/api/booking/v4/it-it/availability?ADT=1&TEEN=0&CHD=0&INF=0&Origin=FCO&Destination=CTA&promoCode=&IncludeConnectingFlights=false&DateOut=2026-10-23&FlexDaysBeforeOut=0&FlexDaysOut=6&RoundTrip=false&ToUs=AGREED,2026-09-07T12:47:48.750Z
FCO-CTA,2026-10-29,37.14,14:00,15:20,Ryanair,FR4856,-1,Malta Air,ryanair_booking_api,https://www.ryanair.com/api/booking/v4/it-it/availability?ADT=1&TEEN=0&CHD=0&INF=0&Origin=FCO&Destination=CTA&promoCode=&IncludeConnectingFlights=false&DateOut=2026-10-23&FlexDaysBeforeOut=0&FlexDaysOut=6&RoundTrip=false&ToUs=AGREED,2026-09-07T12:47:48.750Z
FCO-CTA,2026-10-29,45.99,19:25,20:45,Ryanair,FR1170,5,,ryanair_booking_api,https://www.ryanair.com/api/booking/v4/it-it/availability?ADT=1&TEEN=0&CHD=0&INF=0&Origin=FCO&Destination=CTA&promoCode=&IncludeConnectingFlights=false&DateOut=2026-10-23&FlexDaysBeforeOut=0&FlexDaysOut=6&RoundTrip=false&ToUs=AGREED,2026-09-07T12:47:48.750Z
FCO-CTA,2026-10-30,58.72,07:55,09:15,Ryanair,FR4872,-1,Malta Air,ryanair_booking_api,https://www.ryanair.com/api/booking/v4/it-it/availability?ADT=1&TEEN=0&CHD=0&INF=0&Origin=FCO&Destination=CTA&promoCode=&IncludeConnectingFlights=false&DateOut=2026-10-30&FlexDaysBeforeOut=0&FlexDaysOut=6&RoundTrip=false&ToUs=AGREED,2026-09-07T12:47:50.264Z
FCO-CTA,2026-10-30,36.29,11:45,13:05,Ryanair,FR1170,-1,Malta Air,ryanair_booking_api,https://www.ryanair.com/api/booking/v4/it-it/availability?ADT=1&TEEN=0&CHD=0&INF=0&Origin=FCO&Destination=CTA&promoCode=&IncludeConnectingFlights=false&DateOut=2026-10-30&FlexDaysBeforeOut=0&FlexDaysOut=6&RoundTrip=false&ToUs=AGREED,2026-09-07T12:47:50.264Z
FCO-CTA,2026-10-30,24.99,12:50,14:10,Ryanair,FR4861,5,,ryanair_booking_api,https://www.ryanair.com/api/booking/v4/it-it/availability?ADT=1&TEEN=0&CHD=0&INF=0&Origin=FCO&Destination=CTA&promoCode=&IncludeConnectingFlights=false&DateOut=2026-10-30&FlexDaysBeforeOut=0&FlexDaysOut=6&RoundTrip=false&ToUs=AGREED,2026-09-07T12:47:50.264Z
FCO-CTA,2026-10-30,30.99,15:00,16:20,Ryanair,FR4852,3,Malta Air,ryanair_booking_api,https://www.ryanair.com/api/booking/v4/it-it/availability?ADT=1&TEEN=0&CHD=0&INF=0&Origin=FCO&Destination=CTA&promoCode=&IncludeConnectingFlights=false&DateOut=2026-10-30&FlexDaysBeforeOut=0&FlexDaysOut=6&RoundTrip=false&ToUs=AGREED,2026-09-07T12:47:50.264Z
FCO-CTA,2026-10-30,43.8,17:25,18:45,Ryanair,FR4891,3,Malta Air,ryanair_booking_api,https://www.ryanair.com/api/booking/v4/it-it/availability?ADT=1&TEEN=0&CHD=0&INF=0&Origin=FCO&Destination=CTA&promoCode=&IncludeConnectingFlights=false&DateOut=2026-10-30&FlexDaysBeforeOut=0&FlexDaysOut=6&RoundTrip=false&ToUs=AGREED,2026-09-07T12:47:50.264Z
FCO-CTA,2026-10-30,36.99,20:50,22:10,Ryanair,FR4856,5,Malta Air,ryanair_booking_api,https://www.ryanair.com/api/booking/v4/it-it/availability?ADT=1&TEEN=0&CHD=0&INF=0&Origin=FCO&Destination=CTA&promoCode=&IncludeConnectingFlights=false&DateOut=2026-10-30&FlexDaysBeforeOut=0&FlexDaysOut=6&RoundTrip=false&ToUs=AGREED,2026-09-07T12:47:50.264Z
FCO-CTA,2026-10-30,22.13,22:50,00:10,Ryanair,FR4858,-1,Malta Air,ryanair_booking_api,https://www.ryanair.com/api/booking/v4/it-it/availability?ADT=1&TEEN=0&CHD=0&INF=0&Origin=FCO&Destination=CTA&promoCode=&IncludeConnectingFlights=false&DateOut=2026-10-30&FlexDaysBeforeOut=0&FlexDaysOut=6&RoundTrip=false&ToUs=AGREED,2026-09-07T12:47:50.264Z
FCO-CTA,2026-10-31,17.0,05:45,07:05,Ryanair,FR4858,5,Malta Air,ryanair_booking_api,https://www.ryanair.com/api/booking/v4/it-it/availability?ADT=1&TEEN=0&CHD=0&INF=0&Origin=FCO&Destination=CTA&promoCode=&IncludeConnectingFlights=false&DateOut=2026-10-30&FlexDaysBeforeOut=0&FlexDaysOut=6&RoundTrip=false&ToUs=AGREED,2026-09-07T12:47:50.264Z
FCO-CTA,2026-10-31,27.82,08:30,09:50,Ryanair,FR4872,-1,Malta Air,ryanair_booking_api,https://www.ryanair.com/api/booking/v4/it-it/availability?ADT=1&TEEN=0&CHD=0&INF=0&Origin=FCO&Destination=CTA&promoCode=&IncludeConnectingFlights=false&DateOut=2026-10-30&FlexDaysBeforeOut=0&FlexDaysOut=6&RoundTrip=false&ToUs=AGREED,2026-09-07T12:47:50.264Z
FCO-CTA,2026-10-31,25.99,09:15,10:35,Ryanair,FR4861,3,Malta Air,ryanair_booking_api,https://www.ryanair.com/api/booking/v4/it-it/availability?ADT=1&TEEN=0&CHD=0&INF=0&Origin=FCO&Destination=CTA&promoCode=&IncludeConnectingFlights=false&DateOut=2026-10-30&FlexDaysBeforeOut=0&FlexDaysOut=6&RoundTrip=false&ToUs=AGREED,2026-09-07T12:47:50.264Z
FCO-CTA,2026-10-31,28.0,10:55,12:15,Ryanair,FR1170,1,,ryanair_booking_api,https://www.ryanair.com/api/booking/v4/it-it/availability?ADT=1&TEEN=0&CHD=0&INF=0&Origin=FCO&Destination=CTA&promoCode=&IncludeConnectingFlights=false&DateOut=2026-10-30&FlexDaysBeforeOut=0&FlexDaysOut=6&RoundTrip=false&ToUs=AGREED,2026-09-07T12:47:50.264Z
FCO-CTA,2026-10-31,24.99,13:55,15:15,Ryanair,FR4852,-1,Malta Air,ryanair_booking_api,https://www.ryanair.com/api/booking/v4/it-it/availability?ADT=1&TEEN=0&CHD=0&INF=0&Origin=FCO&Destination=CTA&promoCode=&IncludeConnectingFlights=false&DateOut=2026-10-30&FlexDaysBeforeOut=0&FlexDaysOut=6&RoundTrip=false&ToUs=AGREED,2026-09-07T12:47:50.264Z
FCO-CTA,2026-10-31,24.99,19:20,20:40,Ryanair,FR4856,5,Malta Air,ryanair_booking_api,https://www.ryanair.com/api/booking/v4/it-it/availability?ADT=1&TEEN=0&CHD=0&INF=0&Origin=FCO&Destination=CTA&promoCode=&IncludeConnectingFlights=false&DateOut=2026-10-30&FlexDaysBeforeOut=0&FlexDaysOut=6&RoundTrip=false&ToUs=AGREED,2026-09-07T12:47:50.264Z
FCO-CTA,2026-10-31,24.98,23:20,00:40,Ryanair,FR4891,-1,Malta Air,ryanair_booking_api,https://www.ryanair.com/api/booking/v4/it-it/availability?ADT=1&TEEN=0&CHD=0&INF=0&Origin=FCO&Destination=CTA&promoCode=&IncludeConnectingFlights=false&DateOut=2026-10-30&FlexDaysBeforeOut=0&FlexDaysOut=6&RoundTrip=false&ToUs=AGREED,2026-09-07T12:47:50.264Z
FCO-CTA,2026-11-01,14.99,06:10,07:30,Ryanair,FR4861,-1,Malta Air,ryanair_booking_api,https://www.ryanair.com/api/booking/v4/it-it/availability?ADT=1&TEEN=0&CHD=0&INF=0&Origin=FCO&Destination=CTA&promoCode=&IncludeConnectingFlights=false&DateOut=2026-10-30&FlexDaysBeforeOut=0&FlexDaysOut=6&RoundTrip=false&ToUs=AGREED,2026-09-07T12:47:50.264Z
FCO-CTA,2026-11-01,17.59,08:30,09:50,Ryanair,FR4872,-1,Malta Air,ryanair_booking_api,https://www.ryanair.com/api/booking/v4/it-it/availability?ADT=1&TEEN=0&CHD=0&INF=0&Origin=FCO&Destination=CTA&promoCode=&IncludeConnectingFlights=false&DateOut=2026-10-30&FlexDaysBeforeOut=0&FlexDaysOut=6&RoundTrip=false&ToUs=AGREED,2026-09-07T12:47:50.264Z
FCO-CTA,2026-11-01,42.89,12:15,13:35,Ryanair,FR4891,-1,Malta Air,ryanair_booking_api,https://www.ryanair.com/api/booking/v4/it-it/availability?ADT=1&TEEN=0&CHD=0&INF=0&Origin=FCO&Destination=CTA&promoCode=&IncludeConnectingFlights=false&DateOut=2026-10-30&FlexDaysBeforeOut=0&FlexDaysOut=6&RoundTrip=false&ToUs=AGREED,2026-09-07T12:47:50.264Z
FCO-CTA,2026-11-01,40.52,12:45,14:05,Ryanair,FR4858,-1,Malta Air,ryanair_booking_api,https://www.ryanair.com/api/booking/v4/it-it/availability?ADT=1&TEEN=0&CHD=0&INF=0&Origin=FCO&Destination=CTA&promoCode=&IncludeConnectingFlights=false&DateOut=2026-10-30&FlexDaysBeforeOut=0&FlexDaysOut=6&RoundTrip=false&ToUs=AGREED,2026-09-07T12:47:50.264Z
FCO-CTA,2026-11-01,55.99,16:25,17:45,Ryanair,FR4856,3,Malta Air,ryanair_booking_api,https://www.ryanair.com/api/booking/v4/it-it/availability?ADT=1&TEEN=0&CHD=0&INF=0&Origin=FCO&Destination=CTA&promoCode=&IncludeConnectingFlights=false&DateOut=2026-10-30&FlexDaysBeforeOut=0&FlexDaysOut=6&RoundTrip=false&ToUs=AGREED,2026-09-07T12:47:50.264Z
FCO-CTA,2026-11-01,50.59,18:35,19:55,Ryanair,FR1170,-1,Malta Air,ryanair_booking_api,https://www.ryanair.com/api/booking/v4/it-it/availability?ADT=1&TEEN=0&CHD=0&INF=0&Origin=FCO&Destination=CTA&promoCode=&IncludeConnectingFlights=false&DateOut=2026-10-30&FlexDaysBeforeOut=0&FlexDaysOut=6&RoundTrip=false&ToUs=AGREED,2026-09-07T12:47:50.264Z
FCO-CTA,2026-11-01,61.89,21:15,22:35,Ryanair,FR4852,-1,,ryanair_booking_api,https://www.ryanair.com/api/booking/v4/it-it/availability?ADT=1&TEEN=0&CHD=0&INF=0&Origin=FCO&Destination=CTA&promoCode=&IncludeConnectingFlights=false&DateOut=2026-10-30&FlexDaysBeforeOut=0&FlexDaysOut=6&RoundTrip=false&ToUs=AGREED,2026-09-07T12:47:50.264Z
FCO-CTA,2026-11-02,19.62,06:15,07:35,Ryanair,FR4852,-1,,ryanair_booking_api,https://www.ryanair.com/api/booking/v4/it-it/availability?ADT=1&TEEN=0&CHD=0&INF=0&Origin=FCO&Destination=CTA&promoCode=&IncludeConnectingFlights=false&DateOut=2026-10-30&FlexDaysBeforeOut=0&FlexDaysOut=6&RoundTrip=false&ToUs=AGREED,2026-09-07T12:47:50.264Z
FCO-CTA,2026-11-02,41.53,08:30,09:50,Ryanair,FR4872,-1,Malta Air,ryanair_booking_api,https://www.ryanair.com/api/booking/v4/it-it/availability?ADT=1&TEEN=0&CHD=0&INF=0&Origin=FCO&Destination=CTA&promoCode=&IncludeConnectingFlights=false&DateOut=2026-10-30&FlexDaysBeforeOut=0&FlexDaysOut=6&RoundTrip=false&ToUs=AGREED,2026-09-07T12:47:50.264Z
FCO-CTA,2026-11-02,37.98,09:25,10:45,Ryanair,FR4858,-1,Malta Air,ryanair_booking_api,https://www.ryanair.com/api/booking/v4/it-it/availability?ADT=1&TEEN=0&CHD=0&INF=0&Origin=FCO&Destination=CTA&promoCode=&IncludeConnectingFlights=false&DateOut=2026-10-30&FlexDaysBeforeOut=0&FlexDaysOut=6&RoundTrip=false&ToUs=AGREED,2026-09-07T12:47:50.264Z
FCO-CTA,2026-11-02,76.99,12:50,14:10,Ryanair,FR1170,-1,,ryanair_booking_api,https://www.ryanair.com/api/booking/v4/it-it/availability?ADT=1&TEEN=0&CHD=0&INF=0&Origin=FCO&Destination=CTA&promoCode=&IncludeConnectingFlights=false&DateOut=2026-10-30&FlexDaysBeforeOut=0&FlexDaysOut=6&RoundTrip=false&ToUs=AGREED,2026-09-07T12:47:50.264Z
FCO-CTA,2026-11-02,115.54,18:40,20:00,Ryanair,FR4861,-1,Malta Air,ryanair_booking_api,https://www.ryanair.com/api/booking/v4/it-it/availability?ADT=1&TEEN=0&CHD=0&INF=0&Origin=FCO&Destination=CTA&promoCode=&IncludeConnectingFlights=false&DateOut=2026-10-30&FlexDaysBeforeOut=0&FlexDaysOut=6&RoundTrip=false&ToUs=AGREED,2026-09-07T12:47:50.264Z
FCO-CTA,2026-11-02,59.39,21:25,22:45,Ryanair,FR4856,-1,,ryanair_booking_api,https://www.ryanair.com/api/booking/v4/it-it/availability?ADT=1&TEEN=0&CHD=0&INF=0&Origin=FCO&Destination=CTA&promoCode=&IncludeConnectingFlights=false&DateOut=2026-10-30&FlexDaysBeforeOut=0&FlexDaysOut=6&RoundTrip=false&ToUs=AGREED,2026-09-07T12:47:50.264Z
FCO-CTA,2026-11-02,48.97,23:30,00:50,Ryanair,FR4891,-1,Malta Air,ryanair_booking_api,https://www.ryanair.com/api/booking/v4/it-it/availability?ADT=1&TEEN=0&CHD=0&INF=0&Origin=FCO&Destination=CTA&promoCode=&IncludeConnectingFlights=false&DateOut=2026-10-30&FlexDaysBeforeOut=0&FlexDaysOut=6&RoundTrip=false&ToUs=AGREED,2026-09-07T12:47:50.264Z
FCO-CTA,2026-11-03,33.33,08:00,09:20,Ryanair,FR1170,-1,Malta Air,ryanair_booking_api,https://www.ryanair.com/api/booking/v4/it-it/availability?ADT=1&TEEN=0&CHD=0&INF=0&Origin=FCO&Destination=CTA&promoCode=&IncludeConnectingFlights=false&DateOut=2026-10-30&FlexDaysBeforeOut=0&FlexDaysOut=6&RoundTrip=false&ToUs=AGREED,2026-09-07T12:47:50.264Z
FCO-CTA,2026-11-03,42.89,12:35,13:55,Ryanair,FR4872,2,Malta Air,ryanair_booking_api,https://www.ryanair.com/api/booking/v4/it-it/availability?ADT=1&TEEN=0&CHD=0&INF=0&Origin=FCO&Destination=CTA&promoCode=&IncludeConnectingFlights=false&DateOut=2026-10-30&FlexDaysBeforeOut=0&FlexDaysOut=6&RoundTrip=false&ToUs=AGREED,2026-09-07T12:47:50.264Z
FCO-CTA,2026-11-03,55.99,17:05,18:25,Ryanair,FR4852,-1,Malta Air,ryanair_booking_api,https://www.ryanair.com/api/booking/v4/it-it/availability?ADT=1&TEEN=0&CHD=0&INF=0&Origin=FCO&Destination=CTA&promoCode=&IncludeConnectingFlights=false&DateOut=2026-10-30&FlexDaysBeforeOut=0&FlexDaysOut=6&RoundTrip=false&ToUs=AGREED,2026-09-07T12:47:50.264Z
FCO-CTA,2026-11-03,44.72,22:00,23:20,Ryanair,FR4891,-1,Malta Air,ryanair_booking_api,https://www.ryanair.com/api/booking/v4/it-it/availability?ADT=1&TEEN=0&CHD=0&INF=0&Origin=FCO&Destination=CTA&promoCode=&IncludeConnectingFlights=false&DateOut=2026-10-30&FlexDaysBeforeOut=0&FlexDaysOut=6&RoundTrip=false&ToUs=AGREED,2026-09-07T12:47:50.264Z
FCO-CTA,2026-11-04,20.89,08:25,09:45,Ryanair,FR4856,3,Malta Air,ryanair_booking_api,https://www.ryanair.com/api/booking/v4/it-it/availability?ADT=1&TEEN=0&CHD=0&INF=0&Origin=FCO&Destination=CTA&promoCode=&IncludeConnectingFlights=false&DateOut=2026-10-30&FlexDaysBeforeOut=0&FlexDaysOut=6&RoundTrip=false&ToUs=AGREED,2026-09-07T12:47:50.264Z
FCO-CTA,2026-11-04,24.04,10:10,11:30,Ryanair,FR4872,-1,Malta Air,ryanair_booking_api,https://www.ryanair.com/api/booking/v4/it-it/availability?ADT=1&TEEN=0&CHD=0&INF=0&Origin=FCO&Destination=CTA&promoCode=&IncludeConnectingFlights=false&DateOut=2026-10-30&FlexDaysBeforeOut=0&FlexDaysOut=6&RoundTrip=false&ToUs=AGREED,2026-09-07T12:47:50.264Z
FCO-CTA,2026-11-04,20.89,12:35,13:55,Ryanair,FR1170,-1,Malta Air,ryanair_booking_api,https://www.ryanair.com/api/booking/v4/it-it/availability?ADT=1&TEEN=0&CHD=0&INF=0&Origin=FCO&Destination=CTA&promoCode=&IncludeConnectingFlights=false&DateOut=2026-10-30&FlexDaysBeforeOut=0&FlexDaysOut=6&RoundTrip=false&ToUs=AGREED,2026-09-07T12:47:50.264Z
FCO-CTA,2026-11-04,40.61,18:00,19:20,Ryanair,FR4891,-1,Malta Air,ryanair_booking_api,https://www.ryanair.com/api/booking/v4/it-it/availability?ADT=1&TEEN=0&CHD=0&INF=0&Origin=FCO&Destination=CTA&promoCode=&IncludeConnectingFlights=false&DateOut=2026-10-30&FlexDaysBeforeOut=0&FlexDaysOut=6&RoundTrip=false&ToUs=AGREED,2026-09-07T12:47:50.264Z
FCO-CTA,2026-11-04,49.74,20:30,21:50,Ryanair,FR4852,-1,,ryanair_booking_api,https://www.ryanair.com/api/booking/v4/it-it/availability?ADT=1&TEEN=0&CHD=0&INF=0&Origin=FCO&Destination=CTA&promoCode=&IncludeConnectingFlights=false&DateOut=2026-10-30&FlexDaysBeforeOut=0&FlexDaysOut=6&RoundTrip=false&ToUs=AGREED,2026-09-07T12:47:50.264Z
FCO-CTA,2026-11-04,29.71,22:30,23:50,Ryanair,FR4861,-1,Malta Air,ryanair_booking_api,https://www.ryanair.com/api/booking/v4/it-it/availability?ADT=1&TEEN=0&CHD=0&INF=0&Origin=FCO&Destination=CTA&promoCode=&IncludeConnectingFlights=false&DateOut=2026-10-30&FlexDaysBeforeOut=0&FlexDaysOut=6&RoundTrip=false&ToUs=AGREED,2026-09-07T12:47:50.264Z
FCO-CTA,2026-11-05,28.97,09:35,10:55,Ryanair,FR4852,-1,Malta Air,ryanair_booking_api,https://www.ryanair.com/api/booking/v4/it-it/availability?ADT=1&TEEN=0&CHD=0&INF=0&Origin=FCO&Destination=CTA&promoCode=&IncludeConnectingFlights=false&DateOut=2026-10-30&FlexDaysBeforeOut=0&FlexDaysOut=6&RoundTrip=false&ToUs=AGREED,2026-09-07T12:47:50.264Z
FCO-CTA,2026-11-05,24.04,11:35,12:55,Ryanair,FR4891,1,Malta Air,ryanair_booking_api,https://www.ryanair.com/api/booking/v4/it-it/availability?ADT=1&TEEN=0&CHD=0&INF=0&Origin=FCO&Destination=CTA&promoCode=&IncludeConnectingFlights=false&DateOut=2026-10-30&FlexDaysBeforeOut=0&FlexDaysOut=6&RoundTrip=false&ToUs=AGREED,2026-09-07T12:47:50.264Z
FCO-CTA,2026-11-05,32.24,14:00,15:20,Ryanair,FR4856,-1,Malta Air,ryanair_booking_api,https://www.ryanair.com/api/booking/v4/it-it/availability?ADT=1&TEEN=0&CHD=0&INF=0&Origin=FCO&Destination=CTA&promoCode=&IncludeConnectingFlights=false&DateOut=2026-10-30&FlexDaysBeforeOut=0&FlexDaysOut=6&RoundTrip=false&ToUs=AGREED,2026-09-07T12:47:50.264Z
FCO-CTA,2026-11-05,85.42,19:25,20:45,Ryanair,FR1170,-1,,ryanair_booking_api,https://www.ryanair.com/api/booking/v4/it-it/availability?ADT=1&TEEN=0&CHD=0&INF=0&Origin=FCO&Destination=CTA&promoCode=&IncludeConnectingFlights=false&DateOut=2026-10-30&FlexDaysBeforeOut=0&FlexDaysOut=6&RoundTrip=false&ToUs=AGREED,2026-09-07T12:47:50.264Z
FCO-CTA,2026-11-06,28.99,07:55,09:15,Ryanair,FR4872,-1,Malta Air,ryanair_booking_api,https://www.ryanair.com/api/booking/v4/it-it/availability?ADT=1&TEEN=0&CHD=0&INF=0&Origin=FCO&Destination=CTA&promoCode=&IncludeConnectingFlights=false&DateOut=2026-11-06&FlexDaysBeforeOut=0&FlexDaysOut=6&RoundTrip=false&ToUs=AGREED,2026-09-07T12:47:51.877Z
FCO-CTA,2026-11-06,26.39,11:45,13:05,Ryanair,FR1170,-1,Malta Air,ryanair_booking_api,https://www.ryanair.com/api/booking/v4/it-it/availability?ADT=1&TEEN=0&CHD=0&INF=0&Origin=FCO&Destination=CTA&promoCode=&IncludeConnectingFlights=false&DateOut=2026-11-06&FlexDaysBeforeOut=0&FlexDaysOut=6&RoundTrip=false&ToUs=AGREED,2026-09-07T12:47:51.877Z
FCO-CTA,2026-11-06,36.61,12:50,14:10,Ryanair,FR4861,-1,,ryanair_booking_api,https://www.ryanair.com/api/booking/v4/it-it/availability?ADT=1&TEEN=0&CHD=0&INF=0&Origin=FCO&Destination=CTA&promoCode=&IncludeConnectingFlights=false&DateOut=2026-11-06&FlexDaysBeforeOut=0&FlexDaysOut=6&RoundTrip=false&ToUs=AGREED,2026-09-07T12:47:51.877Z
FCO-CTA,2026-11-06,69.29,17:25,18:45,Ryanair,FR4891,-1,Malta Air,ryanair_booking_api,https://www.ryanair.com/api/booking/v4/it-it/availability?ADT=1&TEEN=0&CHD=0&INF=0&Origin=FCO&Destination=CTA&promoCode=&IncludeConnectingFlights=false&DateOut=2026-11-06&FlexDaysBeforeOut=0&FlexDaysOut=6&RoundTrip=false&ToUs=AGREED,2026-09-07T12:47:51.877Z
FCO-CTA,2026-11-06,59.77,20:50,22:10,Ryanair,FR4856,-1,Malta Air,ryanair_booking_api,https://www.ryanair.com/api/booking/v4/it-it/availability?ADT=1&TEEN=0&CHD=0&INF=0&Origin=FCO&Destination=CTA&promoCode=&IncludeConnectingFlights=false&DateOut=2026-11-06&FlexDaysBeforeOut=0&FlexDaysOut=6&RoundTrip=false&ToUs=AGREED,2026-09-07T12:47:51.877Z
FCO-CTA,2026-11-06,24.37,22:50,00:10,Ryanair,FR4858,-1,Malta Air,ryanair_booking_api,https://www.ryanair.com/api/booking/v4/it-it/availability?ADT=1&TEEN=0&CHD=0&INF=0&Origin=FCO&Destination=CTA&promoCode=&IncludeConnectingFlights=false&DateOut=2026-11-06&FlexDaysBeforeOut=0&FlexDaysOut=6&RoundTrip=false&ToUs=AGREED,2026-09-07T12:47:51.877Z
FCO-CTA,2026-11-07,30.79,05:45,07:05,Ryanair,FR4858,-1,Malta Air,ryanair_booking_api,https://www.ryanair.com/api/booking/v4/it-it/availability?ADT=1&TEEN=0&CHD=0&INF=0&Origin=FCO&Destination=CTA&promoCode=&IncludeConnectingFlights=false&DateOut=2026-11-06&FlexDaysBeforeOut=0&FlexDaysOut=6&RoundTrip=false&ToUs=AGREED,2026-09-07T12:47:51.877Z
FCO-CTA,2026-11-07,23.27,08:30,09:50,Ryanair,FR4872,-1,Malta Air,ryanair_booking_api,https://www.ryanair.com/api/booking/v4/it-it/availability?ADT=1&TEEN=0&CHD=0&INF=0&Origin=FCO&Destination=CTA&promoCode=&IncludeConnectingFlights=false&DateOut=2026-11-06&FlexDaysBeforeOut=0&FlexDaysOut=6&RoundTrip=false&ToUs=AGREED,2026-09-07T12:47:51.877Z
FCO-CTA,2026-11-07,20.89,09:15,10:35,Ryanair,FR4861,-1,Malta Air,ryanair_booking_api,https://www.ryanair.com/api/booking/v4/it-it/availability?ADT=1&TEEN=0&CHD=0&INF=0&Origin=FCO&Destination=CTA&promoCode=&IncludeConnectingFlights=false&DateOut=2026-11-06&FlexDaysBeforeOut=0&FlexDaysOut=6&RoundTrip=false&ToUs=AGREED,2026-09-07T12:47:51.877Z
FCO-CTA,2026-11-07,14.99,10:55,12:15,Ryanair,FR1170,-1,,ryanair_booking_api,https://www.ryanair.com/api/booking/v4/it-it/availability?ADT=1&TEEN=0&CHD=0&INF=0&Origin=FCO&Destination=CTA&promoCode=&IncludeConnectingFlights=false&DateOut=2026-11-06&FlexDaysBeforeOut=0&FlexDaysOut=6&RoundTrip=false&ToUs=AGREED,2026-09-07T12:47:51.877Z
FCO-CTA,2026-11-07,29.08,13:55,15:15,Ryanair,FR4852,-1,Malta Air,ryanair_booking_api,https://www.ryanair.com/api/booking/v4/it-it/availability?ADT=1&TEEN=0&CHD=0&INF=0&Origin=FCO&Destination=CTA&promoCode=&IncludeConnectingFlights=false&DateOut=2026-11-06&FlexDaysBeforeOut=0&FlexDaysOut=6&RoundTrip=false&ToUs=AGREED,2026-09-07T12:47:51.877Z
FCO-CTA,2026-11-07,41.53,23:20,00:40,Ryanair,FR4891,2,Malta Air,ryanair_booking_api,https://www.ryanair.com/api/booking/v4/it-it/availability?ADT=1&TEEN=0&CHD=0&INF=0&Origin=FCO&Destination=CTA&promoCode=&IncludeConnectingFlights=false&DateOut=2026-11-06&FlexDaysBeforeOut=0&FlexDaysOut=6&RoundTrip=false&ToUs=AGREED,2026-09-07T12:47:51.877Z
FCO-CTA,2026-11-08,30.07,06:10,07:30,Ryanair,FR4861,-1,Malta Air,ryanair_booking_api,https://www.ryanair.com/api/booking/v4/it-it/availability?ADT=1&TEEN=0&CHD=0&INF=0&Origin=FCO&Destination=CTA&promoCode=&IncludeConnectingFlights=false&DateOut=2026-11-06&FlexDaysBeforeOut=0&FlexDaysOut=6&RoundTrip=false&ToUs=AGREED,2026-09-07T12:47:51.877Z
FCO-CTA,2026-11-08,36.12,12:15,13:35,Ryanair,FR4891,-1,Malta Air,ryanair_booking_api,https://www.ryanair.com/api/booking/v4/it-it/availability?ADT=1&TEEN=0&CHD=0&INF=0&Origin=FCO&Destination=CTA&promoCode=&IncludeConnectingFlights=false&DateOut=2026-11-06&FlexDaysBeforeOut=0&FlexDaysOut=6&RoundTrip=false&ToUs=AGREED,2026-09-07T12:47:51.877Z
FCO-CTA,2026-11-08,37.33,12:45,14:05,Ryanair,FR4858,-1,Malta Air,ryanair_booking_api,https://www.ryanair.com/api/booking/v4/it-it/availability?ADT=1&TEEN=0&CHD=0&INF=0&Origin=FCO&Destination=CTA&promoCode=&IncludeConnectingFlights=false&DateOut=2026-11-06&FlexDaysBeforeOut=0&FlexDaysOut=6&RoundTrip=false&ToUs=AGREED,2026-09-07T12:47:51.877Z
FCO-CTA,2026-11-08,128.62,16:25,17:45,Ryanair,FR4856,-1,Malta Air,ryanair_booking_api,https://www.ryanair.com/api/booking/v4/it-it/availability?ADT=1&TEEN=0&CHD=0&INF=0&Origin=FCO&Destination=CTA&promoCode=&IncludeConnectingFlights=false&DateOut=2026-11-06&FlexDaysBeforeOut=0&FlexDaysOut=6&RoundTrip=false&ToUs=AGREED,2026-09-07T12:47:51.877Z
FCO-CTA,2026-11-08,72.92,18:35,19:55,Ryanair,FR1170,-1,Malta Air,ryanair_booking_api,https://www.ryanair.com/api/booking/v4/it-it/availability?ADT=1&TEEN=0&CHD=0&INF=0&Origin=FCO&Destination=CTA&promoCode=&IncludeConnectingFlights=false&DateOut=2026-11-06&FlexDaysBeforeOut=0&FlexDaysOut=6&RoundTrip=false&ToUs=AGREED,2026-09-07T12:47:51.877Z
FCO-CTA,2026-11-08,58.71,21:15,22:35,Ryanair,FR4852,-1,,ryanair_booking_api,https://www.ryanair.com/api/booking/v4/it-it/availability?ADT=1&TEEN=0&CHD=0&INF=0&Origin=FCO&Destination=CTA&promoCode=&IncludeConnectingFlights=false&DateOut=2026-11-06&FlexDaysBeforeOut=0&FlexDaysOut=6&RoundTrip=false&ToUs=AGREED,2026-09-07T12:47:51.877Z
FCO-CTA,2026-11-09,14.99,06:15,07:35,Ryanair,FR4852,-1,,ryanair_booking_api,https://www.ryanair.com/api/booking/v4/it-it/availability?ADT=1&TEEN=0&CHD=0&INF=0&Origin=FCO&Destination=CTA&promoCode=&IncludeConnectingFlights=false&DateOut=2026-11-06&FlexDaysBeforeOut=0&FlexDaysOut=6&RoundTrip=false&ToUs=AGREED,2026-09-07T12:47:51.877Z
FCO-CTA,2026-11-09,25.29,08:30,09:50,Ryanair,FR4872,-1,Malta Air,ryanair_booking_api,https://www.ryanair.com/api/booking/v4/it-it/availability?ADT=1&TEEN=0&CHD=0&INF=0&Origin=FCO&Destination=CTA&promoCode=&IncludeConnectingFlights=false&DateOut=2026-11-06&FlexDaysBeforeOut=0&FlexDaysOut=6&RoundTrip=false&ToUs=AGREED,2026-09-07T12:47:51.877Z
FCO-CTA,2026-11-09,14.99,09:25,10:45,Ryanair,FR4858,-1,Malta Air,ryanair_booking_api,https://www.ryanair.com/api/booking/v4/it-it/availability?ADT=1&TEEN=0&CHD=0&INF=0&Origin=FCO&Destination=CTA&promoCode=&IncludeConnectingFlights=false&DateOut=2026-11-06&FlexDaysBeforeOut=0&FlexDaysOut=6&RoundTrip=false&ToUs=AGREED,2026-09-07T12:47:51.877Z
FCO-CTA,2026-11-09,26.3,12:50,14:10,Ryanair,FR1170,-1,,ryanair_booking_api,https://www.ryanair.com/api/booking/v4/it-it/availability?ADT=1&TEEN=0&CHD=0&INF=0&Origin=FCO&Destination=CTA&promoCode=&IncludeConnectingFlights=false&DateOut=2026-11-06&FlexDaysBeforeOut=0&FlexDaysOut=6&RoundTrip=false&ToUs=AGREED,2026-09-07T12:47:51.877Z
FCO-CTA,2026-11-09,29.08,18:40,20:00,Ryanair,FR4861,-1,Malta Air,ryanair_booking_api,https://www.ryanair.com/api/booking/v4/it-it/availability?ADT=1&TEEN=0&CHD=0&INF=0&Origin=FCO&Destination=CTA&promoCode=&IncludeConnectingFlights=false&DateOut=2026-11-06&FlexDaysBeforeOut=0&FlexDaysOut=6&RoundTrip=false&ToUs=AGREED,2026-09-07T12:47:51.877Z
FCO-CTA,2026-11-09,117.67,21:25,22:45,Ryanair,FR4856,-1,,ryanair_booking_api,https://www.ryanair.com/api/booking/v4/it-it/availability?ADT=1&TEEN=0&CHD=0&INF=0&Origin=FCO&Destination=CTA&promoCode=&IncludeConnectingFlights=false&DateOut=2026-11-06&FlexDaysBeforeOut=0&FlexDaysOut=6&RoundTrip=false&ToUs=AGREED,2026-09-07T12:47:51.877Z
FCO-CTA,2026-11-10,58.67,12:35,13:55,Ryanair,FR4872,-1,Malta Air,ryanair_booking_api,https://www.ryanair.com/api/booking/v4/it-it/availability?ADT=1&TEEN=0&CHD=0&INF=0&Origin=FCO&Destination=CTA&promoCode=&IncludeConnectingFlights=false&DateOut=2026-11-06&FlexDaysBeforeOut=0&FlexDaysOut=6&RoundTrip=false&ToUs=AGREED,2026-09-07T12:47:51.877Z
FCO-CTA,2026-11-10,41.8,17:05,18:25,Ryanair,FR4852,2,Malta Air,ryanair_booking_api,https://www.ryanair.com/api/booking/v4/it-it/availability?ADT=1&TEEN=0&CHD=0&INF=0&Origin=FCO&Destination=CTA&promoCode=&IncludeConnectingFlights=false&DateOut=2026-11-06&FlexDaysBeforeOut=0&FlexDaysOut=6&RoundTrip=false&ToUs=AGREED,2026-09-07T12:47:51.877Z
FCO-CTA,2026-11-10,47.89,22:00,23:20,Ryanair,FR4891,4,Malta Air,ryanair_booking_api,https://www.ryanair.com/api/booking/v4/it-it/availability?ADT=1&TEEN=0&CHD=0&INF=0&Origin=FCO&Destination=CTA&promoCode=&IncludeConnectingFlights=false&DateOut=2026-11-06&FlexDaysBeforeOut=0&FlexDaysOut=6&RoundTrip=false&ToUs=AGREED,2026-09-07T12:47:51.877Z
FCO-CTA,2026-11-11,24.53,08:25,09:45,Ryanair,FR4856,2,Malta Air,ryanair_booking_api,https://www.ryanair.com/api/booking/v4/it-it/availability?ADT=1&TEEN=0&CHD=0&INF=0&Origin=FCO&Destination=CTA&promoCode=&IncludeConnectingFlights=false&DateOut=2026-11-06&FlexDaysBeforeOut=0&FlexDaysOut=6&RoundTrip=false&ToUs=AGREED,2026-09-07T12:47:51.877Z
FCO-CTA,2026-11-11,30.79,10:10,11:30,Ryanair,FR4872,-1,Malta Air,ryanair_booking_api,https://www.ryanair.com/api/booking/v4/it-it/availability?ADT=1&TEEN=0&CHD=0&INF=0&Origin=FCO&Destination=CTA&promoCode=&IncludeConnectingFlights=false&DateOut=2026-11-06&FlexDaysBeforeOut=0&FlexDaysOut=6&RoundTrip=false&ToUs=AGREED,2026-09-07T12:47:51.877Z
FCO-CTA,2026-11-11,59.39,18:00,19:20,Ryanair,FR4891,5,Malta Air,ryanair_booking_api,https://www.ryanair.com/api/booking/v4/it-it/availability?ADT=1&TEEN=0&CHD=0&INF=0&Origin=FCO&Destination=CTA&promoCode=&IncludeConnectingFlights=false&DateOut=2026-11-06&FlexDaysBeforeOut=0&FlexDaysOut=6&RoundTrip=false&ToUs=AGREED,2026-09-07T12:47:51.877Z
FCO-CTA,2026-11-11,65.6,20:30,21:50,Ryanair,FR4852,-1,,ryanair_booking_api,https://www.ryanair.com/api/booking/v4/it-it/availability?ADT=1&TEEN=0&CHD=0&INF=0&Origin=FCO&Destination=CTA&promoCode=&IncludeConnectingFlights=false&DateOut=2026-11-06&FlexDaysBeforeOut=0&FlexDaysOut=6&RoundTrip=false&ToUs=AGREED,2026-09-07T12:47:51.877Z
FCO-CTA,2026-11-12,23.27,09:35,10:55,Ryanair,FR4852,-1,Malta Air,ryanair_booking_api,https://www.ryanair.com/api/booking/v4/it-it/availability?ADT=1&TEEN=0&CHD=0&INF=0&Origin=FCO&Destination=CTA&promoCode=&IncludeConnectingFlights=false&DateOut=2026-11-06&FlexDaysBeforeOut=0&FlexDaysOut=6&RoundTrip=false&ToUs=AGREED,2026-09-07T12:47:51.877Z
FCO-CTA,2026-11-12,39.24,11:35,12:55,Ryanair,FR4891,-1,Malta Air,ryanair_booking_api,https://www.ryanair.com/api/booking/v4/it-it/availability?ADT=1&TEEN=0&CHD=0&INF=0&Origin=FCO&Destination=CTA&promoCode=&IncludeConnectingFlights=false&DateOut=2026-11-06&FlexDaysBeforeOut=0&FlexDaysOut=6&RoundTrip=false&ToUs=AGREED,2026-09-07T12:47:51.877Z
FCO-CTA,2026-11-12,49.74,14:00,15:20,Ryanair,FR4856,-1,Malta Air,ryanair_booking_api,https://www.ryanair.com/api/booking/v4/it-it/availability?ADT=1&TEEN=0&CHD=0&INF=0&Origin=FCO&Destination=CTA&promoCode=&IncludeConnectingFlights=false&DateOut=2026-11-06&FlexDaysBeforeOut=0&FlexDaysOut=6&RoundTrip=false&ToUs=AGREED,2026-09-07T12:47:51.877Z
FCO-CTA,2026-11-12,40.52,19:25,20:45,Ryanair,FR1170,-1,,ryanair_booking_api,https://www.ryanair.com/api/booking/v4/it-it/availability?ADT=1&TEEN=0&CHD=0&INF=0&Origin=FCO&Destination=CTA&promoCode=&IncludeConnectingFlights=false&DateOut=2026-11-06&FlexDaysBeforeOut=0&FlexDaysOut=6&RoundTrip=false&ToUs=AGREED,2026-09-07T12:47:51.877Z
FCO-CTA,2026-11-13,28.97,07:55,09:15,Ryanair,FR4872,-1,Malta Air,ryanair_booking_api,https://www.ryanair.com/api/booking/v4/it-it/availability?ADT=1&TEEN=0&CHD=0&INF=0&Origin=FCO&Destination=CTA&promoCode=&IncludeConnectingFlights=false&DateOut=2026-11-13&FlexDaysBeforeOut=0&FlexDaysOut=6&RoundTrip=false&ToUs=AGREED,2026-09-07T12:47:53.340Z
FCO-CTA,2026-11-13,37.98,11:45,13:05,Ryanair,FR1170,-1,Malta Air,ryanair_booking_api,https://www.ryanair.com/api/booking/v4/it-it/availability?ADT=1&TEEN=0&CHD=0&INF=0&Origin=FCO&Destination=CTA&promoCode=&IncludeConnectingFlights=false&DateOut=2026-11-13&FlexDaysBeforeOut=0&FlexDaysOut=6&RoundTrip=false&ToUs=AGREED,2026-09-07T12:47:53.340Z
FCO-CTA,2026-11-13,30.79,12:50,14:10,Ryanair,FR4861,-1,,ryanair_booking_api,https://www.ryanair.com/api/booking/v4/it-it/availability?ADT=1&TEEN=0&CHD=0&INF=0&Origin=FCO&Destination=CTA&promoCode=&IncludeConnectingFlights=false&DateOut=2026-11-13&FlexDaysBeforeOut=0&FlexDaysOut=6&RoundTrip=false&ToUs=AGREED,2026-09-07T12:47:53.340Z
FCO-CTA,2026-11-13,72.93,17:25,18:45,Ryanair,FR4891,-1,Malta Air,ryanair_booking_api,https://www.ryanair.com/api/booking/v4/it-it/availability?ADT=1&TEEN=0&CHD=0&INF=0&Origin=FCO&Destination=CTA&promoCode=&IncludeConnectingFlights=false&DateOut=2026-11-13&FlexDaysBeforeOut=0&FlexDaysOut=6&RoundTrip=false&ToUs=AGREED,2026-09-07T12:47:53.340Z
FCO-CTA,2026-11-13,59.39,20:50,22:10,Ryanair,FR4856,-1,Malta Air,ryanair_booking_api,https://www.ryanair.com/api/booking/v4/it-it/availability?ADT=1&TEEN=0&CHD=0&INF=0&Origin=FCO&Destination=CTA&promoCode=&IncludeConnectingFlights=false&DateOut=2026-11-13&FlexDaysBeforeOut=0&FlexDaysOut=6&RoundTrip=false&ToUs=AGREED,2026-09-07T12:47:53.340Z
FCO-CTA,2026-11-13,32.9,22:50,00:10,Ryanair,FR4858,-1,Malta Air,ryanair_booking_api,https://www.ryanair.com/api/booking/v4/it-it/availability?ADT=1&TEEN=0&CHD=0&INF=0&Origin=FCO&Destination=CTA&promoCode=&IncludeConnectingFlights=false&DateOut=2026-11-13&FlexDaysBeforeOut=0&FlexDaysOut=6&RoundTrip=false&ToUs=AGREED,2026-09-07T12:47:53.340Z
FCO-CTA,2026-11-14,14.99,05:45,07:05,Ryanair,FR4858,-1,Malta Air,ryanair_booking_api,https://www.ryanair.com/api/booking/v4/it-it/availability?ADT=1&TEEN=0&CHD=0&INF=0&Origin=FCO&Destination=CTA&promoCode=&IncludeConnectingFlights=false&DateOut=2026-11-13&FlexDaysBeforeOut=0&FlexDaysOut=6&RoundTrip=false&ToUs=AGREED,2026-09-07T12:47:53.340Z
FCO-CTA,2026-11-14,29.71,08:30,09:50,Ryanair,FR4872,2,Malta Air,ryanair_booking_api,https://www.ryanair.com/api/booking/v4/it-it/availability?ADT=1&TEEN=0&CHD=0&INF=0&Origin=FCO&Destination=CTA&promoCode=&IncludeConnectingFlights=false&DateOut=2026-11-13&FlexDaysBeforeOut=0&FlexDaysOut=6&RoundTrip=false&ToUs=AGREED,2026-09-07T12:47:53.340Z
FCO-CTA,2026-11-14,28.97,09:15,10:35,Ryanair,FR4861,-1,Malta Air,ryanair_booking_api,https://www.ryanair.com/api/booking/v4/it-it/availability?ADT=1&TEEN=0&CHD=0&INF=0&Origin=FCO&Destination=CTA&promoCode=&IncludeConnectingFlights=false&DateOut=2026-11-13&FlexDaysBeforeOut=0&FlexDaysOut=6&RoundTrip=false&ToUs=AGREED,2026-09-07T12:47:53.340Z
FCO-CTA,2026-11-14,23.29,10:55,12:15,Ryanair,FR1170,-1,,ryanair_booking_api,https://www.ryanair.com/api/booking/v4/it-it/availability?ADT=1&TEEN=0&CHD=0&INF=0&Origin=FCO&Destination=CTA&promoCode=&IncludeConnectingFlights=false&DateOut=2026-11-13&FlexDaysBeforeOut=0&FlexDaysOut=6&RoundTrip=false&ToUs=AGREED,2026-09-07T12:47:53.340Z
FCO-CTA,2026-11-14,28.58,13:55,15:15,Ryanair,FR4852,4,Malta Air,ryanair_booking_api,https://www.ryanair.com/api/booking/v4/it-it/availability?ADT=1&TEEN=0&CHD=0&INF=0&Origin=FCO&Destination=CTA&promoCode=&IncludeConnectingFlights=false&DateOut=2026-11-13&FlexDaysBeforeOut=0&FlexDaysOut=6&RoundTrip=false&ToUs=AGREED,2026-09-07T12:47:53.340Z
FCO-CTA,2026-11-14,36.29,23:20,00:40,Ryanair,FR4891,-1,Malta Air,ryanair_booking_api,https://www.ryanair.com/api/booking/v4/it-it/availability?ADT=1&TEEN=0&CHD=0&INF=0&Origin=FCO&Destination=CTA&promoCode=&IncludeConnectingFlights=false&DateOut=2026-11-13&FlexDaysBeforeOut=0&FlexDaysOut=6&RoundTrip=false&ToUs=AGREED,2026-09-07T12:47:53.340Z
FCO-CTA,2026-11-15,20.72,06:10,07:30,Ryanair,FR4861,-1,Malta Air,ryanair_booking_api,https://www.ryanair.com/api/booking/v4/it-it/availability?ADT=1&TEEN=0&CHD=0&INF=0&Origin=FCO&Destination=CTA&promoCode=&IncludeConnectingFlights=false&DateOut=2026-11-13&FlexDaysBeforeOut=0&FlexDaysOut=6&RoundTrip=false&ToUs=AGREED,2026-09-07T12:47:53.340Z
FCO-CTA,2026-11-15,40.36,12:15,13:35,Ryanair,FR4891,5,Malta Air,ryanair_booking_api,https://www.ryanair.com/api/booking/v4/it-it/availability?ADT=1&TEEN=0&CHD=0&INF=0&Origin=FCO&Destination=CTA&promoCode=&IncludeConnectingFlights=false&DateOut=2026-11-13&FlexDaysBeforeOut=0&FlexDaysOut=6&RoundTrip=false&ToUs=AGREED,2026-09-07T12:47:53.340Z
FCO-CTA,2026-11-15,49.93,12:45,14:05,Ryanair,FR4858,-1,Malta Air,ryanair_booking_api,https://www.ryanair.com/api/booking/v4/it-it/availability?ADT=1&TEEN=0&CHD=0&INF=0&Origin=FCO&Destination=CTA&promoCode=&IncludeConnectingFlights=false&DateOut=2026-11-13&FlexDaysBeforeOut=0&FlexDaysOut=6&RoundTrip=false&ToUs=AGREED,2026-09-07T12:47:53.340Z
FCO-CTA,2026-11-15,50.07,16:25,17:45,Ryanair,FR4856,-1,Malta Air,ryanair_booking_api,https://www.ryanair.com/api/booking/v4/it-it/availability?ADT=1&TEEN=0&CHD=0&INF=0&Origin=FCO&Destination=CTA&promoCode=&IncludeConnectingFlights=false&DateOut=2026-11-13&FlexDaysBeforeOut=0&FlexDaysOut=6&RoundTrip=false&ToUs=AGREED,2026-09-07T12:47:53.340Z
FCO-CTA,2026-11-15,91.29,18:35,19:55,Ryanair,FR1170,-1,Malta Air,ryanair_booking_api,https://www.ryanair.com/api/booking/v4/it-it/availability?ADT=1&TEEN=0&CHD=0&INF=0&Origin=FCO&Destination=CTA&promoCode=&IncludeConnectingFlights=false&DateOut=2026-11-13&FlexDaysBeforeOut=0&FlexDaysOut=6&RoundTrip=false&ToUs=AGREED,2026-09-07T12:47:53.340Z
FCO-CTA,2026-11-15,60.49,21:15,22:35,Ryanair,FR4852,-1,,ryanair_booking_api,https://www.ryanair.com/api/booking/v4/it-it/availability?ADT=1&TEEN=0&CHD=0&INF=0&Origin=FCO&Destination=CTA&promoCode=&IncludeConnectingFlights=false&DateOut=2026-11-13&FlexDaysBeforeOut=0&FlexDaysOut=6&RoundTrip=false&ToUs=AGREED,2026-09-07T12:47:53.340Z
FCO-CTA,2026-11-16,25.29,06:15,07:35,Ryanair,FR4852,-1,,ryanair_booking_api,https://www.ryanair.com/api/booking/v4/it-it/availability?ADT=1&TEEN=0&CHD=0&INF=0&Origin=FCO&Destination=CTA&promoCode=&IncludeConnectingFlights=false&DateOut=2026-11-13&FlexDaysBeforeOut=0&FlexDaysOut=6&RoundTrip=false&ToUs=AGREED,2026-09-07T12:47:53.340Z
FCO-CTA,2026-11-16,25.29,08:30,09:50,Ryanair,FR4872,-1,Malta Air,ryanair_booking_api,https://www.ryanair.com/api/booking/v4/it-it/availability?ADT=1&TEEN=0&CHD=0&INF=0&Origin=FCO&Destination=CTA&promoCode=&IncludeConnectingFlights=false&DateOut=2026-11-13&FlexDaysBeforeOut=0&FlexDaysOut=6&RoundTrip=false&ToUs=AGREED,2026-09-07T12:47:53.340Z
FCO-CTA,2026-11-16,25.29,09:25,10:45,Ryanair,FR4858,-1,Malta Air,ryanair_booking_api,https://www.ryanair.com/api/booking/v4/it-it/availability?ADT=1&TEEN=0&CHD=0&INF=0&Origin=FCO&Destination=CTA&promoCode=&IncludeConnectingFlights=false&DateOut=2026-11-13&FlexDaysBeforeOut=0&FlexDaysOut=6&RoundTrip=false&ToUs=AGREED,2026-09-07T12:47:53.340Z
FCO-CTA,2026-11-16,39.26,12:50,14:10,Ryanair,FR1170,-1,,ryanair_booking_api,https://www.ryanair.com/api/booking/v4/it-it/availability?ADT=1&TEEN=0&CHD=0&INF=0&Origin=FCO&Destination=CTA&promoCode=&IncludeConnectingFlights=false&DateOut=2026-11-13&FlexDaysBeforeOut=0&FlexDaysOut=6&RoundTrip=false&ToUs=AGREED,2026-09-07T12:47:53.340Z
FCO-CTA,2026-11-16,46.09,18:40,20:00,Ryanair,FR4861,3,Malta Air,ryanair_booking_api,https://www.ryanair.com/api/booking/v4/it-it/availability?ADT=1&TEEN=0&CHD=0&INF=0&Origin=FCO&Destination=CTA&promoCode=&IncludeConnectingFlights=false&DateOut=2026-11-13&FlexDaysBeforeOut=0&FlexDaysOut=6&RoundTrip=false&ToUs=AGREED,2026-09-07T12:47:53.340Z
FCO-CTA,2026-11-16,59.39,21:25,22:45,Ryanair,FR4856,-1,,ryanair_booking_api,https://www.ryanair.com/api/booking/v4/it-it/availability?ADT=1&TEEN=0&CHD=0&INF=0&Origin=FCO&Destination=CTA&promoCode=&IncludeConnectingFlights=false&DateOut=2026-11-13&FlexDaysBeforeOut=0&FlexDaysOut=6&RoundTrip=false&ToUs=AGREED,2026-09-07T12:47:53.340Z
FCO-CTA,2026-11-17,33.33,12:35,13:55,Ryanair,FR4872,-1,Malta Air,ryanair_booking_api,https://www.ryanair.com/api/booking/v4/it-it/availability?ADT=1&TEEN=0&CHD=0&INF=0&Origin=FCO&Destination=CTA&promoCode=&IncludeConnectingFlights=false&DateOut=2026-11-13&FlexDaysBeforeOut=0&FlexDaysOut=6&RoundTrip=false&ToUs=AGREED,2026-09-07T12:47:53.340Z
FCO-CTA,2026-11-17,36.29,17:05,18:25,Ryanair,FR4852,5,Malta Air,ryanair_booking_api,https://www.ryanair.com/api/booking/v4/it-it/availability?ADT=1&TEEN=0&CHD=0&INF=0&Origin=FCO&Destination=CTA&promoCode=&IncludeConnectingFlights=false&DateOut=2026-11-13&FlexDaysBeforeOut=0&FlexDaysOut=6&RoundTrip=false&ToUs=AGREED,2026-09-07T12:47:53.340Z
FCO-CTA,2026-11-17,39.24,22:00,23:20,Ryanair,FR4891,-1,Malta Air,ryanair_booking_api,https://www.ryanair.com/api/booking/v4/it-it/availability?ADT=1&TEEN=0&CHD=0&INF=0&Origin=FCO&Destination=CTA&promoCode=&IncludeConnectingFlights=false&DateOut=2026-11-13&FlexDaysBeforeOut=0&FlexDaysOut=6&RoundTrip=false&ToUs=AGREED,2026-09-07T12:47:53.340Z
FCO-CTA,2026-11-18,28.97,08:25,09:45,Ryanair,FR4856,-1,Malta Air,ryanair_booking_api,https://www.ryanair.com/api/booking/v4/it-it/availability?ADT=1&TEEN=0&CHD=0&INF=0&Origin=FCO&Destination=CTA&promoCode=&IncludeConnectingFlights=false&DateOut=2026-11-13&FlexDaysBeforeOut=0&FlexDaysOut=6&RoundTrip=false&ToUs=AGREED,2026-09-07T12:47:53.340Z
FCO-CTA,2026-11-18,24.53,10:10,11:30,Ryanair,FR4872,1,Malta Air,ryanair_booking_api,https://www.ryanair.com/api/booking/v4/it-it/availability?ADT=1&TEEN=0&CHD=0&INF=0&Origin=FCO&Destination=CTA&promoCode=&IncludeConnectingFlights=false&DateOut=2026-11-13&FlexDaysBeforeOut=0&FlexDaysOut=6&RoundTrip=false&ToUs=AGREED,2026-09-07T12:47:53.340Z
FCO-CTA,2026-11-18,72.93,18:00,19:20,Ryanair,FR4891,-1,Malta Air,ryanair_booking_api,https://www.ryanair.com/api/booking/v4/it-it/availability?ADT=1&TEEN=0&CHD=0&INF=0&Origin=FCO&Destination=CTA&promoCode=&IncludeConnectingFlights=false&DateOut=2026-11-13&FlexDaysBeforeOut=0&FlexDaysOut=6&RoundTrip=false&ToUs=AGREED,2026-09-07T12:47:53.340Z
FCO-CTA,2026-11-18,89.8,20:30,21:50,Ryanair,FR4852,-1,,ryanair_booking_api,https://www.ryanair.com/api/booking/v4/it-it/availability?ADT=1&TEEN=0&CHD=0&INF=0&Origin=FCO&Destination=CTA&promoCode=&IncludeConnectingFlights=false&DateOut=2026-11-13&FlexDaysBeforeOut=0&FlexDaysOut=6&RoundTrip=false&ToUs=AGREED,2026-09-07T12:47:53.340Z
FCO-CTA,2026-11-19,33.15,09:35,10:55,Ryanair,FR4852,-1,Malta Air,ryanair_booking_api,https://www.ryanair.com/api/booking/v4/it-it/availability?ADT=1&TEEN=0&CHD=0&INF=0&Origin=FCO&Destination=CTA&promoCode=&IncludeConnectingFlights=false&DateOut=2026-11-13&FlexDaysBeforeOut=0&FlexDaysOut=6&RoundTrip=false&ToUs=AGREED,2026-09-07T12:47:53.340Z
FCO-CTA,2026-11-19,42.89,11:35,12:55,Ryanair,FR4891,-1,Malta Air,ryanair_booking_api,https://www.ryanair.com/api/booking/v4/it-it/availability?ADT=1&TEEN=0&CHD=0&INF=0&Origin=FCO&Destination=CTA&promoCode=&IncludeConnectingFlights=false&DateOut=2026-11-13&FlexDaysBeforeOut=0&FlexDaysOut=6&RoundTrip=false&ToUs=AGREED,2026-09-07T12:47:53.340Z
FCO-CTA,2026-11-19,35.51,14:00,15:20,Ryanair,FR4856,-1,Malta Air,ryanair_booking_api,https://www.ryanair.com/api/booking/v4/it-it/availability?ADT=1&TEEN=0&CHD=0&INF=0&Origin=FCO&Destination=CTA&promoCode=&IncludeConnectingFlights=false&DateOut=2026-11-13&FlexDaysBeforeOut=0&FlexDaysOut=6&RoundTrip=false&ToUs=AGREED,2026-09-07T12:47:53.340Z
FCO-CTA,2026-11-19,55.99,19:25,20:45,Ryanair,FR1170,2,,ryanair_booking_api,https://www.ryanair.com/api/booking/v4/it-it/availability?ADT=1&TEEN=0&CHD=0&INF=0&Origin=FCO&Destination=CTA&promoCode=&IncludeConnectingFlights=false&DateOut=2026-11-13&FlexDaysBeforeOut=0&FlexDaysOut=6&RoundTrip=false&ToUs=AGREED,2026-09-07T12:47:53.340Z
FCO-CTA,2026-11-20,43.99,07:55,09:15,Ryanair,FR4872,2,Malta Air,ryanair_booking_api,https://www.ryanair.com/api/booking/v4/it-it/availability?ADT=1&TEEN=0&CHD=0&INF=0&Origin=FCO&Destination=CTA&promoCode=&IncludeConnectingFlights=false&DateOut=2026-11-20&FlexDaysBeforeOut=0&FlexDaysOut=6&RoundTrip=false&ToUs=AGREED,2026-09-07T12:47:54.766Z
FCO-CTA,2026-11-20,31.89,11:45,13:05,Ryanair,FR1170,-1,Malta Air,ryanair_booking_api,https://www.ryanair.com/api/booking/v4/it-it/availability?ADT=1&TEEN=0&CHD=0&INF=0&Origin=FCO&Destination=CTA&promoCode=&IncludeConnectingFlights=false&DateOut=2026-11-20&FlexDaysBeforeOut=0&FlexDaysOut=6&RoundTrip=false&ToUs=AGREED,2026-09-07T12:47:54.766Z
FCO-CTA,2026-11-20,27.4,12:50,14:10,Ryanair,FR4861,3,,ryanair_booking_api,https://www.ryanair.com/api/booking/v4/it-it/availability?ADT=1&TEEN=0&CHD=0&INF=0&Origin=FCO&Destination=CTA&promoCode=&IncludeConnectingFlights=false&DateOut=2026-11-20&FlexDaysBeforeOut=0&FlexDaysOut=6&RoundTrip=false&ToUs=AGREED,2026-09-07T12:47:54.766Z
FCO-CTA,2026-11-20,58.63,17:25,18:45,Ryanair,FR4891,1,Malta Air,ryanair_booking_api,https://www.ryanair.com/api/booking/v4/it-it/availability?ADT=1&TEEN=0&CHD=0&INF=0&Origin=FCO&Destination=CTA&promoCode=&IncludeConnectingFlights=false&DateOut=2026-11-20&FlexDaysBeforeOut=0&FlexDaysOut=6&RoundTrip=false&ToUs=AGREED,2026-09-07T12:47:54.766Z
FCO-CTA,2026-11-20,43.99,20:50,22:10,Ryanair,FR4856,-1,Malta Air,ryanair_booking_api,https://www.ryanair.com/api/booking/v4/it-it/availability?ADT=1&TEEN=0&CHD=0&INF=0&Origin=FCO&Destination=CTA&promoCode=&IncludeConnectingFlights=false&DateOut=2026-11-20&FlexDaysBeforeOut=0&FlexDaysOut=6&RoundTrip=false&ToUs=AGREED,2026-09-07T12:47:54.766Z
FCO-CTA,2026-11-20,30.07,22:50,00:10,Ryanair,FR4858,1,Malta Air,ryanair_booking_api,https://www.ryanair.com/api/booking/v4/it-it/availability?ADT=1&TEEN=0&CHD=0&INF=0&Origin=FCO&Destination=CTA&promoCode=&IncludeConnectingFlights=false&DateOut=2026-11-20&FlexDaysBeforeOut=0&FlexDaysOut=6&RoundTrip=false&ToUs=AGREED,2026-09-07T12:47:54.766Z
FCO-CTA,2026-11-21,25.29,05:45,07:05,Ryanair,FR4858,-1,Malta Air,ryanair_booking_api,https://www.ryanair.com/api/booking/v4/it-it/availability?ADT=1&TEEN=0&CHD=0&INF=0&Origin=FCO&Destination=CTA&promoCode=&IncludeConnectingFlights=false&DateOut=2026-11-20&FlexDaysBeforeOut=0&FlexDaysOut=6&RoundTrip=false&ToUs=AGREED,2026-09-07T12:47:54.766Z
FCO-CTA,2026-11-21,25.29,08:30,09:50,Ryanair,FR4872,-1,Malta Air,ryanair_booking_api,https://www.ryanair.com/api/booking/v4/it-it/availability?ADT=1&TEEN=0&CHD=0&INF=0&Origin=FCO&Destination=CTA&promoCode=&IncludeConnectingFlights=false&DateOut=2026-11-20&FlexDaysBeforeOut=0&FlexDaysOut=6&RoundTrip=false&ToUs=AGREED,2026-09-07T12:47:54.766Z
FCO-CTA,2026-11-21,22.01,09:15,10:35,Ryanair,FR4861,-1,Malta Air,ryanair_booking_api,https://www.ryanair.com/api/booking/v4/it-it/availability?ADT=1&TEEN=0&CHD=0&INF=0&Origin=FCO&Destination=CTA&promoCode=&IncludeConnectingFlights=false&DateOut=2026-11-20&FlexDaysBeforeOut=0&FlexDaysOut=6&RoundTrip=false&ToUs=AGREED,2026-09-07T12:47:54.766Z
FCO-CTA,2026-11-21,32.24,10:55,12:15,Ryanair,FR1170,4,,ryanair_booking_api,https://www.ryanair.com/api/booking/v4/it-it/availability?ADT=1&TEEN=0&CHD=0&INF=0&Origin=FCO&Destination=CTA&promoCode=&IncludeConnectingFlights=false&DateOut=2026-11-20&FlexDaysBeforeOut=0&FlexDaysOut=6&RoundTrip=false&ToUs=AGREED,2026-09-07T12:47:54.766Z
FCO-CTA,2026-11-21,36.23,13:55,15:15,Ryanair,FR4852,-1,Malta Air,ryanair_booking_api,https://www.ryanair.com/api/booking/v4/it-it/availability?ADT=1&TEEN=0&CHD=0&INF=0&Origin=FCO&Destination=CTA&promoCode=&IncludeConnectingFlights=false&DateOut=2026-11-20&FlexDaysBeforeOut=0&FlexDaysOut=6&RoundTrip=false&ToUs=AGREED,2026-09-07T12:47:54.766Z
FCO-CTA,2026-11-21,36.29,23:20,00:40,Ryanair,FR4891,3,Malta Air,ryanair_booking_api,https://www.ryanair.com/api/booking/v4/it-it/availability?ADT=1&TEEN=0&CHD=0&INF=0&Origin=FCO&Destination=CTA&promoCode=&IncludeConnectingFlights=false&DateOut=2026-11-20&FlexDaysBeforeOut=0&FlexDaysOut=6&RoundTrip=false&ToUs=AGREED,2026-09-07T12:47:54.766Z
FCO-CTA,2026-11-22,19.62,06:10,07:30,Ryanair,FR4861,-1,Malta Air,ryanair_booking_api,https://www.ryanair.com/api/booking/v4/it-it/availability?ADT=1&TEEN=0&CHD=0&INF=0&Origin=FCO&Destination=CTA&promoCode=&IncludeConnectingFlights=false&DateOut=2026-11-20&FlexDaysBeforeOut=0&FlexDaysOut=6&RoundTrip=false&ToUs=AGREED,2026-09-07T12:47:54.766Z
FCO-CTA,2026-11-22,36.29,12:15,13:35,Ryanair,FR4891,-1,Malta Air,ryanair_booking_api,https://www.ryanair.com/api/booking/v4/it-it/availability?ADT=1&TEEN=0&CHD=0&INF=0&Origin=FCO&Destination=CTA&promoCode=&IncludeConnectingFlights=false&DateOut=2026-11-20&FlexDaysBeforeOut=0&FlexDaysOut=6&RoundTrip=false&ToUs=AGREED,2026-09-07T12:47:54.766Z
FCO-CTA,2026-11-22,35.51,12:45,14:05,Ryanair,FR4858,2,Malta Air,ryanair_booking_api,https://www.ryanair.com/api/booking/v4/it-it/availability?ADT=1&TEEN=0&CHD=0&INF=0&Origin=FCO&Destination=CTA&promoCode=&IncludeConnectingFlights=false&DateOut=2026-11-20&FlexDaysBeforeOut=0&FlexDaysOut=6&RoundTrip=false&ToUs=AGREED,2026-09-07T12:47:54.766Z
FCO-CTA,2026-11-22,39.26,16:25,17:45,Ryanair,FR4856,2,Malta Air,ryanair_booking_api,https://www.ryanair.com/api/booking/v4/it-it/availability?ADT=1&TEEN=0&CHD=0&INF=0&Origin=FCO&Destination=CTA&promoCode=&IncludeConnectingFlights=false&DateOut=2026-11-20&FlexDaysBeforeOut=0&FlexDaysOut=6&RoundTrip=false&ToUs=AGREED,2026-09-07T12:47:54.766Z
FCO-CTA,2026-11-22,70.91,18:35,19:55,Ryanair,FR1170,4,Malta Air,ryanair_booking_api,https://www.ryanair.com/api/booking/v4/it-it/availability?ADT=1&TEEN=0&CHD=0&INF=0&Origin=FCO&Destination=CTA&promoCode=&IncludeConnectingFlights=false&DateOut=2026-11-20&FlexDaysBeforeOut=0&FlexDaysOut=6&RoundTrip=false&ToUs=AGREED,2026-09-07T12:47:54.766Z
FCO-CTA,2026-11-22,68.72,21:15,22:35,Ryanair,FR4852,-1,,ryanair_booking_api,https://www.ryanair.com/api/booking/v4/it-it/availability?ADT=1&TEEN=0&CHD=0&INF=0&Origin=FCO&Destination=CTA&promoCode=&IncludeConnectingFlights=false&DateOut=2026-11-20&FlexDaysBeforeOut=0&FlexDaysOut=6&RoundTrip=false&ToUs=AGREED,2026-09-07T12:47:54.766Z
FCO-CTA,2026-11-23,20.1,06:15,07:35,Ryanair,FR4852,-1,,ryanair_booking_api,https://www.ryanair.com/api/booking/v4/it-it/availability?ADT=1&TEEN=0&CHD=0&INF=0&Origin=FCO&Destination=CTA&promoCode=&IncludeConnectingFlights=false&DateOut=2026-11-20&FlexDaysBeforeOut=0&FlexDaysOut=6&RoundTrip=false&ToUs=AGREED,2026-09-07T12:47:54.766Z
FCO-CTA,2026-11-23,34.18,08:30,09:50,Ryanair,FR4872,-1,Malta Air,ryanair_booking_api,https://www.ryanair.com/api/booking/v4/it-it/availability?ADT=1&TEEN=0&CHD=0&INF=0&Origin=FCO&Destination=CTA&promoCode=&IncludeConnectingFlights=false&DateOut=2026-11-20&FlexDaysBeforeOut=0&FlexDaysOut=6&RoundTrip=false&ToUs=AGREED,2026-09-07T12:47:54.766Z
FCO-CTA,2026-11-23,36.29,09:25,10:45,Ryanair,FR4858,-1,Malta Air,ryanair_booking_api,https://www.ryanair.com/api/booking/v4/it-it/availability?ADT=1&TEEN=0&CHD=0&INF=0&Origin=FCO&Destination=CTA&promoCode=&IncludeConnectingFlights=false&DateOut=2026-11-20&FlexDaysBeforeOut=0&FlexDaysOut=6&RoundTrip=false&ToUs=AGREED,2026-09-07T12:47:54.766Z
FCO-CTA,2026-11-23,34.42,12:50,14:10,Ryanair,FR1170,-1,,ryanair_booking_api,https://www.ryanair.com/api/booking/v4/it-it/availability?ADT=1&TEEN=0&CHD=0&INF=0&Origin=FCO&Destination=CTA&promoCode=&IncludeConnectingFlights=false&DateOut=2026-11-20&FlexDaysBeforeOut=0&FlexDaysOut=6&RoundTrip=false&ToUs=AGREED,2026-09-07T12:47:54.766Z
FCO-CTA,2026-11-23,40.61,18:40,20:00,Ryanair,FR4861,1,Malta Air,ryanair_booking_api,https://www.ryanair.com/api/booking/v4/it-it/availability?ADT=1&TEEN=0&CHD=0&INF=0&Origin=FCO&Destination=CTA&promoCode=&IncludeConnectingFlights=false&DateOut=2026-11-20&FlexDaysBeforeOut=0&FlexDaysOut=6&RoundTrip=false&ToUs=AGREED,2026-09-07T12:47:54.766Z
FCO-CTA,2026-11-23,41.8,21:25,22:45,Ryanair,FR4856,-1,,ryanair_booking_api,https://www.ryanair.com/api/booking/v4/it-it/availability?ADT=1&TEEN=0&CHD=0&INF=0&Origin=FCO&Destination=CTA&promoCode=&IncludeConnectingFlights=false&DateOut=2026-11-20&FlexDaysBeforeOut=0&FlexDaysOut=6&RoundTrip=false&ToUs=AGREED,2026-09-07T12:47:54.766Z
FCO-CTA,2026-11-24,32.9,12:35,13:55,Ryanair,FR4872,3,Malta Air,ryanair_booking_api,https://www.ryanair.com/api/booking/v4/it-it/availability?ADT=1&TEEN=0&CHD=0&INF=0&Origin=FCO&Destination=CTA&promoCode=&IncludeConnectingFlights=false&DateOut=2026-11-20&FlexDaysBeforeOut=0&FlexDaysOut=6&RoundTrip=false&ToUs=AGREED,2026-09-07T12:47:54.766Z
FCO-CTA,2026-11-24,30.79,17:05,18:25,Ryanair,FR4852,-1,Malta Air,ryanair_booking_api,https://www.ryanair.com/api/booking/v4/it-it/availability?ADT=1&TEEN=0&CHD=0&INF=0&Origin=FCO&Destination=CTA&promoCode=&IncludeConnectingFlights=false&DateOut=2026-11-20&FlexDaysBeforeOut=0&FlexDaysOut=6&RoundTrip=false&ToUs=AGREED,2026-09-07T12:47:54.766Z
FCO-CTA,2026-11-24,48.97,22:00,23:20,Ryanair,FR4891,-1,Malta Air,ryanair_booking_api,https://www.ryanair.com/api/booking/v4/it-it/availability?ADT=1&TEEN=0&CHD=0&INF=0&Origin=FCO&Destination=CTA&promoCode=&IncludeConnectingFlights=false&DateOut=2026-11-20&FlexDaysBeforeOut=0&FlexDaysOut=6&RoundTrip=false&ToUs=AGREED,2026-09-07T12:47:54.766Z
FCO-CTA,2026-11-25,27.06,08:25,09:45,Ryanair,FR4856,-1,Malta Air,ryanair_booking_api,https://www.ryanair.com/api/booking/v4/it-it/availability?ADT=1&TEEN=0&CHD=0&INF=0&Origin=FCO&Destination=CTA&promoCode=&IncludeConnectingFlights=false&DateOut=2026-11-20&FlexDaysBeforeOut=0&FlexDaysOut=6&RoundTrip=false&ToUs=AGREED,2026-09-07T12:47:54.766Z
FCO-CTA,2026-11-25,42.89,10:10,11:30,Ryanair,FR4872,-1,Malta Air,ryanair_booking_api,https://www.ryanair.com/api/booking/v4/it-it/availability?ADT=1&TEEN=0&CHD=0&INF=0&Origin=FCO&Destination=CTA&promoCode=&IncludeConnectingFlights=false&DateOut=2026-11-20&FlexDaysBeforeOut=0&FlexDaysOut=6&RoundTrip=false&ToUs=AGREED,2026-09-07T12:47:54.766Z
FCO-CTA,2026-11-25,80.29,18:00,19:20,Ryanair,FR4891,2,Malta Air,ryanair_booking_api,https://www.ryanair.com/api/booking/v4/it-it/availability?ADT=1&TEEN=0&CHD=0&INF=0&Origin=FCO&Destination=CTA&promoCode=&IncludeConnectingFlights=false&DateOut=2026-11-20&FlexDaysBeforeOut=0&FlexDaysOut=6&RoundTrip=false&ToUs=AGREED,2026-09-07T12:47:54.766Z
FCO-CTA,2026-11-25,42.65,20:30,21:50,Ryanair,FR4852,2,,ryanair_booking_api,https://www.ryanair.com/api/booking/v4/it-it/availability?ADT=1&TEEN=0&CHD=0&INF=0&Origin=FCO&Destination=CTA&promoCode=&IncludeConnectingFlights=false&DateOut=2026-11-20&FlexDaysBeforeOut=0&FlexDaysOut=6&RoundTrip=false&ToUs=AGREED,2026-09-07T12:47:54.766Z
FCO-CTA,2026-11-26,25.29,09:35,10:55,Ryanair,FR4852,-1,Malta Air,ryanair_booking_api,https://www.ryanair.com/api/booking/v4/it-it/availability?ADT=1&TEEN=0&CHD=0&INF=0&Origin=FCO&Destination=CTA&promoCode=&IncludeConnectingFlights=false&DateOut=2026-11-20&FlexDaysBeforeOut=0&FlexDaysOut=6&RoundTrip=false&ToUs=AGREED,2026-09-07T12:47:54.766Z
FCO-CTA,2026-11-26,50.59,11:35,12:55,Ryanair,FR4891,-1,Malta Air,ryanair_booking_api,https://www.ryanair.com/api/booking/v4/it-it/availability?ADT=1&TEEN=0&CHD=0&INF=0&Origin=FCO&Destination=CTA&promoCode=&IncludeConnectingFlights=false&DateOut=2026-11-20&FlexDaysBeforeOut=0&FlexDaysOut=6&RoundTrip=false&ToUs=AGREED,2026-09-07T12:47:54.766Z
FCO-CTA,2026-11-26,27.82,14:00,15:20,Ryanair,FR4856,5,Malta Air,ryanair_booking_api,https://www.ryanair.com/api/booking/v4/it-it/availability?ADT=1&TEEN=0&CHD=0&INF=0&Origin=FCO&Destination=CTA&promoCode=&IncludeConnectingFlights=false&DateOut=2026-11-20&FlexDaysBeforeOut=0&FlexDaysOut=6&RoundTrip=false&ToUs=AGREED,2026-09-07T12:47:54.766Z
FCO-CTA,2026-11-26,47.47,19:25,20:45,Ryanair,FR1170,-1,,ryanair_booking_api,https://www.ryanair.com/api/booking/v4/it-it/availability?ADT=1&TEEN=0&CHD=0&INF=0&Origin=FCO&Destination=CTA&promoCode=&IncludeConnectingFlights=false&DateOut=2026-11-20&FlexDaysBeforeOut=0&FlexDaysOut=6&RoundTrip=false&ToUs=AGREED,2026-09-07T12:47:54.766Z
FCO-CTA,2026-11-27,39.24,07:55,09:15,Ryanair,FR4872,-1,Malta Air,ryanair_booking_api,https://www.ryanair.com/api/booking/v4/it-it/availability?ADT=1&TEEN=0&CHD=0&INF=0&Origin=FCO&Destination=CTA&promoCode=&IncludeConnectingFlights=false&DateOut=2026-11-27&FlexDaysBeforeOut=0&FlexDaysOut=6&RoundTrip=false&ToUs=AGREED,2026-09-07T12:47:56.213Z
FCO-CTA,2026-11-27,30.79,11:45,13:05,Ryanair,FR1170,-1,Malta Air,ryanair_booking_api,https://www.ryanair.com/api/booking/v4/it-it/availability?ADT=1&TEEN=0&CHD=0&INF=0&Origin=FCO&Destination=CTA&promoCode=&IncludeConnectingFlights=false&DateOut=2026-11-27&FlexDaysBeforeOut=0&FlexDaysOut=6&RoundTrip=false&ToUs=AGREED,2026-09-07T12:47:56.213Z
FCO-CTA,2026-11-27,36.29,12:50,14:10,Ryanair,FR4861,-1,,ryanair_booking_api,https://www.ryanair.com/api/booking/v4/it-it/availability?ADT=1&TEEN=0&CHD=0&INF=0&Origin=FCO&Destination=CTA&promoCode=&IncludeConnectingFlights=false&DateOut=2026-11-27&FlexDaysBeforeOut=0&FlexDaysOut=6&RoundTrip=false&ToUs=AGREED,2026-09-07T12:47:56.213Z
FCO-CTA,2026-11-27,90.19,17:25,18:45,Ryanair,FR4891,-1,Malta Air,ryanair_booking_api,https://www.ryanair.com/api/booking/v4/it-it/availability?ADT=1&TEEN=0&CHD=0&INF=0&Origin=FCO&Destination=CTA&promoCode=&IncludeConnectingFlights=false&DateOut=2026-11-27&FlexDaysBeforeOut=0&FlexDaysOut=6&RoundTrip=false&ToUs=AGREED,2026-09-07T12:47:56.213Z
FCO-CTA,2026-11-27,36.23,20:50,22:10,Ryanair,FR4856,-1,Malta Air,ryanair_booking_api,https://www.ryanair.com/api/booking/v4/it-it/availability?ADT=1&TEEN=0&CHD=0&INF=0&Origin=FCO&Destination=CTA&promoCode=&IncludeConnectingFlights=false&DateOut=2026-11-27&FlexDaysBeforeOut=0&FlexDaysOut=6&RoundTrip=false&ToUs=AGREED,2026-09-07T12:47:56.213Z
FCO-CTA,2026-11-27,30.79,22:50,00:10,Ryanair,FR4858,-1,Malta Air,ryanair_booking_api,https://www.ryanair.com/api/booking/v4/it-it/availability?ADT=1&TEEN=0&CHD=0&INF=0&Origin=FCO&Destination=CTA&promoCode=&IncludeConnectingFlights=false&DateOut=2026-11-27&FlexDaysBeforeOut=0&FlexDaysOut=6&RoundTrip=false&ToUs=AGREED,2026-09-07T12:47:56.213Z
FCO-CTA,2026-11-28,21.53,05:45,07:05,Ryanair,FR4858,-1,Malta Air,ryanair_booking_api,https://www.ryanair.com/api/booking/v4/it-it/availability?ADT=1&TEEN=0&CHD=0&INF=0&Origin=FCO&Destination=CTA&promoCode=&IncludeConnectingFlights=false&DateOut=2026-11-27&FlexDaysBeforeOut=0&FlexDaysOut=6&RoundTrip=false&ToUs=AGREED,2026-09-07T12:47:56.213Z
FCO-CTA,2026-11-28,35.02,08:30,09:50,Ryanair,FR4872,-1,Malta Air,ryanair_booking_api,https://www.ryanair.com/api/booking/v4/it-it/availability?ADT=1&TEEN=0&CHD=0&INF=0&Origin=FCO&Destination=CTA&promoCode=&IncludeConnectingFlights=false&DateOut=2026-11-27&FlexDaysBeforeOut=0&FlexDaysOut=6&RoundTrip=false&ToUs=AGREED,2026-09-07T12:47:56.213Z
FCO-CTA,2026-11-28,29.71,09:15,10:35,Ryanair,FR4861,-1,Malta Air,ryanair_booking_api,https://www.ryanair.com/api/booking/v4/it-it/availability?ADT=1&TEEN=0&CHD=0&INF=0&Origin=FCO&Destination=CTA&promoCode=&IncludeConnectingFlights=false&DateOut=2026-11-27&FlexDaysBeforeOut=0&FlexDaysOut=6&RoundTrip=false&ToUs=AGREED,2026-09-07T12:47:56.213Z
FCO-CTA,2026-11-28,36.29,10:55,12:15,Ryanair,FR1170,-1,,ryanair_booking_api,https://www.ryanair.com/api/booking/v4/it-it/availability?ADT=1&TEEN=0&CHD=0&INF=0&Origin=FCO&Destination=CTA&promoCode=&IncludeConnectingFlights=false&DateOut=2026-11-27&FlexDaysBeforeOut=0&FlexDaysOut=6&RoundTrip=false&ToUs=AGREED,2026-09-07T12:47:56.213Z
FCO-CTA,2026-11-28,34.42,13:55,15:15,Ryanair,FR4852,-1,Malta Air,ryanair_booking_api,https://www.ryanair.com/api/booking/v4/it-it/availability?ADT=1&TEEN=0&CHD=0&INF=0&Origin=FCO&Destination=CTA&promoCode=&IncludeConnectingFlights=false&DateOut=2026-11-27&FlexDaysBeforeOut=0&FlexDaysOut=6&RoundTrip=false&ToUs=AGREED,2026-09-07T12:47:56.213Z
FCO-CTA,2026-11-28,54.42,23:20,00:40,Ryanair,FR4891,-1,Malta Air,ryanair_booking_api,https://www.ryanair.com/api/booking/v4/it-it/availability?ADT=1&TEEN=0&CHD=0&INF=0&Origin=FCO&Destination=CTA&promoCode=&IncludeConnectingFlights=false&DateOut=2026-11-27&FlexDaysBeforeOut=0&FlexDaysOut=6&RoundTrip=false&ToUs=AGREED,2026-09-07T12:47:56.213Z
FCO-CTA,2026-11-29,25.29,06:10,07:30,Ryanair,FR4861,-1,Malta Air,ryanair_booking_api,https://www.ryanair.com/api/booking/v4/it-it/availability?ADT=1&TEEN=0&CHD=0&INF=0&Origin=FCO&Destination=CTA&promoCode=&IncludeConnectingFlights=false&DateOut=2026-11-27&FlexDaysBeforeOut=0&FlexDaysOut=6&RoundTrip=false&ToUs=AGREED,2026-09-07T12:47:56.213Z
FCO-CTA,2026-11-29,37.98,12:15,13:35,Ryanair,FR4891,-1,Malta Air,ryanair_booking_api,https://www.ryanair.com/api/booking/v4/it-it/availability?ADT=1&TEEN=0&CHD=0&INF=0&Origin=FCO&Destination=CTA&promoCode=&IncludeConnectingFlights=false&DateOut=2026-11-27&FlexDaysBeforeOut=0&FlexDaysOut=6&RoundTrip=false&ToUs=AGREED,2026-09-07T12:47:56.213Z
FCO-CTA,2026-11-29,42.65,12:45,14:05,Ryanair,FR4858,-1,Malta Air,ryanair_booking_api,https://www.ryanair.com/api/booking/v4/it-it/availability?ADT=1&TEEN=0&CHD=0&INF=0&Origin=FCO&Destination=CTA&promoCode=&IncludeConnectingFlights=false&DateOut=2026-11-27&FlexDaysBeforeOut=0&FlexDaysOut=6&RoundTrip=false&ToUs=AGREED,2026-09-07T12:47:56.213Z
FCO-CTA,2026-11-29,47.89,16:25,17:45,Ryanair,FR4856,-1,Malta Air,ryanair_booking_api,https://www.ryanair.com/api/booking/v4/it-it/availability?ADT=1&TEEN=0&CHD=0&INF=0&Origin=FCO&Destination=CTA&promoCode=&IncludeConnectingFlights=false&DateOut=2026-11-27&FlexDaysBeforeOut=0&FlexDaysOut=6&RoundTrip=false&ToUs=AGREED,2026-09-07T12:47:56.213Z
FCO-CTA,2026-11-29,90.19,18:35,19:55,Ryanair,FR1170,-1,Malta Air,ryanair_booking_api,https://www.ryanair.com/api/booking/v4/it-it/availability?ADT=1&TEEN=0&CHD=0&INF=0&Origin=FCO&Destination=CTA&promoCode=&IncludeConnectingFlights=false&DateOut=2026-11-27&FlexDaysBeforeOut=0&FlexDaysOut=6&RoundTrip=false&ToUs=AGREED,2026-09-07T12:47:56.213Z
FCO-CTA,2026-11-29,93.57,21:15,22:35,Ryanair,FR4852,-1,,ryanair_booking_api,https://www.ryanair.com/api/booking/v4/it-it/availability?ADT=1&TEEN=0&CHD=0&INF=0&Origin=FCO&Destination=CTA&promoCode=&IncludeConnectingFlights=false&DateOut=2026-11-27&FlexDaysBeforeOut=0&FlexDaysOut=6&RoundTrip=false&ToUs=AGREED,2026-09-07T12:47:56.213Z
FCO-CTA,2026-11-30,20.1,06:15,07:35,Ryanair,FR4852,-1,,ryanair_booking_api,https://www.ryanair.com/api/booking/v4/it-it/availability?ADT=1&TEEN=0&CHD=0&INF=0&Origin=FCO&Destination=CTA&promoCode=&IncludeConnectingFlights=false&DateOut=2026-11-27&FlexDaysBeforeOut=0&FlexDaysOut=6&RoundTrip=false&ToUs=AGREED,2026-09-07T12:47:56.213Z
FCO-CTA,2026-11-30,36.29,08:30,09:50,Ryanair,FR4872,-1,Malta Air,ryanair_booking_api,https://www.ryanair.com/api/booking/v4/it-it/availability?ADT=1&TEEN=0&CHD=0&INF=0&Origin=FCO&Destination=CTA&promoCode=&IncludeConnectingFlights=false&DateOut=2026-11-27&FlexDaysBeforeOut=0&FlexDaysOut=6&RoundTrip=false&ToUs=AGREED,2026-09-07T12:47:56.213Z
FCO-CTA,2026-11-30,80.29,09:25,10:45,Ryanair,FR4858,-1,Malta Air,ryanair_booking_api,https://www.ryanair.com/api/booking/v4/it-it/availability?ADT=1&TEEN=0&CHD=0&INF=0&Origin=FCO&Destination=CTA&promoCode=&IncludeConnectingFlights=false&DateOut=2026-11-27&FlexDaysBeforeOut=0&FlexDaysOut=6&RoundTrip=false&ToUs=AGREED,2026-09-07T12:47:56.213Z
FCO-CTA,2026-11-30,28.58,12:50,14:10,Ryanair,FR1170,3,,ryanair_booking_api,https://www.ryanair.com/api/booking/v4/it-it/availability?ADT=1&TEEN=0&CHD=0&INF=0&Origin=FCO&Destination=CTA&promoCode=&IncludeConnectingFlights=false&DateOut=2026-11-27&FlexDaysBeforeOut=0&FlexDaysOut=6&RoundTrip=false&ToUs=AGREED,2026-09-07T12:47:56.213Z
FCO-CTA,2026-11-30,50.59,18:40,20:00,Ryanair,FR4861,-1,Malta Air,ryanair_booking_api,https://www.ryanair.com/api/booking/v4/it-it/availability?ADT=1&TEEN=0&CHD=0&INF=0&Origin=FCO&Destination=CTA&promoCode=&IncludeConnectingFlights=false&DateOut=2026-11-27&FlexDaysBeforeOut=0&FlexDaysOut=6&RoundTrip=false&ToUs=AGREED,2026-09-07T12:47:56.213Z
FCO-CTA,2026-11-30,42.65,21:25,22:45,Ryanair,FR4856,-1,,ryanair_booking_api,https://www.ryanair.com/api/booking/v4/it-it/availability?ADT=1&TEEN=0&CHD=0&INF=0&Origin=FCO&Destination=CTA&promoCode=&IncludeConnectingFlights=false&DateOut=2026-11-27&FlexDaysBeforeOut=0&FlexDaysOut=6&RoundTrip=false&ToUs=AGREED,2026-09-07T12:47:56.213Z
FCO-CTA,2026-12-01,14.99,08:00,09:20,Ryanair,FR1170,-1,Malta Air,ryanair_booking_api,https://www.ryanair.com/api/booking/v4/it-it/availability?ADT=1&TEEN=0&CHD=0&INF=0&Origin=FCO&Destination=CTA&promoCode=&IncludeConnectingFlights=false&DateOut=2026-11-27&FlexDaysBeforeOut=0&FlexDaysOut=6&RoundTrip=false&ToUs=AGREED,2026-09-07T12:47:56.213Z
FCO-CTA,2026-12-01,50.59,12:35,13:55,Ryanair,FR4872,5,Malta Air,ryanair_booking_api,https://www.ryanair.com/api/booking/v4/it-it/availability?ADT=1&TEEN=0&CHD=0&INF=0&Origin=FCO&Destination=CTA&promoCode=&IncludeConnectingFlights=false&DateOut=2026-11-27&FlexDaysBeforeOut=0&FlexDaysOut=6&RoundTrip=false&ToUs=AGREED,2026-09-07T12:47:56.213Z
FCO-CTA,2026-12-01,117.67,17:05,18:25,Ryanair,FR4852,-1,Malta Air,ryanair_booking_api,https://www.ryanair.com/api/booking/v4/it-it/availability?ADT=1&TEEN=0&CHD=0&INF=0&Origin=FCO&Destination=CTA&promoCode=&IncludeConnectingFlights=false&DateOut=2026-11-27&FlexDaysBeforeOut=0&FlexDaysOut=6&RoundTrip=false&ToUs=AGREED,2026-09-07T12:47:56.213Z
FCO-CTA,2026-12-01,68.19,22:00,23:20,Ryanair,FR4891,5,Malta Air,ryanair_booking_api,https://www.ryanair.com/api/booking/v4/it-it/availability?ADT=1&TEEN=0&CHD=0&INF=0&Origin=FCO&Destination=CTA&promoCode=&IncludeConnectingFlights=false&DateOut=2026-11-27&FlexDaysBeforeOut=0&FlexDaysOut=6&RoundTrip=false&ToUs=AGREED,2026-09-07T12:47:56.213Z
FCO-CTA,2026-12-02,36.29,08:25,09:45,Ryanair,FR4856,-1,Malta Air,ryanair_booking_api,https://www.ryanair.com/api/booking/v4/it-it/availability?ADT=1&TEEN=0&CHD=0&INF=0&Origin=FCO&Destination=CTA&promoCode=&IncludeConnectingFlights=false&DateOut=2026-11-27&FlexDaysBeforeOut=0&FlexDaysOut=6&RoundTrip=false&ToUs=AGREED,2026-09-07T12:47:56.213Z
FCO-CTA,2026-12-02,42.89,10:10,11:30,Ryanair,FR4872,-1,Malta Air,ryanair_booking_api,https://www.ryanair.com/api/booking/v4/it-it/availability?ADT=1&TEEN=0&CHD=0&INF=0&Origin=FCO&Destination=CTA&promoCode=&IncludeConnectingFlights=false&DateOut=2026-11-27&FlexDaysBeforeOut=0&FlexDaysOut=6&RoundTrip=false&ToUs=AGREED,2026-09-07T12:47:56.213Z
FCO-CTA,2026-12-02,26.3,12:35,13:55,Ryanair,FR1170,-1,Malta Air,ryanair_booking_api,https://www.ryanair.com/api/booking/v4/it-it/availability?ADT=1&TEEN=0&CHD=0&INF=0&Origin=FCO&Destination=CTA&promoCode=&IncludeConnectingFlights=false&DateOut=2026-11-27&FlexDaysBeforeOut=0&FlexDaysOut=6&RoundTrip=false&ToUs=AGREED,2026-09-07T12:47:56.213Z
FCO-CTA,2026-12-02,56.29,18:00,19:20,Ryanair,FR4891,3,Malta Air,ryanair_booking_api,https://www.ryanair.com/api/booking/v4/it-it/availability?ADT=1&TEEN=0&CHD=0&INF=0&Origin=FCO&Destination=CTA&promoCode=&IncludeConnectingFlights=false&DateOut=2026-11-27&FlexDaysBeforeOut=0&FlexDaysOut=6&RoundTrip=false&ToUs=AGREED,2026-09-07T12:47:56.213Z
FCO-CTA,2026-12-03,29.08,09:35,10:55,Ryanair,FR4852,-1,Malta Air,ryanair_booking_api,https://www.ryanair.com/api/booking/v4/it-it/availability?ADT=1&TEEN=0&CHD=0&INF=0&Origin=FCO&Destination=CTA&promoCode=&IncludeConnectingFlights=false&DateOut=2026-11-27&FlexDaysBeforeOut=0&FlexDaysOut=6&RoundTrip=false&ToUs=AGREED,2026-09-07T12:47:56.213Z
FCO-CTA,2026-12-03,59.39,11:35,12:55,Ryanair,FR4891,-1,Malta Air,ryanair_booking_api,https://www.ryanair.com/api/booking/v4/it-it/availability?ADT=1&TEEN=0&CHD=0&INF=0&Origin=FCO&Destination=CTA&promoCode=&IncludeConnectingFlights=false&DateOut=2026-11-27&FlexDaysBeforeOut=0&FlexDaysOut=6&RoundTrip=false&ToUs=AGREED,2026-09-07T12:47:56.213Z
FCO-CTA,2026-12-03,27.82,14:00,15:20,Ryanair,FR4856,2,Malta Air,ryanair_booking_api,https://www.ryanair.com/api/booking/v4/it-it/availability?ADT=1&TEEN=0&CHD=0&INF=0&Origin=FCO&Destination=CTA&promoCode=&IncludeConnectingFlights=false&DateOut=2026-11-27&FlexDaysBeforeOut=0&FlexDaysOut=6&RoundTrip=false&ToUs=AGREED,2026-09-07T12:47:56.213Z
FCO-CTA,2026-12-03,68.72,19:25,20:45,Ryanair,FR1170,-1,,ryanair_booking_api,https://www.ryanair.com/api/booking/v4/it-it/availability?ADT=1&TEEN=0&CHD=0&INF=0&Origin=FCO&Destination=CTA&promoCode=&IncludeConnectingFlights=false&DateOut=2026-11-27&FlexDaysBeforeOut=0&FlexDaysOut=6&RoundTrip=false&ToUs=AGREED,2026-09-07T12:47:56.213Z
