checkin,checkout,nights,adults,rank,property,type,stars,score,reviews,distance_km,room,total_eur,taxes_included,free_cancellation,breakfast,url,source,fetched_at
2026-09-25,2026-09-27,2,1,1,Roma Tiberius Suite,guesthouse,,3.1,249,0.6,Ampia Camera Matrimoniale,114.76,no: city tax € 14 per stay paid on site; VAT included,yes,yes,https://www.booking.com/hotel/it/tiberius-quot-la-dolce-vita-quot-suite-rome-centric-mb.it.html?checkin=2026-09-25&checkout=2026-09-27&group_adults=1&no_rooms=1&group_children=0&selected_currency=EUR,booking.com,2026-09-07T12:44:22.662Z
2026-09-25,2026-09-27,2,1,2,Testa Gioacchino B&B,B&B,,8.7,20,1.5,Camera Matrimoniale Basic con Bagno in Comune,163.64,no: city tax € 12 per stay paid on site; VAT included,yes,no,https://www.booking.com/hotel/it/testa-gioacchino-b-amp-b.it.html?checkin=2026-09-25&checkout=2026-09-27&group_adults=1&no_rooms=1&group_children=0&selected_currency=EUR,booking.com,2026-09-07T12:44:28.763Z
2026-09-25,2026-09-27,2,1,3,GH Hotel San Giusto,hotel,3,7.1,1320,0.9,Camera Singola,190.60,no: city tax € 12 per stay paid on site; VAT included,no,yes,https://www.booking.com/hotel/it/hotelsangiustorome.it.html?checkin=2026-09-25&checkout=2026-09-27&group_adults=1&no_rooms=1&group_children=0&selected_currency=EUR,booking.com,2026-09-07T12:44:22.662Z
2026-09-25,2026-09-27,2,1,4,Sergio Tourist Rental close Tiburtina Station,guesthouse,4T,8.5,191,0.9,Camera Matrimoniale/Doppia con Letti Singoli con Bagno Privato,216.36,no: city tax € 14 per stay paid on site; VAT included,yes,no,https://www.booking.com/hotel/it/sergio-39-s-guest-house.it.html?checkin=2026-09-25&checkout=2026-09-27&group_adults=1&no_rooms=1&group_children=0&selected_currency=EUR,booking.com,2026-09-07T12:44:22.662Z
2026-09-25,2026-09-27,2,1,5,AlbaDomus Affittacamere o GuestHouse,guesthouse,4T,7.9,360,0.3,Camera Singola,218.29,no: city tax € 12 per stay paid on site; VAT included,no,no,https://www.booking.com/hotel/it/beb-albadomus-roma.it.html?checkin=2026-09-25&checkout=2026-09-27&group_adults=1&no_rooms=1&group_children=0&selected_currency=EUR,booking.com,2026-09-07T12:44:22.662Z
2026-09-25,2026-09-27,2,1,6,"Luxor 2 Jacuzzi Suites and Deluxe Rooms, Piazza Bologna Metro Direct Colosseo, Roma",guesthouse,4T,9.3,27,0.9,Monolocale Familiare,220.00,no: city tax € 12 per stay paid on site; VAT included,yes,no,https://www.booking.com/hotel/it/luxor-2-jacuzzi-suites-and-deluxe-rooms-piazza-bologna-metro-direct-colosseo-rom.it.html?checkin=2026-09-25&checkout=2026-09-27&group_adults=1&no_rooms=1&group_children=0&selected_currency=EUR,booking.com,2026-09-07T12:44:22.662Z
2026-09-25,2026-09-27,2,1,7,MORFEMA - Boutique Rooms,guesthouse,4T,10,1,0.8,Camera Deluxe ,220.23,no: city tax € 12 per stay paid on site; VAT included,no,no,https://www.booking.com/hotel/it/morfema-boutique-rooms.it.html?checkin=2026-09-25&checkout=2026-09-27&group_adults=1&no_rooms=1&group_children=0&selected_currency=EUR,booking.com,2026-09-07T12:44:22.662Z
2026-09-25,2026-09-27,2,1,8,Magnifico Suites,guesthouse,4T,9,26,0.25,Junior Suite,230.00,no: city tax € 12 per stay paid on site; VAT included,no,no,https://www.booking.com/hotel/it/magnifico-suites.it.html?checkin=2026-09-25&checkout=2026-09-27&group_adults=1&no_rooms=1&group_children=0&selected_currency=EUR,booking.com,2026-09-07T12:44:22.662Z
2026-09-26,2026-09-28,2,1,1,Testa Gioacchino B&B,B&B,,8.7,20,1.5,Camera Matrimoniale Basic con Bagno in Comune,163.64,no: city tax € 12 per stay paid on site; VAT included,yes,no,https://www.booking.com/hotel/it/testa-gioacchino-b-amp-b.it.html?checkin=2026-09-26&checkout=2026-09-28&group_adults=1&no_rooms=1&group_children=0&selected_currency=EUR,booking.com,2026-09-07T12:44:54.372Z
2026-09-26,2026-09-28,2,1,2,GH Hotel San Giusto,hotel,3,7.1,1320,0.9,Camera Singola,169.45,no: city tax € 12 per stay paid on site; VAT included,no,yes,https://www.booking.com/hotel/it/hotelsangiustorome.it.html?checkin=2026-09-26&checkout=2026-09-28&group_adults=1&no_rooms=1&group_children=0&selected_currency=EUR,booking.com,2026-09-07T12:44:48.367Z
2026-09-26,2026-09-28,2,1,3,Dodo Holiday in Rome,guesthouse,4T,8,265,1.2,Camera Matrimoniale Deluxe con Balcone,177.65,no: city tax € 12 per stay paid on site; VAT included,no,no,https://www.booking.com/hotel/it/dodo-holiday-in-rome.it.html?checkin=2026-09-26&checkout=2026-09-28&group_adults=1&no_rooms=1&group_children=0&selected_currency=EUR,booking.com,2026-09-07T12:45:00.229Z
2026-09-26,2026-09-28,2,1,4,Rosa Italia Hotel Roma,hotel,3,6.7,1146,1.4,Camera Matrimoniale/Doppia con Letti Singoli con Bagno Privato,190.91,no: city tax € 10 per stay paid on site; VAT included,yes,no,https://www.booking.com/hotel/it/rosa-italia-roma.it.html?checkin=2026-09-26&checkout=2026-09-28&group_adults=1&no_rooms=1&group_children=0&selected_currency=EUR,booking.com,2026-09-07T12:45:00.229Z
2026-09-26,2026-09-28,2,1,5,B&B LUMAS,B&B,4T,9,398,0.6,Camera Matrimoniale/Doppia con Letti Singoli,195.79,no: city tax € 10 per stay paid on site; VAT included,no,yes,https://www.booking.com/hotel/it/b-amp-b-lumas.it.html?checkin=2026-09-26&checkout=2026-09-28&group_adults=1&no_rooms=1&group_children=0&selected_currency=EUR,booking.com,2026-09-07T12:44:48.367Z
2026-09-26,2026-09-28,2,1,6,"Luxor 2 Jacuzzi Suites and Deluxe Rooms, Piazza Bologna Metro Direct Colosseo, Roma",guesthouse,4T,9.3,27,0.9,Monolocale Familiare,198.18,no: city tax € 12 per stay paid on site; VAT included,yes,no,https://www.booking.com/hotel/it/luxor-2-jacuzzi-suites-and-deluxe-rooms-piazza-bologna-metro-direct-colosseo-rom.it.html?checkin=2026-09-26&checkout=2026-09-28&group_adults=1&no_rooms=1&group_children=0&selected_currency=EUR,booking.com,2026-09-07T12:44:48.367Z
2026-09-26,2026-09-28,2,1,7,AlbaDomus Affittacamere o GuestHouse,guesthouse,4T,7.9,360,0.3,Camera Singola,203.24,no: city tax € 12 per stay paid on site; VAT included,no,no,https://www.booking.com/hotel/it/beb-albadomus-roma.it.html?checkin=2026-09-26&checkout=2026-09-28&group_adults=1&no_rooms=1&group_children=0&selected_currency=EUR,booking.com,2026-09-07T12:44:48.367Z
2026-09-26,2026-09-28,2,1,8,Sergio Tourist Rental close Tiburtina Station,guesthouse,4T,8.5,191,0.9,Camera Matrimoniale/Doppia con Letti Singoli con Bagno Privato,216.36,no: city tax € 14 per stay paid on site; VAT included,yes,no,https://www.booking.com/hotel/it/sergio-39-s-guest-house.it.html?checkin=2026-09-26&checkout=2026-09-28&group_adults=1&no_rooms=1&group_children=0&selected_currency=EUR,booking.com,2026-09-07T12:44:48.367Z
2026-09-27,2026-09-29,2,1,1,Gmm,guesthouse,3T,7.9,207,1.3,Camera Singola Ampia,100.00,no: city tax € 14 per stay paid on site; VAT included,yes,yes,https://www.booking.com/hotel/it/gmm.it.html?checkin=2026-09-27&checkout=2026-09-29&group_adults=1&no_rooms=1&group_children=0&selected_currency=EUR,booking.com,2026-09-07T12:45:20.425Z
2026-09-27,2026-09-29,2,1,2,GH Hotel San Giusto,hotel,3,7.1,1320,0.9,Camera Singola,135.24,no: city tax € 12 per stay paid on site; VAT included,no,yes,https://www.booking.com/hotel/it/hotelsangiustorome.it.html?checkin=2026-09-27&checkout=2026-09-29&group_adults=1&no_rooms=1&group_children=0&selected_currency=EUR,booking.com,2026-09-07T12:45:13.441Z
2026-09-27,2026-09-29,2,1,3,Romulea Guest House,guesthouse,,6.2,674,0.4,Camera Matrimoniale con Bagno in Comune ,139.94,no: city tax € 10 per stay paid on site; VAT included,no,no,https://www.booking.com/hotel/it/romulea-guest-house.it.html?checkin=2026-09-27&checkout=2026-09-29&group_adults=1&no_rooms=1&group_children=0&selected_currency=EUR,booking.com,2026-09-07T12:45:13.441Z
2026-09-27,2026-09-29,2,1,4,Il Magnificus Boutique,guesthouse,4T,9.2,476,0.35,Camera King Deluxe ,142.27,no: city tax € 14 per stay paid on site; VAT included,no,no,https://www.booking.com/hotel/it/il-magnificus-boutique.it.html?checkin=2026-09-27&checkout=2026-09-29&group_adults=1&no_rooms=1&group_children=0&selected_currency=EUR,booking.com,2026-09-07T12:45:13.441Z
2026-09-27,2026-09-29,2,1,5,Dolce Titina Affittacamere,guesthouse,,8.6,191,0.2,Camera Singola,145.45,no: city tax € 10 per stay paid on site; VAT included,yes,no,https://www.booking.com/hotel/it/dolce-titina-affittacamere.it.html?checkin=2026-09-27&checkout=2026-09-29&group_adults=1&no_rooms=1&group_children=0&selected_currency=EUR,booking.com,2026-09-07T12:45:13.441Z
2026-09-27,2026-09-29,2,1,6,Residenza,guesthouse,3T,8.1,527,0.9,Camera Matrimoniale,150.55,no: city tax € 14 per stay paid on site; VAT included,no,no,https://www.booking.com/hotel/it/residenza-roma1.it.html?checkin=2026-09-27&checkout=2026-09-29&group_adults=1&no_rooms=1&group_children=0&selected_currency=EUR,booking.com,2026-09-07T12:45:13.441Z
2026-09-27,2026-09-29,2,1,7,Home Sweet Home Tiburtina Station,guesthouse,,8.1,194,0.6,Camera Budget Doppia con Letti Singoli,154.55,no: city tax € 14 per stay paid on site; VAT included,yes,no,https://www.booking.com/hotel/it/home-sweet-home-tiburtina-station.it.html?checkin=2026-09-27&checkout=2026-09-29&group_adults=1&no_rooms=1&group_children=0&selected_currency=EUR,booking.com,2026-09-07T12:45:13.441Z
2026-09-27,2026-09-29,2,1,8,"Tiburtina Suites, Roma",guesthouse,3T,7.6,93,0.6,Camera Matrimoniale con Balcone,154.73,no: city tax € 12 per stay paid on site; VAT included,no,no,https://www.booking.com/hotel/it/tiburtina-suites.it.html?checkin=2026-09-27&checkout=2026-09-29&group_adults=1&no_rooms=1&group_children=0&selected_currency=EUR,booking.com,2026-09-07T12:45:13.441Z
2026-09-28,2026-09-30,2,1,1,Gmm,guesthouse,3T,7.9,207,1.3,Camera Singola Ampia,100.00,no: city tax € 14 per stay paid on site; VAT included,yes,yes,https://www.booking.com/hotel/it/gmm.it.html?checkin=2026-09-28&checkout=2026-09-30&group_adults=1&no_rooms=1&group_children=0&selected_currency=EUR,booking.com,2026-09-07T12:45:48.922Z
2026-09-28,2026-09-30,2,1,2,Affittacamere Roma Tiburtina,guesthouse,3T,6.5,755,0.2,Camera Singola con Bagno Privato,109.09,no: city tax € 14 per stay paid on site; VAT included,yes,yes,https://www.booking.com/hotel/it/affittacamere-roma-tiburtina.it.html?checkin=2026-09-28&checkout=2026-09-30&group_adults=1&no_rooms=1&group_children=0&selected_currency=EUR,booking.com,2026-09-07T12:45:41.767Z
2026-09-28,2026-09-30,2,1,3,"BEDS&ROOMS TIBURTINA- Rooms, Camere private",guesthouse,4T,8.8,106,0.2,Camera Singola con Bagno Privato,111.71,yes,no,no,https://www.booking.com/hotel/it/beds-amp-rooms-tiburtina-rooms.it.html?checkin=2026-09-28&checkout=2026-09-30&group_adults=1&no_rooms=1&group_children=0&selected_currency=EUR,booking.com,2026-09-07T12:45:41.767Z
2026-09-28,2026-09-30,2,1,4,Roma Tiberius Suite,guesthouse,,3.1,249,0.6,Camera Matrimoniale Economy,122.97,no: city tax € 14 per stay paid on site; VAT included,yes,yes,https://www.booking.com/hotel/it/tiberius-quot-la-dolce-vita-quot-suite-rome-centric-mb.it.html?checkin=2026-09-28&checkout=2026-09-30&group_adults=1&no_rooms=1&group_children=0&selected_currency=EUR,booking.com,2026-09-07T12:45:41.767Z
2026-09-28,2026-09-30,2,1,5,Mikasa Piazza Bologna,guesthouse,,4.2,140,0.8,Camera Deluxe ,125.45,no: city tax € 14 per stay paid on site; VAT included,no,yes,https://www.booking.com/hotel/it/b-amp-b-l-39-arca-di-campaldino.it.html?checkin=2026-09-28&checkout=2026-09-30&group_adults=1&no_rooms=1&group_children=0&selected_currency=EUR,booking.com,2026-09-07T12:45:41.767Z
2026-09-28,2026-09-30,2,1,6,TIBURTINA INN GUEST HOUSE,guesthouse,3T,7.5,662,0.4,Camera Singola Economy,130.91,no: city tax € 14 per stay paid on site; VAT included,yes,no,https://www.booking.com/hotel/it/tiburtina-inn-guest-house.it.html?checkin=2026-09-28&checkout=2026-09-30&group_adults=1&no_rooms=1&group_children=0&selected_currency=EUR,booking.com,2026-09-07T12:45:41.767Z
2026-09-28,2026-09-30,2,1,7,GH Hotel San Giusto,hotel,3,7.1,1320,0.9,Camera Singola,133.14,no: city tax € 12 per stay paid on site; VAT included,no,yes,https://www.booking.com/hotel/it/hotelsangiustorome.it.html?checkin=2026-09-28&checkout=2026-09-30&group_adults=1&no_rooms=1&group_children=0&selected_currency=EUR,booking.com,2026-09-07T12:45:41.767Z
2026-09-28,2026-09-30,2,1,8,B&B SPQR,B&B,2T,6,545,0.35,Camera Matrimoniale con Bagno Privato,138.18,no: city tax € 12 per stay paid on site; VAT included,yes,yes,https://www.booking.com/hotel/it/spqr.it.html?checkin=2026-09-28&checkout=2026-09-30&group_adults=1&no_rooms=1&group_children=0&selected_currency=EUR,booking.com,2026-09-07T12:45:41.767Z
2026-09-29,2026-10-01,2,1,1,Gmm,guesthouse,3T,7.9,207,1.3,Camera Singola Ampia,100.00,no: city tax € 14 per stay paid on site; VAT included,yes,yes,https://www.booking.com/hotel/it/gmm.it.html?checkin=2026-09-29&checkout=2026-10-01&group_adults=1&no_rooms=1&group_children=0&selected_currency=EUR,booking.com,2026-09-07T12:46:15.059Z
2026-09-29,2026-10-01,2,1,2,Mikasa Piazza Bologna,guesthouse,,4.2,140,0.8,Camera Tripla,108.73,no: city tax € 14 per stay paid on site; VAT included,no,yes,https://www.booking.com/hotel/it/b-amp-b-l-39-arca-di-campaldino.it.html?checkin=2026-09-29&checkout=2026-10-01&group_adults=1&no_rooms=1&group_children=0&selected_currency=EUR,booking.com,2026-09-07T12:46:08.855Z
2026-09-29,2026-10-01,2,1,3,Roma Tiberius Suite,guesthouse,,3.1,249,0.6,Ampia Camera Matrimoniale,114.76,no: city tax € 14 per stay paid on site; VAT included,yes,yes,https://www.booking.com/hotel/it/tiberius-quot-la-dolce-vita-quot-suite-rome-centric-mb.it.html?checkin=2026-09-29&checkout=2026-10-01&group_adults=1&no_rooms=1&group_children=0&selected_currency=EUR,booking.com,2026-09-07T12:46:08.855Z
2026-09-29,2026-10-01,2,1,4,Domus Remo Room #2,guesthouse,3T,7.5,12,0.45,Camera Matrimoniale con Bagno Privato,119.23,no: city tax € 14 per stay paid on site; VAT included,no,no,https://www.booking.com/hotel/it/domus-remo-room.it.html?checkin=2026-09-29&checkout=2026-10-01&group_adults=1&no_rooms=1&group_children=0&selected_currency=EUR,booking.com,2026-09-07T12:46:08.855Z
2026-09-29,2026-10-01,2,1,5,TIBURTINA INN GUEST HOUSE,guesthouse,3T,7.5,662,0.4,Camera Singola Economy,130.91,no: city tax € 14 per stay paid on site; VAT included,yes,no,https://www.booking.com/hotel/it/tiburtina-inn-guest-house.it.html?checkin=2026-09-29&checkout=2026-10-01&group_adults=1&no_rooms=1&group_children=0&selected_currency=EUR,booking.com,2026-09-07T12:46:08.855Z
2026-09-29,2026-10-01,2,1,6,B&B SPQR,B&B,2T,6,545,0.35,Camera Matrimoniale con Bagno Privato,138.18,no: city tax € 12 per stay paid on site; VAT included,yes,yes,https://www.booking.com/hotel/it/spqr.it.html?checkin=2026-09-29&checkout=2026-10-01&group_adults=1&no_rooms=1&group_children=0&selected_currency=EUR,booking.com,2026-09-07T12:46:08.855Z
2026-09-29,2026-10-01,2,1,7,Romulea Guest House,guesthouse,,6.2,674,0.4,Camera Matrimoniale con Bagno in Comune ,139.94,no: city tax € 10 per stay paid on site; VAT included,no,no,https://www.booking.com/hotel/it/romulea-guest-house.it.html?checkin=2026-09-29&checkout=2026-10-01&group_adults=1&no_rooms=1&group_children=0&selected_currency=EUR,booking.com,2026-09-07T12:46:08.855Z
2026-09-29,2026-10-01,2,1,8,La Dimora del Re,guesthouse,4T,8.8,164,0.7,Camera Matrimoniale,140.73,no: city tax € 14 per stay paid on site; VAT included,yes,no,https://www.booking.com/hotel/it/la-dimora-del-re-roma1.it.html?checkin=2026-09-29&checkout=2026-10-01&group_adults=1&no_rooms=1&group_children=0&selected_currency=EUR,booking.com,2026-09-07T12:46:08.855Z
2026-09-30,2026-10-02,2,1,1,B&B SPQR,B&B,2T,6,545,0.35,Camera Singola con Bagno Privato,109.09,no: city tax € 12 per stay paid on site; VAT included,yes,yes,https://www.booking.com/hotel/it/spqr.it.html?checkin=2026-09-30&checkout=2026-10-02&group_adults=1&no_rooms=1&group_children=0&selected_currency=EUR,booking.com,2026-09-07T12:46:43.005Z
2026-09-30,2026-10-02,2,1,2,Gmm,guesthouse,3T,7.9,207,1.3,Camera Singola Ampia,118.18,no: city tax € 14 per stay paid on site; VAT included,yes,yes,https://www.booking.com/hotel/it/gmm.it.html?checkin=2026-09-30&checkout=2026-10-02&group_adults=1&no_rooms=1&group_children=0&selected_currency=EUR,booking.com,2026-09-07T12:46:50.170Z
2026-09-30,2026-10-02,2,1,3,TIBURTINA INN GUEST HOUSE,guesthouse,3T,7.5,662,0.4,Camera Singola Economy,122.73,no: city tax € 14 per stay paid on site; VAT included,yes,no,https://www.booking.com/hotel/it/tiburtina-inn-guest-house.it.html?checkin=2026-09-30&checkout=2026-10-02&group_adults=1&no_rooms=1&group_children=0&selected_currency=EUR,booking.com,2026-09-07T12:46:43.005Z
2026-09-30,2026-10-02,2,1,4,Mikasa Piazza Bologna,guesthouse,,4.2,140,0.8,Camera Tripla,129.64,no: city tax € 14 per stay paid on site; VAT included,no,yes,https://www.booking.com/hotel/it/b-amp-b-l-39-arca-di-campaldino.it.html?checkin=2026-09-30&checkout=2026-10-02&group_adults=1&no_rooms=1&group_children=0&selected_currency=EUR,booking.com,2026-09-07T12:46:43.005Z
2026-09-30,2026-10-02,2,1,5,Romulea Guest House,guesthouse,,6.2,674,0.4,Camera Matrimoniale con Bagno in Comune ,144.66,no: city tax € 10 per stay paid on site; VAT included,no,no,https://www.booking.com/hotel/it/romulea-guest-house.it.html?checkin=2026-09-30&checkout=2026-10-02&group_adults=1&no_rooms=1&group_children=0&selected_currency=EUR,booking.com,2026-09-07T12:46:43.005Z
2026-09-30,2026-10-02,2,1,6,DOMUS REMO Room #1,guesthouse,4T,9.1,31,0.45,Camera Tripla con Bagno Privato,146.06,yes,no,no,https://www.booking.com/hotel/it/domus-remo-rooms.it.html?checkin=2026-09-30&checkout=2026-10-02&group_adults=1&no_rooms=1&group_children=0&selected_currency=EUR,booking.com,2026-09-07T12:46:43.005Z
2026-09-30,2026-10-02,2,1,7,Home Sweet Home Tiburtina Station,guesthouse,,8.1,194,0.6,Camera Budget Doppia con Letti Singoli,150.00,no: city tax € 14 per stay paid on site; VAT included,yes,no,https://www.booking.com/hotel/it/home-sweet-home-tiburtina-station.it.html?checkin=2026-09-30&checkout=2026-10-02&group_adults=1&no_rooms=1&group_children=0&selected_currency=EUR,booking.com,2026-09-07T12:46:43.005Z
2026-09-30,2026-10-02,2,1,8,La Dimora del Re,guesthouse,4T,8.8,164,0.7,Camera King con Vasca Idromassaggio,150.55,no: city tax € 14 per stay paid on site; VAT included,no,no,https://www.booking.com/hotel/it/la-dimora-del-re-roma1.it.html?checkin=2026-09-30&checkout=2026-10-02&group_adults=1&no_rooms=1&group_children=0&selected_currency=EUR,booking.com,2026-09-07T12:46:43.005Z
2026-10-01,2026-10-03,2,1,1,B&B SPQR,B&B,2T,6,545,0.35,Camera Singola con Bagno Privato,109.09,no: city tax € 12 per stay paid on site; VAT included,yes,yes,https://www.booking.com/hotel/it/spqr.it.html?checkin=2026-10-01&checkout=2026-10-03&group_adults=1&no_rooms=1&group_children=0&selected_currency=EUR,booking.com,2026-09-07T12:47:12.025Z
2026-10-01,2026-10-03,2,1,2,Mikasa Piazza Bologna,guesthouse,,4.2,140,0.8,Camera Matrimoniale con Bagno Privato Esterno ,125.45,no: city tax € 14 per stay paid on site; VAT included,no,yes,https://www.booking.com/hotel/it/b-amp-b-l-39-arca-di-campaldino.it.html?checkin=2026-10-01&checkout=2026-10-03&group_adults=1&no_rooms=1&group_children=0&selected_currency=EUR,booking.com,2026-09-07T12:47:12.025Z
2026-10-01,2026-10-03,2,1,3,Suite and room,B&B,3T,7.6,259,0.7,Camera Singola Deluxe,148.14,no: city tax € 12 per stay paid on site; VAT included,no,no,https://www.booking.com/hotel/it/kiss-and-room.it.html?checkin=2026-10-01&checkout=2026-10-03&group_adults=1&no_rooms=1&group_children=0&selected_currency=EUR,booking.com,2026-09-07T12:47:12.025Z
2026-10-01,2026-10-03,2,1,4,Romulea Guest House,guesthouse,,6.2,674,0.4,Camera Matrimoniale con Bagno in Comune ,149.37,no: city tax € 10 per stay paid on site; VAT included,no,no,https://www.booking.com/hotel/it/romulea-guest-house.it.html?checkin=2026-10-01&checkout=2026-10-03&group_adults=1&no_rooms=1&group_children=0&selected_currency=EUR,booking.com,2026-09-07T12:47:12.025Z
2026-10-01,2026-10-03,2,1,5,"Tiburtina Suites, Roma",guesthouse,3T,7.6,93,0.6,Camera Matrimoniale con Bagno Privato,154.73,no: city tax € 12 per stay paid on site; VAT included,no,no,https://www.booking.com/hotel/it/tiburtina-suites.it.html?checkin=2026-10-01&checkout=2026-10-03&group_adults=1&no_rooms=1&group_children=0&selected_currency=EUR,booking.com,2026-09-07T12:47:12.025Z
2026-10-01,2026-10-03,2,1,6,La Dimora del Re,guesthouse,4T,8.8,164,0.7,Camera Matrimoniale con Balcone,163.64,no: city tax € 14 per stay paid on site; VAT included,yes,no,https://www.booking.com/hotel/it/la-dimora-del-re-roma1.it.html?checkin=2026-10-01&checkout=2026-10-03&group_adults=1&no_rooms=1&group_children=0&selected_currency=EUR,booking.com,2026-09-07T12:47:12.025Z
2026-10-01,2026-10-03,2,1,7,Dodo Holiday in Rome,guesthouse,4T,8,265,1.2,Camera Matrimoniale Deluxe con Balcone,167.20,no: city tax € 12 per stay paid on site; VAT included,no,no,https://www.booking.com/hotel/it/dodo-holiday-in-rome.it.html?checkin=2026-10-01&checkout=2026-10-03&group_adults=1&no_rooms=1&group_children=0&selected_currency=EUR,booking.com,2026-09-07T12:47:28.312Z
2026-10-01,2026-10-03,2,1,8,Atrium Regal Room,B&B,4T,7.7,45,0.4,Camera King Deluxe ,173.13,no: city tax € 12 per stay paid on site; VAT included,no,no,https://www.booking.com/hotel/it/atrium-regal-room.it.html?checkin=2026-10-01&checkout=2026-10-03&group_adults=1&no_rooms=1&group_children=0&selected_currency=EUR,booking.com,2026-09-07T12:47:12.025Z
2026-10-02,2026-10-04,2,1,1,B&B SPQR,B&B,2T,6,545,0.35,Camera Singola con Bagno Privato,109.09,no: city tax € 12 per stay paid on site; VAT included,yes,yes,https://www.booking.com/hotel/it/spqr.it.html?checkin=2026-10-02&checkout=2026-10-04&group_adults=1&no_rooms=1&group_children=0&selected_currency=EUR,booking.com,2026-09-07T12:47:41.671Z
2026-10-02,2026-10-04,2,1,2,Mikasa Piazza Bologna,guesthouse,,4.2,140,0.8,Camera Matrimoniale con Bagno Privato Esterno ,125.45,no: city tax € 14 per stay paid on site; VAT included,no,yes,https://www.booking.com/hotel/it/b-amp-b-l-39-arca-di-campaldino.it.html?checkin=2026-10-02&checkout=2026-10-04&group_adults=1&no_rooms=1&group_children=0&selected_currency=EUR,booking.com,2026-09-07T12:47:41.671Z
2026-10-02,2026-10-04,2,1,3,AFFITTACAMERE A CASA MIA,guesthouse,4T,8.8,478,0.35,Camera Singola Standard,137.12,no: city tax € 10 per stay paid on site; VAT included,no,no,https://www.booking.com/hotel/it/affittacamere-a-casa-mia.it.html?checkin=2026-10-02&checkout=2026-10-04&group_adults=1&no_rooms=1&group_children=0&selected_currency=EUR,booking.com,2026-09-07T12:47:41.671Z
2026-10-02,2026-10-04,2,1,4,Suite and room,B&B,3T,7.6,259,0.7,Camera Singola Deluxe,148.14,no: city tax € 12 per stay paid on site; VAT included,no,no,https://www.booking.com/hotel/it/kiss-and-room.it.html?checkin=2026-10-02&checkout=2026-10-04&group_adults=1&no_rooms=1&group_children=0&selected_currency=EUR,booking.com,2026-09-07T12:47:41.671Z
2026-10-02,2026-10-04,2,1,5,"Tiburtina Suites, Roma",guesthouse,3T,7.6,93,0.6,Camera Matrimoniale con Bagno Privato,158.91,no: city tax € 12 per stay paid on site; VAT included,no,no,https://www.booking.com/hotel/it/tiburtina-suites.it.html?checkin=2026-10-02&checkout=2026-10-04&group_adults=1&no_rooms=1&group_children=0&selected_currency=EUR,booking.com,2026-09-07T12:47:41.671Z
2026-10-02,2026-10-04,2,1,6,Elion,B&B,4T,8.9,152,0.9,Camera Singola con Bagno Privato Esterno,169.36,no: city tax € 12 per stay paid on site; VAT included,no,no,https://www.booking.com/hotel/it/elion-roma.it.html?checkin=2026-10-02&checkout=2026-10-04&group_adults=1&no_rooms=1&group_children=0&selected_currency=EUR,booking.com,2026-09-07T12:47:41.671Z
2026-10-02,2026-10-04,2,1,7,La Dimora del Re,guesthouse,4T,8.8,164,0.7,Camera Singola con Balcone,174.55,no: city tax € 14 per stay paid on site; VAT included,yes,no,https://www.booking.com/hotel/it/la-dimora-del-re-roma1.it.html?checkin=2026-10-02&checkout=2026-10-04&group_adults=1&no_rooms=1&group_children=0&selected_currency=EUR,booking.com,2026-09-07T12:47:41.671Z
2026-10-02,2026-10-04,2,1,8,"Nènè House Roma-Cuore, appartamento in comune",guesthouse,4T,9.1,9,0.9,Camera Matrimoniale con Bagno Privato,180.91,no: city tax € 10 per stay paid on site; VAT included,yes,no,https://www.booking.com/hotel/it/nene-house-roma.it.html?checkin=2026-10-02&checkout=2026-10-04&group_adults=1&no_rooms=1&group_children=0&selected_currency=EUR,booking.com,2026-09-07T12:47:41.671Z
2026-10-03,2026-10-05,2,1,1,Mikasa Piazza Bologna,guesthouse,,4.2,140,0.8,Camera Matrimoniale con Bagno Privato Esterno ,125.45,no: city tax € 14 per stay paid on site; VAT included,no,yes,https://www.booking.com/hotel/it/b-amp-b-l-39-arca-di-campaldino.it.html?checkin=2026-10-03&checkout=2026-10-05&group_adults=1&no_rooms=1&group_children=0&selected_currency=EUR,booking.com,2026-09-07T12:48:07.691Z
2026-10-03,2026-10-05,2,1,2,Domus Remo Room #2,guesthouse,3T,7.5,12,0.45,Camera Matrimoniale con Bagno Privato,127.37,no: city tax € 14 per stay paid on site; VAT included,no,no,https://www.booking.com/hotel/it/domus-remo-room.it.html?checkin=2026-10-03&checkout=2026-10-05&group_adults=1&no_rooms=1&group_children=0&selected_currency=EUR,booking.com,2026-09-07T12:48:07.691Z
2026-10-03,2026-10-05,2,1,3,Suite and room,B&B,3T,7.6,259,0.7,Camera Singola Deluxe,148.14,no: city tax € 12 per stay paid on site; VAT included,no,no,https://www.booking.com/hotel/it/kiss-and-room.it.html?checkin=2026-10-03&checkout=2026-10-05&group_adults=1&no_rooms=1&group_children=0&selected_currency=EUR,booking.com,2026-09-07T12:48:07.691Z
2026-10-03,2026-10-05,2,1,4,Gmm,guesthouse,3T,7.9,207,1.3,Camera Deluxe ,154.55,no: city tax € 14 per stay paid on site; VAT included,yes,yes,https://www.booking.com/hotel/it/gmm.it.html?checkin=2026-10-03&checkout=2026-10-05&group_adults=1&no_rooms=1&group_children=0&selected_currency=EUR,booking.com,2026-09-07T12:48:14.345Z
2026-10-03,2026-10-05,2,1,5,Kosafina Rooms,B&B,4T,9.6,21,0.45,Camera Matrimoniale Deluxe con Balcone,156.40,no: city tax € 12 per stay paid on site; VAT included,no,no,https://www.booking.com/hotel/it/kosafina-rooms.it.html?checkin=2026-10-03&checkout=2026-10-05&group_adults=1&no_rooms=1&group_children=0&selected_currency=EUR,booking.com,2026-09-07T12:48:07.691Z
2026-10-03,2026-10-05,2,1,6,"Tiburtina Suites, Roma",guesthouse,3T,7.6,93,0.6,Camera Matrimoniale con Bagno Privato,158.91,no: city tax € 12 per stay paid on site; VAT included,no,no,https://www.booking.com/hotel/it/tiburtina-suites.it.html?checkin=2026-10-03&checkout=2026-10-05&group_adults=1&no_rooms=1&group_children=0&selected_currency=EUR,booking.com,2026-09-07T12:48:07.691Z
2026-10-03,2026-10-05,2,1,7,La Dimora del Re,guesthouse,4T,8.8,164,0.7,Camera Singola con Balcone,169.09,no: city tax € 14 per stay paid on site; VAT included,yes,no,https://www.booking.com/hotel/it/la-dimora-del-re-roma1.it.html?checkin=2026-10-03&checkout=2026-10-05&group_adults=1&no_rooms=1&group_children=0&selected_currency=EUR,booking.com,2026-09-07T12:48:07.691Z
2026-10-03,2026-10-05,2,1,8,Elion,B&B,4T,8.9,152,0.9,Camera Singola con Bagno Privato Esterno,169.36,no: city tax € 12 per stay paid on site; VAT included,no,no,https://www.booking.com/hotel/it/elion-roma.it.html?checkin=2026-10-03&checkout=2026-10-05&group_adults=1&no_rooms=1&group_children=0&selected_currency=EUR,booking.com,2026-09-07T12:48:07.691Z
2026-10-04,2026-10-06,2,1,1,Mikasa Piazza Bologna,guesthouse,,4.2,140,0.8,Camera Matrimoniale con Bagno Privato Esterno ,125.45,no: city tax € 14 per stay paid on site; VAT included,no,yes,https://www.booking.com/hotel/it/b-amp-b-l-39-arca-di-campaldino.it.html?checkin=2026-10-04&checkout=2026-10-06&group_adults=1&no_rooms=1&group_children=0&selected_currency=EUR,booking.com,2026-09-07T12:48:33.776Z
2026-10-04,2026-10-06,2,1,2,Domus Remo Room #2,guesthouse,3T,7.5,12,0.45,Camera Matrimoniale con Bagno Privato,127.37,no: city tax € 14 per stay paid on site; VAT included,no,no,https://www.booking.com/hotel/it/domus-remo-room.it.html?checkin=2026-10-04&checkout=2026-10-06&group_adults=1&no_rooms=1&group_children=0&selected_currency=EUR,booking.com,2026-09-07T12:48:33.776Z
2026-10-04,2026-10-06,2,1,3,Home Sweet Home Tiburtina Station,guesthouse,,8.1,194,0.6,Camera Budget Doppia con Letti Singoli,145.45,no: city tax € 14 per stay paid on site; VAT included,yes,no,https://www.booking.com/hotel/it/home-sweet-home-tiburtina-station.it.html?checkin=2026-10-04&checkout=2026-10-06&group_adults=1&no_rooms=1&group_children=0&selected_currency=EUR,booking.com,2026-09-07T12:48:33.776Z
2026-10-04,2026-10-06,2,1,4,La Quiete,guesthouse,3T,8,420,0.25,Camera Singola Economy,154.55,no: city tax € 10 per stay paid on site; VAT included,yes,no,https://www.booking.com/hotel/it/la-quiete-roma.it.html?checkin=2026-10-04&checkout=2026-10-06&group_adults=1&no_rooms=1&group_children=0&selected_currency=EUR,booking.com,2026-09-07T12:48:33.776Z
2026-10-04,2026-10-06,2,1,5,Gmm,guesthouse,3T,7.9,207,1.3,Camera Deluxe ,154.55,no: city tax € 14 per stay paid on site; VAT included,yes,yes,https://www.booking.com/hotel/it/gmm.it.html?checkin=2026-10-04&checkout=2026-10-06&group_adults=1&no_rooms=1&group_children=0&selected_currency=EUR,booking.com,2026-09-07T12:48:47.776Z
2026-10-04,2026-10-06,2,1,6,"Tiburtina Suites, Roma",guesthouse,3T,7.6,93,0.6,Camera Matrimoniale con Balcone,154.73,no: city tax € 12 per stay paid on site; VAT included,no,no,https://www.booking.com/hotel/it/tiburtina-suites.it.html?checkin=2026-10-04&checkout=2026-10-06&group_adults=1&no_rooms=1&group_children=0&selected_currency=EUR,booking.com,2026-09-07T12:48:33.776Z
2026-10-04,2026-10-06,2,1,7,Kosafina Rooms,B&B,4T,9.6,21,0.45,Camera Matrimoniale Deluxe con Balcone,156.40,no: city tax € 12 per stay paid on site; VAT included,no,no,https://www.booking.com/hotel/it/kosafina-rooms.it.html?checkin=2026-10-04&checkout=2026-10-06&group_adults=1&no_rooms=1&group_children=0&selected_currency=EUR,booking.com,2026-09-07T12:48:33.776Z
2026-10-04,2026-10-06,2,1,8,Alba White,guesthouse,4T,8.9,120,0.6,Camera Deluxe Matrimoniale/Doppia con Letti Singoli,162.59,no: city tax € 14 per stay paid on site; VAT included,no,no,https://www.booking.com/hotel/it/alba-white.it.html?checkin=2026-10-04&checkout=2026-10-06&group_adults=1&no_rooms=1&group_children=0&selected_currency=EUR,booking.com,2026-09-07T12:48:33.776Z
2026-10-05,2026-10-07,2,1,1,B&B SPQR,B&B,2T,6,545,0.35,Camera Singola con Bagno Privato,109.09,no: city tax € 12 per stay paid on site; VAT included,yes,yes,https://www.booking.com/hotel/it/spqr.it.html?checkin=2026-10-05&checkout=2026-10-07&group_adults=1&no_rooms=1&group_children=0&selected_currency=EUR,booking.com,2026-09-07T12:49:04.356Z
2026-10-05,2026-10-07,2,1,2,Mikasa Piazza Bologna,guesthouse,,4.2,140,0.8,Camera Matrimoniale con Bagno Privato Esterno ,125.45,no: city tax € 14 per stay paid on site; VAT included,no,yes,https://www.booking.com/hotel/it/b-amp-b-l-39-arca-di-campaldino.it.html?checkin=2026-10-05&checkout=2026-10-07&group_adults=1&no_rooms=1&group_children=0&selected_currency=EUR,booking.com,2026-09-07T12:49:04.356Z
2026-10-05,2026-10-07,2,1,3,Domus Remo Room #2,guesthouse,3T,7.5,12,0.45,Camera Matrimoniale con Bagno Privato,127.37,no: city tax € 14 per stay paid on site; VAT included,no,no,https://www.booking.com/hotel/it/domus-remo-room.it.html?checkin=2026-10-05&checkout=2026-10-07&group_adults=1&no_rooms=1&group_children=0&selected_currency=EUR,booking.com,2026-09-07T12:49:04.356Z
2026-10-05,2026-10-07,2,1,4,Domus Remo Room #3,guesthouse,4T,9,29,0.45,Camera Matrimoniale con Bagno Privato,140.91,no: city tax € 14 per stay paid on site; VAT included,no,no,https://www.booking.com/hotel/it/domus-remo-room-3.it.html?checkin=2026-10-05&checkout=2026-10-07&group_adults=1&no_rooms=1&group_children=0&selected_currency=EUR,booking.com,2026-09-07T12:49:04.356Z
2026-10-05,2026-10-07,2,1,5,Home Sweet Home Tiburtina Station,guesthouse,,8.1,194,0.6,Camera Budget Doppia con Letti Singoli,145.45,no: city tax € 14 per stay paid on site; VAT included,yes,no,https://www.booking.com/hotel/it/home-sweet-home-tiburtina-station.it.html?checkin=2026-10-05&checkout=2026-10-07&group_adults=1&no_rooms=1&group_children=0&selected_currency=EUR,booking.com,2026-09-07T12:49:04.356Z
2026-10-05,2026-10-07,2,1,6,Days In Rome,guesthouse,4T,8.3,334,1.2,Camera Matrimoniale con Balcone,147.27,no: city tax € 12 per stay paid on site; VAT included,yes,no,https://www.booking.com/hotel/it/days-in-rome.it.html?checkin=2026-10-05&checkout=2026-10-07&group_adults=1&no_rooms=1&group_children=0&selected_currency=EUR,booking.com,2026-09-07T12:49:10.450Z
2026-10-05,2026-10-07,2,1,7,Romulea Guest House,guesthouse,,6.2,675,0.4,Camera Matrimoniale con Bagno in Comune ,149.37,no: city tax € 10 per stay paid on site; VAT included,no,no,https://www.booking.com/hotel/it/romulea-guest-house.it.html?checkin=2026-10-05&checkout=2026-10-07&group_adults=1&no_rooms=1&group_children=0&selected_currency=EUR,booking.com,2026-09-07T12:49:04.356Z
2026-10-05,2026-10-07,2,1,8,"Tiburtina Suites, Roma",guesthouse,3T,7.6,93,0.6,Camera Matrimoniale con Balcone,150.55,no: city tax € 12 per stay paid on site; VAT included,no,no,https://www.booking.com/hotel/it/tiburtina-suites.it.html?checkin=2026-10-05&checkout=2026-10-07&group_adults=1&no_rooms=1&group_children=0&selected_currency=EUR,booking.com,2026-09-07T12:49:04.356Z
2026-10-06,2026-10-08,2,1,1,B&B SPQR,B&B,2T,6,545,0.35,Camera Singola con Bagno Privato,109.09,no: city tax € 12 per stay paid on site; VAT included,yes,yes,https://www.booking.com/hotel/it/spqr.it.html?checkin=2026-10-06&checkout=2026-10-08&group_adults=1&no_rooms=1&group_children=0&selected_currency=EUR,booking.com,2026-09-07T12:49:39.150Z
2026-10-06,2026-10-08,2,1,2,TIBURTINA INN GUEST HOUSE,guesthouse,3T,7.5,662,0.4,Camera Singola Economy,114.55,no: city tax € 14 per stay paid on site; VAT included,yes,no,https://www.booking.com/hotel/it/tiburtina-inn-guest-house.it.html?checkin=2026-10-06&checkout=2026-10-08&group_adults=1&no_rooms=1&group_children=0&selected_currency=EUR,booking.com,2026-09-07T12:49:39.150Z
2026-10-06,2026-10-08,2,1,3,Mikasa Piazza Bologna,guesthouse,,4.2,140,0.8,Camera Matrimoniale con Bagno Privato Esterno ,125.45,no: city tax € 14 per stay paid on site; VAT included,no,yes,https://www.booking.com/hotel/it/b-amp-b-l-39-arca-di-campaldino.it.html?checkin=2026-10-06&checkout=2026-10-08&group_adults=1&no_rooms=1&group_children=0&selected_currency=EUR,booking.com,2026-09-07T12:49:39.150Z
2026-10-06,2026-10-08,2,1,4,Gmm,guesthouse,3T,7.9,207,1.3,Camera Singola Ampia,136.36,no: city tax € 14 per stay paid on site; VAT included,yes,yes,https://www.booking.com/hotel/it/gmm.it.html?checkin=2026-10-06&checkout=2026-10-08&group_adults=1&no_rooms=1&group_children=0&selected_currency=EUR,booking.com,2026-09-07T12:49:45.639Z
2026-10-06,2026-10-08,2,1,5,Domus Remo Room #3,guesthouse,4T,9,29,0.45,Camera Matrimoniale con Bagno Privato,140.91,no: city tax € 14 per stay paid on site; VAT included,no,no,https://www.booking.com/hotel/it/domus-remo-room-3.it.html?checkin=2026-10-06&checkout=2026-10-08&group_adults=1&no_rooms=1&group_children=0&selected_currency=EUR,booking.com,2026-09-07T12:49:39.150Z
2026-10-06,2026-10-08,2,1,6,Home Sweet Home Tiburtina Station,guesthouse,,8.1,194,0.6,Camera Budget Doppia con Letti Singoli,145.45,no: city tax € 14 per stay paid on site; VAT included,yes,no,https://www.booking.com/hotel/it/home-sweet-home-tiburtina-station.it.html?checkin=2026-10-06&checkout=2026-10-08&group_adults=1&no_rooms=1&group_children=0&selected_currency=EUR,booking.com,2026-09-07T12:49:39.150Z
2026-10-06,2026-10-08,2,1,7,Romulea Guest House,guesthouse,,6.2,675,0.4,Camera Matrimoniale con Bagno in Comune ,149.37,no: city tax € 10 per stay paid on site; VAT included,no,no,https://www.booking.com/hotel/it/romulea-guest-house.it.html?checkin=2026-10-06&checkout=2026-10-08&group_adults=1&no_rooms=1&group_children=0&selected_currency=EUR,booking.com,2026-09-07T12:49:39.150Z
2026-10-06,2026-10-08,2,1,8,"Tiburtina Suites, Roma",guesthouse,3T,7.6,93,0.6,Camera Matrimoniale con Balcone,150.55,no: city tax € 12 per stay paid on site; VAT included,no,no,https://www.booking.com/hotel/it/tiburtina-suites.it.html?checkin=2026-10-06&checkout=2026-10-08&group_adults=1&no_rooms=1&group_children=0&selected_currency=EUR,booking.com,2026-09-07T12:49:39.150Z
2026-10-07,2026-10-09,2,1,1,B&B SPQR,B&B,2T,6,545,0.35,Camera Singola con Bagno Privato,109.09,no: city tax € 12 per stay paid on site; VAT included,yes,yes,https://www.booking.com/hotel/it/spqr.it.html?checkin=2026-10-07&checkout=2026-10-09&group_adults=1&no_rooms=1&group_children=0&selected_currency=EUR,booking.com,2026-09-07T12:50:04.959Z
2026-10-07,2026-10-09,2,1,2,TIBURTINA INN GUEST HOUSE,guesthouse,3T,7.5,662,0.4,Camera Singola Economy,114.55,no: city tax € 14 per stay paid on site; VAT included,yes,no,https://www.booking.com/hotel/it/tiburtina-inn-guest-house.it.html?checkin=2026-10-07&checkout=2026-10-09&group_adults=1&no_rooms=1&group_children=0&selected_currency=EUR,booking.com,2026-09-07T12:50:04.959Z
2026-10-07,2026-10-09,2,1,3,Mikasa Piazza Bologna,guesthouse,,4.2,140,0.8,Camera Matrimoniale con Bagno Privato Esterno ,125.45,no: city tax € 14 per stay paid on site; VAT included,no,yes,https://www.booking.com/hotel/it/b-amp-b-l-39-arca-di-campaldino.it.html?checkin=2026-10-07&checkout=2026-10-09&group_adults=1&no_rooms=1&group_children=0&selected_currency=EUR,booking.com,2026-09-07T12:50:04.959Z
2026-10-07,2026-10-09,2,1,4,Gmm,guesthouse,3T,7.9,207,1.3,Camera Singola Ampia,136.36,no: city tax € 14 per stay paid on site; VAT included,yes,yes,https://www.booking.com/hotel/it/gmm.it.html?checkin=2026-10-07&checkout=2026-10-09&group_adults=1&no_rooms=1&group_children=0&selected_currency=EUR,booking.com,2026-09-07T12:50:11.804Z
2026-10-07,2026-10-09,2,1,5,"Nènè House Roma-Farfalla, appartamento in comune",guesthouse,,6.5,4,0.9,Camera Matrimoniale con Bagno Privato,146.36,no: city tax € 10 per stay paid on site; VAT included,yes,no,https://www.booking.com/hotel/it/nene-house-roma-farfalla.it.html?checkin=2026-10-07&checkout=2026-10-09&group_adults=1&no_rooms=1&group_children=0&selected_currency=EUR,booking.com,2026-09-07T12:50:04.959Z
2026-10-07,2026-10-09,2,1,6,Romulea Guest House,guesthouse,,6.2,675,0.4,Camera Matrimoniale con Bagno in Comune ,149.37,no: city tax € 10 per stay paid on site; VAT included,no,no,https://www.booking.com/hotel/it/romulea-guest-house.it.html?checkin=2026-10-07&checkout=2026-10-09&group_adults=1&no_rooms=1&group_children=0&selected_currency=EUR,booking.com,2026-09-07T12:50:04.959Z
2026-10-07,2026-10-09,2,1,7,Home Sweet Home Tiburtina Station,guesthouse,,8.1,194,0.6,Camera Matrimoniale,150.55,no: city tax € 14 per stay paid on site; VAT included,no,no,https://www.booking.com/hotel/it/home-sweet-home-tiburtina-station.it.html?checkin=2026-10-07&checkout=2026-10-09&group_adults=1&no_rooms=1&group_children=0&selected_currency=EUR,booking.com,2026-09-07T12:50:04.959Z
2026-10-07,2026-10-09,2,1,8,"Tiburtina Suites, Roma",guesthouse,3T,7.6,93,0.6,Camera Matrimoniale con Balcone,150.55,no: city tax € 12 per stay paid on site; VAT included,no,no,https://www.booking.com/hotel/it/tiburtina-suites.it.html?checkin=2026-10-07&checkout=2026-10-09&group_adults=1&no_rooms=1&group_children=0&selected_currency=EUR,booking.com,2026-09-07T12:50:04.959Z
2026-10-08,2026-10-10,2,1,1,TIBURTINA INN GUEST HOUSE,guesthouse,3T,7.5,662,0.4,Camera Singola Economy,114.55,no: city tax € 14 per stay paid on site; VAT included,yes,no,https://www.booking.com/hotel/it/tiburtina-inn-guest-house.it.html?checkin=2026-10-08&checkout=2026-10-10&group_adults=1&no_rooms=1&group_children=0&selected_currency=EUR,booking.com,2026-09-07T12:50:25.804Z
2026-10-08,2026-10-10,2,1,2,Mikasa Piazza Bologna,guesthouse,,4.2,140,0.8,Camera Matrimoniale con Bagno Privato Esterno ,125.45,no: city tax € 14 per stay paid on site; VAT included,no,yes,https://www.booking.com/hotel/it/b-amp-b-l-39-arca-di-campaldino.it.html?checkin=2026-10-08&checkout=2026-10-10&group_adults=1&no_rooms=1&group_children=0&selected_currency=EUR,booking.com,2026-09-07T12:50:25.804Z
2026-10-08,2026-10-10,2,1,3,Gmm,guesthouse,3T,7.9,207,1.3,Camera Singola Ampia,136.36,no: city tax € 14 per stay paid on site; VAT included,yes,yes,https://www.booking.com/hotel/it/gmm.it.html?checkin=2026-10-08&checkout=2026-10-10&group_adults=1&no_rooms=1&group_children=0&selected_currency=EUR,booking.com,2026-09-07T12:50:34.531Z
2026-10-08,2026-10-10,2,1,4,B&B SPQR,B&B,2T,6,545,0.35,Camera Matrimoniale con Bagno Privato,138.18,no: city tax € 12 per stay paid on site; VAT included,yes,yes,https://www.booking.com/hotel/it/spqr.it.html?checkin=2026-10-08&checkout=2026-10-10&group_adults=1&no_rooms=1&group_children=0&selected_currency=EUR,booking.com,2026-09-07T12:50:25.804Z
2026-10-08,2026-10-10,2,1,5,Romulea Guest House,guesthouse,,6.2,675,0.4,Camera Matrimoniale con Bagno in Comune ,149.37,no: city tax € 10 per stay paid on site; VAT included,no,no,https://www.booking.com/hotel/it/romulea-guest-house.it.html?checkin=2026-10-08&checkout=2026-10-10&group_adults=1&no_rooms=1&group_children=0&selected_currency=EUR,booking.com,2026-09-07T12:50:25.804Z
2026-10-08,2026-10-10,2,1,6,La Quiete,guesthouse,3T,8,420,0.25,Camera Singola Economy,154.55,no: city tax € 10 per stay paid on site; VAT included,yes,no,https://www.booking.com/hotel/it/la-quiete-roma.it.html?checkin=2026-10-08&checkout=2026-10-10&group_adults=1&no_rooms=1&group_children=0&selected_currency=EUR,booking.com,2026-09-07T12:50:25.804Z
2026-10-08,2026-10-10,2,1,7,"Tiburtina Suites, Roma",guesthouse,3T,7.6,93,0.6,Camera Matrimoniale con Balcone,154.73,no: city tax € 12 per stay paid on site; VAT included,no,no,https://www.booking.com/hotel/it/tiburtina-suites.it.html?checkin=2026-10-08&checkout=2026-10-10&group_adults=1&no_rooms=1&group_children=0&selected_currency=EUR,booking.com,2026-09-07T12:50:25.804Z
2026-10-08,2026-10-10,2,1,8,"Nènè House Roma-Farfalla, appartamento in comune",guesthouse,,6.5,4,0.9,Camera Matrimoniale con Bagno Privato,161.82,no: city tax € 10 per stay paid on site; VAT included,yes,no,https://www.booking.com/hotel/it/nene-house-roma-farfalla.it.html?checkin=2026-10-08&checkout=2026-10-10&group_adults=1&no_rooms=1&group_children=0&selected_currency=EUR,booking.com,2026-09-07T12:50:25.804Z
2026-10-09,2026-10-11,2,1,1,Mikasa Piazza Bologna,guesthouse,,4.2,140,0.8,Camera Matrimoniale con Bagno Privato Esterno ,125.45,no: city tax € 14 per stay paid on site; VAT included,no,yes,https://www.booking.com/hotel/it/b-amp-b-l-39-arca-di-campaldino.it.html?checkin=2026-10-09&checkout=2026-10-11&group_adults=1&no_rooms=1&group_children=0&selected_currency=EUR,booking.com,2026-09-07T12:50:55.338Z
2026-10-09,2026-10-11,2,1,2,Gmm,guesthouse,3T,7.9,207,1.3,Camera Singola Ampia,136.36,no: city tax € 14 per stay paid on site; VAT included,yes,yes,https://www.booking.com/hotel/it/gmm.it.html?checkin=2026-10-09&checkout=2026-10-11&group_adults=1&no_rooms=1&group_children=0&selected_currency=EUR,booking.com,2026-09-07T12:51:02.219Z
2026-10-09,2026-10-11,2,1,3,B&B SPQR,B&B,2T,6,545,0.35,Camera Matrimoniale con Bagno Privato,138.18,no: city tax € 12 per stay paid on site; VAT included,yes,yes,https://www.booking.com/hotel/it/spqr.it.html?checkin=2026-10-09&checkout=2026-10-11&group_adults=1&no_rooms=1&group_children=0&selected_currency=EUR,booking.com,2026-09-07T12:50:55.338Z
2026-10-09,2026-10-11,2,1,4,Romulea Guest House,guesthouse,,6.2,675,0.4,Camera Matrimoniale con Bagno in Comune ,149.37,no: city tax € 10 per stay paid on site; VAT included,no,no,https://www.booking.com/hotel/it/romulea-guest-house.it.html?checkin=2026-10-09&checkout=2026-10-11&group_adults=1&no_rooms=1&group_children=0&selected_currency=EUR,booking.com,2026-09-07T12:50:55.338Z
2026-10-09,2026-10-11,2,1,5,"Tiburtina Suites, Roma",guesthouse,3T,7.6,93,0.6,Camera Matrimoniale con Balcone,158.91,no: city tax € 12 per stay paid on site; VAT included,no,no,https://www.booking.com/hotel/it/tiburtina-suites.it.html?checkin=2026-10-09&checkout=2026-10-11&group_adults=1&no_rooms=1&group_children=0&selected_currency=EUR,booking.com,2026-09-07T12:50:55.338Z
2026-10-09,2026-10-11,2,1,6,Elion,B&B,4T,8.9,152,0.9,Camera Singola con Bagno Privato Esterno,169.36,no: city tax € 12 per stay paid on site; VAT included,no,no,https://www.booking.com/hotel/it/elion-roma.it.html?checkin=2026-10-09&checkout=2026-10-11&group_adults=1&no_rooms=1&group_children=0&selected_currency=EUR,booking.com,2026-09-07T12:50:55.338Z
2026-10-09,2026-10-11,2,1,7,"Nènè House Roma-Farfalla, appartamento in comune",guesthouse,,6.5,4,0.9,Camera Matrimoniale con Bagno Privato,176.36,no: city tax € 10 per stay paid on site; VAT included,yes,no,https://www.booking.com/hotel/it/nene-house-roma-farfalla.it.html?checkin=2026-10-09&checkout=2026-10-11&group_adults=1&no_rooms=1&group_children=0&selected_currency=EUR,booking.com,2026-09-07T12:50:55.338Z
2026-10-09,2026-10-11,2,1,8,"LUXOR ECO ROMA CASA E APPARTAMENTO PER VACANZE IN CENTRO Piazza Bologna, Colosseo, Piazza di Spagna, Vaticano, San Pietro, Sapienza, Fontana di Trevi, Piazza Navona, Trastevere, Tiburtina, Termini, Aeroporto",B&B,4T,9,357,0.8,Camera Matrimoniale,181.73,no: city tax € 12 per stay paid on site; VAT included,yes,no,https://www.booking.com/hotel/it/fashion-lux.it.html?checkin=2026-10-09&checkout=2026-10-11&group_adults=1&no_rooms=1&group_children=0&selected_currency=EUR,booking.com,2026-09-07T12:50:55.338Z
2026-10-10,2026-10-12,2,1,1,Mikasa Piazza Bologna,guesthouse,,4.2,140,0.8,Camera Matrimoniale con Bagno Privato Esterno ,125.45,no: city tax € 14 per stay paid on site; VAT included,no,yes,https://www.booking.com/hotel/it/b-amp-b-l-39-arca-di-campaldino.it.html?checkin=2026-10-10&checkout=2026-10-12&group_adults=1&no_rooms=1&group_children=0&selected_currency=EUR,booking.com,2026-09-07T12:51:16.758Z
2026-10-10,2026-10-12,2,1,2,Affittacamere Tiburstation,guesthouse,3T,7.8,179,0.9,Camera Singola,135.08,no: city tax € 14 per stay paid on site; VAT included,no,no,https://www.booking.com/hotel/it/tibur-station.it.html?checkin=2026-10-10&checkout=2026-10-12&group_adults=1&no_rooms=1&group_children=0&selected_currency=EUR,booking.com,2026-09-07T12:51:16.758Z
2026-10-10,2026-10-12,2,1,3,Gmm,guesthouse,3T,7.9,207,1.3,Camera Singola Ampia,136.36,no: city tax € 14 per stay paid on site; VAT included,yes,yes,https://www.booking.com/hotel/it/gmm.it.html?checkin=2026-10-10&checkout=2026-10-12&group_adults=1&no_rooms=1&group_children=0&selected_currency=EUR,booking.com,2026-09-07T12:51:22.797Z
2026-10-10,2026-10-12,2,1,4,Romulea Guest House,guesthouse,,6.2,675,0.4,Camera Matrimoniale con Bagno in Comune ,149.37,no: city tax € 10 per stay paid on site; VAT included,no,no,https://www.booking.com/hotel/it/romulea-guest-house.it.html?checkin=2026-10-10&checkout=2026-10-12&group_adults=1&no_rooms=1&group_children=0&selected_currency=EUR,booking.com,2026-09-07T12:51:16.758Z
2026-10-10,2026-10-12,2,1,5,"Tiburtina Suites, Roma",guesthouse,3T,7.6,93,0.6,Camera Matrimoniale con Balcone,158.91,no: city tax € 12 per stay paid on site; VAT included,no,no,https://www.booking.com/hotel/it/tiburtina-suites.it.html?checkin=2026-10-10&checkout=2026-10-12&group_adults=1&no_rooms=1&group_children=0&selected_currency=EUR,booking.com,2026-09-07T12:51:16.758Z
2026-10-10,2026-10-12,2,1,6,La Dolce Casa,B&B,,9.6,184,1.5,Camera Singola con Bagno Privato,163.64,no: city tax € 12 per stay paid on site; VAT included,yes,yes,https://www.booking.com/hotel/it/la-dolce-casa-roma.it.html?checkin=2026-10-10&checkout=2026-10-12&group_adults=1&no_rooms=1&group_children=0&selected_currency=EUR,booking.com,2026-09-07T12:51:30.324Z
2026-10-10,2026-10-12,2,1,7,Elion,B&B,4T,8.9,152,0.9,Camera Singola con Bagno Privato Esterno,169.36,no: city tax € 12 per stay paid on site; VAT included,no,no,https://www.booking.com/hotel/it/elion-roma.it.html?checkin=2026-10-10&checkout=2026-10-12&group_adults=1&no_rooms=1&group_children=0&selected_currency=EUR,booking.com,2026-09-07T12:51:16.758Z
2026-10-10,2026-10-12,2,1,8,Tiburtina Urban Rooms,guesthouse,4T,9,55,0.5,Camera Matrimoniale con Bagno Privato,176.97,no: city tax € 12 per stay paid on site; VAT included,no,no,https://www.booking.com/hotel/it/urban-tiburtina-room.it.html?checkin=2026-10-10&checkout=2026-10-12&group_adults=1&no_rooms=1&group_children=0&selected_currency=EUR,booking.com,2026-09-07T12:51:16.758Z
2026-10-11,2026-10-13,2,1,1,Mikasa Piazza Bologna,guesthouse,,4.2,140,0.8,Camera Matrimoniale con Bagno Privato Esterno ,125.45,no: city tax € 14 per stay paid on site; VAT included,no,yes,https://www.booking.com/hotel/it/b-amp-b-l-39-arca-di-campaldino.it.html?checkin=2026-10-11&checkout=2026-10-13&group_adults=1&no_rooms=1&group_children=0&selected_currency=EUR,booking.com,2026-09-07T12:51:44.276Z
2026-10-11,2026-10-13,2,1,2,Affittacamere Tiburstation,guesthouse,3T,7.8,179,0.9,Camera Singola,135.08,no: city tax € 14 per stay paid on site; VAT included,no,no,https://www.booking.com/hotel/it/tibur-station.it.html?checkin=2026-10-11&checkout=2026-10-13&group_adults=1&no_rooms=1&group_children=0&selected_currency=EUR,booking.com,2026-09-07T12:51:44.276Z
2026-10-11,2026-10-13,2,1,3,Gmm,guesthouse,3T,7.9,207,1.3,Camera Singola Ampia,136.36,no: city tax € 14 per stay paid on site; VAT included,yes,yes,https://www.booking.com/hotel/it/gmm.it.html?checkin=2026-10-11&checkout=2026-10-13&group_adults=1&no_rooms=1&group_children=0&selected_currency=EUR,booking.com,2026-09-07T12:51:50.795Z
2026-10-11,2026-10-13,2,1,4,Days In Rome,guesthouse,4T,8.3,334,1.2,Camera Doppia con Letti Singoli con Bagno Privato ,138.18,no: city tax € 12 per stay paid on site; VAT included,yes,no,https://www.booking.com/hotel/it/days-in-rome.it.html?checkin=2026-10-11&checkout=2026-10-13&group_adults=1&no_rooms=1&group_children=0&selected_currency=EUR,booking.com,2026-09-07T12:51:50.795Z
2026-10-11,2026-10-13,2,1,5,Domus Remo Room #3,guesthouse,4T,9,29,0.45,Camera Matrimoniale con Bagno Privato,140.91,no: city tax € 14 per stay paid on site; VAT included,no,no,https://www.booking.com/hotel/it/domus-remo-room-3.it.html?checkin=2026-10-11&checkout=2026-10-13&group_adults=1&no_rooms=1&group_children=0&selected_currency=EUR,booking.com,2026-09-07T12:51:44.276Z
2026-10-11,2026-10-13,2,1,6,Il Magnificus Boutique,guesthouse,4T,9.2,476,0.35,Camera King Deluxe ,142.27,no: city tax € 14 per stay paid on site; VAT included,no,no,https://www.booking.com/hotel/it/il-magnificus-boutique.it.html?checkin=2026-10-11&checkout=2026-10-13&group_adults=1&no_rooms=1&group_children=0&selected_currency=EUR,booking.com,2026-09-07T12:51:44.276Z
2026-10-11,2026-10-13,2,1,7,Romulea Guest House,guesthouse,,6.2,675,0.4,Camera Matrimoniale con Bagno in Comune ,149.37,no: city tax € 10 per stay paid on site; VAT included,no,no,https://www.booking.com/hotel/it/romulea-guest-house.it.html?checkin=2026-10-11&checkout=2026-10-13&group_adults=1&no_rooms=1&group_children=0&selected_currency=EUR,booking.com,2026-09-07T12:51:44.276Z
2026-10-11,2026-10-13,2,1,8,"Tiburtina Suites, Roma",guesthouse,3T,7.6,93,0.6,Camera Matrimoniale con Balcone,154.73,no: city tax € 12 per stay paid on site; VAT included,no,no,https://www.booking.com/hotel/it/tiburtina-suites.it.html?checkin=2026-10-11&checkout=2026-10-13&group_adults=1&no_rooms=1&group_children=0&selected_currency=EUR,booking.com,2026-09-07T12:51:44.276Z
2026-10-12,2026-10-14,2,1,1,Mikasa Piazza Bologna,guesthouse,,4.2,140,0.8,Camera Matrimoniale con Bagno Privato Esterno ,125.45,no: city tax € 14 per stay paid on site; VAT included,no,yes,https://www.booking.com/hotel/it/b-amp-b-l-39-arca-di-campaldino.it.html?checkin=2026-10-12&checkout=2026-10-14&group_adults=1&no_rooms=1&group_children=0&selected_currency=EUR,booking.com,2026-09-07T12:52:11.930Z
2026-10-12,2026-10-14,2,1,2,Domus Remo Room #2,guesthouse,3T,7.5,12,0.45,Camera Matrimoniale con Bagno Privato,127.37,no: city tax € 14 per stay paid on site; VAT included,no,no,https://www.booking.com/hotel/it/domus-remo-room.it.html?checkin=2026-10-12&checkout=2026-10-14&group_adults=1&no_rooms=1&group_children=0&selected_currency=EUR,booking.com,2026-09-07T12:52:11.930Z
2026-10-12,2026-10-14,2,1,3,Affittacamere Tiburstation,guesthouse,3T,7.8,179,0.9,Camera Singola,135.08,no: city tax € 14 per stay paid on site; VAT included,no,no,https://www.booking.com/hotel/it/tibur-station.it.html?checkin=2026-10-12&checkout=2026-10-14&group_adults=1&no_rooms=1&group_children=0&selected_currency=EUR,booking.com,2026-09-07T12:52:11.930Z
2026-10-12,2026-10-14,2,1,4,Gmm,guesthouse,3T,7.9,207,1.3,Camera Singola Ampia,136.36,no: city tax € 14 per stay paid on site; VAT included,yes,yes,https://www.booking.com/hotel/it/gmm.it.html?checkin=2026-10-12&checkout=2026-10-14&group_adults=1&no_rooms=1&group_children=0&selected_currency=EUR,booking.com,2026-09-07T12:52:18.080Z
2026-10-12,2026-10-14,2,1,5,B&B SPQR,B&B,2T,6,545,0.35,Camera Matrimoniale con Bagno Privato,138.18,no: city tax € 12 per stay paid on site; VAT included,yes,yes,https://www.booking.com/hotel/it/spqr.it.html?checkin=2026-10-12&checkout=2026-10-14&group_adults=1&no_rooms=1&group_children=0&selected_currency=EUR,booking.com,2026-09-07T12:52:11.930Z
2026-10-12,2026-10-14,2,1,6,Domus Remo Room #3,guesthouse,4T,9,29,0.45,Camera Matrimoniale con Bagno Privato,140.91,no: city tax € 14 per stay paid on site; VAT included,no,no,https://www.booking.com/hotel/it/domus-remo-room-3.it.html?checkin=2026-10-12&checkout=2026-10-14&group_adults=1&no_rooms=1&group_children=0&selected_currency=EUR,booking.com,2026-09-07T12:52:11.930Z
2026-10-12,2026-10-14,2,1,7,Romulea Guest House,guesthouse,,6.2,675,0.4,Camera Matrimoniale con Bagno in Comune ,149.37,no: city tax € 10 per stay paid on site; VAT included,no,no,https://www.booking.com/hotel/it/romulea-guest-house.it.html?checkin=2026-10-12&checkout=2026-10-14&group_adults=1&no_rooms=1&group_children=0&selected_currency=EUR,booking.com,2026-09-07T12:52:11.930Z
2026-10-12,2026-10-14,2,1,8,"Tiburtina Suites, Roma",guesthouse,3T,7.6,93,0.6,Camera Matrimoniale con Balcone,150.55,no: city tax € 12 per stay paid on site; VAT included,no,no,https://www.booking.com/hotel/it/tiburtina-suites.it.html?checkin=2026-10-12&checkout=2026-10-14&group_adults=1&no_rooms=1&group_children=0&selected_currency=EUR,booking.com,2026-09-07T12:52:11.930Z
2026-10-13,2026-10-15,2,1,1,TIBURTINA INN GUEST HOUSE,guesthouse,3T,7.5,662,0.4,Camera Singola Economy,114.55,no: city tax € 14 per stay paid on site; VAT included,yes,no,https://www.booking.com/hotel/it/tiburtina-inn-guest-house.it.html?checkin=2026-10-13&checkout=2026-10-15&group_adults=1&no_rooms=1&group_children=0&selected_currency=EUR,booking.com,2026-09-07T12:52:38.238Z
2026-10-13,2026-10-15,2,1,2,Mikasa Piazza Bologna,guesthouse,,4.2,140,0.8,Camera Matrimoniale con Bagno Privato Esterno ,125.45,no: city tax € 14 per stay paid on site; VAT included,no,yes,https://www.booking.com/hotel/it/b-amp-b-l-39-arca-di-campaldino.it.html?checkin=2026-10-13&checkout=2026-10-15&group_adults=1&no_rooms=1&group_children=0&selected_currency=EUR,booking.com,2026-09-07T12:52:38.238Z
2026-10-13,2026-10-15,2,1,3,Domus Remo Room #2,guesthouse,3T,7.5,12,0.45,Camera Matrimoniale con Bagno Privato,127.37,no: city tax € 14 per stay paid on site; VAT included,no,no,https://www.booking.com/hotel/it/domus-remo-room.it.html?checkin=2026-10-13&checkout=2026-10-15&group_adults=1&no_rooms=1&group_children=0&selected_currency=EUR,booking.com,2026-09-07T12:52:38.238Z
2026-10-13,2026-10-15,2,1,4,Affittacamere Tiburstation,guesthouse,3T,7.8,179,0.9,Camera Singola,135.08,no: city tax € 14 per stay paid on site; VAT included,no,no,https://www.booking.com/hotel/it/tibur-station.it.html?checkin=2026-10-13&checkout=2026-10-15&group_adults=1&no_rooms=1&group_children=0&selected_currency=EUR,booking.com,2026-09-07T12:52:38.238Z
2026-10-13,2026-10-15,2,1,5,B&B SPQR,B&B,2T,6,545,0.35,Camera Matrimoniale con Bagno Privato,138.18,no: city tax € 12 per stay paid on site; VAT included,yes,yes,https://www.booking.com/hotel/it/spqr.it.html?checkin=2026-10-13&checkout=2026-10-15&group_adults=1&no_rooms=1&group_children=0&selected_currency=EUR,booking.com,2026-09-07T12:52:38.238Z
2026-10-13,2026-10-15,2,1,6,Domus Remo Room #3,guesthouse,4T,9,29,0.45,Camera Matrimoniale con Bagno Privato,140.91,no: city tax € 14 per stay paid on site; VAT included,no,no,https://www.booking.com/hotel/it/domus-remo-room-3.it.html?checkin=2026-10-13&checkout=2026-10-15&group_adults=1&no_rooms=1&group_children=0&selected_currency=EUR,booking.com,2026-09-07T12:52:38.238Z
2026-10-13,2026-10-15,2,1,7,Romulea Guest House,guesthouse,,6.2,675,0.4,Camera Matrimoniale con Bagno in Comune ,149.37,no: city tax € 10 per stay paid on site; VAT included,no,no,https://www.booking.com/hotel/it/romulea-guest-house.it.html?checkin=2026-10-13&checkout=2026-10-15&group_adults=1&no_rooms=1&group_children=0&selected_currency=EUR,booking.com,2026-09-07T12:52:38.238Z
2026-10-13,2026-10-15,2,1,8,"Tiburtina Suites, Roma",guesthouse,3T,7.6,93,0.6,Camera Matrimoniale con Balcone,150.55,no: city tax € 12 per stay paid on site; VAT included,no,no,https://www.booking.com/hotel/it/tiburtina-suites.it.html?checkin=2026-10-13&checkout=2026-10-15&group_adults=1&no_rooms=1&group_children=0&selected_currency=EUR,booking.com,2026-09-07T12:52:38.238Z
2026-10-14,2026-10-16,2,1,1,Domus Remo Room #2,guesthouse,3T,7.5,12,0.45,Camera Matrimoniale con Bagno Privato,127.37,no: city tax € 14 per stay paid on site; VAT included,no,no,https://www.booking.com/hotel/it/domus-remo-room.it.html?checkin=2026-10-14&checkout=2026-10-16&group_adults=1&no_rooms=1&group_children=0&selected_currency=EUR,booking.com,2026-09-07T12:53:05.855Z
2026-10-14,2026-10-16,2,1,2,Domus Remo Room #3,guesthouse,4T,9,29,0.45,Camera Matrimoniale con Bagno Privato,140.91,no: city tax € 14 per stay paid on site; VAT included,no,no,https://www.booking.com/hotel/it/domus-remo-room-3.it.html?checkin=2026-10-14&checkout=2026-10-16&group_adults=1&no_rooms=1&group_children=0&selected_currency=EUR,booking.com,2026-09-07T12:53:05.855Z
2026-10-14,2026-10-16,2,1,3,Mikasa Piazza Bologna,guesthouse,,4.2,140,0.8,Camera Deluxe ,142.19,no: city tax € 14 per stay paid on site; VAT included,no,yes,https://www.booking.com/hotel/it/b-amp-b-l-39-arca-di-campaldino.it.html?checkin=2026-10-14&checkout=2026-10-16&group_adults=1&no_rooms=1&group_children=0&selected_currency=EUR,booking.com,2026-09-07T12:53:05.855Z
2026-10-14,2026-10-16,2,1,4,Affittacamere Tiburstation 2,guesthouse,4T,8.3,71,1,Camera Matrimoniale Classic,143.01,no: city tax € 14 per stay paid on site; VAT included,no,no,https://www.booking.com/hotel/it/tiburstation-2.it.html?checkin=2026-10-14&checkout=2026-10-16&group_adults=1&no_rooms=1&group_children=0&selected_currency=EUR,booking.com,2026-09-07T12:53:19.809Z
2026-10-14,2026-10-16,2,1,5,"Nènè House Roma-Farfalla, appartamento in comune",guesthouse,,6.5,4,0.9,Camera Matrimoniale con Bagno Privato,143.64,no: city tax € 10 per stay paid on site; VAT included,yes,no,https://www.booking.com/hotel/it/nene-house-roma-farfalla.it.html?checkin=2026-10-14&checkout=2026-10-16&group_adults=1&no_rooms=1&group_children=0&selected_currency=EUR,booking.com,2026-09-07T12:53:05.855Z
2026-10-14,2026-10-16,2,1,6,Romulea Guest House,guesthouse,,6.2,675,0.4,Camera Matrimoniale con Bagno in Comune ,149.37,no: city tax € 10 per stay paid on site; VAT included,no,no,https://www.booking.com/hotel/it/romulea-guest-house.it.html?checkin=2026-10-14&checkout=2026-10-16&group_adults=1&no_rooms=1&group_children=0&selected_currency=EUR,booking.com,2026-09-07T12:53:05.855Z
2026-10-14,2026-10-16,2,1,7,Home Sweet Home Tiburtina Station,guesthouse,,8.1,194,0.6,Camera Matrimoniale,150.55,no: city tax € 14 per stay paid on site; VAT included,no,no,https://www.booking.com/hotel/it/home-sweet-home-tiburtina-station.it.html?checkin=2026-10-14&checkout=2026-10-16&group_adults=1&no_rooms=1&group_children=0&selected_currency=EUR,booking.com,2026-09-07T12:53:05.855Z
2026-10-14,2026-10-16,2,1,8,"Tiburtina Suites, Roma",guesthouse,3T,7.6,93,0.6,Camera Matrimoniale con Balcone,150.55,no: city tax € 12 per stay paid on site; VAT included,no,no,https://www.booking.com/hotel/it/tiburtina-suites.it.html?checkin=2026-10-14&checkout=2026-10-16&group_adults=1&no_rooms=1&group_children=0&selected_currency=EUR,booking.com,2026-09-07T12:53:05.855Z
2026-10-15,2026-10-17,2,1,1,Domus Remo Room #3,guesthouse,4T,9,29,0.45,Camera Matrimoniale con Bagno Privato,140.91,no: city tax € 14 per stay paid on site; VAT included,no,no,https://www.booking.com/hotel/it/domus-remo-room-3.it.html?checkin=2026-10-15&checkout=2026-10-17&group_adults=1&no_rooms=1&group_children=0&selected_currency=EUR,booking.com,2026-09-07T12:53:32.100Z
2026-10-15,2026-10-17,2,1,2,Mikasa Piazza Bologna,guesthouse,,4.2,140,0.8,Camera Deluxe ,142.19,no: city tax € 14 per stay paid on site; VAT included,no,yes,https://www.booking.com/hotel/it/b-amp-b-l-39-arca-di-campaldino.it.html?checkin=2026-10-15&checkout=2026-10-17&group_adults=1&no_rooms=1&group_children=0&selected_currency=EUR,booking.com,2026-09-07T12:53:32.100Z
2026-10-15,2026-10-17,2,1,3,Dolce Titina Affittacamere,guesthouse,,8.6,191,0.2,Camera Singola,145.45,no: city tax € 10 per stay paid on site; VAT included,yes,no,https://www.booking.com/hotel/it/dolce-titina-affittacamere.it.html?checkin=2026-10-15&checkout=2026-10-17&group_adults=1&no_rooms=1&group_children=0&selected_currency=EUR,booking.com,2026-09-07T12:53:32.100Z
2026-10-15,2026-10-17,2,1,4,Romulea Guest House,guesthouse,,6.2,675,0.4,Camera Matrimoniale con Bagno in Comune ,149.37,no: city tax € 10 per stay paid on site; VAT included,no,no,https://www.booking.com/hotel/it/romulea-guest-house.it.html?checkin=2026-10-15&checkout=2026-10-17&group_adults=1&no_rooms=1&group_children=0&selected_currency=EUR,booking.com,2026-09-07T12:53:32.100Z
2026-10-15,2026-10-17,2,1,5,Home Sweet Home Tiburtina Station,guesthouse,,8.1,194,0.6,Camera Matrimoniale,150.55,no: city tax € 14 per stay paid on site; VAT included,no,no,https://www.booking.com/hotel/it/home-sweet-home-tiburtina-station.it.html?checkin=2026-10-15&checkout=2026-10-17&group_adults=1&no_rooms=1&group_children=0&selected_currency=EUR,booking.com,2026-09-07T12:53:32.100Z
2026-10-15,2026-10-17,2,1,6,Gmm,guesthouse,3T,7.9,207,1.3,Camera Deluxe ,154.55,no: city tax € 14 per stay paid on site; VAT included,yes,yes,https://www.booking.com/hotel/it/gmm.it.html?checkin=2026-10-15&checkout=2026-10-17&group_adults=1&no_rooms=1&group_children=0&selected_currency=EUR,booking.com,2026-09-07T12:53:46.098Z
2026-10-15,2026-10-17,2,1,7,"Tiburtina Suites, Roma",guesthouse,3T,7.6,93,0.6,Camera Matrimoniale con Balcone,154.73,no: city tax € 12 per stay paid on site; VAT included,no,no,https://www.booking.com/hotel/it/tiburtina-suites.it.html?checkin=2026-10-15&checkout=2026-10-17&group_adults=1&no_rooms=1&group_children=0&selected_currency=EUR,booking.com,2026-09-07T12:53:32.100Z
2026-10-15,2026-10-17,2,1,8,B&B Anturium,B&B,4T,8.6,173,0.5,Camera Singola,167.55,no: city tax € 12 per stay paid on site; VAT included,no,no,https://www.booking.com/hotel/it/b-amp-b-anturium.it.html?checkin=2026-10-15&checkout=2026-10-17&group_adults=1&no_rooms=1&group_children=0&selected_currency=EUR,booking.com,2026-09-07T12:53:32.100Z
2026-10-16,2026-10-18,2,1,1,Mikasa Piazza Bologna,guesthouse,,4.2,140,0.8,Camera Deluxe ,142.19,no: city tax € 14 per stay paid on site; VAT included,no,yes,https://www.booking.com/hotel/it/b-amp-b-l-39-arca-di-campaldino.it.html?checkin=2026-10-16&checkout=2026-10-18&group_adults=1&no_rooms=1&group_children=0&selected_currency=EUR,booking.com,2026-09-07T12:54:04.100Z
2026-10-16,2026-10-18,2,1,2,GH Hotel San Giusto,hotel,3,7.1,1320,0.9,Camera Classic Matrimoniale/Doppia con Letti Singoli ,150.00,no: city tax € 12 per stay paid on site; VAT included,no,yes,https://www.booking.com/hotel/it/hotelsangiustorome.it.html?checkin=2026-10-16&checkout=2026-10-18&group_adults=1&no_rooms=1&group_children=0&selected_currency=EUR,booking.com,2026-09-07T12:54:04.100Z
2026-10-16,2026-10-18,2,1,3,"Tiburtina Suites, Roma",guesthouse,3T,7.6,93,0.6,Camera Matrimoniale con Balcone,158.91,no: city tax € 12 per stay paid on site; VAT included,no,no,https://www.booking.com/hotel/it/tiburtina-suites.it.html?checkin=2026-10-16&checkout=2026-10-18&group_adults=1&no_rooms=1&group_children=0&selected_currency=EUR,booking.com,2026-09-07T12:54:04.100Z
2026-10-16,2026-10-18,2,1,4,PiazzaBolognaStay,guesthouse,4T,8.3,163,1,Camera Matrimoniale con Bagno Privato,180.65,no: city tax € 14 per stay paid on site; VAT included,no,no,https://www.booking.com/hotel/it/piazzabolognastay.it.html?checkin=2026-10-16&checkout=2026-10-18&group_adults=1&no_rooms=1&group_children=0&selected_currency=EUR,booking.com,2026-09-07T12:54:04.100Z
2026-10-16,2026-10-18,2,1,5,Home Sweet Home Tiburtina Station,guesthouse,,8.1,194,0.6,Ampia Camera Matrimoniale,181.82,no: city tax € 14 per stay paid on site; VAT included,yes,no,https://www.booking.com/hotel/it/home-sweet-home-tiburtina-station.it.html?checkin=2026-10-16&checkout=2026-10-18&group_adults=1&no_rooms=1&group_children=0&selected_currency=EUR,booking.com,2026-09-07T12:54:04.100Z
2026-10-16,2026-10-18,2,1,6,BARONE HOUSE,guesthouse,4T,8.3,452,0.7,Camera Deluxe ,182.66,no: city tax € 14 per stay paid on site; VAT included,no,no,https://www.booking.com/hotel/it/barone-house.it.html?checkin=2026-10-16&checkout=2026-10-18&group_adults=1&no_rooms=1&group_children=0&selected_currency=EUR,booking.com,2026-09-07T12:54:04.100Z
2026-10-16,2026-10-18,2,1,7,B&B Anturium,B&B,4T,8.6,173,0.5,Camera Singola,185.97,no: city tax € 12 per stay paid on site; VAT included,no,no,https://www.booking.com/hotel/it/b-amp-b-anturium.it.html?checkin=2026-10-16&checkout=2026-10-18&group_adults=1&no_rooms=1&group_children=0&selected_currency=EUR,booking.com,2026-09-07T12:54:04.100Z
2026-10-16,2026-10-18,2,1,8,Jadore Monic,guesthouse,4T,8.4,1121,0.7,Camera Singola con Bagno Privato,189.98,no: city tax € 14 per stay paid on site; VAT included,no,no,https://www.booking.com/hotel/it/jadore-monic-roma1.it.html?checkin=2026-10-16&checkout=2026-10-18&group_adults=1&no_rooms=1&group_children=0&selected_currency=EUR,booking.com,2026-09-07T12:54:04.100Z
2026-10-17,2026-10-19,2,1,1,Mikasa Piazza Bologna,guesthouse,,4.2,140,0.8,Camera Deluxe ,142.19,no: city tax € 14 per stay paid on site; VAT included,no,yes,https://www.booking.com/hotel/it/b-amp-b-l-39-arca-di-campaldino.it.html?checkin=2026-10-17&checkout=2026-10-19&group_adults=1&no_rooms=1&group_children=0&selected_currency=EUR,booking.com,2026-09-07T12:54:31.704Z
2026-10-17,2026-10-19,2,1,2,"Tiburtina Suites, Roma",guesthouse,3T,7.6,93,0.6,Camera Matrimoniale con Balcone,158.91,no: city tax € 12 per stay paid on site; VAT included,no,no,https://www.booking.com/hotel/it/tiburtina-suites.it.html?checkin=2026-10-17&checkout=2026-10-19&group_adults=1&no_rooms=1&group_children=0&selected_currency=EUR,booking.com,2026-09-07T12:54:31.704Z
2026-10-17,2026-10-19,2,1,3,GH Hotel San Giusto,hotel,3,7.1,1320,0.9,Camera Singola,159.18,no: city tax € 12 per stay paid on site; VAT included,yes,yes,https://www.booking.com/hotel/it/hotelsangiustorome.it.html?checkin=2026-10-17&checkout=2026-10-19&group_adults=1&no_rooms=1&group_children=0&selected_currency=EUR,booking.com,2026-09-07T12:54:31.704Z
2026-10-17,2026-10-19,2,1,4,alloggio la carica dei 101,guesthouse,3T,6.4,154,0.45,Ampia Camera Matrimoniale,163.64,no: city tax € 14 per stay paid on site; VAT included,yes,no,https://www.booking.com/hotel/it/intero-alloggio-la-carica-dei-101.it.html?checkin=2026-10-17&checkout=2026-10-19&group_adults=1&no_rooms=1&group_children=0&selected_currency=EUR,booking.com,2026-09-07T12:54:31.704Z
2026-10-17,2026-10-19,2,1,5,Bologna Guest House Roma,guesthouse,,0,0,0.7,Camera Matrimoniale con Bagno Privato,175.45,no: city tax € 12 per stay paid on site; VAT included,yes,no,https://www.booking.com/hotel/it/bologna-guest-house-roma.it.html?checkin=2026-10-17&checkout=2026-10-19&group_adults=1&no_rooms=1&group_children=0&selected_currency=EUR,booking.com,2026-09-07T12:54:31.704Z
2026-10-17,2026-10-19,2,1,6,La Dimora del Re,guesthouse,4T,8.8,164,0.7,Camera Matrimoniale,180.00,no: city tax € 14 per stay paid on site; VAT included,yes,no,https://www.booking.com/hotel/it/la-dimora-del-re-roma1.it.html?checkin=2026-10-17&checkout=2026-10-19&group_adults=1&no_rooms=1&group_children=0&selected_currency=EUR,booking.com,2026-09-07T12:54:31.704Z
2026-10-17,2026-10-19,2,1,7,Atrium Regal Room,B&B,4T,7.7,45,0.4,Camera King Superior ,180.65,no: city tax € 12 per stay paid on site; VAT included,no,no,https://www.booking.com/hotel/it/atrium-regal-room.it.html?checkin=2026-10-17&checkout=2026-10-19&group_adults=1&no_rooms=1&group_children=0&selected_currency=EUR,booking.com,2026-09-07T12:54:31.704Z
2026-10-17,2026-10-19,2,1,8,Home Sweet Home Tiburtina Station,guesthouse,,8.1,194,0.6,Ampia Camera Matrimoniale,181.82,no: city tax € 14 per stay paid on site; VAT included,yes,no,https://www.booking.com/hotel/it/home-sweet-home-tiburtina-station.it.html?checkin=2026-10-17&checkout=2026-10-19&group_adults=1&no_rooms=1&group_children=0&selected_currency=EUR,booking.com,2026-09-07T12:54:31.704Z
2026-10-18,2026-10-20,2,1,1,Mikasa Piazza Bologna,guesthouse,,4.2,140,0.8,Camera Matrimoniale con Bagno Privato Esterno ,125.45,no: city tax € 14 per stay paid on site; VAT included,no,yes,https://www.booking.com/hotel/it/b-amp-b-l-39-arca-di-campaldino.it.html?checkin=2026-10-18&checkout=2026-10-20&group_adults=1&no_rooms=1&group_children=0&selected_currency=EUR,booking.com,2026-09-07T12:54:58.866Z
2026-10-18,2026-10-20,2,1,2,Domus Remo Room #2,guesthouse,3T,7.5,12,0.45,Camera Matrimoniale con Bagno Privato,127.37,no: city tax € 14 per stay paid on site; VAT included,no,no,https://www.booking.com/hotel/it/domus-remo-room.it.html?checkin=2026-10-18&checkout=2026-10-20&group_adults=1&no_rooms=1&group_children=0&selected_currency=EUR,booking.com,2026-09-07T12:54:58.866Z
2026-10-18,2026-10-20,2,1,3,Days In Rome,guesthouse,4T,8.3,334,1.2,Camera Doppia con Letti Singoli con Bagno Privato ,138.18,no: city tax € 12 per stay paid on site; VAT included,yes,no,https://www.booking.com/hotel/it/days-in-rome.it.html?checkin=2026-10-18&checkout=2026-10-20&group_adults=1&no_rooms=1&group_children=0&selected_currency=EUR,booking.com,2026-09-07T12:55:04.718Z
2026-10-18,2026-10-20,2,1,4,Affittacamere Tiburstation 2,guesthouse,4T,8.3,71,1,Camera Matrimoniale Classic,139.05,no: city tax € 14 per stay paid on site; VAT included,no,no,https://www.booking.com/hotel/it/tiburstation-2.it.html?checkin=2026-10-18&checkout=2026-10-20&group_adults=1&no_rooms=1&group_children=0&selected_currency=EUR,booking.com,2026-09-07T12:55:11.999Z
2026-10-18,2026-10-20,2,1,5,Romulea Guest House,guesthouse,,6.2,675,0.4,Camera Matrimoniale con Bagno in Comune ,149.37,no: city tax € 10 per stay paid on site; VAT included,no,no,https://www.booking.com/hotel/it/romulea-guest-house.it.html?checkin=2026-10-18&checkout=2026-10-20&group_adults=1&no_rooms=1&group_children=0&selected_currency=EUR,booking.com,2026-09-07T12:54:58.866Z
2026-10-18,2026-10-20,2,1,6,"BEDS&ROOMS TIBURTINA- Rooms, Camere private",guesthouse,4T,8.8,106,0.2,Camera Matrimoniale con Bagno Privato,149.92,yes,no,no,https://www.booking.com/hotel/it/beds-amp-rooms-tiburtina-rooms.it.html?checkin=2026-10-18&checkout=2026-10-20&group_adults=1&no_rooms=1&group_children=0&selected_currency=EUR,booking.com,2026-09-07T12:54:58.866Z
2026-10-18,2026-10-20,2,1,7,Home Sweet Home Tiburtina Station,guesthouse,,8.1,194,0.6,Camera Matrimoniale,150.55,no: city tax € 14 per stay paid on site; VAT included,no,no,https://www.booking.com/hotel/it/home-sweet-home-tiburtina-station.it.html?checkin=2026-10-18&checkout=2026-10-20&group_adults=1&no_rooms=1&group_children=0&selected_currency=EUR,booking.com,2026-09-07T12:54:58.866Z
2026-10-18,2026-10-20,2,1,8,"Tiburtina Suites, Roma",guesthouse,3T,7.6,93,0.6,Camera Matrimoniale con Balcone,154.73,no: city tax € 12 per stay paid on site; VAT included,no,no,https://www.booking.com/hotel/it/tiburtina-suites.it.html?checkin=2026-10-18&checkout=2026-10-20&group_adults=1&no_rooms=1&group_children=0&selected_currency=EUR,booking.com,2026-09-07T12:54:58.866Z
2026-10-19,2026-10-21,2,1,1,B&B SPQR,B&B,2T,6,545,0.35,Camera Singola con Bagno Privato,109.09,no: city tax € 12 per stay paid on site; VAT included,yes,yes,https://www.booking.com/hotel/it/spqr.it.html?checkin=2026-10-19&checkout=2026-10-21&group_adults=1&no_rooms=1&group_children=0&selected_currency=EUR,booking.com,2026-09-07T12:55:26.803Z
2026-10-19,2026-10-21,2,1,2,Mikasa Piazza Bologna,guesthouse,,4.2,140,0.8,Camera Matrimoniale con Bagno Privato Esterno ,125.45,no: city tax € 14 per stay paid on site; VAT included,no,yes,https://www.booking.com/hotel/it/b-amp-b-l-39-arca-di-campaldino.it.html?checkin=2026-10-19&checkout=2026-10-21&group_adults=1&no_rooms=1&group_children=0&selected_currency=EUR,booking.com,2026-09-07T12:55:26.803Z
2026-10-19,2026-10-21,2,1,3,Domus Remo Room #2,guesthouse,3T,7.5,12,0.45,Camera Matrimoniale con Bagno Privato,127.37,no: city tax € 14 per stay paid on site; VAT included,no,no,https://www.booking.com/hotel/it/domus-remo-room.it.html?checkin=2026-10-19&checkout=2026-10-21&group_adults=1&no_rooms=1&group_children=0&selected_currency=EUR,booking.com,2026-09-07T12:55:26.803Z
2026-10-19,2026-10-21,2,1,4,DOMUS REMO Room #1,guesthouse,4T,9.1,31,0.45,Camera Tripla con Bagno Privato,130.41,yes,no,no,https://www.booking.com/hotel/it/domus-remo-rooms.it.html?checkin=2026-10-19&checkout=2026-10-21&group_adults=1&no_rooms=1&group_children=0&selected_currency=EUR,booking.com,2026-09-07T12:55:26.803Z
2026-10-19,2026-10-21,2,1,5,Affittacamere Tiburstation,guesthouse,3T,7.8,179,0.9,Camera Singola,135.08,no: city tax € 14 per stay paid on site; VAT included,no,no,https://www.booking.com/hotel/it/tibur-station.it.html?checkin=2026-10-19&checkout=2026-10-21&group_adults=1&no_rooms=1&group_children=0&selected_currency=EUR,booking.com,2026-09-07T12:55:26.803Z
2026-10-19,2026-10-21,2,1,6,AFFITTACAMERE A CASA MIA,guesthouse,4T,8.8,478,0.35,Camera Singola Standard,137.12,no: city tax € 10 per stay paid on site; VAT included,no,no,https://www.booking.com/hotel/it/affittacamere-a-casa-mia.it.html?checkin=2026-10-19&checkout=2026-10-21&group_adults=1&no_rooms=1&group_children=0&selected_currency=EUR,booking.com,2026-09-07T12:55:26.803Z
2026-10-19,2026-10-21,2,1,7,Affittacamere Roma Tiburtina,guesthouse,3T,6.5,755,0.2,Camera Matrimoniale/Doppia con Letti Singoli con Bagno Privato,138.18,no: city tax € 14 per stay paid on site; VAT included,yes,yes,https://www.booking.com/hotel/it/affittacamere-roma-tiburtina.it.html?checkin=2026-10-19&checkout=2026-10-21&group_adults=1&no_rooms=1&group_children=0&selected_currency=EUR,booking.com,2026-09-07T12:55:26.803Z
2026-10-19,2026-10-21,2,1,8,Domus Remo Room #3,guesthouse,4T,9,29,0.45,Camera Matrimoniale con Bagno Privato,140.91,no: city tax € 14 per stay paid on site; VAT included,no,no,https://www.booking.com/hotel/it/domus-remo-room-3.it.html?checkin=2026-10-19&checkout=2026-10-21&group_adults=1&no_rooms=1&group_children=0&selected_currency=EUR,booking.com,2026-09-07T12:55:26.803Z
2026-10-20,2026-10-22,2,1,1,Mikasa Piazza Bologna,guesthouse,,4.2,140,0.8,Camera Matrimoniale con Bagno Privato Esterno ,125.45,no: city tax € 14 per stay paid on site; VAT included,no,yes,https://www.booking.com/hotel/it/b-amp-b-l-39-arca-di-campaldino.it.html?checkin=2026-10-20&checkout=2026-10-22&group_adults=1&no_rooms=1&group_children=0&selected_currency=EUR,booking.com,2026-09-07T12:55:48.625Z
2026-10-20,2026-10-22,2,1,2,Domus Remo Room #2,guesthouse,3T,7.5,12,0.45,Camera Matrimoniale con Bagno Privato,127.37,no: city tax € 14 per stay paid on site; VAT included,no,no,https://www.booking.com/hotel/it/domus-remo-room.it.html?checkin=2026-10-20&checkout=2026-10-22&group_adults=1&no_rooms=1&group_children=0&selected_currency=EUR,booking.com,2026-09-07T12:55:48.625Z
2026-10-20,2026-10-22,2,1,3,AFFITTACAMERE A CASA MIA,guesthouse,4T,8.8,478,0.35,Camera Singola Standard,137.12,no: city tax € 10 per stay paid on site; VAT included,no,no,https://www.booking.com/hotel/it/affittacamere-a-casa-mia.it.html?checkin=2026-10-20&checkout=2026-10-22&group_adults=1&no_rooms=1&group_children=0&selected_currency=EUR,booking.com,2026-09-07T12:55:48.625Z
2026-10-20,2026-10-22,2,1,4,Affittacamere Roma Tiburtina,guesthouse,3T,6.5,755,0.2,Camera Matrimoniale/Doppia con Letti Singoli con Bagno Privato,138.18,no: city tax € 14 per stay paid on site; VAT included,yes,yes,https://www.booking.com/hotel/it/affittacamere-roma-tiburtina.it.html?checkin=2026-10-20&checkout=2026-10-22&group_adults=1&no_rooms=1&group_children=0&selected_currency=EUR,booking.com,2026-09-07T12:55:48.625Z
2026-10-20,2026-10-22,2,1,5,Domus Remo Room #3,guesthouse,4T,9,29,0.45,Camera Matrimoniale con Bagno Privato,140.91,no: city tax € 14 per stay paid on site; VAT included,no,no,https://www.booking.com/hotel/it/domus-remo-room-3.it.html?checkin=2026-10-20&checkout=2026-10-22&group_adults=1&no_rooms=1&group_children=0&selected_currency=EUR,booking.com,2026-09-07T12:55:48.625Z
2026-10-20,2026-10-22,2,1,6,Home Sweet Home Tiburtina Station,guesthouse,,8.1,194,0.6,Camera Budget Doppia con Letti Singoli,145.45,no: city tax € 14 per stay paid on site; VAT included,yes,no,https://www.booking.com/hotel/it/home-sweet-home-tiburtina-station.it.html?checkin=2026-10-20&checkout=2026-10-22&group_adults=1&no_rooms=1&group_children=0&selected_currency=EUR,booking.com,2026-09-07T12:55:48.625Z
2026-10-20,2026-10-22,2,1,7,Romulea Guest House,guesthouse,,6.2,675,0.4,Camera Matrimoniale con Bagno in Comune ,149.37,no: city tax € 10 per stay paid on site; VAT included,no,no,https://www.booking.com/hotel/it/romulea-guest-house.it.html?checkin=2026-10-20&checkout=2026-10-22&group_adults=1&no_rooms=1&group_children=0&selected_currency=EUR,booking.com,2026-09-07T12:55:48.625Z
2026-10-20,2026-10-22,2,1,8,"Tiburtina Suites, Roma",guesthouse,3T,7.6,93,0.6,Camera Matrimoniale con Bagno Privato,150.55,no: city tax € 12 per stay paid on site; VAT included,no,no,https://www.booking.com/hotel/it/tiburtina-suites.it.html?checkin=2026-10-20&checkout=2026-10-22&group_adults=1&no_rooms=1&group_children=0&selected_currency=EUR,booking.com,2026-09-07T12:55:48.625Z
2026-10-21,2026-10-23,2,1,1,"BEDS&ROOMS TIBURTINA- Rooms, Camere private",guesthouse,4T,8.8,106,0.2,Camera Singola con Bagno Privato,111.71,yes,no,no,https://www.booking.com/hotel/it/beds-amp-rooms-tiburtina-rooms.it.html?checkin=2026-10-21&checkout=2026-10-23&group_adults=1&no_rooms=1&group_children=0&selected_currency=EUR,booking.com,2026-09-07T12:56:15.407Z
2026-10-21,2026-10-23,2,1,2,Mikasa Piazza Bologna,guesthouse,,4.2,140,0.8,Camera Matrimoniale con Bagno Privato Esterno ,125.45,no: city tax € 14 per stay paid on site; VAT included,no,yes,https://www.booking.com/hotel/it/b-amp-b-l-39-arca-di-campaldino.it.html?checkin=2026-10-21&checkout=2026-10-23&group_adults=1&no_rooms=1&group_children=0&selected_currency=EUR,booking.com,2026-09-07T12:56:15.407Z
2026-10-21,2026-10-23,2,1,3,Domus Remo Room #2,guesthouse,3T,7.5,12,0.45,Camera Matrimoniale con Bagno Privato,127.37,no: city tax € 14 per stay paid on site; VAT included,no,no,https://www.booking.com/hotel/it/domus-remo-room.it.html?checkin=2026-10-21&checkout=2026-10-23&group_adults=1&no_rooms=1&group_children=0&selected_currency=EUR,booking.com,2026-09-07T12:56:15.407Z
2026-10-21,2026-10-23,2,1,4,AFFITTACAMERE A CASA MIA,guesthouse,4T,8.8,478,0.35,Camera Singola Standard,137.12,no: city tax € 10 per stay paid on site; VAT included,no,no,https://www.booking.com/hotel/it/affittacamere-a-casa-mia.it.html?checkin=2026-10-21&checkout=2026-10-23&group_adults=1&no_rooms=1&group_children=0&selected_currency=EUR,booking.com,2026-09-07T12:56:15.407Z
2026-10-21,2026-10-23,2,1,5,Affittacamere Roma Tiburtina,guesthouse,3T,6.5,755,0.2,Camera Matrimoniale/Doppia con Letti Singoli con Bagno Privato,138.18,no: city tax € 14 per stay paid on site; VAT included,yes,yes,https://www.booking.com/hotel/it/affittacamere-roma-tiburtina.it.html?checkin=2026-10-21&checkout=2026-10-23&group_adults=1&no_rooms=1&group_children=0&selected_currency=EUR,booking.com,2026-09-07T12:56:15.407Z
2026-10-21,2026-10-23,2,1,6,Domus Remo Room #3,guesthouse,4T,9,29,0.45,Camera Matrimoniale con Bagno Privato,140.91,no: city tax € 14 per stay paid on site; VAT included,no,no,https://www.booking.com/hotel/it/domus-remo-room-3.it.html?checkin=2026-10-21&checkout=2026-10-23&group_adults=1&no_rooms=1&group_children=0&selected_currency=EUR,booking.com,2026-09-07T12:56:15.407Z
2026-10-21,2026-10-23,2,1,7,Home Sweet Home Tiburtina Station,guesthouse,,8.1,194,0.6,Camera Budget Doppia con Letti Singoli,145.45,no: city tax € 14 per stay paid on site; VAT included,yes,no,https://www.booking.com/hotel/it/home-sweet-home-tiburtina-station.it.html?checkin=2026-10-21&checkout=2026-10-23&group_adults=1&no_rooms=1&group_children=0&selected_currency=EUR,booking.com,2026-09-07T12:56:15.407Z
2026-10-21,2026-10-23,2,1,8,Romulea Guest House,guesthouse,,6.2,675,0.4,Camera Matrimoniale con Letto Supplementare,149.37,no: city tax € 10 per stay paid on site; VAT included,no,no,https://www.booking.com/hotel/it/romulea-guest-house.it.html?checkin=2026-10-21&checkout=2026-10-23&group_adults=1&no_rooms=1&group_children=0&selected_currency=EUR,booking.com,2026-09-07T12:56:15.407Z
2026-10-22,2026-10-24,2,1,1,"BEDS&ROOMS TIBURTINA- Rooms, Camere private",guesthouse,4T,8.8,106,0.2,Camera Singola con Bagno Privato,118.48,yes,no,no,https://www.booking.com/hotel/it/beds-amp-rooms-tiburtina-rooms.it.html?checkin=2026-10-22&checkout=2026-10-24&group_adults=1&no_rooms=1&group_children=0&selected_currency=EUR,booking.com,2026-09-07T12:56:42.952Z
2026-10-22,2026-10-24,2,1,2,Mikasa Piazza Bologna,guesthouse,,4.2,140,0.8,Camera Matrimoniale con Bagno Privato Esterno ,125.45,no: city tax € 14 per stay paid on site; VAT included,no,yes,https://www.booking.com/hotel/it/b-amp-b-l-39-arca-di-campaldino.it.html?checkin=2026-10-22&checkout=2026-10-24&group_adults=1&no_rooms=1&group_children=0&selected_currency=EUR,booking.com,2026-09-07T12:56:42.952Z
2026-10-22,2026-10-24,2,1,3,Domus Remo Room #3,guesthouse,4T,9,29,0.45,Camera Matrimoniale con Bagno Privato,140.91,no: city tax € 14 per stay paid on site; VAT included,no,no,https://www.booking.com/hotel/it/domus-remo-room-3.it.html?checkin=2026-10-22&checkout=2026-10-24&group_adults=1&no_rooms=1&group_children=0&selected_currency=EUR,booking.com,2026-09-07T12:56:42.952Z
2026-10-22,2026-10-24,2,1,4,Home Sweet Home Tiburtina Station,guesthouse,,8.1,194,0.6,Camera Budget Doppia con Letti Singoli,145.45,no: city tax € 14 per stay paid on site; VAT included,yes,no,https://www.booking.com/hotel/it/home-sweet-home-tiburtina-station.it.html?checkin=2026-10-22&checkout=2026-10-24&group_adults=1&no_rooms=1&group_children=0&selected_currency=EUR,booking.com,2026-09-07T12:56:42.952Z
2026-10-22,2026-10-24,2,1,5,Suite and room,B&B,3T,7.6,259,0.7,Camera Singola Deluxe,148.14,no: city tax € 12 per stay paid on site; VAT included,no,no,https://www.booking.com/hotel/it/kiss-and-room.it.html?checkin=2026-10-22&checkout=2026-10-24&group_adults=1&no_rooms=1&group_children=0&selected_currency=EUR,booking.com,2026-09-07T12:56:42.952Z
2026-10-22,2026-10-24,2,1,6,Gmm,guesthouse,3T,7.9,207,1.3,Camera Deluxe ,154.55,no: city tax € 14 per stay paid on site; VAT included,yes,yes,https://www.booking.com/hotel/it/gmm.it.html?checkin=2026-10-22&checkout=2026-10-24&group_adults=1&no_rooms=1&group_children=0&selected_currency=EUR,booking.com,2026-09-07T12:56:58.646Z
2026-10-22,2026-10-24,2,1,7,"Tiburtina Suites, Roma",guesthouse,3T,7.6,93,0.6,Camera Matrimoniale con Bagno Privato,154.73,no: city tax € 12 per stay paid on site; VAT included,no,no,https://www.booking.com/hotel/it/tiburtina-suites.it.html?checkin=2026-10-22&checkout=2026-10-24&group_adults=1&no_rooms=1&group_children=0&selected_currency=EUR,booking.com,2026-09-07T12:56:42.952Z
2026-10-22,2026-10-24,2,1,8,Kosafina Rooms,B&B,4T,9.6,21,0.45,Camera Matrimoniale Deluxe con Balcone,156.40,no: city tax € 12 per stay paid on site; VAT included,no,no,https://www.booking.com/hotel/it/kosafina-rooms.it.html?checkin=2026-10-22&checkout=2026-10-24&group_adults=1&no_rooms=1&group_children=0&selected_currency=EUR,booking.com,2026-09-07T12:56:42.952Z
2026-10-23,2026-10-25,2,1,1,"BEDS&ROOMS TIBURTINA- Rooms, Camere private",guesthouse,4T,8.8,106,0.2,Camera Singola con Bagno Privato,125.24,yes,no,no,https://www.booking.com/hotel/it/beds-amp-rooms-tiburtina-rooms.it.html?checkin=2026-10-23&checkout=2026-10-25&group_adults=1&no_rooms=1&group_children=0&selected_currency=EUR,booking.com,2026-09-07T12:57:12.915Z
2026-10-23,2026-10-25,2,1,2,Mikasa Piazza Bologna,guesthouse,,4.2,140,0.8,Camera Matrimoniale con Bagno Privato Esterno ,125.45,no: city tax € 14 per stay paid on site; VAT included,no,yes,https://www.booking.com/hotel/it/b-amp-b-l-39-arca-di-campaldino.it.html?checkin=2026-10-23&checkout=2026-10-25&group_adults=1&no_rooms=1&group_children=0&selected_currency=EUR,booking.com,2026-09-07T12:57:12.915Z
2026-10-23,2026-10-25,2,1,3,Domus Remo Room #3,guesthouse,4T,9,29,0.45,Camera Matrimoniale con Bagno Privato,140.91,no: city tax € 14 per stay paid on site; VAT included,no,no,https://www.booking.com/hotel/it/domus-remo-room-3.it.html?checkin=2026-10-23&checkout=2026-10-25&group_adults=1&no_rooms=1&group_children=0&selected_currency=EUR,booking.com,2026-09-07T12:57:12.915Z
2026-10-23,2026-10-25,2,1,4,Home Sweet Home Tiburtina Station,guesthouse,,8.1,194,0.6,Camera Budget Doppia con Letti Singoli,145.45,no: city tax € 14 per stay paid on site; VAT included,yes,no,https://www.booking.com/hotel/it/home-sweet-home-tiburtina-station.it.html?checkin=2026-10-23&checkout=2026-10-25&group_adults=1&no_rooms=1&group_children=0&selected_currency=EUR,booking.com,2026-09-07T12:57:12.915Z
2026-10-23,2026-10-25,2,1,5,Suite and room,B&B,3T,7.6,259,0.7,Camera Singola Deluxe,148.14,no: city tax € 12 per stay paid on site; VAT included,no,no,https://www.booking.com/hotel/it/kiss-and-room.it.html?checkin=2026-10-23&checkout=2026-10-25&group_adults=1&no_rooms=1&group_children=0&selected_currency=EUR,booking.com,2026-09-07T12:57:12.915Z
2026-10-23,2026-10-25,2,1,6,La Quiete,guesthouse,3T,8,420,0.25,Camera Singola Economy,154.55,no: city tax € 10 per stay paid on site; VAT included,yes,no,https://www.booking.com/hotel/it/la-quiete-roma.it.html?checkin=2026-10-23&checkout=2026-10-25&group_adults=1&no_rooms=1&group_children=0&selected_currency=EUR,booking.com,2026-09-07T12:57:12.915Z
2026-10-23,2026-10-25,2,1,7,Gmm,guesthouse,3T,7.9,207,1.3,Camera Deluxe ,154.55,no: city tax € 14 per stay paid on site; VAT included,yes,yes,https://www.booking.com/hotel/it/gmm.it.html?checkin=2026-10-23&checkout=2026-10-25&group_adults=1&no_rooms=1&group_children=0&selected_currency=EUR,booking.com,2026-09-07T12:57:28.109Z
2026-10-23,2026-10-25,2,1,8,Kosafina Rooms,B&B,4T,9.6,21,0.45,Camera Matrimoniale Deluxe con Balcone,156.40,no: city tax € 12 per stay paid on site; VAT included,no,no,https://www.booking.com/hotel/it/kosafina-rooms.it.html?checkin=2026-10-23&checkout=2026-10-25&group_adults=1&no_rooms=1&group_children=0&selected_currency=EUR,booking.com,2026-09-07T12:57:12.915Z
2026-10-24,2026-10-26,2,1,1,"BEDS&ROOMS TIBURTINA- Rooms, Camere private",guesthouse,4T,8.8,106,0.2,Camera Singola con Bagno Privato,118.48,yes,no,no,https://www.booking.com/hotel/it/beds-amp-rooms-tiburtina-rooms.it.html?checkin=2026-10-24&checkout=2026-10-26&group_adults=1&no_rooms=1&group_children=0&selected_currency=EUR,booking.com,2026-09-07T12:57:42.490Z
2026-10-24,2026-10-26,2,1,2,Mikasa Piazza Bologna,guesthouse,,4.2,140,0.8,Camera Matrimoniale con Bagno Privato Esterno ,125.45,no: city tax € 14 per stay paid on site; VAT included,no,yes,https://www.booking.com/hotel/it/b-amp-b-l-39-arca-di-campaldino.it.html?checkin=2026-10-24&checkout=2026-10-26&group_adults=1&no_rooms=1&group_children=0&selected_currency=EUR,booking.com,2026-09-07T12:57:42.490Z
2026-10-24,2026-10-26,2,1,3,"Nènè House Roma-Farfalla, appartamento in comune",guesthouse,,6.5,4,0.9,Camera Matrimoniale con Bagno Privato,128.18,no: city tax € 10 per stay paid on site; VAT included,yes,no,https://www.booking.com/hotel/it/nene-house-roma-farfalla.it.html?checkin=2026-10-24&checkout=2026-10-26&group_adults=1&no_rooms=1&group_children=0&selected_currency=EUR,booking.com,2026-09-07T12:57:42.490Z
2026-10-24,2026-10-26,2,1,4,DOMUS REMO Room #1,guesthouse,4T,9.1,31,0.45,Camera Tripla con Bagno Privato,132.81,yes,no,no,https://www.booking.com/hotel/it/domus-remo-rooms.it.html?checkin=2026-10-24&checkout=2026-10-26&group_adults=1&no_rooms=1&group_children=0&selected_currency=EUR,booking.com,2026-09-07T12:57:42.490Z
2026-10-24,2026-10-26,2,1,5,Domus Remo Room #3,guesthouse,4T,9,29,0.45,Camera Matrimoniale con Bagno Privato,140.91,no: city tax € 14 per stay paid on site; VAT included,no,no,https://www.booking.com/hotel/it/domus-remo-room-3.it.html?checkin=2026-10-24&checkout=2026-10-26&group_adults=1&no_rooms=1&group_children=0&selected_currency=EUR,booking.com,2026-09-07T12:57:42.490Z
2026-10-24,2026-10-26,2,1,6,Home Sweet Home Tiburtina Station,guesthouse,,8.1,194,0.6,Camera Budget Doppia con Letti Singoli,145.45,no: city tax € 14 per stay paid on site; VAT included,yes,no,https://www.booking.com/hotel/it/home-sweet-home-tiburtina-station.it.html?checkin=2026-10-24&checkout=2026-10-26&group_adults=1&no_rooms=1&group_children=0&selected_currency=EUR,booking.com,2026-09-07T12:57:42.490Z
2026-10-24,2026-10-26,2,1,7,Suite and room,B&B,3T,7.6,259,0.7,Camera Singola Deluxe,148.14,no: city tax € 12 per stay paid on site; VAT included,no,no,https://www.booking.com/hotel/it/kiss-and-room.it.html?checkin=2026-10-24&checkout=2026-10-26&group_adults=1&no_rooms=1&group_children=0&selected_currency=EUR,booking.com,2026-09-07T12:57:42.490Z
2026-10-24,2026-10-26,2,1,8,La Quiete,guesthouse,3T,8,420,0.25,Camera Singola Economy,154.55,no: city tax € 10 per stay paid on site; VAT included,yes,no,https://www.booking.com/hotel/it/la-quiete-roma.it.html?checkin=2026-10-24&checkout=2026-10-26&group_adults=1&no_rooms=1&group_children=0&selected_currency=EUR,booking.com,2026-09-07T12:57:42.490Z
2026-10-25,2026-10-27,2,1,1,Mikasa Piazza Bologna,guesthouse,,4.2,140,0.8,Camera Matrimoniale con Bagno Privato Esterno ,125.45,no: city tax € 14 per stay paid on site; VAT included,no,yes,https://www.booking.com/hotel/it/b-amp-b-l-39-arca-di-campaldino.it.html?checkin=2026-10-25&checkout=2026-10-27&group_adults=1&no_rooms=1&group_children=0&selected_currency=EUR,booking.com,2026-09-07T12:58:09.391Z
2026-10-25,2026-10-27,2,1,2,Domus Remo Room #2,guesthouse,3T,7.5,12,0.45,Camera Matrimoniale con Bagno Privato,127.37,no: city tax € 14 per stay paid on site; VAT included,no,no,https://www.booking.com/hotel/it/domus-remo-room.it.html?checkin=2026-10-25&checkout=2026-10-27&group_adults=1&no_rooms=1&group_children=0&selected_currency=EUR,booking.com,2026-09-07T12:58:09.391Z
2026-10-25,2026-10-27,2,1,3,DOMUS REMO Room #1,guesthouse,4T,9.1,31,0.45,Camera Tripla con Bagno Privato,132.81,yes,no,no,https://www.booking.com/hotel/it/domus-remo-rooms.it.html?checkin=2026-10-25&checkout=2026-10-27&group_adults=1&no_rooms=1&group_children=0&selected_currency=EUR,booking.com,2026-09-07T12:58:09.391Z
2026-10-25,2026-10-27,2,1,4,Days In Rome,guesthouse,4T,8.3,334,1.2,Camera Matrimoniale con Balcone,136.36,no: city tax € 12 per stay paid on site; VAT included,yes,no,https://www.booking.com/hotel/it/days-in-rome.it.html?checkin=2026-10-25&checkout=2026-10-27&group_adults=1&no_rooms=1&group_children=0&selected_currency=EUR,booking.com,2026-09-07T12:58:22.834Z
2026-10-25,2026-10-27,2,1,5,AFFITTACAMERE A CASA MIA,guesthouse,4T,8.8,478,0.35,Camera Singola Standard,137.12,no: city tax € 10 per stay paid on site; VAT included,no,no,https://www.booking.com/hotel/it/affittacamere-a-casa-mia.it.html?checkin=2026-10-25&checkout=2026-10-27&group_adults=1&no_rooms=1&group_children=0&selected_currency=EUR,booking.com,2026-09-07T12:58:09.391Z
2026-10-25,2026-10-27,2,1,6,Domus Remo Room #3,guesthouse,4T,9,29,0.45,Camera Matrimoniale con Bagno Privato,140.91,no: city tax € 14 per stay paid on site; VAT included,no,no,https://www.booking.com/hotel/it/domus-remo-room-3.it.html?checkin=2026-10-25&checkout=2026-10-27&group_adults=1&no_rooms=1&group_children=0&selected_currency=EUR,booking.com,2026-09-07T12:58:09.391Z
2026-10-25,2026-10-27,2,1,7,Il Magnificus Boutique,guesthouse,4T,9.2,476,0.35,Camera King Deluxe ,142.27,no: city tax € 14 per stay paid on site; VAT included,no,no,https://www.booking.com/hotel/it/il-magnificus-boutique.it.html?checkin=2026-10-25&checkout=2026-10-27&group_adults=1&no_rooms=1&group_children=0&selected_currency=EUR,booking.com,2026-09-07T12:58:09.391Z
2026-10-25,2026-10-27,2,1,8,Home Sweet Home Tiburtina Station,guesthouse,,8.1,194,0.6,Camera Budget Doppia con Letti Singoli,145.45,no: city tax € 14 per stay paid on site; VAT included,yes,no,https://www.booking.com/hotel/it/home-sweet-home-tiburtina-station.it.html?checkin=2026-10-25&checkout=2026-10-27&group_adults=1&no_rooms=1&group_children=0&selected_currency=EUR,booking.com,2026-09-07T12:58:09.391Z
2026-10-26,2026-10-28,2,1,1,B&B SPQR,B&B,2T,6,545,0.35,Camera Singola con Bagno Privato,109.09,no: city tax € 12 per stay paid on site; VAT included,yes,yes,https://www.booking.com/hotel/it/spqr.it.html?checkin=2026-10-26&checkout=2026-10-28&group_adults=1&no_rooms=1&group_children=0&selected_currency=EUR,booking.com,2026-09-07T12:58:36.313Z
2026-10-26,2026-10-28,2,1,2,Mikasa Piazza Bologna,guesthouse,,4.2,140,0.8,Camera Matrimoniale con Bagno Privato Esterno ,125.45,no: city tax € 14 per stay paid on site; VAT included,no,yes,https://www.booking.com/hotel/it/b-amp-b-l-39-arca-di-campaldino.it.html?checkin=2026-10-26&checkout=2026-10-28&group_adults=1&no_rooms=1&group_children=0&selected_currency=EUR,booking.com,2026-09-07T12:58:36.313Z
2026-10-26,2026-10-28,2,1,3,Domus Remo Room #2,guesthouse,3T,7.5,12,0.45,Camera Matrimoniale con Bagno Privato,127.37,no: city tax € 14 per stay paid on site; VAT included,no,no,https://www.booking.com/hotel/it/domus-remo-room.it.html?checkin=2026-10-26&checkout=2026-10-28&group_adults=1&no_rooms=1&group_children=0&selected_currency=EUR,booking.com,2026-09-07T12:58:36.313Z
2026-10-26,2026-10-28,2,1,4,DOMUS REMO Room #1,guesthouse,4T,9.1,31,0.45,Camera Tripla con Bagno Privato,132.81,yes,no,no,https://www.booking.com/hotel/it/domus-remo-rooms.it.html?checkin=2026-10-26&checkout=2026-10-28&group_adults=1&no_rooms=1&group_children=0&selected_currency=EUR,booking.com,2026-09-07T12:58:36.313Z
2026-10-26,2026-10-28,2,1,5,Affittacamere Tiburstation,guesthouse,3T,7.8,179,0.9,Camera Singola,135.08,no: city tax € 14 per stay paid on site; VAT included,no,no,https://www.booking.com/hotel/it/tibur-station.it.html?checkin=2026-10-26&checkout=2026-10-28&group_adults=1&no_rooms=1&group_children=0&selected_currency=EUR,booking.com,2026-09-07T12:58:36.313Z
2026-10-26,2026-10-28,2,1,6,Days In Rome,guesthouse,4T,8.3,334,1.2,Camera Matrimoniale con Balcone,136.36,no: city tax € 12 per stay paid on site; VAT included,yes,no,https://www.booking.com/hotel/it/days-in-rome.it.html?checkin=2026-10-26&checkout=2026-10-28&group_adults=1&no_rooms=1&group_children=0&selected_currency=EUR,booking.com,2026-09-07T12:58:43.601Z
2026-10-26,2026-10-28,2,1,7,AFFITTACAMERE A CASA MIA,guesthouse,4T,8.8,478,0.35,Camera Singola Standard,137.12,no: city tax € 10 per stay paid on site; VAT included,no,no,https://www.booking.com/hotel/it/affittacamere-a-casa-mia.it.html?checkin=2026-10-26&checkout=2026-10-28&group_adults=1&no_rooms=1&group_children=0&selected_currency=EUR,booking.com,2026-09-07T12:58:36.313Z
2026-10-26,2026-10-28,2,1,8,Affittacamere Roma Tiburtina,guesthouse,3T,6.5,755,0.2,Camera Matrimoniale/Doppia con Letti Singoli con Bagno Privato,138.18,no: city tax € 14 per stay paid on site; VAT included,yes,yes,https://www.booking.com/hotel/it/affittacamere-roma-tiburtina.it.html?checkin=2026-10-26&checkout=2026-10-28&group_adults=1&no_rooms=1&group_children=0&selected_currency=EUR,booking.com,2026-09-07T12:58:36.313Z
2026-10-27,2026-10-29,2,1,1,Affittacamere Roma Tiburtina,guesthouse,3T,6.5,755,0.2,Camera Singola con Bagno Privato,109.09,no: city tax € 14 per stay paid on site; VAT included,yes,yes,https://www.booking.com/hotel/it/affittacamere-roma-tiburtina.it.html?checkin=2026-10-27&checkout=2026-10-29&group_adults=1&no_rooms=1&group_children=0&selected_currency=EUR,booking.com,2026-09-07T12:59:03.270Z
2026-10-27,2026-10-29,2,1,2,B&B SPQR,B&B,2T,6,545,0.35,Camera Singola con Bagno Privato,109.09,no: city tax € 12 per stay paid on site; VAT included,yes,yes,https://www.booking.com/hotel/it/spqr.it.html?checkin=2026-10-27&checkout=2026-10-29&group_adults=1&no_rooms=1&group_children=0&selected_currency=EUR,booking.com,2026-09-07T12:59:03.270Z
2026-10-27,2026-10-29,2,1,3,"BEDS&ROOMS TIBURTINA- Rooms, Camere private",guesthouse,4T,8.8,106,0.2,Camera Singola con Bagno Privato,111.71,yes,no,no,https://www.booking.com/hotel/it/beds-amp-rooms-tiburtina-rooms.it.html?checkin=2026-10-27&checkout=2026-10-29&group_adults=1&no_rooms=1&group_children=0&selected_currency=EUR,booking.com,2026-09-07T12:59:03.270Z
2026-10-27,2026-10-29,2,1,4,TIBURTINA INN GUEST HOUSE,guesthouse,3T,7.5,662,0.4,Camera Singola Economy,114.55,no: city tax € 14 per stay paid on site; VAT included,yes,no,https://www.booking.com/hotel/it/tiburtina-inn-guest-house.it.html?checkin=2026-10-27&checkout=2026-10-29&group_adults=1&no_rooms=1&group_children=0&selected_currency=EUR,booking.com,2026-09-07T12:59:03.270Z
2026-10-27,2026-10-29,2,1,5,Mikasa Piazza Bologna,guesthouse,,4.2,140,0.8,Camera Matrimoniale con Bagno Privato Esterno ,125.45,no: city tax € 14 per stay paid on site; VAT included,no,yes,https://www.booking.com/hotel/it/b-amp-b-l-39-arca-di-campaldino.it.html?checkin=2026-10-27&checkout=2026-10-29&group_adults=1&no_rooms=1&group_children=0&selected_currency=EUR,booking.com,2026-09-07T12:59:03.270Z
2026-10-27,2026-10-29,2,1,6,Domus Remo Room #2,guesthouse,3T,7.5,12,0.45,Camera Matrimoniale con Bagno Privato,127.37,no: city tax € 14 per stay paid on site; VAT included,no,no,https://www.booking.com/hotel/it/domus-remo-room.it.html?checkin=2026-10-27&checkout=2026-10-29&group_adults=1&no_rooms=1&group_children=0&selected_currency=EUR,booking.com,2026-09-07T12:59:03.270Z
2026-10-27,2026-10-29,2,1,7,Affittacamere Tiburstation,guesthouse,3T,7.8,179,0.9,Camera Singola,135.08,no: city tax € 14 per stay paid on site; VAT included,no,no,https://www.booking.com/hotel/it/tibur-station.it.html?checkin=2026-10-27&checkout=2026-10-29&group_adults=1&no_rooms=1&group_children=0&selected_currency=EUR,booking.com,2026-09-07T12:59:03.270Z
2026-10-27,2026-10-29,2,1,8,Days In Rome,guesthouse,4T,8.3,334,1.2,Camera Matrimoniale con Balcone,136.36,no: city tax € 12 per stay paid on site; VAT included,yes,no,https://www.booking.com/hotel/it/days-in-rome.it.html?checkin=2026-10-27&checkout=2026-10-29&group_adults=1&no_rooms=1&group_children=0&selected_currency=EUR,booking.com,2026-09-07T12:59:11.057Z
2026-10-28,2026-10-30,2,1,1,B&B SPQR,B&B,2T,6,545,0.35,Camera Singola con Bagno Privato,109.09,no: city tax € 12 per stay paid on site; VAT included,yes,yes,https://www.booking.com/hotel/it/spqr.it.html?checkin=2026-10-28&checkout=2026-10-30&group_adults=1&no_rooms=1&group_children=0&selected_currency=EUR,booking.com,2026-09-07T12:59:24.574Z
2026-10-28,2026-10-30,2,1,2,TIBURTINA INN GUEST HOUSE,guesthouse,3T,7.5,662,0.4,Camera Singola Economy,114.55,no: city tax € 14 per stay paid on site; VAT included,yes,no,https://www.booking.com/hotel/it/tiburtina-inn-guest-house.it.html?checkin=2026-10-28&checkout=2026-10-30&group_adults=1&no_rooms=1&group_children=0&selected_currency=EUR,booking.com,2026-09-07T12:59:24.574Z
2026-10-28,2026-10-30,2,1,3,Mikasa Piazza Bologna,guesthouse,,4.2,140,0.8,Camera Matrimoniale con Bagno Privato Esterno ,125.45,no: city tax € 14 per stay paid on site; VAT included,no,yes,https://www.booking.com/hotel/it/b-amp-b-l-39-arca-di-campaldino.it.html?checkin=2026-10-28&checkout=2026-10-30&group_adults=1&no_rooms=1&group_children=0&selected_currency=EUR,booking.com,2026-09-07T12:59:24.574Z
2026-10-28,2026-10-30,2,1,4,Domus Remo Room #2,guesthouse,3T,7.5,12,0.45,Camera Matrimoniale con Bagno Privato,127.37,no: city tax € 14 per stay paid on site; VAT included,no,no,https://www.booking.com/hotel/it/domus-remo-room.it.html?checkin=2026-10-28&checkout=2026-10-30&group_adults=1&no_rooms=1&group_children=0&selected_currency=EUR,booking.com,2026-09-07T12:59:24.574Z
2026-10-28,2026-10-30,2,1,5,Affittacamere Tiburstation,guesthouse,3T,7.8,179,0.9,Camera Singola,135.08,no: city tax € 14 per stay paid on site; VAT included,no,no,https://www.booking.com/hotel/it/tibur-station.it.html?checkin=2026-10-28&checkout=2026-10-30&group_adults=1&no_rooms=1&group_children=0&selected_currency=EUR,booking.com,2026-09-07T12:59:24.574Z
2026-10-28,2026-10-30,2,1,6,Gmm,guesthouse,3T,7.9,207,1.3,Camera Singola Ampia,136.36,no: city tax € 14 per stay paid on site; VAT included,yes,yes,https://www.booking.com/hotel/it/gmm.it.html?checkin=2026-10-28&checkout=2026-10-30&group_adults=1&no_rooms=1&group_children=0&selected_currency=EUR,booking.com,2026-09-07T12:59:31.324Z
2026-10-28,2026-10-30,2,1,7,Days In Rome,guesthouse,4T,8.3,334,1.2,Camera Matrimoniale con Balcone,136.36,no: city tax € 12 per stay paid on site; VAT included,yes,no,https://www.booking.com/hotel/it/days-in-rome.it.html?checkin=2026-10-28&checkout=2026-10-30&group_adults=1&no_rooms=1&group_children=0&selected_currency=EUR,booking.com,2026-09-07T12:59:37.056Z
2026-10-28,2026-10-30,2,1,8,AFFITTACAMERE A CASA MIA,guesthouse,4T,8.8,478,0.35,Camera Singola Standard,137.12,no: city tax € 10 per stay paid on site; VAT included,no,no,https://www.booking.com/hotel/it/affittacamere-a-casa-mia.it.html?checkin=2026-10-28&checkout=2026-10-30&group_adults=1&no_rooms=1&group_children=0&selected_currency=EUR,booking.com,2026-09-07T12:59:24.574Z
2026-10-29,2026-10-31,2,1,1,B&B SPQR,B&B,2T,6,545,0.35,Camera Singola con Bagno Privato,109.09,no: city tax € 12 per stay paid on site; VAT included,yes,yes,https://www.booking.com/hotel/it/spqr.it.html?checkin=2026-10-29&checkout=2026-10-31&group_adults=1&no_rooms=1&group_children=0&selected_currency=EUR,booking.com,2026-09-07T12:59:51.086Z
2026-10-29,2026-10-31,2,1,2,TIBURTINA INN GUEST HOUSE,guesthouse,3T,7.5,662,0.4,Camera Singola Economy,114.55,no: city tax € 14 per stay paid on site; VAT included,yes,no,https://www.booking.com/hotel/it/tiburtina-inn-guest-house.it.html?checkin=2026-10-29&checkout=2026-10-31&group_adults=1&no_rooms=1&group_children=0&selected_currency=EUR,booking.com,2026-09-07T12:59:51.086Z
2026-10-29,2026-10-31,2,1,3,Mikasa Piazza Bologna,guesthouse,,4.2,140,0.8,Camera Matrimoniale con Bagno Privato Esterno ,125.45,no: city tax € 14 per stay paid on site; VAT included,no,yes,https://www.booking.com/hotel/it/b-amp-b-l-39-arca-di-campaldino.it.html?checkin=2026-10-29&checkout=2026-10-31&group_adults=1&no_rooms=1&group_children=0&selected_currency=EUR,booking.com,2026-09-07T12:59:51.086Z
2026-10-29,2026-10-31,2,1,4,Domus Remo Room #2,guesthouse,3T,7.5,12,0.45,Camera Matrimoniale con Bagno Privato,127.37,no: city tax € 14 per stay paid on site; VAT included,no,no,https://www.booking.com/hotel/it/domus-remo-room.it.html?checkin=2026-10-29&checkout=2026-10-31&group_adults=1&no_rooms=1&group_children=0&selected_currency=EUR,booking.com,2026-09-07T12:59:51.086Z
2026-10-29,2026-10-31,2,1,5,Affittacamere Tiburstation,guesthouse,3T,7.8,179,0.9,Camera Singola,135.08,no: city tax € 14 per stay paid on site; VAT included,no,no,https://www.booking.com/hotel/it/tibur-station.it.html?checkin=2026-10-29&checkout=2026-10-31&group_adults=1&no_rooms=1&group_children=0&selected_currency=EUR,booking.com,2026-09-07T12:59:51.086Z
2026-10-29,2026-10-31,2,1,6,Gmm,guesthouse,3T,7.9,207,1.3,Camera Singola Ampia,136.36,no: city tax € 14 per stay paid on site; VAT included,yes,yes,https://www.booking.com/hotel/it/gmm.it.html?checkin=2026-10-29&checkout=2026-10-31&group_adults=1&no_rooms=1&group_children=0&selected_currency=EUR,booking.com,2026-09-07T12:59:58.196Z
2026-10-29,2026-10-31,2,1,7,Affittacamere Roma Tiburtina,guesthouse,3T,6.5,755,0.2,Camera Matrimoniale/Doppia con Letti Singoli con Bagno Privato,138.18,no: city tax € 14 per stay paid on site; VAT included,yes,yes,https://www.booking.com/hotel/it/affittacamere-roma-tiburtina.it.html?checkin=2026-10-29&checkout=2026-10-31&group_adults=1&no_rooms=1&group_children=0&selected_currency=EUR,booking.com,2026-09-07T12:59:51.086Z
2026-10-29,2026-10-31,2,1,8,Domus Remo Room #3,guesthouse,4T,9,29,0.45,Camera Matrimoniale con Bagno Privato,140.91,no: city tax € 14 per stay paid on site; VAT included,no,no,https://www.booking.com/hotel/it/domus-remo-room-3.it.html?checkin=2026-10-29&checkout=2026-10-31&group_adults=1&no_rooms=1&group_children=0&selected_currency=EUR,booking.com,2026-09-07T12:59:51.086Z
2026-10-30,2026-11-01,2,1,1,B&B SPQR,B&B,2T,6,545,0.35,Camera Singola con Bagno Privato,109.09,no: city tax € 12 per stay paid on site; VAT included,yes,yes,https://www.booking.com/hotel/it/spqr.it.html?checkin=2026-10-30&checkout=2026-11-01&group_adults=1&no_rooms=1&group_children=0&selected_currency=EUR,booking.com,2026-09-07T13:00:16.402Z
2026-10-30,2026-11-01,2,1,2,TIBURTINA INN GUEST HOUSE,guesthouse,3T,7.5,662,0.4,Camera Singola Economy,114.55,no: city tax € 14 per stay paid on site; VAT included,yes,no,https://www.booking.com/hotel/it/tiburtina-inn-guest-house.it.html?checkin=2026-10-30&checkout=2026-11-01&group_adults=1&no_rooms=1&group_children=0&selected_currency=EUR,booking.com,2026-09-07T13:00:16.402Z
2026-10-30,2026-11-01,2,1,3,Mikasa Piazza Bologna,guesthouse,,4.2,140,0.8,Camera Matrimoniale con Bagno Privato Esterno ,125.45,no: city tax € 14 per stay paid on site; VAT included,no,yes,https://www.booking.com/hotel/it/b-amp-b-l-39-arca-di-campaldino.it.html?checkin=2026-10-30&checkout=2026-11-01&group_adults=1&no_rooms=1&group_children=0&selected_currency=EUR,booking.com,2026-09-07T13:00:16.402Z
2026-10-30,2026-11-01,2,1,4,Domus Remo Room #2,guesthouse,3T,7.5,12,0.45,Camera Matrimoniale con Bagno Privato,127.37,no: city tax € 14 per stay paid on site; VAT included,no,no,https://www.booking.com/hotel/it/domus-remo-room.it.html?checkin=2026-10-30&checkout=2026-11-01&group_adults=1&no_rooms=1&group_children=0&selected_currency=EUR,booking.com,2026-09-07T13:00:16.402Z
2026-10-30,2026-11-01,2,1,5,Affittacamere Tiburstation,guesthouse,3T,7.8,179,0.9,Camera Singola,135.08,no: city tax € 14 per stay paid on site; VAT included,no,no,https://www.booking.com/hotel/it/tibur-station.it.html?checkin=2026-10-30&checkout=2026-11-01&group_adults=1&no_rooms=1&group_children=0&selected_currency=EUR,booking.com,2026-09-07T13:00:16.402Z
2026-10-30,2026-11-01,2,1,6,Gmm,guesthouse,3T,7.9,207,1.3,Camera Singola Ampia,136.36,no: city tax € 14 per stay paid on site; VAT included,yes,yes,https://www.booking.com/hotel/it/gmm.it.html?checkin=2026-10-30&checkout=2026-11-01&group_adults=1&no_rooms=1&group_children=0&selected_currency=EUR,booking.com,2026-09-07T13:00:23.201Z
2026-10-30,2026-11-01,2,1,7,B&B Anturium,B&B,4T,8.6,173,0.5,Camera Singola,136.85,no: city tax € 12 per stay paid on site; VAT included,no,no,https://www.booking.com/hotel/it/b-amp-b-anturium.it.html?checkin=2026-10-30&checkout=2026-11-01&group_adults=1&no_rooms=1&group_children=0&selected_currency=EUR,booking.com,2026-09-07T13:00:16.402Z
2026-10-30,2026-11-01,2,1,8,Domus Remo Room #3,guesthouse,4T,9,29,0.45,Camera Matrimoniale con Bagno Privato,140.91,no: city tax € 14 per stay paid on site; VAT included,no,no,https://www.booking.com/hotel/it/domus-remo-room-3.it.html?checkin=2026-10-30&checkout=2026-11-01&group_adults=1&no_rooms=1&group_children=0&selected_currency=EUR,booking.com,2026-09-07T13:00:16.402Z
2026-10-31,2026-11-02,2,1,1,Domus Remo Room #2,guesthouse,3T,7.5,12,0.45,Camera Matrimoniale con Bagno Privato,119.91,no: city tax € 14 per stay paid on site; VAT included,no,no,https://www.booking.com/hotel/it/domus-remo-room.it.html?checkin=2026-10-31&checkout=2026-11-02&group_adults=1&no_rooms=1&group_children=0&selected_currency=EUR,booking.com,2026-09-07T13:00:37.023Z
2026-10-31,2026-11-02,2,1,2,Mikasa Piazza Bologna,guesthouse,,4.2,140,0.8,Camera Matrimoniale con Bagno Privato Esterno ,125.45,no: city tax € 14 per stay paid on site; VAT included,no,yes,https://www.booking.com/hotel/it/b-amp-b-l-39-arca-di-campaldino.it.html?checkin=2026-10-31&checkout=2026-11-02&group_adults=1&no_rooms=1&group_children=0&selected_currency=EUR,booking.com,2026-09-07T13:00:37.023Z
2026-10-31,2026-11-02,2,1,3,Unique Stay Tiburtina,B&B,,8.6,121,0.7,Camera Matrimoniale Standard con Bagno in Comune,129.09,no: city tax € 12 per stay paid on site; VAT included,no,no,https://www.booking.com/hotel/it/unique-stay-tiburtina.it.html?checkin=2026-10-31&checkout=2026-11-02&group_adults=1&no_rooms=1&group_children=0&selected_currency=EUR,booking.com,2026-09-07T13:00:37.023Z
2026-10-31,2026-11-02,2,1,4,Gmm,guesthouse,3T,7.9,207,1.3,Camera Singola Ampia,131.82,no: city tax € 14 per stay paid on site; VAT included,yes,yes,https://www.booking.com/hotel/it/gmm.it.html?checkin=2026-10-31&checkout=2026-11-02&group_adults=1&no_rooms=1&group_children=0&selected_currency=EUR,booking.com,2026-09-07T13:00:50.154Z
2026-10-31,2026-11-02,2,1,5,Affittacamere Tiburstation,guesthouse,3T,7.8,179,0.9,Camera Singola,135.08,no: city tax € 14 per stay paid on site; VAT included,no,no,https://www.booking.com/hotel/it/tibur-station.it.html?checkin=2026-10-31&checkout=2026-11-02&group_adults=1&no_rooms=1&group_children=0&selected_currency=EUR,booking.com,2026-09-07T13:00:37.023Z
2026-10-31,2026-11-02,2,1,6,Domus Remo Room #3,guesthouse,4T,9,29,0.45,Camera Matrimoniale con Bagno Privato,136.69,no: city tax € 14 per stay paid on site; VAT included,no,no,https://www.booking.com/hotel/it/domus-remo-room-3.it.html?checkin=2026-10-31&checkout=2026-11-02&group_adults=1&no_rooms=1&group_children=0&selected_currency=EUR,booking.com,2026-09-07T13:00:37.023Z
2026-10-31,2026-11-02,2,1,7,B&B Anturium,B&B,4T,8.6,173,0.5,Camera Matrimoniale con Bagno Privato Esterno ,136.84,no: city tax € 12 per stay paid on site; VAT included,no,no,https://www.booking.com/hotel/it/b-amp-b-anturium.it.html?checkin=2026-10-31&checkout=2026-11-02&group_adults=1&no_rooms=1&group_children=0&selected_currency=EUR,booking.com,2026-09-07T13:00:37.023Z
2026-10-31,2026-11-02,2,1,8,Suite and room,B&B,3T,7.6,259,0.7,Camera Singola Deluxe,148.14,no: city tax € 12 per stay paid on site; VAT included,no,no,https://www.booking.com/hotel/it/kiss-and-room.it.html?checkin=2026-10-31&checkout=2026-11-02&group_adults=1&no_rooms=1&group_children=0&selected_currency=EUR,booking.com,2026-09-07T13:00:37.023Z
2026-11-01,2026-11-03,2,1,1,AFFITTACAMERE A CASA MIA,guesthouse,4T,8.8,478,0.35,Camera Singola Standard,106.65,no: city tax € 10 per stay paid on site; VAT included,no,no,https://www.booking.com/hotel/it/affittacamere-a-casa-mia.it.html?checkin=2026-11-01&checkout=2026-11-03&group_adults=1&no_rooms=1&group_children=0&selected_currency=EUR,booking.com,2026-09-07T13:01:02.821Z
2026-11-01,2026-11-03,2,1,2,Domus Remo Room #2,guesthouse,3T,7.5,12,0.45,Camera Matrimoniale con Bagno Privato,112.46,no: city tax € 14 per stay paid on site; VAT included,no,no,https://www.booking.com/hotel/it/domus-remo-room.it.html?checkin=2026-11-01&checkout=2026-11-03&group_adults=1&no_rooms=1&group_children=0&selected_currency=EUR,booking.com,2026-09-07T13:01:02.821Z
2026-11-01,2026-11-03,2,1,3,B&B Anturium,B&B,4T,8.6,173,0.5,Camera Matrimoniale con Bagno Privato Esterno ,118.41,no: city tax € 12 per stay paid on site; VAT included,no,no,https://www.booking.com/hotel/it/b-amp-b-anturium.it.html?checkin=2026-11-01&checkout=2026-11-03&group_adults=1&no_rooms=1&group_children=0&selected_currency=EUR,booking.com,2026-09-07T13:01:02.821Z
2026-11-01,2026-11-03,2,1,4,DOMUS REMO Room #1,guesthouse,4T,9.1,31,0.45,Camera Tripla con Bagno Privato,120.77,yes,no,no,https://www.booking.com/hotel/it/domus-remo-rooms.it.html?checkin=2026-11-01&checkout=2026-11-03&group_adults=1&no_rooms=1&group_children=0&selected_currency=EUR,booking.com,2026-09-07T13:01:02.821Z
2026-11-01,2026-11-03,2,1,5,"Nènè House Roma-Farfalla, appartamento in comune",guesthouse,,6.5,4,0.9,Camera Matrimoniale con Bagno Privato,123.64,no: city tax € 10 per stay paid on site; VAT included,yes,no,https://www.booking.com/hotel/it/nene-house-roma-farfalla.it.html?checkin=2026-11-01&checkout=2026-11-03&group_adults=1&no_rooms=1&group_children=0&selected_currency=EUR,booking.com,2026-09-07T13:01:02.821Z
2026-11-01,2026-11-03,2,1,6,Mikasa Piazza Bologna,guesthouse,,4.2,140,0.8,Camera Matrimoniale con Bagno Privato Esterno ,125.45,no: city tax € 14 per stay paid on site; VAT included,no,yes,https://www.booking.com/hotel/it/b-amp-b-l-39-arca-di-campaldino.it.html?checkin=2026-11-01&checkout=2026-11-03&group_adults=1&no_rooms=1&group_children=0&selected_currency=EUR,booking.com,2026-09-07T13:01:02.821Z
2026-11-01,2026-11-03,2,1,7,Isabel Rooms,guesthouse,,8.3,15,0.9,Camera Matrimoniale,128.72,no: city tax € 12 per stay paid on site; VAT included,no,no,https://www.booking.com/hotel/it/isabel-rooms.it.html?checkin=2026-11-01&checkout=2026-11-03&group_adults=1&no_rooms=1&group_children=0&selected_currency=EUR,booking.com,2026-09-07T13:01:02.821Z
2026-11-01,2026-11-03,2,1,8,Unique Stay Tiburtina,B&B,,8.6,121,0.7,Camera Matrimoniale Standard con Bagno in Comune,129.09,no: city tax € 12 per stay paid on site; VAT included,no,no,https://www.booking.com/hotel/it/unique-stay-tiburtina.it.html?checkin=2026-11-01&checkout=2026-11-03&group_adults=1&no_rooms=1&group_children=0&selected_currency=EUR,booking.com,2026-09-07T13:01:02.821Z
