checkin,checkout,nights,adults,rank,property,type,stars,score,reviews,distance_km,room,total_eur,taxes_included,free_cancellation,breakfast,url,source,fetched_at
2026-09-25,2026-09-28,3,1,1,Testa Gioacchino B&B,B&B,,8.7,20,1.5,Camera Matrimoniale Basic con Bagno in Comune,245.45,no: city tax € 18 per stay paid on site; VAT included,yes,no,https://www.booking.com/hotel/it/testa-gioacchino-b-amp-b.it.html?checkin=2026-09-25&checkout=2026-09-28&group_adults=1&no_rooms=1&group_children=0&selected_currency=EUR,booking.com,2026-09-07T13:22:14.612Z
2026-09-25,2026-09-28,3,1,2,GH Hotel San Giusto,hotel,3,7.1,1320,0.9,Camera Singola,251.47,no: city tax € 18 per stay paid on site; VAT included,no,yes,https://www.booking.com/hotel/it/hotelsangiustorome.it.html?checkin=2026-09-25&checkout=2026-09-28&group_adults=1&no_rooms=1&group_children=0&selected_currency=EUR,booking.com,2026-09-07T13:22:07.925Z
2026-09-25,2026-09-28,3,1,3,Dodo Holiday in Rome,guesthouse,4T,8,265,1.2,Camera Matrimoniale Deluxe con Balcone,261.25,no: city tax € 18 per stay paid on site; VAT included,no,no,https://www.booking.com/hotel/it/dodo-holiday-in-rome.it.html?checkin=2026-09-25&checkout=2026-09-28&group_adults=1&no_rooms=1&group_children=0&selected_currency=EUR,booking.com,2026-09-07T13:22:14.612Z
2026-09-25,2026-09-28,3,1,4,MORFEMA - Boutique Rooms,guesthouse,4T,10,1,0.8,Camera Deluxe ,262.65,no: city tax € 18 per stay paid on site; VAT included,no,no,https://www.booking.com/hotel/it/morfema-boutique-rooms.it.html?checkin=2026-09-25&checkout=2026-09-28&group_adults=1&no_rooms=1&group_children=0&selected_currency=EUR,booking.com,2026-09-07T13:22:07.925Z
2026-09-25,2026-09-28,3,1,5,AlbaDomus Affittacamere o GuestHouse,guesthouse,4T,7.9,360,0.3,Camera Singola,288.31,no: city tax € 18 per stay paid on site; VAT included,no,no,https://www.booking.com/hotel/it/beb-albadomus-roma.it.html?checkin=2026-09-25&checkout=2026-09-28&group_adults=1&no_rooms=1&group_children=0&selected_currency=EUR,booking.com,2026-09-07T13:22:07.925Z
2026-09-25,2026-09-28,3,1,6,"Luxor 2 Jacuzzi Suites and Deluxe Rooms, Piazza Bologna Metro Direct Colosseo, Roma",guesthouse,4T,9.3,27,0.9,Monolocale Familiare,314.55,no: city tax € 18 per stay paid on site; VAT included,yes,no,https://www.booking.com/hotel/it/luxor-2-jacuzzi-suites-and-deluxe-rooms-piazza-bologna-metro-direct-colosseo-rom.it.html?checkin=2026-09-25&checkout=2026-09-28&group_adults=1&no_rooms=1&group_children=0&selected_currency=EUR,booking.com,2026-09-07T13:22:07.925Z
2026-09-25,2026-09-28,3,1,7,Sergio Tourist Rental close Tiburtina Station,guesthouse,4T,8.5,191,0.9,Camera Matrimoniale/Doppia con Letti Singoli con Bagno Privato,319.09,no: city tax € 21 per stay paid on site; VAT included,yes,no,https://www.booking.com/hotel/it/sergio-39-s-guest-house.it.html?checkin=2026-09-25&checkout=2026-09-28&group_adults=1&no_rooms=1&group_children=0&selected_currency=EUR,booking.com,2026-09-07T13:22:07.925Z
2026-09-25,2026-09-28,3,1,8,Magnifico Suites,guesthouse,4T,9,26,0.25,Junior Suite,341.25,no: city tax € 18 per stay paid on site; VAT included,no,no,https://www.booking.com/hotel/it/magnifico-suites.it.html?checkin=2026-09-25&checkout=2026-09-28&group_adults=1&no_rooms=1&group_children=0&selected_currency=EUR,booking.com,2026-09-07T13:22:07.925Z
2026-09-26,2026-09-29,3,1,1,Testa Gioacchino B&B,B&B,,8.7,20,1.5,Camera Matrimoniale Basic con Bagno in Comune,245.45,no: city tax € 18 per stay paid on site; VAT included,yes,no,https://www.booking.com/hotel/it/testa-gioacchino-b-amp-b.it.html?checkin=2026-09-26&checkout=2026-09-29&group_adults=1&no_rooms=1&group_children=0&selected_currency=EUR,booking.com,2026-09-07T13:22:43.082Z
2026-09-26,2026-09-29,3,1,2,MORFEMA - Boutique Rooms,guesthouse,4T,10,1,0.8,Camera Deluxe ,259.48,no: city tax € 18 per stay paid on site; VAT included,no,no,https://www.booking.com/hotel/it/morfema-boutique-rooms.it.html?checkin=2026-09-26&checkout=2026-09-29&group_adults=1&no_rooms=1&group_children=0&selected_currency=EUR,booking.com,2026-09-07T13:22:36.909Z
2026-09-26,2026-09-29,3,1,3,Dodo Holiday in Rome,guesthouse,4T,8,265,1.2,Camera Matrimoniale Deluxe con Balcone,261.25,no: city tax € 18 per stay paid on site; VAT included,no,no,https://www.booking.com/hotel/it/dodo-holiday-in-rome.it.html?checkin=2026-09-26&checkout=2026-09-29&group_adults=1&no_rooms=1&group_children=0&selected_currency=EUR,booking.com,2026-09-07T13:22:50.139Z
2026-09-26,2026-09-29,3,1,4,GH Hotel San Giusto,hotel,3,7.1,1320,0.9,Camera Singola,273.75,no: city tax € 18 per stay paid on site; VAT included,no,yes,https://www.booking.com/hotel/it/hotelsangiustorome.it.html?checkin=2026-09-26&checkout=2026-09-29&group_adults=1&no_rooms=1&group_children=0&selected_currency=EUR,booking.com,2026-09-07T13:22:36.909Z
2026-09-26,2026-09-29,3,1,5,Rosa Italia Hotel Roma,hotel,3,6.7,1146,1.4,Camera Matrimoniale/Doppia con Letti Singoli con Bagno Privato,277.27,no: city tax € 15 per stay paid on site; VAT included,yes,no,https://www.booking.com/hotel/it/rosa-italia-roma.it.html?checkin=2026-09-26&checkout=2026-09-29&group_adults=1&no_rooms=1&group_children=0&selected_currency=EUR,booking.com,2026-09-07T13:22:50.139Z
2026-09-26,2026-09-29,3,1,6,B&B LUMAS,B&B,4T,9,398,0.6,Camera Matrimoniale/Doppia con Letti Singoli,290.49,no: city tax € 15 per stay paid on site; VAT included,no,yes,https://www.booking.com/hotel/it/b-amp-b-lumas.it.html?checkin=2026-09-26&checkout=2026-09-29&group_adults=1&no_rooms=1&group_children=0&selected_currency=EUR,booking.com,2026-09-07T13:22:36.909Z
2026-09-26,2026-09-29,3,1,7,"Luxor 2 Jacuzzi Suites and Deluxe Rooms, Piazza Bologna Metro Direct Colosseo, Roma",guesthouse,4T,9.3,27,0.9,Monolocale Familiare,292.73,no: city tax € 18 per stay paid on site; VAT included,yes,no,https://www.booking.com/hotel/it/luxor-2-jacuzzi-suites-and-deluxe-rooms-piazza-bologna-metro-direct-colosseo-rom.it.html?checkin=2026-09-26&checkout=2026-09-29&group_adults=1&no_rooms=1&group_children=0&selected_currency=EUR,booking.com,2026-09-07T13:22:36.909Z
2026-09-26,2026-09-29,3,1,8,Sergio Tourist Rental close Tiburtina Station,guesthouse,4T,8.5,191,0.9,Monolocale con Balcone,313.64,no: city tax € 21 per stay paid on site; VAT included,yes,no,https://www.booking.com/hotel/it/sergio-39-s-guest-house.it.html?checkin=2026-09-26&checkout=2026-09-29&group_adults=1&no_rooms=1&group_children=0&selected_currency=EUR,booking.com,2026-09-07T13:22:36.909Z
2026-09-27,2026-09-30,3,1,1,GH Hotel San Giusto,hotel,3,7.1,1320,0.9,Camera Singola,195.87,no: city tax € 18 per stay paid on site; VAT included,no,yes,https://www.booking.com/hotel/it/hotelsangiustorome.it.html?checkin=2026-09-27&checkout=2026-09-30&group_adults=1&no_rooms=1&group_children=0&selected_currency=EUR,booking.com,2026-09-07T13:23:03.717Z
2026-09-27,2026-09-30,3,1,2,Romulea Guest House,guesthouse,,6.2,675,0.4,Camera Matrimoniale con Bagno in Comune ,207.63,no: city tax € 15 per stay paid on site; VAT included,no,no,https://www.booking.com/hotel/it/romulea-guest-house.it.html?checkin=2026-09-27&checkout=2026-09-30&group_adults=1&no_rooms=1&group_children=0&selected_currency=EUR,booking.com,2026-09-07T13:23:03.717Z
2026-09-27,2026-09-30,3,1,3,B&B Classy Rome,guesthouse,,7.2,143,1.3,Camera Matrimoniale con Bagno in Comune ,213.93,no: city tax € 21 per stay paid on site; VAT included,yes,no,https://www.booking.com/hotel/it/b-amp-b-classy-rome.it.html?checkin=2026-09-27&checkout=2026-09-30&group_adults=1&no_rooms=1&group_children=0&selected_currency=EUR,booking.com,2026-09-07T13:23:10.651Z
2026-09-27,2026-09-30,3,1,4,Residenza,guesthouse,3T,8.1,527,0.9,Camera Matrimoniale,223.36,no: city tax € 21 per stay paid on site; VAT included,no,no,https://www.booking.com/hotel/it/residenza-roma1.it.html?checkin=2026-09-27&checkout=2026-09-30&group_adults=1&no_rooms=1&group_children=0&selected_currency=EUR,booking.com,2026-09-07T13:23:03.717Z
2026-09-27,2026-09-30,3,1,5,"Tiburtina Suites, Roma",guesthouse,3T,7.6,93,0.6,Camera Matrimoniale con Balcone,227.50,no: city tax € 18 per stay paid on site; VAT included,no,no,https://www.booking.com/hotel/it/tiburtina-suites.it.html?checkin=2026-09-27&checkout=2026-09-30&group_adults=1&no_rooms=1&group_children=0&selected_currency=EUR,booking.com,2026-09-07T13:23:03.717Z
2026-09-27,2026-09-30,3,1,6,Home Sweet Home Tiburtina Station,guesthouse,,8.1,194,0.6,Camera Budget Doppia con Letti Singoli,231.82,no: city tax € 21 per stay paid on site; VAT included,yes,no,https://www.booking.com/hotel/it/home-sweet-home-tiburtina-station.it.html?checkin=2026-09-27&checkout=2026-09-30&group_adults=1&no_rooms=1&group_children=0&selected_currency=EUR,booking.com,2026-09-07T13:23:03.717Z
2026-09-27,2026-09-30,3,1,7,Atrium Regal Room,B&B,4T,7.7,45,0.4,Camera King Deluxe ,244.93,no: city tax € 18 per stay paid on site; VAT included,no,no,https://www.booking.com/hotel/it/atrium-regal-room.it.html?checkin=2026-09-27&checkout=2026-09-30&group_adults=1&no_rooms=1&group_children=0&selected_currency=EUR,booking.com,2026-09-07T13:23:03.717Z
2026-09-27,2026-09-30,3,1,8,La Dolce Casa,B&B,,9.6,184,1.5,Camera Singola con Bagno Privato,245.45,no: city tax € 18 per stay paid on site; VAT included,yes,yes,https://www.booking.com/hotel/it/la-dolce-casa-roma.it.html?checkin=2026-09-27&checkout=2026-09-30&group_adults=1&no_rooms=1&group_children=0&selected_currency=EUR,booking.com,2026-09-07T13:23:26.803Z
2026-09-28,2026-10-01,3,1,1,Roma Tiberius Suite,guesthouse,,3.1,249,0.6,Camera Matrimoniale Economy,182.45,no: city tax € 21 per stay paid on site; VAT included,yes,yes,https://www.booking.com/hotel/it/tiberius-quot-la-dolce-vita-quot-suite-rome-centric-mb.it.html?checkin=2026-09-28&checkout=2026-10-01&group_adults=1&no_rooms=1&group_children=0&selected_currency=EUR,booking.com,2026-09-07T13:23:40.852Z
2026-09-28,2026-10-01,3,1,2,Mikasa Piazza Bologna,guesthouse,,4.2,140,0.8,Camera Deluxe ,186.14,no: city tax € 21 per stay paid on site; VAT included,no,yes,https://www.booking.com/hotel/it/b-amp-b-l-39-arca-di-campaldino.it.html?checkin=2026-09-28&checkout=2026-10-01&group_adults=1&no_rooms=1&group_children=0&selected_currency=EUR,booking.com,2026-09-07T13:23:40.852Z
2026-09-28,2026-10-01,3,1,3,TIBURTINA INN GUEST HOUSE,guesthouse,3T,7.5,662,0.4,Camera Singola Economy,196.36,no: city tax € 21 per stay paid on site; VAT included,yes,no,https://www.booking.com/hotel/it/tiburtina-inn-guest-house.it.html?checkin=2026-09-28&checkout=2026-10-01&group_adults=1&no_rooms=1&group_children=0&selected_currency=EUR,booking.com,2026-09-07T13:23:40.852Z
2026-09-28,2026-10-01,3,1,4,B&B SPQR,B&B,2T,6,545,0.35,Camera Matrimoniale con Bagno Privato,207.27,no: city tax € 18 per stay paid on site; VAT included,yes,yes,https://www.booking.com/hotel/it/spqr.it.html?checkin=2026-09-28&checkout=2026-10-01&group_adults=1&no_rooms=1&group_children=0&selected_currency=EUR,booking.com,2026-09-07T13:23:40.852Z
2026-09-28,2026-10-01,3,1,5,Romulea Guest House,guesthouse,,6.2,675,0.4,Camera Matrimoniale con Bagno in Comune ,207.63,no: city tax € 15 per stay paid on site; VAT included,no,no,https://www.booking.com/hotel/it/romulea-guest-house.it.html?checkin=2026-09-28&checkout=2026-10-01&group_adults=1&no_rooms=1&group_children=0&selected_currency=EUR,booking.com,2026-09-07T13:23:40.852Z
2026-09-28,2026-10-01,3,1,6,Residenza,guesthouse,3T,8.1,527,0.9,Camera Matrimoniale,223.36,no: city tax € 21 per stay paid on site; VAT included,no,no,https://www.booking.com/hotel/it/residenza-roma1.it.html?checkin=2026-09-28&checkout=2026-10-01&group_adults=1&no_rooms=1&group_children=0&selected_currency=EUR,booking.com,2026-09-07T13:23:40.852Z
2026-09-28,2026-10-01,3,1,7,"Tiburtina Suites, Roma",guesthouse,3T,7.6,93,0.6,Camera Matrimoniale con Balcone,223.36,no: city tax € 18 per stay paid on site; VAT included,no,no,https://www.booking.com/hotel/it/tiburtina-suites.it.html?checkin=2026-09-28&checkout=2026-10-01&group_adults=1&no_rooms=1&group_children=0&selected_currency=EUR,booking.com,2026-09-07T13:23:40.852Z
2026-09-28,2026-10-01,3,1,8,La Dimora del Re,guesthouse,4T,8.8,164,0.7,Camera King con Vasca Idromassaggio,230.81,no: city tax € 21 per stay paid on site; VAT included,yes,no,https://www.booking.com/hotel/it/la-dimora-del-re-roma1.it.html?checkin=2026-09-28&checkout=2026-10-01&group_adults=1&no_rooms=1&group_children=0&selected_currency=EUR,booking.com,2026-09-07T13:23:40.852Z
2026-09-29,2026-10-02,3,1,1,Mikasa Piazza Bologna,guesthouse,,4.2,140,0.8,Camera Tripla,182.00,no: city tax € 21 per stay paid on site; VAT included,no,yes,https://www.booking.com/hotel/it/b-amp-b-l-39-arca-di-campaldino.it.html?checkin=2026-09-29&checkout=2026-10-02&group_adults=1&no_rooms=1&group_children=0&selected_currency=EUR,booking.com,2026-09-07T13:24:14.192Z
2026-09-29,2026-10-02,3,1,2,TIBURTINA INN GUEST HOUSE,guesthouse,3T,7.5,662,0.4,Camera Singola Economy,188.18,no: city tax € 21 per stay paid on site; VAT included,yes,no,https://www.booking.com/hotel/it/tiburtina-inn-guest-house.it.html?checkin=2026-09-29&checkout=2026-10-02&group_adults=1&no_rooms=1&group_children=0&selected_currency=EUR,booking.com,2026-09-07T13:24:14.192Z
2026-09-29,2026-10-02,3,1,3,B&B SPQR,B&B,2T,6,545,0.35,Camera Matrimoniale con Bagno Privato,207.27,no: city tax € 18 per stay paid on site; VAT included,yes,yes,https://www.booking.com/hotel/it/spqr.it.html?checkin=2026-09-29&checkout=2026-10-02&group_adults=1&no_rooms=1&group_children=0&selected_currency=EUR,booking.com,2026-09-07T13:24:14.192Z
2026-09-29,2026-10-02,3,1,4,Romulea Guest House,guesthouse,,6.2,675,0.4,Camera Matrimoniale con Bagno in Comune ,212.29,no: city tax € 15 per stay paid on site; VAT included,no,no,https://www.booking.com/hotel/it/romulea-guest-house.it.html?checkin=2026-09-29&checkout=2026-10-02&group_adults=1&no_rooms=1&group_children=0&selected_currency=EUR,booking.com,2026-09-07T13:24:14.192Z
2026-09-29,2026-10-02,3,1,5,La Dimora del Re,guesthouse,4T,8.8,164,0.7,Camera Matrimoniale,222.55,no: city tax € 21 per stay paid on site; VAT included,yes,no,https://www.booking.com/hotel/it/la-dimora-del-re-roma1.it.html?checkin=2026-09-29&checkout=2026-10-02&group_adults=1&no_rooms=1&group_children=0&selected_currency=EUR,booking.com,2026-09-07T13:24:14.192Z
2026-09-29,2026-10-02,3,1,6,"Tiburtina Suites, Roma",guesthouse,3T,7.6,93,0.6,Camera Matrimoniale con Balcone,223.36,no: city tax € 18 per stay paid on site; VAT included,no,no,https://www.booking.com/hotel/it/tiburtina-suites.it.html?checkin=2026-09-29&checkout=2026-10-02&group_adults=1&no_rooms=1&group_children=0&selected_currency=EUR,booking.com,2026-09-07T13:24:14.192Z
2026-09-29,2026-10-02,3,1,7,Home Sweet Home Tiburtina Station,guesthouse,,8.1,194,0.6,Camera Budget Doppia con Letti Singoli,227.27,no: city tax € 21 per stay paid on site; VAT included,yes,no,https://www.booking.com/hotel/it/home-sweet-home-tiburtina-station.it.html?checkin=2026-09-29&checkout=2026-10-02&group_adults=1&no_rooms=1&group_children=0&selected_currency=EUR,booking.com,2026-09-07T13:24:14.192Z
2026-09-29,2026-10-02,3,1,8,GH Hotel San Giusto,hotel,3,7.1,1320,0.9,Camera Singola,232.10,no: city tax € 18 per stay paid on site; VAT included,no,yes,https://www.booking.com/hotel/it/hotelsangiustorome.it.html?checkin=2026-09-29&checkout=2026-10-02&group_adults=1&no_rooms=1&group_children=0&selected_currency=EUR,booking.com,2026-09-07T13:24:14.192Z
2026-09-30,2026-10-03,3,1,1,B&B SPQR,B&B,2T,6,545,0.35,Camera Singola con Bagno Privato,163.64,no: city tax € 18 per stay paid on site; VAT included,yes,yes,https://www.booking.com/hotel/it/spqr.it.html?checkin=2026-09-30&checkout=2026-10-03&group_adults=1&no_rooms=1&group_children=0&selected_currency=EUR,booking.com,2026-09-07T13:24:37.408Z
2026-09-30,2026-10-03,3,1,2,Mikasa Piazza Bologna,guesthouse,,4.2,140,0.8,Camera Tripla,202.69,no: city tax € 21 per stay paid on site; VAT included,no,yes,https://www.booking.com/hotel/it/b-amp-b-l-39-arca-di-campaldino.it.html?checkin=2026-09-30&checkout=2026-10-03&group_adults=1&no_rooms=1&group_children=0&selected_currency=EUR,booking.com,2026-09-07T13:24:37.408Z
2026-09-30,2026-10-03,3,1,3,Romulea Guest House,guesthouse,,6.2,675,0.4,Camera Matrimoniale con Bagno in Comune ,216.96,no: city tax € 15 per stay paid on site; VAT included,no,no,https://www.booking.com/hotel/it/romulea-guest-house.it.html?checkin=2026-09-30&checkout=2026-10-03&group_adults=1&no_rooms=1&group_children=0&selected_currency=EUR,booking.com,2026-09-07T13:24:37.408Z
2026-09-30,2026-10-03,3,1,4,"Tiburtina Suites, Roma",guesthouse,3T,7.6,93,0.6,Camera Matrimoniale con Balcone,227.50,no: city tax € 18 per stay paid on site; VAT included,no,no,https://www.booking.com/hotel/it/tiburtina-suites.it.html?checkin=2026-09-30&checkout=2026-10-03&group_adults=1&no_rooms=1&group_children=0&selected_currency=EUR,booking.com,2026-09-07T13:24:37.408Z
2026-09-30,2026-10-03,3,1,5,La Dimora del Re,guesthouse,4T,8.8,164,0.7,Camera Matrimoniale con Balcone,237.27,no: city tax € 21 per stay paid on site; VAT included,yes,no,https://www.booking.com/hotel/it/la-dimora-del-re-roma1.it.html?checkin=2026-09-30&checkout=2026-10-03&group_adults=1&no_rooms=1&group_children=0&selected_currency=EUR,booking.com,2026-09-07T13:24:37.408Z
2026-09-30,2026-10-03,3,1,6,Dodo Holiday in Rome,guesthouse,4T,8,265,1.2,Camera Matrimoniale Deluxe con Balcone,250.80,no: city tax € 18 per stay paid on site; VAT included,no,no,https://www.booking.com/hotel/it/dodo-holiday-in-rome.it.html?checkin=2026-09-30&checkout=2026-10-03&group_adults=1&no_rooms=1&group_children=0&selected_currency=EUR,booking.com,2026-09-07T13:24:44.632Z
2026-09-30,2026-10-03,3,1,7,Casa Rosy,guesthouse,,8.1,70,1.1,Camera Matrimoniale,253.90,no: city tax € 15 per stay paid on site; VAT included,no,no,https://www.booking.com/hotel/it/casa-rosy-roma.it.html?checkin=2026-09-30&checkout=2026-10-03&group_adults=1&no_rooms=1&group_children=0&selected_currency=EUR,booking.com,2026-09-07T13:24:53.891Z
2026-09-30,2026-10-03,3,1,8,Atrium Regal Room,B&B,4T,7.7,45,0.4,Camera King Deluxe ,267.30,no: city tax € 18 per stay paid on site; VAT included,no,no,https://www.booking.com/hotel/it/atrium-regal-room.it.html?checkin=2026-09-30&checkout=2026-10-03&group_adults=1&no_rooms=1&group_children=0&selected_currency=EUR,booking.com,2026-09-07T13:24:37.408Z
2026-10-01,2026-10-04,3,1,1,B&B SPQR,B&B,2T,6,545,0.35,Camera Singola con Bagno Privato,163.64,no: city tax € 18 per stay paid on site; VAT included,yes,yes,https://www.booking.com/hotel/it/spqr.it.html?checkin=2026-10-01&checkout=2026-10-04&group_adults=1&no_rooms=1&group_children=0&selected_currency=EUR,booking.com,2026-09-07T13:25:08.521Z
2026-10-01,2026-10-04,3,1,2,Mikasa Piazza Bologna,guesthouse,,4.2,140,0.8,Camera Matrimoniale Comfort ,189.88,VAT included; city tax n/a,no,no,https://www.booking.com/hotel/it/b-amp-b-l-39-arca-di-campaldino.it.html?checkin=2026-10-01&checkout=2026-10-04&group_adults=1&no_rooms=1&group_children=0&selected_currency=EUR,booking.com,2026-09-07T13:25:08.521Z
2026-10-01,2026-10-04,3,1,3,Suite and room,B&B,3T,7.6,259,0.7,Camera Singola Deluxe,219.79,no: city tax € 18 per stay paid on site; VAT included,no,no,https://www.booking.com/hotel/it/kiss-and-room.it.html?checkin=2026-10-01&checkout=2026-10-04&group_adults=1&no_rooms=1&group_children=0&selected_currency=EUR,booking.com,2026-09-07T13:25:08.521Z
2026-10-01,2026-10-04,3,1,4,"Tiburtina Suites, Roma",guesthouse,3T,7.6,93,0.6,Camera Matrimoniale con Bagno Privato,231.64,no: city tax € 18 per stay paid on site; VAT included,no,no,https://www.booking.com/hotel/it/tiburtina-suites.it.html?checkin=2026-10-01&checkout=2026-10-04&group_adults=1&no_rooms=1&group_children=0&selected_currency=EUR,booking.com,2026-09-07T13:25:08.521Z
2026-10-01,2026-10-04,3,1,5,La Dimora del Re,guesthouse,4T,8.8,164,0.7,Camera Singola con Balcone,261.82,no: city tax € 21 per stay paid on site; VAT included,yes,no,https://www.booking.com/hotel/it/la-dimora-del-re-roma1.it.html?checkin=2026-10-01&checkout=2026-10-04&group_adults=1&no_rooms=1&group_children=0&selected_currency=EUR,booking.com,2026-09-07T13:25:08.521Z
2026-10-01,2026-10-04,3,1,6,Venturi Comfort,guesthouse,4T,8.9,290,1.1,Camera Matrimoniale Piccola,265.56,no: city tax € 21 per stay paid on site; VAT included,no,no,https://www.booking.com/hotel/it/venturi-comfort.it.html?checkin=2026-10-01&checkout=2026-10-04&group_adults=1&no_rooms=1&group_children=0&selected_currency=EUR,booking.com,2026-09-07T13:25:21.340Z
2026-10-01,2026-10-04,3,1,7,Casa Rosy,guesthouse,,8.1,70,1.1,Camera Matrimoniale,265.95,no: city tax € 15 per stay paid on site; VAT included,no,no,https://www.booking.com/hotel/it/casa-rosy-roma.it.html?checkin=2026-10-01&checkout=2026-10-04&group_adults=1&no_rooms=1&group_children=0&selected_currency=EUR,booking.com,2026-09-07T13:25:21.340Z
2026-10-01,2026-10-04,3,1,8,B&B Anturium,B&B,4T,8.6,173,0.5,Camera Singola,274.17,no: city tax € 18 per stay paid on site; VAT included,no,no,https://www.booking.com/hotel/it/b-amp-b-anturium.it.html?checkin=2026-10-01&checkout=2026-10-04&group_adults=1&no_rooms=1&group_children=0&selected_currency=EUR,booking.com,2026-09-07T13:25:08.521Z
2026-10-02,2026-10-05,3,1,1,Mikasa Piazza Bologna,guesthouse,,4.2,140,0.8,Camera Matrimoniale con Bagno Privato Esterno ,186.14,no: city tax € 21 per stay paid on site; VAT included,no,yes,https://www.booking.com/hotel/it/b-amp-b-l-39-arca-di-campaldino.it.html?checkin=2026-10-02&checkout=2026-10-05&group_adults=1&no_rooms=1&group_children=0&selected_currency=EUR,booking.com,2026-09-07T13:25:35.039Z
2026-10-02,2026-10-05,3,1,2,Suite and room,B&B,3T,7.6,259,0.7,Camera Singola Deluxe,219.79,no: city tax € 18 per stay paid on site; VAT included,no,no,https://www.booking.com/hotel/it/kiss-and-room.it.html?checkin=2026-10-02&checkout=2026-10-05&group_adults=1&no_rooms=1&group_children=0&selected_currency=EUR,booking.com,2026-09-07T13:25:35.039Z
2026-10-02,2026-10-05,3,1,3,"Tiburtina Suites, Roma",guesthouse,3T,7.6,93,0.6,Camera Matrimoniale con Bagno Privato,235.77,no: city tax € 18 per stay paid on site; VAT included,no,no,https://www.booking.com/hotel/it/tiburtina-suites.it.html?checkin=2026-10-02&checkout=2026-10-05&group_adults=1&no_rooms=1&group_children=0&selected_currency=EUR,booking.com,2026-09-07T13:25:35.039Z
2026-10-02,2026-10-05,3,1,4,Elion,B&B,4T,8.9,152,0.9,Camera Singola con Bagno Privato Esterno,251.29,no: city tax € 18 per stay paid on site; VAT included,no,no,https://www.booking.com/hotel/it/elion-roma.it.html?checkin=2026-10-02&checkout=2026-10-05&group_adults=1&no_rooms=1&group_children=0&selected_currency=EUR,booking.com,2026-09-07T13:25:35.039Z
2026-10-02,2026-10-05,3,1,5,La Dimora del Re,guesthouse,4T,8.8,164,0.7,Camera Singola con Balcone,256.36,no: city tax € 21 per stay paid on site; VAT included,yes,no,https://www.booking.com/hotel/it/la-dimora-del-re-roma1.it.html?checkin=2026-10-02&checkout=2026-10-05&group_adults=1&no_rooms=1&group_children=0&selected_currency=EUR,booking.com,2026-09-07T13:25:35.039Z
2026-10-02,2026-10-05,3,1,6,Dodo Holiday in Rome,guesthouse,4T,8,265,1.2,Camera Matrimoniale Deluxe con Balcone,261.25,no: city tax € 18 per stay paid on site; VAT included,no,no,https://www.booking.com/hotel/it/dodo-holiday-in-rome.it.html?checkin=2026-10-02&checkout=2026-10-05&group_adults=1&no_rooms=1&group_children=0&selected_currency=EUR,booking.com,2026-09-07T13:25:50.042Z
2026-10-02,2026-10-05,3,1,7,MORFEMA - Boutique Rooms,guesthouse,4T,10,1,0.8,Camera Deluxe ,281.44,no: city tax € 18 per stay paid on site; VAT included,no,no,https://www.booking.com/hotel/it/morfema-boutique-rooms.it.html?checkin=2026-10-02&checkout=2026-10-05&group_adults=1&no_rooms=1&group_children=0&selected_currency=EUR,booking.com,2026-09-07T13:25:35.039Z
2026-10-02,2026-10-05,3,1,8,Jadore Monic,guesthouse,4T,8.4,1121,0.7,Camera Singola con Bagno Privato,284.97,no: city tax € 21 per stay paid on site; VAT included,no,no,https://www.booking.com/hotel/it/jadore-monic-roma1.it.html?checkin=2026-10-02&checkout=2026-10-05&group_adults=1&no_rooms=1&group_children=0&selected_currency=EUR,booking.com,2026-09-07T13:25:35.039Z
2026-10-03,2026-10-06,3,1,1,Mikasa Piazza Bologna,guesthouse,,4.2,140,0.8,Camera Matrimoniale con Bagno Privato Esterno ,186.14,no: city tax € 21 per stay paid on site; VAT included,no,yes,https://www.booking.com/hotel/it/b-amp-b-l-39-arca-di-campaldino.it.html?checkin=2026-10-03&checkout=2026-10-06&group_adults=1&no_rooms=1&group_children=0&selected_currency=EUR,booking.com,2026-09-07T13:26:05.273Z
2026-10-03,2026-10-06,3,1,2,Domus Remo Room #2,guesthouse,3T,7.5,12,0.45,Camera Matrimoniale con Bagno Privato,188.96,no: city tax € 21 per stay paid on site; VAT included,no,no,https://www.booking.com/hotel/it/domus-remo-room.it.html?checkin=2026-10-03&checkout=2026-10-06&group_adults=1&no_rooms=1&group_children=0&selected_currency=EUR,booking.com,2026-09-07T13:26:05.273Z
2026-10-03,2026-10-06,3,1,3,"Tiburtina Suites, Roma",guesthouse,3T,7.6,93,0.6,Camera Matrimoniale con Bagno Privato,231.64,no: city tax € 18 per stay paid on site; VAT included,no,no,https://www.booking.com/hotel/it/tiburtina-suites.it.html?checkin=2026-10-03&checkout=2026-10-06&group_adults=1&no_rooms=1&group_children=0&selected_currency=EUR,booking.com,2026-09-07T13:26:05.273Z
2026-10-03,2026-10-06,3,1,4,Gmm,guesthouse,3T,7.9,207,1.3,Camera Deluxe ,231.82,no: city tax € 21 per stay paid on site; VAT included,yes,yes,https://www.booking.com/hotel/it/gmm.it.html?checkin=2026-10-03&checkout=2026-10-06&group_adults=1&no_rooms=1&group_children=0&selected_currency=EUR,booking.com,2026-09-07T13:26:12.989Z
2026-10-03,2026-10-06,3,1,5,Kosafina Rooms,B&B,4T,9.6,21,0.45,Camera Matrimoniale Deluxe con Balcone,232.05,no: city tax € 18 per stay paid on site; VAT included,no,no,https://www.booking.com/hotel/it/kosafina-rooms.it.html?checkin=2026-10-03&checkout=2026-10-06&group_adults=1&no_rooms=1&group_children=0&selected_currency=EUR,booking.com,2026-09-07T13:26:05.273Z
2026-10-03,2026-10-06,3,1,6,La Dimora del Re,guesthouse,4T,8.8,164,0.7,Camera Singola con Balcone,250.91,no: city tax € 21 per stay paid on site; VAT included,yes,no,https://www.booking.com/hotel/it/la-dimora-del-re-roma1.it.html?checkin=2026-10-03&checkout=2026-10-06&group_adults=1&no_rooms=1&group_children=0&selected_currency=EUR,booking.com,2026-09-07T13:26:05.273Z
2026-10-03,2026-10-06,3,1,7,Elion,B&B,4T,8.9,152,0.9,Camera Singola con Bagno Privato Esterno,251.29,no: city tax € 18 per stay paid on site; VAT included,no,no,https://www.booking.com/hotel/it/elion-roma.it.html?checkin=2026-10-03&checkout=2026-10-06&group_adults=1&no_rooms=1&group_children=0&selected_currency=EUR,booking.com,2026-09-07T13:26:05.273Z
2026-10-03,2026-10-06,3,1,8,Isabel,guesthouse,4T,8.5,570,1.1,Camera Matrimoniale con Bagno Privato,259.09,no: city tax € 15 per stay paid on site; VAT included,yes,no,https://www.booking.com/hotel/it/isabel-roma1.it.html?checkin=2026-10-03&checkout=2026-10-06&group_adults=1&no_rooms=1&group_children=0&selected_currency=EUR,booking.com,2026-09-07T13:26:20.001Z
2026-10-04,2026-10-07,3,1,1,Mikasa Piazza Bologna,guesthouse,,4.2,140,0.8,Camera Matrimoniale con Bagno Privato Esterno ,186.14,no: city tax € 21 per stay paid on site; VAT included,no,yes,https://www.booking.com/hotel/it/b-amp-b-l-39-arca-di-campaldino.it.html?checkin=2026-10-04&checkout=2026-10-07&group_adults=1&no_rooms=1&group_children=0&selected_currency=EUR,booking.com,2026-09-07T13:26:34.974Z
2026-10-04,2026-10-07,3,1,2,Domus Remo Room #2,guesthouse,3T,7.5,12,0.45,Camera Matrimoniale con Bagno Privato,188.96,no: city tax € 21 per stay paid on site; VAT included,no,no,https://www.booking.com/hotel/it/domus-remo-room.it.html?checkin=2026-10-04&checkout=2026-10-07&group_adults=1&no_rooms=1&group_children=0&selected_currency=EUR,booking.com,2026-09-07T13:26:34.974Z
2026-10-04,2026-10-07,3,1,3,Home Sweet Home Tiburtina Station,guesthouse,,8.1,194,0.6,Camera Budget Doppia con Letti Singoli,218.18,no: city tax € 21 per stay paid on site; VAT included,yes,no,https://www.booking.com/hotel/it/home-sweet-home-tiburtina-station.it.html?checkin=2026-10-04&checkout=2026-10-07&group_adults=1&no_rooms=1&group_children=0&selected_currency=EUR,booking.com,2026-09-07T13:26:34.974Z
2026-10-04,2026-10-07,3,1,4,"Tiburtina Suites, Roma",guesthouse,3T,7.6,93,0.6,Camera Matrimoniale con Balcone,227.50,no: city tax € 18 per stay paid on site; VAT included,no,no,https://www.booking.com/hotel/it/tiburtina-suites.it.html?checkin=2026-10-04&checkout=2026-10-07&group_adults=1&no_rooms=1&group_children=0&selected_currency=EUR,booking.com,2026-09-07T13:26:34.974Z
2026-10-04,2026-10-07,3,1,5,Gmm,guesthouse,3T,7.9,207,1.3,Camera Deluxe ,231.82,no: city tax € 21 per stay paid on site; VAT included,yes,yes,https://www.booking.com/hotel/it/gmm.it.html?checkin=2026-10-04&checkout=2026-10-07&group_adults=1&no_rooms=1&group_children=0&selected_currency=EUR,booking.com,2026-09-07T13:26:42.641Z
2026-10-04,2026-10-07,3,1,6,Alba White,guesthouse,4T,8.9,120,0.6,Camera Deluxe Matrimoniale/Doppia con Letti Singoli,241.23,no: city tax € 21 per stay paid on site; VAT included,no,no,https://www.booking.com/hotel/it/alba-white.it.html?checkin=2026-10-04&checkout=2026-10-07&group_adults=1&no_rooms=1&group_children=0&selected_currency=EUR,booking.com,2026-09-07T13:26:34.974Z
2026-10-04,2026-10-07,3,1,7,Dodo Holiday in Rome,guesthouse,4T,8,265,1.2,Camera Matrimoniale Deluxe con Balcone,250.80,no: city tax € 18 per stay paid on site; VAT included,no,no,https://www.booking.com/hotel/it/dodo-holiday-in-rome.it.html?checkin=2026-10-04&checkout=2026-10-07&group_adults=1&no_rooms=1&group_children=0&selected_currency=EUR,booking.com,2026-09-07T13:26:50.775Z
2026-10-04,2026-10-07,3,1,8,La Dimora del Re,guesthouse,4T,8.8,164,0.7,Camera Singola con Balcone,250.91,no: city tax € 21 per stay paid on site; VAT included,yes,no,https://www.booking.com/hotel/it/la-dimora-del-re-roma1.it.html?checkin=2026-10-04&checkout=2026-10-07&group_adults=1&no_rooms=1&group_children=0&selected_currency=EUR,booking.com,2026-09-07T13:26:34.974Z
2026-10-05,2026-10-08,3,1,1,B&B SPQR,B&B,2T,6,545,0.35,Camera Singola con Bagno Privato,163.64,no: city tax € 18 per stay paid on site; VAT included,yes,yes,https://www.booking.com/hotel/it/spqr.it.html?checkin=2026-10-05&checkout=2026-10-08&group_adults=1&no_rooms=1&group_children=0&selected_currency=EUR,booking.com,2026-09-07T13:27:05.785Z
2026-10-05,2026-10-08,3,1,2,Mikasa Piazza Bologna,guesthouse,,4.2,140,0.8,Camera Matrimoniale con Bagno Privato Esterno ,186.14,no: city tax € 21 per stay paid on site; VAT included,no,yes,https://www.booking.com/hotel/it/b-amp-b-l-39-arca-di-campaldino.it.html?checkin=2026-10-05&checkout=2026-10-08&group_adults=1&no_rooms=1&group_children=0&selected_currency=EUR,booking.com,2026-09-07T13:27:05.785Z
2026-10-05,2026-10-08,3,1,3,Domus Remo Room #3,guesthouse,4T,9,29,0.45,Camera Matrimoniale con Bagno Privato,209.07,no: city tax € 21 per stay paid on site; VAT included,no,no,https://www.booking.com/hotel/it/domus-remo-room-3.it.html?checkin=2026-10-05&checkout=2026-10-08&group_adults=1&no_rooms=1&group_children=0&selected_currency=EUR,booking.com,2026-09-07T13:27:05.785Z
2026-10-05,2026-10-08,3,1,4,Home Sweet Home Tiburtina Station,guesthouse,,8.1,194,0.6,Camera Budget Doppia con Letti Singoli,218.18,no: city tax € 21 per stay paid on site; VAT included,yes,no,https://www.booking.com/hotel/it/home-sweet-home-tiburtina-station.it.html?checkin=2026-10-05&checkout=2026-10-08&group_adults=1&no_rooms=1&group_children=0&selected_currency=EUR,booking.com,2026-09-07T13:27:05.785Z
2026-10-05,2026-10-08,3,1,5,Romulea Guest House,guesthouse,,6.2,675,0.4,Camera Matrimoniale con Bagno in Comune ,221.63,no: city tax € 15 per stay paid on site; VAT included,no,no,https://www.booking.com/hotel/it/romulea-guest-house.it.html?checkin=2026-10-05&checkout=2026-10-08&group_adults=1&no_rooms=1&group_children=0&selected_currency=EUR,booking.com,2026-09-07T13:27:05.785Z
2026-10-05,2026-10-08,3,1,6,"Tiburtina Suites, Roma",guesthouse,3T,7.6,93,0.6,Camera Matrimoniale con Balcone,223.36,no: city tax € 18 per stay paid on site; VAT included,no,no,https://www.booking.com/hotel/it/tiburtina-suites.it.html?checkin=2026-10-05&checkout=2026-10-08&group_adults=1&no_rooms=1&group_children=0&selected_currency=EUR,booking.com,2026-09-07T13:27:05.785Z
2026-10-05,2026-10-08,3,1,7,La Dimora del Re,guesthouse,4T,8.8,164,0.7,Camera Matrimoniale,245.45,no: city tax € 21 per stay paid on site; VAT included,yes,no,https://www.booking.com/hotel/it/la-dimora-del-re-roma1.it.html?checkin=2026-10-05&checkout=2026-10-08&group_adults=1&no_rooms=1&group_children=0&selected_currency=EUR,booking.com,2026-09-07T13:27:05.785Z
2026-10-05,2026-10-08,3,1,8,Elion,B&B,4T,8.9,152,0.9,Camera Singola con Bagno Privato Esterno,251.29,no: city tax € 18 per stay paid on site; VAT included,no,no,https://www.booking.com/hotel/it/elion-roma.it.html?checkin=2026-10-05&checkout=2026-10-08&group_adults=1&no_rooms=1&group_children=0&selected_currency=EUR,booking.com,2026-09-07T13:27:05.785Z
2026-10-06,2026-10-09,3,1,1,B&B SPQR,B&B,2T,6,545,0.35,Camera Singola con Bagno Privato,163.64,no: city tax € 18 per stay paid on site; VAT included,yes,yes,https://www.booking.com/hotel/it/spqr.it.html?checkin=2026-10-06&checkout=2026-10-09&group_adults=1&no_rooms=1&group_children=0&selected_currency=EUR,booking.com,2026-09-07T13:27:29.970Z
2026-10-06,2026-10-09,3,1,2,TIBURTINA INN GUEST HOUSE,guesthouse,3T,7.5,662,0.4,Camera Singola Economy,171.82,no: city tax € 21 per stay paid on site; VAT included,yes,no,https://www.booking.com/hotel/it/tiburtina-inn-guest-house.it.html?checkin=2026-10-06&checkout=2026-10-09&group_adults=1&no_rooms=1&group_children=0&selected_currency=EUR,booking.com,2026-09-07T13:27:29.970Z
2026-10-06,2026-10-09,3,1,3,Mikasa Piazza Bologna,guesthouse,,4.2,140,0.8,Camera Matrimoniale con Bagno Privato Esterno ,186.14,no: city tax € 21 per stay paid on site; VAT included,no,yes,https://www.booking.com/hotel/it/b-amp-b-l-39-arca-di-campaldino.it.html?checkin=2026-10-06&checkout=2026-10-09&group_adults=1&no_rooms=1&group_children=0&selected_currency=EUR,booking.com,2026-09-07T13:27:29.970Z
2026-10-06,2026-10-09,3,1,4,Gmm,guesthouse,3T,7.9,207,1.3,Camera Singola Ampia,204.55,no: city tax € 21 per stay paid on site; VAT included,yes,yes,https://www.booking.com/hotel/it/gmm.it.html?checkin=2026-10-06&checkout=2026-10-09&group_adults=1&no_rooms=1&group_children=0&selected_currency=EUR,booking.com,2026-09-07T13:27:38.283Z
2026-10-06,2026-10-09,3,1,5,Romulea Guest House,guesthouse,,6.2,675,0.4,Camera Matrimoniale con Bagno in Comune ,221.63,no: city tax € 15 per stay paid on site; VAT included,no,no,https://www.booking.com/hotel/it/romulea-guest-house.it.html?checkin=2026-10-06&checkout=2026-10-09&group_adults=1&no_rooms=1&group_children=0&selected_currency=EUR,booking.com,2026-09-07T13:27:29.970Z
2026-10-06,2026-10-09,3,1,6,"Tiburtina Suites, Roma",guesthouse,3T,7.6,93,0.6,Camera Matrimoniale con Balcone,223.36,no: city tax € 18 per stay paid on site; VAT included,no,no,https://www.booking.com/hotel/it/tiburtina-suites.it.html?checkin=2026-10-06&checkout=2026-10-09&group_adults=1&no_rooms=1&group_children=0&selected_currency=EUR,booking.com,2026-09-07T13:27:29.970Z
2026-10-06,2026-10-09,3,1,7,La Dimora del Re,guesthouse,4T,8.8,164,0.7,Camera Matrimoniale,245.45,no: city tax € 21 per stay paid on site; VAT included,yes,no,https://www.booking.com/hotel/it/la-dimora-del-re-roma1.it.html?checkin=2026-10-06&checkout=2026-10-09&group_adults=1&no_rooms=1&group_children=0&selected_currency=EUR,booking.com,2026-09-07T13:27:29.970Z
2026-10-06,2026-10-09,3,1,8,Dodo Holiday in Rome,guesthouse,4T,8,265,1.2,Camera Matrimoniale Deluxe con Balcone,250.80,no: city tax € 18 per stay paid on site; VAT included,no,no,https://www.booking.com/hotel/it/dodo-holiday-in-rome.it.html?checkin=2026-10-06&checkout=2026-10-09&group_adults=1&no_rooms=1&group_children=0&selected_currency=EUR,booking.com,2026-09-07T13:27:44.622Z
2026-10-07,2026-10-10,3,1,1,TIBURTINA INN GUEST HOUSE,guesthouse,3T,7.5,662,0.4,Camera Singola Economy,171.82,no: city tax € 21 per stay paid on site; VAT included,yes,no,https://www.booking.com/hotel/it/tiburtina-inn-guest-house.it.html?checkin=2026-10-07&checkout=2026-10-10&group_adults=1&no_rooms=1&group_children=0&selected_currency=EUR,booking.com,2026-09-07T13:27:57.756Z
2026-10-07,2026-10-10,3,1,2,Mikasa Piazza Bologna,guesthouse,,4.2,140,0.8,Camera Matrimoniale con Bagno Privato Esterno ,186.14,no: city tax € 21 per stay paid on site; VAT included,no,yes,https://www.booking.com/hotel/it/b-amp-b-l-39-arca-di-campaldino.it.html?checkin=2026-10-07&checkout=2026-10-10&group_adults=1&no_rooms=1&group_children=0&selected_currency=EUR,booking.com,2026-09-07T13:27:57.756Z
2026-10-07,2026-10-10,3,1,3,Gmm,guesthouse,3T,7.9,207,1.3,Camera Singola Ampia,204.55,no: city tax € 21 per stay paid on site; VAT included,yes,yes,https://www.booking.com/hotel/it/gmm.it.html?checkin=2026-10-07&checkout=2026-10-10&group_adults=1&no_rooms=1&group_children=0&selected_currency=EUR,booking.com,2026-09-07T13:28:04.105Z
2026-10-07,2026-10-10,3,1,4,B&B SPQR,B&B,2T,6,545,0.35,Camera Matrimoniale con Bagno Privato,207.27,no: city tax € 18 per stay paid on site; VAT included,yes,yes,https://www.booking.com/hotel/it/spqr.it.html?checkin=2026-10-07&checkout=2026-10-10&group_adults=1&no_rooms=1&group_children=0&selected_currency=EUR,booking.com,2026-09-07T13:27:57.756Z
2026-10-07,2026-10-10,3,1,5,Romulea Guest House,guesthouse,,6.2,675,0.4,Camera Matrimoniale con Bagno in Comune ,221.63,no: city tax € 15 per stay paid on site; VAT included,no,no,https://www.booking.com/hotel/it/romulea-guest-house.it.html?checkin=2026-10-07&checkout=2026-10-10&group_adults=1&no_rooms=1&group_children=0&selected_currency=EUR,booking.com,2026-09-07T13:27:57.756Z
2026-10-07,2026-10-10,3,1,6,"Tiburtina Suites, Roma",guesthouse,3T,7.6,93,0.6,Camera Matrimoniale con Balcone,227.50,no: city tax € 18 per stay paid on site; VAT included,no,no,https://www.booking.com/hotel/it/tiburtina-suites.it.html?checkin=2026-10-07&checkout=2026-10-10&group_adults=1&no_rooms=1&group_children=0&selected_currency=EUR,booking.com,2026-09-07T13:27:57.756Z
2026-10-07,2026-10-10,3,1,7,"Nènè House Roma-Farfalla, appartamento in comune",guesthouse,,6.5,4,0.9,Camera Matrimoniale con Bagno Privato,231.82,no: city tax € 15 per stay paid on site; VAT included,yes,no,https://www.booking.com/hotel/it/nene-house-roma-farfalla.it.html?checkin=2026-10-07&checkout=2026-10-10&group_adults=1&no_rooms=1&group_children=0&selected_currency=EUR,booking.com,2026-09-07T13:27:57.756Z
2026-10-07,2026-10-10,3,1,8,Dodo Holiday in Rome,guesthouse,4T,8,265,1.2,Camera Matrimoniale Deluxe con Balcone,250.80,no: city tax € 18 per stay paid on site; VAT included,no,no,https://www.booking.com/hotel/it/dodo-holiday-in-rome.it.html?checkin=2026-10-07&checkout=2026-10-10&group_adults=1&no_rooms=1&group_children=0&selected_currency=EUR,booking.com,2026-09-07T13:28:10.520Z
2026-10-08,2026-10-11,3,1,1,Mikasa Piazza Bologna,guesthouse,,4.2,140,0.8,Camera Matrimoniale con Bagno Privato Esterno ,186.14,no: city tax € 21 per stay paid on site; VAT included,no,yes,https://www.booking.com/hotel/it/b-amp-b-l-39-arca-di-campaldino.it.html?checkin=2026-10-08&checkout=2026-10-11&group_adults=1&no_rooms=1&group_children=0&selected_currency=EUR,booking.com,2026-09-07T13:28:24.794Z
2026-10-08,2026-10-11,3,1,2,Gmm,guesthouse,3T,7.9,207,1.3,Camera Singola Ampia,204.55,no: city tax € 21 per stay paid on site; VAT included,yes,yes,https://www.booking.com/hotel/it/gmm.it.html?checkin=2026-10-08&checkout=2026-10-11&group_adults=1&no_rooms=1&group_children=0&selected_currency=EUR,booking.com,2026-09-07T13:28:31.551Z
2026-10-08,2026-10-11,3,1,3,B&B SPQR,B&B,2T,6,545,0.35,Camera Matrimoniale con Bagno Privato,207.27,no: city tax € 18 per stay paid on site; VAT included,yes,yes,https://www.booking.com/hotel/it/spqr.it.html?checkin=2026-10-08&checkout=2026-10-11&group_adults=1&no_rooms=1&group_children=0&selected_currency=EUR,booking.com,2026-09-07T13:28:24.794Z
2026-10-08,2026-10-11,3,1,4,Romulea Guest House,guesthouse,,6.2,675,0.4,Camera Matrimoniale con Bagno in Comune ,221.63,no: city tax € 15 per stay paid on site; VAT included,no,no,https://www.booking.com/hotel/it/romulea-guest-house.it.html?checkin=2026-10-08&checkout=2026-10-11&group_adults=1&no_rooms=1&group_children=0&selected_currency=EUR,booking.com,2026-09-07T13:28:24.794Z
2026-10-08,2026-10-11,3,1,5,"Tiburtina Suites, Roma",guesthouse,3T,7.6,93,0.6,Camera Matrimoniale con Balcone,231.64,no: city tax € 18 per stay paid on site; VAT included,no,no,https://www.booking.com/hotel/it/tiburtina-suites.it.html?checkin=2026-10-08&checkout=2026-10-11&group_adults=1&no_rooms=1&group_children=0&selected_currency=EUR,booking.com,2026-09-07T13:28:24.794Z
2026-10-08,2026-10-11,3,1,6,Elion,B&B,4T,8.9,152,0.9,Camera Singola con Bagno Privato Esterno,251.29,no: city tax € 18 per stay paid on site; VAT included,no,no,https://www.booking.com/hotel/it/elion-roma.it.html?checkin=2026-10-08&checkout=2026-10-11&group_adults=1&no_rooms=1&group_children=0&selected_currency=EUR,booking.com,2026-09-07T13:28:24.794Z
2026-10-08,2026-10-11,3,1,7,"Nènè House Roma-Farfalla, appartamento in comune",guesthouse,,6.5,4,0.9,Camera Matrimoniale con Bagno Privato,252.73,no: city tax € 15 per stay paid on site; VAT included,yes,no,https://www.booking.com/hotel/it/nene-house-roma-farfalla.it.html?checkin=2026-10-08&checkout=2026-10-11&group_adults=1&no_rooms=1&group_children=0&selected_currency=EUR,booking.com,2026-09-07T13:28:24.794Z
2026-10-08,2026-10-11,3,1,8,MORFEMA - Boutique Rooms,guesthouse,4T,10,1,0.8,Camera Deluxe ,281.44,no: city tax € 18 per stay paid on site; VAT included,no,no,https://www.booking.com/hotel/it/morfema-boutique-rooms.it.html?checkin=2026-10-08&checkout=2026-10-11&group_adults=1&no_rooms=1&group_children=0&selected_currency=EUR,booking.com,2026-09-07T13:28:24.794Z
2026-10-09,2026-10-12,3,1,1,Mikasa Piazza Bologna,guesthouse,,4.2,140,0.8,Camera Matrimoniale con Bagno Privato Esterno ,186.14,no: city tax € 21 per stay paid on site; VAT included,no,yes,https://www.booking.com/hotel/it/b-amp-b-l-39-arca-di-campaldino.it.html?checkin=2026-10-09&checkout=2026-10-12&group_adults=1&no_rooms=1&group_children=0&selected_currency=EUR,booking.com,2026-09-07T13:28:50.803Z
2026-10-09,2026-10-12,3,1,2,Gmm,guesthouse,3T,7.9,207,1.3,Camera Singola Ampia,204.55,no: city tax € 21 per stay paid on site; VAT included,yes,yes,https://www.booking.com/hotel/it/gmm.it.html?checkin=2026-10-09&checkout=2026-10-12&group_adults=1&no_rooms=1&group_children=0&selected_currency=EUR,booking.com,2026-09-07T13:28:56.846Z
2026-10-09,2026-10-12,3,1,3,Romulea Guest House,guesthouse,,6.2,675,0.4,Camera Matrimoniale con Bagno in Comune ,221.63,no: city tax € 15 per stay paid on site; VAT included,no,no,https://www.booking.com/hotel/it/romulea-guest-house.it.html?checkin=2026-10-09&checkout=2026-10-12&group_adults=1&no_rooms=1&group_children=0&selected_currency=EUR,booking.com,2026-09-07T13:28:50.803Z
2026-10-09,2026-10-12,3,1,4,"Tiburtina Suites, Roma",guesthouse,3T,7.6,93,0.6,Camera Matrimoniale con Balcone,235.77,no: city tax € 18 per stay paid on site; VAT included,no,no,https://www.booking.com/hotel/it/tiburtina-suites.it.html?checkin=2026-10-09&checkout=2026-10-12&group_adults=1&no_rooms=1&group_children=0&selected_currency=EUR,booking.com,2026-09-07T13:28:50.803Z
2026-10-09,2026-10-12,3,1,5,Elion,B&B,4T,8.9,152,0.9,Camera Singola con Bagno Privato Esterno,251.29,no: city tax € 18 per stay paid on site; VAT included,no,no,https://www.booking.com/hotel/it/elion-roma.it.html?checkin=2026-10-09&checkout=2026-10-12&group_adults=1&no_rooms=1&group_children=0&selected_currency=EUR,booking.com,2026-09-07T13:28:50.803Z
2026-10-09,2026-10-12,3,1,6,Dodo Holiday in Rome,guesthouse,4T,8,265,1.2,Camera Matrimoniale Deluxe con Balcone,261.25,no: city tax € 18 per stay paid on site; VAT included,yes,no,https://www.booking.com/hotel/it/dodo-holiday-in-rome.it.html?checkin=2026-10-09&checkout=2026-10-12&group_adults=1&no_rooms=1&group_children=0&selected_currency=EUR,booking.com,2026-09-07T13:29:03.725Z
2026-10-09,2026-10-12,3,1,7,"LUXOR ECO ROMA CASA E APPARTAMENTO PER VACANZE IN CENTRO Piazza Bologna, Colosseo, Piazza di Spagna, Vaticano, San Pietro, Sapienza, Fontana di Trevi, Piazza Navona, Trastevere, Tiburtina, Termini, Aeroporto",B&B,4T,9,357,0.8,Camera Matrimoniale,272.59,no: city tax € 18 per stay paid on site; VAT included,yes,no,https://www.booking.com/hotel/it/fashion-lux.it.html?checkin=2026-10-09&checkout=2026-10-12&group_adults=1&no_rooms=1&group_children=0&selected_currency=EUR,booking.com,2026-09-07T13:28:50.803Z
2026-10-09,2026-10-12,3,1,8,Home Sweet Home Tiburtina Station,guesthouse,,8.1,194,0.6,Camera Tripla,272.73,no: city tax € 21 per stay paid on site; VAT included,yes,no,https://www.booking.com/hotel/it/home-sweet-home-tiburtina-station.it.html?checkin=2026-10-09&checkout=2026-10-12&group_adults=1&no_rooms=1&group_children=0&selected_currency=EUR,booking.com,2026-09-07T13:28:50.803Z
2026-10-10,2026-10-13,3,1,1,Mikasa Piazza Bologna,guesthouse,,4.2,140,0.8,Camera Matrimoniale con Bagno Privato Esterno ,186.14,no: city tax € 21 per stay paid on site; VAT included,no,yes,https://www.booking.com/hotel/it/b-amp-b-l-39-arca-di-campaldino.it.html?checkin=2026-10-10&checkout=2026-10-13&group_adults=1&no_rooms=1&group_children=0&selected_currency=EUR,booking.com,2026-09-07T13:29:15.748Z
2026-10-10,2026-10-13,3,1,2,Affittacamere Tiburstation,guesthouse,3T,7.8,179,0.9,Camera Singola,200.41,no: city tax € 21 per stay paid on site; VAT included,no,no,https://www.booking.com/hotel/it/tibur-station.it.html?checkin=2026-10-10&checkout=2026-10-13&group_adults=1&no_rooms=1&group_children=0&selected_currency=EUR,booking.com,2026-09-07T13:29:15.748Z
2026-10-10,2026-10-13,3,1,3,Gmm,guesthouse,3T,7.9,207,1.3,Camera Singola Ampia,204.55,no: city tax € 21 per stay paid on site; VAT included,yes,yes,https://www.booking.com/hotel/it/gmm.it.html?checkin=2026-10-10&checkout=2026-10-13&group_adults=1&no_rooms=1&group_children=0&selected_currency=EUR,booking.com,2026-09-07T13:29:21.893Z
2026-10-10,2026-10-13,3,1,4,Romulea Guest House,guesthouse,,6.2,675,0.4,Camera Matrimoniale con Bagno in Comune ,221.63,no: city tax € 15 per stay paid on site; VAT included,no,no,https://www.booking.com/hotel/it/romulea-guest-house.it.html?checkin=2026-10-10&checkout=2026-10-13&group_adults=1&no_rooms=1&group_children=0&selected_currency=EUR,booking.com,2026-09-07T13:29:15.748Z
2026-10-10,2026-10-13,3,1,5,"Tiburtina Suites, Roma",guesthouse,3T,7.6,93,0.6,Camera Matrimoniale con Balcone,231.64,no: city tax € 18 per stay paid on site; VAT included,no,no,https://www.booking.com/hotel/it/tiburtina-suites.it.html?checkin=2026-10-10&checkout=2026-10-13&group_adults=1&no_rooms=1&group_children=0&selected_currency=EUR,booking.com,2026-09-07T13:29:15.748Z
2026-10-10,2026-10-13,3,1,6,La Dolce Casa,B&B,,9.6,184,1.5,Camera Singola con Bagno Privato,245.45,no: city tax € 18 per stay paid on site; VAT included,yes,yes,https://www.booking.com/hotel/it/la-dolce-casa-roma.it.html?checkin=2026-10-10&checkout=2026-10-13&group_adults=1&no_rooms=1&group_children=0&selected_currency=EUR,booking.com,2026-09-07T13:29:29.418Z
2026-10-10,2026-10-13,3,1,7,Elion,B&B,4T,8.9,152,0.9,Camera Singola con Bagno Privato Esterno,251.29,no: city tax € 18 per stay paid on site; VAT included,no,no,https://www.booking.com/hotel/it/elion-roma.it.html?checkin=2026-10-10&checkout=2026-10-13&group_adults=1&no_rooms=1&group_children=0&selected_currency=EUR,booking.com,2026-09-07T13:29:15.748Z
2026-10-10,2026-10-13,3,1,8,Dodo Holiday in Rome,guesthouse,4T,8,265,1.2,Camera Matrimoniale Deluxe con Balcone,261.25,no: city tax € 18 per stay paid on site; VAT included,yes,no,https://www.booking.com/hotel/it/dodo-holiday-in-rome.it.html?checkin=2026-10-10&checkout=2026-10-13&group_adults=1&no_rooms=1&group_children=0&selected_currency=EUR,booking.com,2026-09-07T13:29:29.418Z
2026-10-11,2026-10-14,3,1,1,Mikasa Piazza Bologna,guesthouse,,4.2,140,0.8,Camera Matrimoniale con Bagno Privato Esterno ,186.14,no: city tax € 21 per stay paid on site; VAT included,no,yes,https://www.booking.com/hotel/it/b-amp-b-l-39-arca-di-campaldino.it.html?checkin=2026-10-11&checkout=2026-10-14&group_adults=1&no_rooms=1&group_children=0&selected_currency=EUR,booking.com,2026-09-07T13:29:41.763Z
2026-10-11,2026-10-14,3,1,2,Affittacamere Tiburstation,guesthouse,3T,7.8,179,0.9,Camera Singola,200.41,no: city tax € 21 per stay paid on site; VAT included,no,no,https://www.booking.com/hotel/it/tibur-station.it.html?checkin=2026-10-11&checkout=2026-10-14&group_adults=1&no_rooms=1&group_children=0&selected_currency=EUR,booking.com,2026-09-07T13:29:41.763Z
2026-10-11,2026-10-14,3,1,3,Gmm,guesthouse,3T,7.9,207,1.3,Camera Singola Ampia,204.55,no: city tax € 21 per stay paid on site; VAT included,yes,yes,https://www.booking.com/hotel/it/gmm.it.html?checkin=2026-10-11&checkout=2026-10-14&group_adults=1&no_rooms=1&group_children=0&selected_currency=EUR,booking.com,2026-09-07T13:29:47.294Z
2026-10-11,2026-10-14,3,1,4,Domus Remo Room #3,guesthouse,4T,9,29,0.45,Camera Matrimoniale con Bagno Privato,209.07,no: city tax € 21 per stay paid on site; VAT included,no,no,https://www.booking.com/hotel/it/domus-remo-room-3.it.html?checkin=2026-10-11&checkout=2026-10-14&group_adults=1&no_rooms=1&group_children=0&selected_currency=EUR,booking.com,2026-09-07T13:29:41.763Z
2026-10-11,2026-10-14,3,1,5,Romulea Guest House,guesthouse,,6.2,675,0.4,Camera Matrimoniale con Bagno in Comune ,221.63,no: city tax € 15 per stay paid on site; VAT included,no,no,https://www.booking.com/hotel/it/romulea-guest-house.it.html?checkin=2026-10-11&checkout=2026-10-14&group_adults=1&no_rooms=1&group_children=0&selected_currency=EUR,booking.com,2026-09-07T13:29:41.763Z
2026-10-11,2026-10-14,3,1,6,"Tiburtina Suites, Roma",guesthouse,3T,7.6,93,0.6,Camera Matrimoniale con Balcone,227.50,no: city tax € 18 per stay paid on site; VAT included,no,no,https://www.booking.com/hotel/it/tiburtina-suites.it.html?checkin=2026-10-11&checkout=2026-10-14&group_adults=1&no_rooms=1&group_children=0&selected_currency=EUR,booking.com,2026-09-07T13:29:41.763Z
2026-10-11,2026-10-14,3,1,7,La Dolce Casa,B&B,,9.6,184,1.5,Camera Singola con Bagno Privato,245.45,no: city tax € 18 per stay paid on site; VAT included,yes,yes,https://www.booking.com/hotel/it/la-dolce-casa-roma.it.html?checkin=2026-10-11&checkout=2026-10-14&group_adults=1&no_rooms=1&group_children=0&selected_currency=EUR,booking.com,2026-09-07T13:30:01.429Z
2026-10-11,2026-10-14,3,1,8,Dodo Holiday in Rome,guesthouse,4T,8,265,1.2,Camera Matrimoniale Deluxe con Balcone,250.80,no: city tax € 18 per stay paid on site; VAT included,yes,no,https://www.booking.com/hotel/it/dodo-holiday-in-rome.it.html?checkin=2026-10-11&checkout=2026-10-14&group_adults=1&no_rooms=1&group_children=0&selected_currency=EUR,booking.com,2026-09-07T13:30:01.429Z
2026-10-12,2026-10-15,3,1,1,Mikasa Piazza Bologna,guesthouse,,4.2,140,0.8,Camera Matrimoniale con Bagno Privato Esterno ,186.14,no: city tax € 21 per stay paid on site; VAT included,no,yes,https://www.booking.com/hotel/it/b-amp-b-l-39-arca-di-campaldino.it.html?checkin=2026-10-12&checkout=2026-10-15&group_adults=1&no_rooms=1&group_children=0&selected_currency=EUR,booking.com,2026-09-07T13:30:15.083Z
2026-10-12,2026-10-15,3,1,2,Domus Remo Room #2,guesthouse,3T,7.5,12,0.45,Camera Matrimoniale con Bagno Privato,188.96,no: city tax € 21 per stay paid on site; VAT included,no,no,https://www.booking.com/hotel/it/domus-remo-room.it.html?checkin=2026-10-12&checkout=2026-10-15&group_adults=1&no_rooms=1&group_children=0&selected_currency=EUR,booking.com,2026-09-07T13:30:15.083Z
2026-10-12,2026-10-15,3,1,3,Affittacamere Tiburstation,guesthouse,3T,7.8,179,0.9,Camera Singola,200.41,no: city tax € 21 per stay paid on site; VAT included,no,no,https://www.booking.com/hotel/it/tibur-station.it.html?checkin=2026-10-12&checkout=2026-10-15&group_adults=1&no_rooms=1&group_children=0&selected_currency=EUR,booking.com,2026-09-07T13:30:15.083Z
2026-10-12,2026-10-15,3,1,4,B&B SPQR,B&B,2T,6,545,0.35,Camera Matrimoniale con Bagno Privato,207.27,no: city tax € 18 per stay paid on site; VAT included,yes,yes,https://www.booking.com/hotel/it/spqr.it.html?checkin=2026-10-12&checkout=2026-10-15&group_adults=1&no_rooms=1&group_children=0&selected_currency=EUR,booking.com,2026-09-07T13:30:15.083Z
2026-10-12,2026-10-15,3,1,5,Domus Remo Room #3,guesthouse,4T,9,29,0.45,Camera Matrimoniale con Bagno Privato,209.07,no: city tax € 21 per stay paid on site; VAT included,no,no,https://www.booking.com/hotel/it/domus-remo-room-3.it.html?checkin=2026-10-12&checkout=2026-10-15&group_adults=1&no_rooms=1&group_children=0&selected_currency=EUR,booking.com,2026-09-07T13:30:15.083Z
2026-10-12,2026-10-15,3,1,6,Romulea Guest House,guesthouse,,6.2,675,0.4,Camera Matrimoniale con Bagno in Comune ,221.63,no: city tax € 15 per stay paid on site; VAT included,no,no,https://www.booking.com/hotel/it/romulea-guest-house.it.html?checkin=2026-10-12&checkout=2026-10-15&group_adults=1&no_rooms=1&group_children=0&selected_currency=EUR,booking.com,2026-09-07T13:30:15.083Z
2026-10-12,2026-10-15,3,1,7,"Tiburtina Suites, Roma",guesthouse,3T,7.6,93,0.6,Camera Matrimoniale con Balcone,223.36,no: city tax € 18 per stay paid on site; VAT included,no,no,https://www.booking.com/hotel/it/tiburtina-suites.it.html?checkin=2026-10-12&checkout=2026-10-15&group_adults=1&no_rooms=1&group_children=0&selected_currency=EUR,booking.com,2026-09-07T13:30:15.083Z
2026-10-12,2026-10-15,3,1,8,Gmm,guesthouse,3T,7.9,207,1.3,Camera Deluxe ,231.82,no: city tax € 21 per stay paid on site; VAT included,yes,yes,https://www.booking.com/hotel/it/gmm.it.html?checkin=2026-10-12&checkout=2026-10-15&group_adults=1&no_rooms=1&group_children=0&selected_currency=EUR,booking.com,2026-09-07T13:30:27.865Z
2026-10-13,2026-10-16,3,1,1,Domus Remo Room #2,guesthouse,3T,7.5,12,0.45,Camera Matrimoniale con Bagno Privato,188.96,no: city tax € 21 per stay paid on site; VAT included,no,no,https://www.booking.com/hotel/it/domus-remo-room.it.html?checkin=2026-10-13&checkout=2026-10-16&group_adults=1&no_rooms=1&group_children=0&selected_currency=EUR,booking.com,2026-09-07T13:30:40.458Z
2026-10-13,2026-10-16,3,1,2,Domus Remo Room #3,guesthouse,4T,9,29,0.45,Camera Matrimoniale con Bagno Privato,209.07,no: city tax € 21 per stay paid on site; VAT included,no,no,https://www.booking.com/hotel/it/domus-remo-room-3.it.html?checkin=2026-10-13&checkout=2026-10-16&group_adults=1&no_rooms=1&group_children=0&selected_currency=EUR,booking.com,2026-09-07T13:30:40.458Z
2026-10-13,2026-10-16,3,1,3,Mikasa Piazza Bologna,guesthouse,,4.2,140,0.8,Camera Deluxe ,210.96,no: city tax € 21 per stay paid on site; VAT included,no,yes,https://www.booking.com/hotel/it/b-amp-b-l-39-arca-di-campaldino.it.html?checkin=2026-10-13&checkout=2026-10-16&group_adults=1&no_rooms=1&group_children=0&selected_currency=EUR,booking.com,2026-09-07T13:30:40.458Z
2026-10-13,2026-10-16,3,1,4,Romulea Guest House,guesthouse,,6.2,675,0.4,Camera Matrimoniale con Bagno in Comune ,221.63,no: city tax € 15 per stay paid on site; VAT included,no,no,https://www.booking.com/hotel/it/romulea-guest-house.it.html?checkin=2026-10-13&checkout=2026-10-16&group_adults=1&no_rooms=1&group_children=0&selected_currency=EUR,booking.com,2026-09-07T13:30:40.458Z
2026-10-13,2026-10-16,3,1,5,"Tiburtina Suites, Roma",guesthouse,3T,7.6,93,0.6,Camera Matrimoniale con Balcone,223.36,no: city tax € 18 per stay paid on site; VAT included,no,no,https://www.booking.com/hotel/it/tiburtina-suites.it.html?checkin=2026-10-13&checkout=2026-10-16&group_adults=1&no_rooms=1&group_children=0&selected_currency=EUR,booking.com,2026-09-07T13:30:40.458Z
2026-10-13,2026-10-16,3,1,6,Affittacamere Tiburstation,guesthouse,3T,7.8,179,0.9,Camera Matrimoniale,223.99,no: city tax € 21 per stay paid on site; VAT included,no,no,https://www.booking.com/hotel/it/tibur-station.it.html?checkin=2026-10-13&checkout=2026-10-16&group_adults=1&no_rooms=1&group_children=0&selected_currency=EUR,booking.com,2026-09-07T13:30:40.458Z
2026-10-13,2026-10-16,3,1,7,Gmm,guesthouse,3T,7.9,207,1.3,Camera Deluxe ,231.82,no: city tax € 21 per stay paid on site; VAT included,yes,yes,https://www.booking.com/hotel/it/gmm.it.html?checkin=2026-10-13&checkout=2026-10-16&group_adults=1&no_rooms=1&group_children=0&selected_currency=EUR,booking.com,2026-09-07T13:30:53.983Z
2026-10-13,2026-10-16,3,1,8,Affittacamere Tiburstation 2,guesthouse,4T,8.3,71,1,Camera Matrimoniale Superior,235.77,no: city tax € 21 per stay paid on site; VAT included,no,no,https://www.booking.com/hotel/it/tiburstation-2.it.html?checkin=2026-10-13&checkout=2026-10-16&group_adults=1&no_rooms=1&group_children=0&selected_currency=EUR,booking.com,2026-09-07T13:30:53.983Z
2026-10-14,2026-10-17,3,1,1,Domus Remo Room #3,guesthouse,4T,9,29,0.45,Camera Matrimoniale con Bagno Privato,209.07,no: city tax € 21 per stay paid on site; VAT included,no,no,https://www.booking.com/hotel/it/domus-remo-room-3.it.html?checkin=2026-10-14&checkout=2026-10-17&group_adults=1&no_rooms=1&group_children=0&selected_currency=EUR,booking.com,2026-09-07T13:31:06.135Z
2026-10-14,2026-10-17,3,1,2,Mikasa Piazza Bologna,guesthouse,,4.2,140,0.8,Camera Deluxe ,210.96,no: city tax € 21 per stay paid on site; VAT included,no,yes,https://www.booking.com/hotel/it/b-amp-b-l-39-arca-di-campaldino.it.html?checkin=2026-10-14&checkout=2026-10-17&group_adults=1&no_rooms=1&group_children=0&selected_currency=EUR,booking.com,2026-09-07T13:31:06.135Z
2026-10-14,2026-10-17,3,1,3,Romulea Guest House,guesthouse,,6.2,675,0.4,Camera Matrimoniale con Bagno in Comune ,221.63,no: city tax € 15 per stay paid on site; VAT included,no,no,https://www.booking.com/hotel/it/romulea-guest-house.it.html?checkin=2026-10-14&checkout=2026-10-17&group_adults=1&no_rooms=1&group_children=0&selected_currency=EUR,booking.com,2026-09-07T13:31:06.135Z
2026-10-14,2026-10-17,3,1,4,Home Sweet Home Tiburtina Station,guesthouse,,8.1,194,0.6,Camera Matrimoniale,223.36,no: city tax € 21 per stay paid on site; VAT included,no,no,https://www.booking.com/hotel/it/home-sweet-home-tiburtina-station.it.html?checkin=2026-10-14&checkout=2026-10-17&group_adults=1&no_rooms=1&group_children=0&selected_currency=EUR,booking.com,2026-09-07T13:31:06.135Z
2026-10-14,2026-10-17,3,1,5,"Tiburtina Suites, Roma",guesthouse,3T,7.6,93,0.6,Camera Matrimoniale con Balcone,227.50,no: city tax € 18 per stay paid on site; VAT included,no,no,https://www.booking.com/hotel/it/tiburtina-suites.it.html?checkin=2026-10-14&checkout=2026-10-17&group_adults=1&no_rooms=1&group_children=0&selected_currency=EUR,booking.com,2026-09-07T13:31:06.135Z
2026-10-14,2026-10-17,3,1,6,Gmm,guesthouse,3T,7.9,207,1.3,Camera Deluxe ,231.82,no: city tax € 21 per stay paid on site; VAT included,yes,yes,https://www.booking.com/hotel/it/gmm.it.html?checkin=2026-10-14&checkout=2026-10-17&group_adults=1&no_rooms=1&group_children=0&selected_currency=EUR,booking.com,2026-09-07T13:31:13.081Z
2026-10-14,2026-10-17,3,1,7,"Nènè House Roma-Farfalla, appartamento in comune",guesthouse,,6.5,4,0.9,Camera Matrimoniale con Bagno Privato,241.82,no: city tax € 15 per stay paid on site; VAT included,yes,no,https://www.booking.com/hotel/it/nene-house-roma-farfalla.it.html?checkin=2026-10-14&checkout=2026-10-17&group_adults=1&no_rooms=1&group_children=0&selected_currency=EUR,booking.com,2026-09-07T13:31:06.135Z
2026-10-14,2026-10-17,3,1,8,Affittacamere Tiburstation,guesthouse,3T,7.8,179,0.9,Camera Matrimoniale,243.64,no: city tax € 21 per stay paid on site; VAT included,no,no,https://www.booking.com/hotel/it/tibur-station.it.html?checkin=2026-10-14&checkout=2026-10-17&group_adults=1&no_rooms=1&group_children=0&selected_currency=EUR,booking.com,2026-09-07T13:31:06.135Z
2026-10-15,2026-10-18,3,1,1,Mikasa Piazza Bologna,guesthouse,,4.2,140,0.8,Camera Deluxe ,210.96,no: city tax € 21 per stay paid on site; VAT included,no,yes,https://www.booking.com/hotel/it/b-amp-b-l-39-arca-di-campaldino.it.html?checkin=2026-10-15&checkout=2026-10-18&group_adults=1&no_rooms=1&group_children=0&selected_currency=EUR,booking.com,2026-09-07T13:31:33.794Z
2026-10-15,2026-10-18,3,1,2,"Tiburtina Suites, Roma",guesthouse,3T,7.6,93,0.6,Camera Matrimoniale con Balcone,231.64,no: city tax € 18 per stay paid on site; VAT included,no,no,https://www.booking.com/hotel/it/tiburtina-suites.it.html?checkin=2026-10-15&checkout=2026-10-18&group_adults=1&no_rooms=1&group_children=0&selected_currency=EUR,booking.com,2026-09-07T13:31:33.794Z
2026-10-15,2026-10-18,3,1,3,GH Hotel San Giusto,hotel,3,7.1,1320,0.9,Camera Singola,233.68,no: city tax € 18 per stay paid on site; VAT included,yes,yes,https://www.booking.com/hotel/it/hotelsangiustorome.it.html?checkin=2026-10-15&checkout=2026-10-18&group_adults=1&no_rooms=1&group_children=0&selected_currency=EUR,booking.com,2026-09-07T13:31:33.794Z
2026-10-15,2026-10-18,3,1,4,B&B Anturium,B&B,4T,8.6,173,0.5,Camera Singola,259.43,no: city tax € 18 per stay paid on site; VAT included,no,no,https://www.booking.com/hotel/it/b-amp-b-anturium.it.html?checkin=2026-10-15&checkout=2026-10-18&group_adults=1&no_rooms=1&group_children=0&selected_currency=EUR,booking.com,2026-09-07T13:31:33.794Z
2026-10-15,2026-10-18,3,1,5,PiazzaBolognaStay,guesthouse,4T,8.3,163,1,Camera Matrimoniale con Bagno Privato,268.04,no: city tax € 21 per stay paid on site; VAT included,no,no,https://www.booking.com/hotel/it/piazzabolognastay.it.html?checkin=2026-10-15&checkout=2026-10-18&group_adults=1&no_rooms=1&group_children=0&selected_currency=EUR,booking.com,2026-09-07T13:31:33.794Z
2026-10-15,2026-10-18,3,1,6,BARONE HOUSE,guesthouse,4T,8.3,452,0.7,Camera Deluxe ,271.01,no: city tax € 21 per stay paid on site; VAT included,no,no,https://www.booking.com/hotel/it/barone-house.it.html?checkin=2026-10-15&checkout=2026-10-18&group_adults=1&no_rooms=1&group_children=0&selected_currency=EUR,booking.com,2026-09-07T13:31:33.794Z
2026-10-15,2026-10-18,3,1,7,Home Sweet Home Tiburtina Station,guesthouse,,8.1,194,0.6,Ampia Camera Matrimoniale,272.73,no: city tax € 21 per stay paid on site; VAT included,yes,no,https://www.booking.com/hotel/it/home-sweet-home-tiburtina-station.it.html?checkin=2026-10-15&checkout=2026-10-18&group_adults=1&no_rooms=1&group_children=0&selected_currency=EUR,booking.com,2026-09-07T13:31:33.794Z
2026-10-15,2026-10-18,3,1,8,B&B Tiburtina Garden,B&B,4T,8.7,112,0.4,Camera Matrimoniale con Vista Giardino,273.00,no: city tax € 18 per stay paid on site; VAT included,no,yes,https://www.booking.com/hotel/it/b-amp-b-tiburtina-garden.it.html?checkin=2026-10-15&checkout=2026-10-18&group_adults=1&no_rooms=1&group_children=0&selected_currency=EUR,booking.com,2026-09-07T13:31:33.794Z
2026-10-16,2026-10-19,3,1,1,Mikasa Piazza Bologna,guesthouse,,4.2,140,0.8,Camera Deluxe ,210.96,no: city tax € 21 per stay paid on site; VAT included,no,yes,https://www.booking.com/hotel/it/b-amp-b-l-39-arca-di-campaldino.it.html?checkin=2026-10-16&checkout=2026-10-19&group_adults=1&no_rooms=1&group_children=0&selected_currency=EUR,booking.com,2026-09-07T13:32:00.411Z
2026-10-16,2026-10-19,3,1,2,"Tiburtina Suites, Roma",guesthouse,3T,7.6,93,0.6,Camera Matrimoniale con Balcone,235.77,no: city tax € 18 per stay paid on site; VAT included,no,no,https://www.booking.com/hotel/it/tiburtina-suites.it.html?checkin=2026-10-16&checkout=2026-10-19&group_adults=1&no_rooms=1&group_children=0&selected_currency=EUR,booking.com,2026-09-07T13:32:00.411Z
2026-10-16,2026-10-19,3,1,3,GH Hotel San Giusto,hotel,3,7.1,1320,0.9,Camera Assegnata all'Arrivo,240.56,no: city tax € 18 per stay paid on site; VAT included,no,yes,https://www.booking.com/hotel/it/hotelsangiustorome.it.html?checkin=2026-10-16&checkout=2026-10-19&group_adults=1&no_rooms=1&group_children=0&selected_currency=EUR,booking.com,2026-09-07T13:32:00.411Z
2026-10-16,2026-10-19,3,1,4,BARONE HOUSE,guesthouse,4T,8.3,452,0.7,Camera Deluxe ,271.01,no: city tax € 21 per stay paid on site; VAT included,no,no,https://www.booking.com/hotel/it/barone-house.it.html?checkin=2026-10-16&checkout=2026-10-19&group_adults=1&no_rooms=1&group_children=0&selected_currency=EUR,booking.com,2026-09-07T13:32:00.411Z
2026-10-16,2026-10-19,3,1,5,B&B Anturium,B&B,4T,8.6,173,0.5,Camera Singola,271.58,no: city tax € 18 per stay paid on site; VAT included,no,no,https://www.booking.com/hotel/it/b-amp-b-anturium.it.html?checkin=2026-10-16&checkout=2026-10-19&group_adults=1&no_rooms=1&group_children=0&selected_currency=EUR,booking.com,2026-09-07T13:32:00.411Z
2026-10-16,2026-10-19,3,1,6,Home Sweet Home Tiburtina Station,guesthouse,,8.1,194,0.6,Ampia Camera Matrimoniale,272.73,no: city tax € 21 per stay paid on site; VAT included,yes,no,https://www.booking.com/hotel/it/home-sweet-home-tiburtina-station.it.html?checkin=2026-10-16&checkout=2026-10-19&group_adults=1&no_rooms=1&group_children=0&selected_currency=EUR,booking.com,2026-09-07T13:32:00.411Z
2026-10-16,2026-10-19,3,1,7,B&B Tiburtina Garden,B&B,4T,8.7,112,0.4,Camera Matrimoniale con Vista Giardino,273.00,no: city tax € 18 per stay paid on site; VAT included,no,yes,https://www.booking.com/hotel/it/b-amp-b-tiburtina-garden.it.html?checkin=2026-10-16&checkout=2026-10-19&group_adults=1&no_rooms=1&group_children=0&selected_currency=EUR,booking.com,2026-09-07T13:32:00.411Z
2026-10-16,2026-10-19,3,1,8,La Dimora del Re,guesthouse,4T,8.8,164,0.7,Camera Matrimoniale,278.18,no: city tax € 21 per stay paid on site; VAT included,yes,no,https://www.booking.com/hotel/it/la-dimora-del-re-roma1.it.html?checkin=2026-10-16&checkout=2026-10-19&group_adults=1&no_rooms=1&group_children=0&selected_currency=EUR,booking.com,2026-09-07T13:32:00.411Z
2026-10-17,2026-10-20,3,1,1,Mikasa Piazza Bologna,guesthouse,,4.2,140,0.8,Camera Deluxe ,210.96,no: city tax € 21 per stay paid on site; VAT included,no,yes,https://www.booking.com/hotel/it/b-amp-b-l-39-arca-di-campaldino.it.html?checkin=2026-10-17&checkout=2026-10-20&group_adults=1&no_rooms=1&group_children=0&selected_currency=EUR,booking.com,2026-09-07T13:32:24.872Z
2026-10-17,2026-10-20,3,1,2,"Tiburtina Suites, Roma",guesthouse,3T,7.6,93,0.6,Camera Matrimoniale con Balcone,231.64,no: city tax € 18 per stay paid on site; VAT included,no,no,https://www.booking.com/hotel/it/tiburtina-suites.it.html?checkin=2026-10-17&checkout=2026-10-20&group_adults=1&no_rooms=1&group_children=0&selected_currency=EUR,booking.com,2026-09-07T13:32:24.872Z
2026-10-17,2026-10-20,3,1,3,alloggio la carica dei 101,guesthouse,3T,6.4,154,0.45,Ampia Camera Matrimoniale,245.45,no: city tax € 21 per stay paid on site; VAT included,yes,no,https://www.booking.com/hotel/it/intero-alloggio-la-carica-dei-101.it.html?checkin=2026-10-17&checkout=2026-10-20&group_adults=1&no_rooms=1&group_children=0&selected_currency=EUR,booking.com,2026-09-07T13:32:24.872Z
2026-10-17,2026-10-20,3,1,4,Bologna Guest House Roma,guesthouse,,0,0,0.7,Camera Matrimoniale con Bagno Privato,248.18,no: city tax € 18 per stay paid on site; VAT included,yes,no,https://www.booking.com/hotel/it/bologna-guest-house-roma.it.html?checkin=2026-10-17&checkout=2026-10-20&group_adults=1&no_rooms=1&group_children=0&selected_currency=EUR,booking.com,2026-09-07T13:32:24.872Z
2026-10-17,2026-10-20,3,1,5,B&B Anturium,B&B,4T,8.6,173,0.5,Camera Singola,262.89,no: city tax € 18 per stay paid on site; VAT included,no,no,https://www.booking.com/hotel/it/b-amp-b-anturium.it.html?checkin=2026-10-17&checkout=2026-10-20&group_adults=1&no_rooms=1&group_children=0&selected_currency=EUR,booking.com,2026-09-07T13:32:24.872Z
2026-10-17,2026-10-20,3,1,6,La Dimora del Re,guesthouse,4T,8.8,164,0.7,Camera Matrimoniale,265.91,no: city tax € 21 per stay paid on site; VAT included,yes,no,https://www.booking.com/hotel/it/la-dimora-del-re-roma1.it.html?checkin=2026-10-17&checkout=2026-10-20&group_adults=1&no_rooms=1&group_children=0&selected_currency=EUR,booking.com,2026-09-07T13:32:24.872Z
2026-10-17,2026-10-20,3,1,7,BARONE HOUSE,guesthouse,4T,8.3,452,0.7,Camera Deluxe ,271.01,no: city tax € 21 per stay paid on site; VAT included,no,no,https://www.booking.com/hotel/it/barone-house.it.html?checkin=2026-10-17&checkout=2026-10-20&group_adults=1&no_rooms=1&group_children=0&selected_currency=EUR,booking.com,2026-09-07T13:32:24.872Z
2026-10-17,2026-10-20,3,1,8,Home Sweet Home Tiburtina Station,guesthouse,,8.1,194,0.6,Ampia Camera Matrimoniale,272.73,no: city tax € 21 per stay paid on site; VAT included,yes,no,https://www.booking.com/hotel/it/home-sweet-home-tiburtina-station.it.html?checkin=2026-10-17&checkout=2026-10-20&group_adults=1&no_rooms=1&group_children=0&selected_currency=EUR,booking.com,2026-09-07T13:32:24.872Z
2026-10-18,2026-10-21,3,1,1,Mikasa Piazza Bologna,guesthouse,,4.2,140,0.8,Camera Matrimoniale con Bagno Privato Esterno ,186.14,no: city tax € 21 per stay paid on site; VAT included,no,yes,https://www.booking.com/hotel/it/b-amp-b-l-39-arca-di-campaldino.it.html?checkin=2026-10-18&checkout=2026-10-21&group_adults=1&no_rooms=1&group_children=0&selected_currency=EUR,booking.com,2026-09-07T13:32:51.243Z
2026-10-18,2026-10-21,3,1,2,Domus Remo Room #2,guesthouse,3T,7.5,12,0.45,Camera Matrimoniale con Bagno Privato,188.96,no: city tax € 21 per stay paid on site; VAT included,no,no,https://www.booking.com/hotel/it/domus-remo-room.it.html?checkin=2026-10-18&checkout=2026-10-21&group_adults=1&no_rooms=1&group_children=0&selected_currency=EUR,booking.com,2026-09-07T13:32:51.243Z
2026-10-18,2026-10-21,3,1,3,Romulea Guest House,guesthouse,,6.2,675,0.4,Camera Matrimoniale con Bagno in Comune ,221.63,no: city tax € 15 per stay paid on site; VAT included,no,no,https://www.booking.com/hotel/it/romulea-guest-house.it.html?checkin=2026-10-18&checkout=2026-10-21&group_adults=1&no_rooms=1&group_children=0&selected_currency=EUR,booking.com,2026-09-07T13:32:51.243Z
2026-10-18,2026-10-21,3,1,4,Home Sweet Home Tiburtina Station,guesthouse,,8.1,194,0.6,Camera Matrimoniale,223.36,no: city tax € 21 per stay paid on site; VAT included,no,no,https://www.booking.com/hotel/it/home-sweet-home-tiburtina-station.it.html?checkin=2026-10-18&checkout=2026-10-21&group_adults=1&no_rooms=1&group_children=0&selected_currency=EUR,booking.com,2026-09-07T13:32:51.243Z
2026-10-18,2026-10-21,3,1,5,"Tiburtina Suites, Roma",guesthouse,3T,7.6,93,0.6,Camera Matrimoniale con Balcone,227.50,no: city tax € 18 per stay paid on site; VAT included,no,no,https://www.booking.com/hotel/it/tiburtina-suites.it.html?checkin=2026-10-18&checkout=2026-10-21&group_adults=1&no_rooms=1&group_children=0&selected_currency=EUR,booking.com,2026-09-07T13:32:51.243Z
2026-10-18,2026-10-21,3,1,6,Affittacamere Tiburstation,guesthouse,3T,7.8,179,0.9,Camera Matrimoniale,227.91,no: city tax € 21 per stay paid on site; VAT included,no,no,https://www.booking.com/hotel/it/tibur-station.it.html?checkin=2026-10-18&checkout=2026-10-21&group_adults=1&no_rooms=1&group_children=0&selected_currency=EUR,booking.com,2026-09-07T13:32:51.243Z
2026-10-18,2026-10-21,3,1,7,Kosafina Rooms,B&B,4T,9.6,21,0.45,Camera Matrimoniale Deluxe con Balcone,232.05,no: city tax € 18 per stay paid on site; VAT included,no,no,https://www.booking.com/hotel/it/kosafina-rooms.it.html?checkin=2026-10-18&checkout=2026-10-21&group_adults=1&no_rooms=1&group_children=0&selected_currency=EUR,booking.com,2026-09-07T13:32:51.243Z
2026-10-18,2026-10-21,3,1,8,Affittacamere Tiburstation 2,guesthouse,4T,8.3,71,1,Camera Matrimoniale Superior,235.77,no: city tax € 21 per stay paid on site; VAT included,no,no,https://www.booking.com/hotel/it/tiburstation-2.it.html?checkin=2026-10-18&checkout=2026-10-21&group_adults=1&no_rooms=1&group_children=0&selected_currency=EUR,booking.com,2026-09-07T13:33:03.635Z
2026-10-19,2026-10-22,3,1,1,Domus Remo Room #2,guesthouse,3T,7.5,12,0.45,Camera Matrimoniale con Bagno Privato,188.96,no: city tax € 21 per stay paid on site; VAT included,no,no,https://www.booking.com/hotel/it/domus-remo-room.it.html?checkin=2026-10-19&checkout=2026-10-22&group_adults=1&no_rooms=1&group_children=0&selected_currency=EUR,booking.com,2026-09-07T13:33:16.736Z
2026-10-19,2026-10-22,3,1,2,Mikasa Piazza Bologna,guesthouse,,4.2,140,0.8,Camera Matrimoniale Comfort ,189.88,VAT included; city tax n/a,no,no,https://www.booking.com/hotel/it/b-amp-b-l-39-arca-di-campaldino.it.html?checkin=2026-10-19&checkout=2026-10-22&group_adults=1&no_rooms=1&group_children=0&selected_currency=EUR,booking.com,2026-09-07T13:33:16.736Z
2026-10-19,2026-10-22,3,1,3,AFFITTACAMERE A CASA MIA,guesthouse,4T,8.8,478,0.35,Camera Singola Standard,203.44,no: city tax € 15 per stay paid on site; VAT included,no,no,https://www.booking.com/hotel/it/affittacamere-a-casa-mia.it.html?checkin=2026-10-19&checkout=2026-10-22&group_adults=1&no_rooms=1&group_children=0&selected_currency=EUR,booking.com,2026-09-07T13:33:16.736Z
2026-10-19,2026-10-22,3,1,4,Affittacamere Roma Tiburtina,guesthouse,3T,6.5,755,0.2,Camera Matrimoniale/Doppia con Letti Singoli con Bagno Privato,207.27,no: city tax € 21 per stay paid on site; VAT included,yes,yes,https://www.booking.com/hotel/it/affittacamere-roma-tiburtina.it.html?checkin=2026-10-19&checkout=2026-10-22&group_adults=1&no_rooms=1&group_children=0&selected_currency=EUR,booking.com,2026-09-07T13:33:16.736Z
2026-10-19,2026-10-22,3,1,5,Domus Remo Room #3,guesthouse,4T,9,29,0.45,Camera Matrimoniale con Bagno Privato,209.07,no: city tax € 21 per stay paid on site; VAT included,no,no,https://www.booking.com/hotel/it/domus-remo-room-3.it.html?checkin=2026-10-19&checkout=2026-10-22&group_adults=1&no_rooms=1&group_children=0&selected_currency=EUR,booking.com,2026-09-07T13:33:16.736Z
2026-10-19,2026-10-22,3,1,6,Home Sweet Home Tiburtina Station,guesthouse,,8.1,194,0.6,Camera Budget Doppia con Letti Singoli,218.18,no: city tax € 21 per stay paid on site; VAT included,yes,no,https://www.booking.com/hotel/it/home-sweet-home-tiburtina-station.it.html?checkin=2026-10-19&checkout=2026-10-22&group_adults=1&no_rooms=1&group_children=0&selected_currency=EUR,booking.com,2026-09-07T13:33:16.736Z
2026-10-19,2026-10-22,3,1,7,Romulea Guest House,guesthouse,,6.2,675,0.4,Camera Matrimoniale con Bagno in Comune ,221.63,no: city tax € 15 per stay paid on site; VAT included,no,no,https://www.booking.com/hotel/it/romulea-guest-house.it.html?checkin=2026-10-19&checkout=2026-10-22&group_adults=1&no_rooms=1&group_children=0&selected_currency=EUR,booking.com,2026-09-07T13:33:16.736Z
2026-10-19,2026-10-22,3,1,8,"Tiburtina Suites, Roma",guesthouse,3T,7.6,93,0.6,Camera Matrimoniale con Bagno Privato,223.36,no: city tax € 18 per stay paid on site; VAT included,no,no,https://www.booking.com/hotel/it/tiburtina-suites.it.html?checkin=2026-10-19&checkout=2026-10-22&group_adults=1&no_rooms=1&group_children=0&selected_currency=EUR,booking.com,2026-09-07T13:33:16.736Z
2026-10-20,2026-10-23,3,1,1,Mikasa Piazza Bologna,guesthouse,,4.2,140,0.8,Camera Matrimoniale con Bagno Privato Esterno ,186.14,no: city tax € 21 per stay paid on site; VAT included,no,yes,https://www.booking.com/hotel/it/b-amp-b-l-39-arca-di-campaldino.it.html?checkin=2026-10-20&checkout=2026-10-23&group_adults=1&no_rooms=1&group_children=0&selected_currency=EUR,booking.com,2026-09-07T13:33:42.060Z
2026-10-20,2026-10-23,3,1,2,Domus Remo Room #2,guesthouse,3T,7.5,12,0.45,Camera Matrimoniale con Bagno Privato,188.96,no: city tax € 21 per stay paid on site; VAT included,no,no,https://www.booking.com/hotel/it/domus-remo-room.it.html?checkin=2026-10-20&checkout=2026-10-23&group_adults=1&no_rooms=1&group_children=0&selected_currency=EUR,booking.com,2026-09-07T13:33:42.060Z
2026-10-20,2026-10-23,3,1,3,AFFITTACAMERE A CASA MIA,guesthouse,4T,8.8,478,0.35,Camera Singola Standard,203.44,no: city tax € 15 per stay paid on site; VAT included,no,no,https://www.booking.com/hotel/it/affittacamere-a-casa-mia.it.html?checkin=2026-10-20&checkout=2026-10-23&group_adults=1&no_rooms=1&group_children=0&selected_currency=EUR,booking.com,2026-09-07T13:33:42.060Z
2026-10-20,2026-10-23,3,1,4,Affittacamere Roma Tiburtina,guesthouse,3T,6.5,755,0.2,Camera Matrimoniale/Doppia con Letti Singoli con Bagno Privato,207.27,no: city tax € 21 per stay paid on site; VAT included,yes,yes,https://www.booking.com/hotel/it/affittacamere-roma-tiburtina.it.html?checkin=2026-10-20&checkout=2026-10-23&group_adults=1&no_rooms=1&group_children=0&selected_currency=EUR,booking.com,2026-09-07T13:33:42.060Z
2026-10-20,2026-10-23,3,1,5,Domus Remo Room #3,guesthouse,4T,9,29,0.45,Camera Matrimoniale con Bagno Privato,209.07,no: city tax € 21 per stay paid on site; VAT included,no,no,https://www.booking.com/hotel/it/domus-remo-room-3.it.html?checkin=2026-10-20&checkout=2026-10-23&group_adults=1&no_rooms=1&group_children=0&selected_currency=EUR,booking.com,2026-09-07T13:33:42.060Z
2026-10-20,2026-10-23,3,1,6,Home Sweet Home Tiburtina Station,guesthouse,,8.1,194,0.6,Camera Budget Doppia con Letti Singoli,218.18,no: city tax € 21 per stay paid on site; VAT included,yes,no,https://www.booking.com/hotel/it/home-sweet-home-tiburtina-station.it.html?checkin=2026-10-20&checkout=2026-10-23&group_adults=1&no_rooms=1&group_children=0&selected_currency=EUR,booking.com,2026-09-07T13:33:42.060Z
2026-10-20,2026-10-23,3,1,7,Romulea Guest House,guesthouse,,6.2,675,0.4,Camera Matrimoniale con Letto Supplementare,221.63,no: city tax € 15 per stay paid on site; VAT included,no,no,https://www.booking.com/hotel/it/romulea-guest-house.it.html?checkin=2026-10-20&checkout=2026-10-23&group_adults=1&no_rooms=1&group_children=0&selected_currency=EUR,booking.com,2026-09-07T13:33:42.060Z
2026-10-20,2026-10-23,3,1,8,"Tiburtina Suites, Roma",guesthouse,3T,7.6,93,0.6,Camera Matrimoniale con Bagno Privato,223.36,no: city tax € 18 per stay paid on site; VAT included,no,no,https://www.booking.com/hotel/it/tiburtina-suites.it.html?checkin=2026-10-20&checkout=2026-10-23&group_adults=1&no_rooms=1&group_children=0&selected_currency=EUR,booking.com,2026-09-07T13:33:42.060Z
2026-10-21,2026-10-24,3,1,1,"BEDS&ROOMS TIBURTINA- Rooms, Camere private",guesthouse,4T,8.8,106,0.2,Camera Singola con Bagno Privato,172.42,yes,no,no,https://www.booking.com/hotel/it/beds-amp-rooms-tiburtina-rooms.it.html?checkin=2026-10-21&checkout=2026-10-24&group_adults=1&no_rooms=1&group_children=0&selected_currency=EUR,booking.com,2026-09-07T13:34:07.892Z
2026-10-21,2026-10-24,3,1,2,Mikasa Piazza Bologna,guesthouse,,4.2,140,0.8,Camera Matrimoniale con Bagno Privato Esterno ,186.14,no: city tax € 21 per stay paid on site; VAT included,no,yes,https://www.booking.com/hotel/it/b-amp-b-l-39-arca-di-campaldino.it.html?checkin=2026-10-21&checkout=2026-10-24&group_adults=1&no_rooms=1&group_children=0&selected_currency=EUR,booking.com,2026-09-07T13:34:07.892Z
2026-10-21,2026-10-24,3,1,3,Domus Remo Room #3,guesthouse,4T,9,29,0.45,Camera Matrimoniale con Bagno Privato,209.07,no: city tax € 21 per stay paid on site; VAT included,no,no,https://www.booking.com/hotel/it/domus-remo-room-3.it.html?checkin=2026-10-21&checkout=2026-10-24&group_adults=1&no_rooms=1&group_children=0&selected_currency=EUR,booking.com,2026-09-07T13:34:07.892Z
2026-10-21,2026-10-24,3,1,4,Home Sweet Home Tiburtina Station,guesthouse,,8.1,194,0.6,Camera Budget Doppia con Letti Singoli,218.18,no: city tax € 21 per stay paid on site; VAT included,yes,no,https://www.booking.com/hotel/it/home-sweet-home-tiburtina-station.it.html?checkin=2026-10-21&checkout=2026-10-24&group_adults=1&no_rooms=1&group_children=0&selected_currency=EUR,booking.com,2026-09-07T13:34:07.892Z
2026-10-21,2026-10-24,3,1,5,"Tiburtina Suites, Roma",guesthouse,3T,7.6,93,0.6,Camera Matrimoniale con Bagno Privato,227.50,no: city tax € 18 per stay paid on site; VAT included,no,no,https://www.booking.com/hotel/it/tiburtina-suites.it.html?checkin=2026-10-21&checkout=2026-10-24&group_adults=1&no_rooms=1&group_children=0&selected_currency=EUR,booking.com,2026-09-07T13:34:07.892Z
2026-10-21,2026-10-24,3,1,6,Kosafina Rooms,B&B,4T,9.6,21,0.45,Camera Matrimoniale Deluxe con Balcone,232.05,no: city tax € 18 per stay paid on site; VAT included,no,no,https://www.booking.com/hotel/it/kosafina-rooms.it.html?checkin=2026-10-21&checkout=2026-10-24&group_adults=1&no_rooms=1&group_children=0&selected_currency=EUR,booking.com,2026-09-07T13:34:07.892Z
2026-10-21,2026-10-24,3,1,7,Romulea Guest House,guesthouse,,6.2,675,0.4,Camera Doppia con Letti Singoli e Bagno in Comune,242.73,no: city tax € 15 per stay paid on site; VAT included,yes,no,https://www.booking.com/hotel/it/romulea-guest-house.it.html?checkin=2026-10-21&checkout=2026-10-24&group_adults=1&no_rooms=1&group_children=0&selected_currency=EUR,booking.com,2026-09-07T13:34:07.892Z
2026-10-21,2026-10-24,3,1,8,Affittacamere Tiburstation,guesthouse,3T,7.8,179,0.9,Camera Matrimoniale,243.64,no: city tax € 21 per stay paid on site; VAT included,no,no,https://www.booking.com/hotel/it/tibur-station.it.html?checkin=2026-10-21&checkout=2026-10-24&group_adults=1&no_rooms=1&group_children=0&selected_currency=EUR,booking.com,2026-09-07T13:34:07.892Z
2026-10-22,2026-10-25,3,1,1,"BEDS&ROOMS TIBURTINA- Rooms, Camere private",guesthouse,4T,8.8,106,0.2,Camera Singola con Bagno Privato,179.12,yes,no,no,https://www.booking.com/hotel/it/beds-amp-rooms-tiburtina-rooms.it.html?checkin=2026-10-22&checkout=2026-10-25&group_adults=1&no_rooms=1&group_children=0&selected_currency=EUR,booking.com,2026-09-07T13:34:34.456Z
2026-10-22,2026-10-25,3,1,2,Mikasa Piazza Bologna,guesthouse,,4.2,140,0.8,Camera Matrimoniale con Bagno Privato Esterno ,186.14,no: city tax € 21 per stay paid on site; VAT included,no,yes,https://www.booking.com/hotel/it/b-amp-b-l-39-arca-di-campaldino.it.html?checkin=2026-10-22&checkout=2026-10-25&group_adults=1&no_rooms=1&group_children=0&selected_currency=EUR,booking.com,2026-09-07T13:34:34.456Z
2026-10-22,2026-10-25,3,1,3,Domus Remo Room #3,guesthouse,4T,9,29,0.45,Camera Matrimoniale con Bagno Privato,209.07,no: city tax € 21 per stay paid on site; VAT included,no,no,https://www.booking.com/hotel/it/domus-remo-room-3.it.html?checkin=2026-10-22&checkout=2026-10-25&group_adults=1&no_rooms=1&group_children=0&selected_currency=EUR,booking.com,2026-09-07T13:34:34.456Z
2026-10-22,2026-10-25,3,1,4,Home Sweet Home Tiburtina Station,guesthouse,,8.1,194,0.6,Camera Budget Doppia con Letti Singoli,218.18,no: city tax € 21 per stay paid on site; VAT included,yes,no,https://www.booking.com/hotel/it/home-sweet-home-tiburtina-station.it.html?checkin=2026-10-22&checkout=2026-10-25&group_adults=1&no_rooms=1&group_children=0&selected_currency=EUR,booking.com,2026-09-07T13:34:34.456Z
2026-10-22,2026-10-25,3,1,5,Suite and room,B&B,3T,7.6,259,0.7,Camera Singola Deluxe,219.79,no: city tax € 18 per stay paid on site; VAT included,no,no,https://www.booking.com/hotel/it/kiss-and-room.it.html?checkin=2026-10-22&checkout=2026-10-25&group_adults=1&no_rooms=1&group_children=0&selected_currency=EUR,booking.com,2026-09-07T13:34:34.456Z
2026-10-22,2026-10-25,3,1,6,"Tiburtina Suites, Roma",guesthouse,3T,7.6,93,0.6,Camera Matrimoniale con Bagno Privato,231.64,no: city tax € 18 per stay paid on site; VAT included,no,no,https://www.booking.com/hotel/it/tiburtina-suites.it.html?checkin=2026-10-22&checkout=2026-10-25&group_adults=1&no_rooms=1&group_children=0&selected_currency=EUR,booking.com,2026-09-07T13:34:34.456Z
2026-10-22,2026-10-25,3,1,7,Gmm,guesthouse,3T,7.9,208,1.3,Camera Deluxe ,231.82,no: city tax € 21 per stay paid on site; VAT included,yes,yes,https://www.booking.com/hotel/it/gmm.it.html?checkin=2026-10-22&checkout=2026-10-25&group_adults=1&no_rooms=1&group_children=0&selected_currency=EUR,booking.com,2026-09-07T13:34:47.523Z
2026-10-22,2026-10-25,3,1,8,Kosafina Rooms,B&B,4T,9.6,21,0.45,Camera Matrimoniale Deluxe con Balcone,232.05,no: city tax € 18 per stay paid on site; VAT included,no,no,https://www.booking.com/hotel/it/kosafina-rooms.it.html?checkin=2026-10-22&checkout=2026-10-25&group_adults=1&no_rooms=1&group_children=0&selected_currency=EUR,booking.com,2026-09-07T13:34:34.456Z
2026-10-23,2026-10-26,3,1,1,"BEDS&ROOMS TIBURTINA- Rooms, Camere private",guesthouse,4T,8.8,106,0.2,Camera Singola con Bagno Privato,179.12,yes,no,no,https://www.booking.com/hotel/it/beds-amp-rooms-tiburtina-rooms.it.html?checkin=2026-10-23&checkout=2026-10-26&group_adults=1&no_rooms=1&group_children=0&selected_currency=EUR,booking.com,2026-09-07T13:35:00.147Z
2026-10-23,2026-10-26,3,1,2,Mikasa Piazza Bologna,guesthouse,,4.2,140,0.8,Camera Matrimoniale con Bagno Privato Esterno ,186.14,no: city tax € 21 per stay paid on site; VAT included,no,yes,https://www.booking.com/hotel/it/b-amp-b-l-39-arca-di-campaldino.it.html?checkin=2026-10-23&checkout=2026-10-26&group_adults=1&no_rooms=1&group_children=0&selected_currency=EUR,booking.com,2026-09-07T13:35:00.147Z
2026-10-23,2026-10-26,3,1,3,Domus Remo Room #3,guesthouse,4T,9,29,0.45,Camera Matrimoniale con Bagno Privato,209.07,no: city tax € 21 per stay paid on site; VAT included,no,no,https://www.booking.com/hotel/it/domus-remo-room-3.it.html?checkin=2026-10-23&checkout=2026-10-26&group_adults=1&no_rooms=1&group_children=0&selected_currency=EUR,booking.com,2026-09-07T13:35:00.147Z
2026-10-23,2026-10-26,3,1,4,Home Sweet Home Tiburtina Station,guesthouse,,8.1,194,0.6,Camera Budget Doppia con Letti Singoli,218.18,no: city tax € 21 per stay paid on site; VAT included,yes,no,https://www.booking.com/hotel/it/home-sweet-home-tiburtina-station.it.html?checkin=2026-10-23&checkout=2026-10-26&group_adults=1&no_rooms=1&group_children=0&selected_currency=EUR,booking.com,2026-09-07T13:35:00.147Z
2026-10-23,2026-10-26,3,1,5,Suite and room,B&B,3T,7.6,259,0.7,Camera Singola Deluxe,219.79,no: city tax € 18 per stay paid on site; VAT included,no,no,https://www.booking.com/hotel/it/kiss-and-room.it.html?checkin=2026-10-23&checkout=2026-10-26&group_adults=1&no_rooms=1&group_children=0&selected_currency=EUR,booking.com,2026-09-07T13:35:00.147Z
2026-10-23,2026-10-26,3,1,6,La Quiete,guesthouse,3T,8,420,0.25,Camera Singola Economy,231.82,no: city tax € 15 per stay paid on site; VAT included,yes,no,https://www.booking.com/hotel/it/la-quiete-roma.it.html?checkin=2026-10-23&checkout=2026-10-26&group_adults=1&no_rooms=1&group_children=0&selected_currency=EUR,booking.com,2026-09-07T13:35:00.147Z
2026-10-23,2026-10-26,3,1,7,Gmm,guesthouse,3T,7.9,208,1.3,Camera Deluxe ,231.82,no: city tax € 21 per stay paid on site; VAT included,yes,yes,https://www.booking.com/hotel/it/gmm.it.html?checkin=2026-10-23&checkout=2026-10-26&group_adults=1&no_rooms=1&group_children=0&selected_currency=EUR,booking.com,2026-09-07T13:35:13.669Z
2026-10-23,2026-10-26,3,1,8,Kosafina Rooms,B&B,4T,9.6,21,0.45,Camera Matrimoniale Deluxe con Balcone,232.05,no: city tax € 18 per stay paid on site; VAT included,no,no,https://www.booking.com/hotel/it/kosafina-rooms.it.html?checkin=2026-10-23&checkout=2026-10-26&group_adults=1&no_rooms=1&group_children=0&selected_currency=EUR,booking.com,2026-09-07T13:35:00.147Z
2026-10-24,2026-10-27,3,1,1,Mikasa Piazza Bologna,guesthouse,,4.2,140,0.8,Camera Matrimoniale con Bagno Privato Esterno ,186.14,no: city tax € 21 per stay paid on site; VAT included,no,yes,https://www.booking.com/hotel/it/b-amp-b-l-39-arca-di-campaldino.it.html?checkin=2026-10-24&checkout=2026-10-27&group_adults=1&no_rooms=1&group_children=0&selected_currency=EUR,booking.com,2026-09-07T13:35:26.932Z
2026-10-24,2026-10-27,3,1,2,DOMUS REMO Room #1,guesthouse,4T,9.1,31,0.45,Camera Tripla con Bagno Privato,197.06,yes,no,no,https://www.booking.com/hotel/it/domus-remo-rooms.it.html?checkin=2026-10-24&checkout=2026-10-27&group_adults=1&no_rooms=1&group_children=0&selected_currency=EUR,booking.com,2026-09-07T13:35:26.932Z
2026-10-24,2026-10-27,3,1,3,Domus Remo Room #3,guesthouse,4T,9,29,0.45,Camera Matrimoniale con Bagno Privato,209.07,no: city tax € 21 per stay paid on site; VAT included,no,no,https://www.booking.com/hotel/it/domus-remo-room-3.it.html?checkin=2026-10-24&checkout=2026-10-27&group_adults=1&no_rooms=1&group_children=0&selected_currency=EUR,booking.com,2026-09-07T13:35:26.932Z
2026-10-24,2026-10-27,3,1,4,Home Sweet Home Tiburtina Station,guesthouse,,8.1,194,0.6,Camera Budget Doppia con Letti Singoli,218.18,no: city tax € 21 per stay paid on site; VAT included,yes,no,https://www.booking.com/hotel/it/home-sweet-home-tiburtina-station.it.html?checkin=2026-10-24&checkout=2026-10-27&group_adults=1&no_rooms=1&group_children=0&selected_currency=EUR,booking.com,2026-09-07T13:35:26.932Z
2026-10-24,2026-10-27,3,1,5,Suite and room,B&B,3T,7.6,259,0.7,Camera Singola Deluxe,219.79,no: city tax € 18 per stay paid on site; VAT included,no,no,https://www.booking.com/hotel/it/kiss-and-room.it.html?checkin=2026-10-24&checkout=2026-10-27&group_adults=1&no_rooms=1&group_children=0&selected_currency=EUR,booking.com,2026-09-07T13:35:26.932Z
2026-10-24,2026-10-27,3,1,6,"Tiburtina Suites, Roma",guesthouse,3T,7.6,93,0.6,Camera Matrimoniale con Bagno Privato,231.64,no: city tax € 18 per stay paid on site; VAT included,no,no,https://www.booking.com/hotel/it/tiburtina-suites.it.html?checkin=2026-10-24&checkout=2026-10-27&group_adults=1&no_rooms=1&group_children=0&selected_currency=EUR,booking.com,2026-09-07T13:35:26.932Z
2026-10-24,2026-10-27,3,1,7,La Quiete,guesthouse,3T,8,420,0.25,Camera Singola Economy,231.82,no: city tax € 15 per stay paid on site; VAT included,yes,no,https://www.booking.com/hotel/it/la-quiete-roma.it.html?checkin=2026-10-24&checkout=2026-10-27&group_adults=1&no_rooms=1&group_children=0&selected_currency=EUR,booking.com,2026-09-07T13:35:26.932Z
2026-10-24,2026-10-27,3,1,8,Kosafina Rooms,B&B,4T,9.6,21,0.45,Camera Matrimoniale Deluxe con Balcone,232.05,no: city tax € 18 per stay paid on site; VAT included,no,no,https://www.booking.com/hotel/it/kosafina-rooms.it.html?checkin=2026-10-24&checkout=2026-10-27&group_adults=1&no_rooms=1&group_children=0&selected_currency=EUR,booking.com,2026-09-07T13:35:26.932Z
2026-10-25,2026-10-28,3,1,1,Mikasa Piazza Bologna,guesthouse,,4.2,140,0.8,Camera Matrimoniale con Bagno Privato Esterno ,186.14,no: city tax € 21 per stay paid on site; VAT included,no,yes,https://www.booking.com/hotel/it/b-amp-b-l-39-arca-di-campaldino.it.html?checkin=2026-10-25&checkout=2026-10-28&group_adults=1&no_rooms=1&group_children=0&selected_currency=EUR,booking.com,2026-09-07T13:35:52.694Z
2026-10-25,2026-10-28,3,1,2,Domus Remo Room #2,guesthouse,3T,7.5,12,0.45,Camera Matrimoniale con Bagno Privato,188.96,no: city tax € 21 per stay paid on site; VAT included,no,no,https://www.booking.com/hotel/it/domus-remo-room.it.html?checkin=2026-10-25&checkout=2026-10-28&group_adults=1&no_rooms=1&group_children=0&selected_currency=EUR,booking.com,2026-09-07T13:35:52.694Z
2026-10-25,2026-10-28,3,1,3,DOMUS REMO Room #1,guesthouse,4T,9.1,31,0.45,Camera Tripla con Bagno Privato,197.06,yes,no,no,https://www.booking.com/hotel/it/domus-remo-rooms.it.html?checkin=2026-10-25&checkout=2026-10-28&group_adults=1&no_rooms=1&group_children=0&selected_currency=EUR,booking.com,2026-09-07T13:35:52.694Z
2026-10-25,2026-10-28,3,1,4,AFFITTACAMERE A CASA MIA,guesthouse,4T,8.8,478,0.35,Camera Singola Standard,203.44,no: city tax € 15 per stay paid on site; VAT included,no,no,https://www.booking.com/hotel/it/affittacamere-a-casa-mia.it.html?checkin=2026-10-25&checkout=2026-10-28&group_adults=1&no_rooms=1&group_children=0&selected_currency=EUR,booking.com,2026-09-07T13:35:52.694Z
2026-10-25,2026-10-28,3,1,5,Days In Rome,guesthouse,4T,8.3,334,1.2,Camera Matrimoniale con Balcone,204.55,no: city tax € 18 per stay paid on site; VAT included,yes,no,https://www.booking.com/hotel/it/days-in-rome.it.html?checkin=2026-10-25&checkout=2026-10-28&group_adults=1&no_rooms=1&group_children=0&selected_currency=EUR,booking.com,2026-09-07T13:35:59.906Z
2026-10-25,2026-10-28,3,1,6,Domus Remo Room #3,guesthouse,4T,9,29,0.45,Camera Matrimoniale con Bagno Privato,209.07,no: city tax € 21 per stay paid on site; VAT included,no,no,https://www.booking.com/hotel/it/domus-remo-room-3.it.html?checkin=2026-10-25&checkout=2026-10-28&group_adults=1&no_rooms=1&group_children=0&selected_currency=EUR,booking.com,2026-09-07T13:35:52.694Z
2026-10-25,2026-10-28,3,1,7,Home Sweet Home Tiburtina Station,guesthouse,,8.1,194,0.6,Camera Budget Doppia con Letti Singoli,218.18,no: city tax € 21 per stay paid on site; VAT included,yes,no,https://www.booking.com/hotel/it/home-sweet-home-tiburtina-station.it.html?checkin=2026-10-25&checkout=2026-10-28&group_adults=1&no_rooms=1&group_children=0&selected_currency=EUR,booking.com,2026-09-07T13:35:52.694Z
2026-10-25,2026-10-28,3,1,8,Suite and room,B&B,3T,7.6,259,0.7,Camera Singola Deluxe,219.79,no: city tax € 18 per stay paid on site; VAT included,no,no,https://www.booking.com/hotel/it/kiss-and-room.it.html?checkin=2026-10-25&checkout=2026-10-28&group_adults=1&no_rooms=1&group_children=0&selected_currency=EUR,booking.com,2026-09-07T13:35:52.694Z
2026-10-26,2026-10-29,3,1,1,B&B SPQR,B&B,2T,6,545,0.35,Camera Singola con Bagno Privato,163.64,no: city tax € 18 per stay paid on site; VAT included,yes,yes,https://www.booking.com/hotel/it/spqr.it.html?checkin=2026-10-26&checkout=2026-10-29&group_adults=1&no_rooms=1&group_children=0&selected_currency=EUR,booking.com,2026-09-07T13:36:19.438Z
2026-10-26,2026-10-29,3,1,2,Mikasa Piazza Bologna,guesthouse,,4.2,140,0.8,Camera Matrimoniale con Bagno Privato Esterno ,186.14,no: city tax € 21 per stay paid on site; VAT included,no,yes,https://www.booking.com/hotel/it/b-amp-b-l-39-arca-di-campaldino.it.html?checkin=2026-10-26&checkout=2026-10-29&group_adults=1&no_rooms=1&group_children=0&selected_currency=EUR,booking.com,2026-09-07T13:36:19.438Z
2026-10-26,2026-10-29,3,1,3,Domus Remo Room #2,guesthouse,3T,7.5,12,0.45,Camera Matrimoniale con Bagno Privato,188.96,no: city tax € 21 per stay paid on site; VAT included,no,no,https://www.booking.com/hotel/it/domus-remo-room.it.html?checkin=2026-10-26&checkout=2026-10-29&group_adults=1&no_rooms=1&group_children=0&selected_currency=EUR,booking.com,2026-09-07T13:36:19.438Z
2026-10-26,2026-10-29,3,1,4,Affittacamere Tiburstation,guesthouse,3T,7.8,179,0.9,Camera Singola,200.41,no: city tax € 21 per stay paid on site; VAT included,no,no,https://www.booking.com/hotel/it/tibur-station.it.html?checkin=2026-10-26&checkout=2026-10-29&group_adults=1&no_rooms=1&group_children=0&selected_currency=EUR,booking.com,2026-09-07T13:36:19.438Z
2026-10-26,2026-10-29,3,1,5,AFFITTACAMERE A CASA MIA,guesthouse,4T,8.8,478,0.35,Camera Singola Standard,203.44,no: city tax € 15 per stay paid on site; VAT included,no,no,https://www.booking.com/hotel/it/affittacamere-a-casa-mia.it.html?checkin=2026-10-26&checkout=2026-10-29&group_adults=1&no_rooms=1&group_children=0&selected_currency=EUR,booking.com,2026-09-07T13:36:19.438Z
2026-10-26,2026-10-29,3,1,6,Days In Rome,guesthouse,4T,0,0,1.2,Camera Matrimoniale con Balcone,204.55,no: city tax € 18 per stay paid on site; VAT included,yes,no,https://www.booking.com/hotel/it/days-in-rome.it.html?checkin=2026-10-26&checkout=2026-10-29&group_adults=1&no_rooms=1&group_children=0&selected_currency=EUR,booking.com,2026-09-07T13:36:27.980Z
2026-10-26,2026-10-29,3,1,7,Affittacamere Roma Tiburtina,guesthouse,3T,6.5,755,0.2,Camera Matrimoniale/Doppia con Letti Singoli con Bagno Privato,207.27,no: city tax € 21 per stay paid on site; VAT included,yes,yes,https://www.booking.com/hotel/it/affittacamere-roma-tiburtina.it.html?checkin=2026-10-26&checkout=2026-10-29&group_adults=1&no_rooms=1&group_children=0&selected_currency=EUR,booking.com,2026-09-07T13:36:19.438Z
2026-10-26,2026-10-29,3,1,8,Domus Remo Room #3,guesthouse,4T,9,29,0.45,Camera Matrimoniale con Bagno Privato,209.07,no: city tax € 21 per stay paid on site; VAT included,no,no,https://www.booking.com/hotel/it/domus-remo-room-3.it.html?checkin=2026-10-26&checkout=2026-10-29&group_adults=1&no_rooms=1&group_children=0&selected_currency=EUR,booking.com,2026-09-07T13:36:19.438Z
2026-10-27,2026-10-30,3,1,1,B&B SPQR,B&B,2T,6,545,0.35,Camera Singola con Bagno Privato,163.64,no: city tax € 18 per stay paid on site; VAT included,yes,yes,https://www.booking.com/hotel/it/spqr.it.html?checkin=2026-10-27&checkout=2026-10-30&group_adults=1&no_rooms=1&group_children=0&selected_currency=EUR,booking.com,2026-09-07T13:36:47.526Z
2026-10-27,2026-10-30,3,1,2,TIBURTINA INN GUEST HOUSE,guesthouse,3T,7.5,662,0.4,Camera Singola Economy,171.82,no: city tax € 21 per stay paid on site; VAT included,yes,no,https://www.booking.com/hotel/it/tiburtina-inn-guest-house.it.html?checkin=2026-10-27&checkout=2026-10-30&group_adults=1&no_rooms=1&group_children=0&selected_currency=EUR,booking.com,2026-09-07T13:36:47.526Z
2026-10-27,2026-10-30,3,1,3,Mikasa Piazza Bologna,guesthouse,,4.2,140,0.8,Camera Matrimoniale con Bagno Privato Esterno ,186.14,no: city tax € 21 per stay paid on site; VAT included,no,yes,https://www.booking.com/hotel/it/b-amp-b-l-39-arca-di-campaldino.it.html?checkin=2026-10-27&checkout=2026-10-30&group_adults=1&no_rooms=1&group_children=0&selected_currency=EUR,booking.com,2026-09-07T13:36:47.526Z
2026-10-27,2026-10-30,3,1,4,Domus Remo Room #2,guesthouse,3T,7.5,12,0.45,Camera Matrimoniale con Bagno Privato,188.96,no: city tax € 21 per stay paid on site; VAT included,no,no,https://www.booking.com/hotel/it/domus-remo-room.it.html?checkin=2026-10-27&checkout=2026-10-30&group_adults=1&no_rooms=1&group_children=0&selected_currency=EUR,booking.com,2026-09-07T13:36:47.526Z
2026-10-27,2026-10-30,3,1,5,Affittacamere Tiburstation,guesthouse,3T,7.8,179,0.9,Camera Singola,200.41,no: city tax € 21 per stay paid on site; VAT included,no,no,https://www.booking.com/hotel/it/tibur-station.it.html?checkin=2026-10-27&checkout=2026-10-30&group_adults=1&no_rooms=1&group_children=0&selected_currency=EUR,booking.com,2026-09-07T13:36:47.526Z
2026-10-27,2026-10-30,3,1,6,AFFITTACAMERE A CASA MIA,guesthouse,4T,8.8,478,0.35,Camera Singola Standard,203.44,no: city tax € 15 per stay paid on site; VAT included,no,no,https://www.booking.com/hotel/it/affittacamere-a-casa-mia.it.html?checkin=2026-10-27&checkout=2026-10-30&group_adults=1&no_rooms=1&group_children=0&selected_currency=EUR,booking.com,2026-09-07T13:36:47.526Z
2026-10-27,2026-10-30,3,1,7,Days In Rome,guesthouse,4T,8.3,334,1.2,Camera Matrimoniale con Balcone,204.55,no: city tax € 18 per stay paid on site; VAT included,yes,no,https://www.booking.com/hotel/it/days-in-rome.it.html?checkin=2026-10-27&checkout=2026-10-30&group_adults=1&no_rooms=1&group_children=0&selected_currency=EUR,booking.com,2026-09-07T13:36:53.522Z
2026-10-27,2026-10-30,3,1,8,Affittacamere Roma Tiburtina,guesthouse,3T,6.5,755,0.2,Camera Matrimoniale/Doppia con Letti Singoli con Bagno Privato,207.27,no: city tax € 21 per stay paid on site; VAT included,yes,yes,https://www.booking.com/hotel/it/affittacamere-roma-tiburtina.it.html?checkin=2026-10-27&checkout=2026-10-30&group_adults=1&no_rooms=1&group_children=0&selected_currency=EUR,booking.com,2026-09-07T13:36:47.526Z
2026-10-28,2026-10-31,3,1,1,B&B SPQR,B&B,2T,6,545,0.35,Camera Singola con Bagno Privato,163.64,no: city tax € 18 per stay paid on site; VAT included,yes,yes,https://www.booking.com/hotel/it/spqr.it.html?checkin=2026-10-28&checkout=2026-10-31&group_adults=1&no_rooms=1&group_children=0&selected_currency=EUR,booking.com,2026-09-07T13:37:07.714Z
2026-10-28,2026-10-31,3,1,2,TIBURTINA INN GUEST HOUSE,guesthouse,3T,7.5,662,0.4,Camera Singola Economy,171.82,no: city tax € 21 per stay paid on site; VAT included,yes,no,https://www.booking.com/hotel/it/tiburtina-inn-guest-house.it.html?checkin=2026-10-28&checkout=2026-10-31&group_adults=1&no_rooms=1&group_children=0&selected_currency=EUR,booking.com,2026-09-07T13:37:07.714Z
2026-10-28,2026-10-31,3,1,3,Mikasa Piazza Bologna,guesthouse,,4.2,140,0.8,Camera Matrimoniale con Bagno Privato Esterno ,186.14,no: city tax € 21 per stay paid on site; VAT included,no,yes,https://www.booking.com/hotel/it/b-amp-b-l-39-arca-di-campaldino.it.html?checkin=2026-10-28&checkout=2026-10-31&group_adults=1&no_rooms=1&group_children=0&selected_currency=EUR,booking.com,2026-09-07T13:37:07.714Z
2026-10-28,2026-10-31,3,1,4,Domus Remo Room #2,guesthouse,3T,7.5,12,0.45,Camera Matrimoniale con Bagno Privato,188.96,no: city tax € 21 per stay paid on site; VAT included,no,no,https://www.booking.com/hotel/it/domus-remo-room.it.html?checkin=2026-10-28&checkout=2026-10-31&group_adults=1&no_rooms=1&group_children=0&selected_currency=EUR,booking.com,2026-09-07T13:37:07.714Z
2026-10-28,2026-10-31,3,1,5,Affittacamere Tiburstation,guesthouse,3T,7.8,179,0.9,Camera Singola,200.41,no: city tax € 21 per stay paid on site; VAT included,no,no,https://www.booking.com/hotel/it/tibur-station.it.html?checkin=2026-10-28&checkout=2026-10-31&group_adults=1&no_rooms=1&group_children=0&selected_currency=EUR,booking.com,2026-09-07T13:37:07.714Z
2026-10-28,2026-10-31,3,1,6,Gmm,guesthouse,3T,7.9,208,1.3,Camera Singola Ampia,204.55,no: city tax € 21 per stay paid on site; VAT included,yes,yes,https://www.booking.com/hotel/it/gmm.it.html?checkin=2026-10-28&checkout=2026-10-31&group_adults=1&no_rooms=1&group_children=0&selected_currency=EUR,booking.com,2026-09-07T13:37:29.637Z
2026-10-28,2026-10-31,3,1,7,Affittacamere Roma Tiburtina,guesthouse,3T,6.5,755,0.2,Camera Matrimoniale/Doppia con Letti Singoli con Bagno Privato,207.27,no: city tax € 21 per stay paid on site; VAT included,yes,yes,https://www.booking.com/hotel/it/affittacamere-roma-tiburtina.it.html?checkin=2026-10-28&checkout=2026-10-31&group_adults=1&no_rooms=1&group_children=0&selected_currency=EUR,booking.com,2026-09-07T13:37:07.714Z
2026-10-28,2026-10-31,3,1,8,Domus Remo Room #3,guesthouse,4T,9,29,0.45,Camera Matrimoniale con Bagno Privato,209.07,no: city tax € 21 per stay paid on site; VAT included,no,no,https://www.booking.com/hotel/it/domus-remo-room-3.it.html?checkin=2026-10-28&checkout=2026-10-31&group_adults=1&no_rooms=1&group_children=0&selected_currency=EUR,booking.com,2026-09-07T13:37:07.714Z
2026-10-29,2026-11-01,3,1,1,B&B SPQR,B&B,2T,6,545,0.35,Camera Singola con Bagno Privato,163.64,no: city tax € 18 per stay paid on site; VAT included,yes,yes,https://www.booking.com/hotel/it/spqr.it.html?checkin=2026-10-29&checkout=2026-11-01&group_adults=1&no_rooms=1&group_children=0&selected_currency=EUR,booking.com,2026-09-07T13:37:48.195Z
2026-10-29,2026-11-01,3,1,2,TIBURTINA INN GUEST HOUSE,guesthouse,3T,7.5,662,0.4,Camera Singola Economy,171.82,no: city tax € 21 per stay paid on site; VAT included,yes,no,https://www.booking.com/hotel/it/tiburtina-inn-guest-house.it.html?checkin=2026-10-29&checkout=2026-11-01&group_adults=1&no_rooms=1&group_children=0&selected_currency=EUR,booking.com,2026-09-07T13:37:48.195Z
2026-10-29,2026-11-01,3,1,3,Mikasa Piazza Bologna,guesthouse,,4.2,140,0.8,Camera Matrimoniale con Bagno Privato Esterno ,186.14,no: city tax € 21 per stay paid on site; VAT included,no,yes,https://www.booking.com/hotel/it/b-amp-b-l-39-arca-di-campaldino.it.html?checkin=2026-10-29&checkout=2026-11-01&group_adults=1&no_rooms=1&group_children=0&selected_currency=EUR,booking.com,2026-09-07T13:37:48.195Z
2026-10-29,2026-11-01,3,1,4,Domus Remo Room #2,guesthouse,3T,7.5,12,0.45,Camera Matrimoniale con Bagno Privato,188.96,no: city tax € 21 per stay paid on site; VAT included,no,no,https://www.booking.com/hotel/it/domus-remo-room.it.html?checkin=2026-10-29&checkout=2026-11-01&group_adults=1&no_rooms=1&group_children=0&selected_currency=EUR,booking.com,2026-09-07T13:37:48.195Z
2026-10-29,2026-11-01,3,1,5,Affittacamere Tiburstation,guesthouse,3T,7.8,179,0.9,Camera Singola,200.41,no: city tax € 21 per stay paid on site; VAT included,no,no,https://www.booking.com/hotel/it/tibur-station.it.html?checkin=2026-10-29&checkout=2026-11-01&group_adults=1&no_rooms=1&group_children=0&selected_currency=EUR,booking.com,2026-09-07T13:37:48.195Z
2026-10-29,2026-11-01,3,1,6,Gmm,guesthouse,3T,7.9,208,1.3,Camera Singola Ampia,204.55,no: city tax € 21 per stay paid on site; VAT included,yes,yes,https://www.booking.com/hotel/it/gmm.it.html?checkin=2026-10-29&checkout=2026-11-01&group_adults=1&no_rooms=1&group_children=0&selected_currency=EUR,booking.com,2026-09-07T13:37:55.261Z
2026-10-29,2026-11-01,3,1,7,Domus Remo Room #3,guesthouse,4T,9,29,0.45,Camera Matrimoniale con Bagno Privato,209.07,no: city tax € 21 per stay paid on site; VAT included,no,no,https://www.booking.com/hotel/it/domus-remo-room-3.it.html?checkin=2026-10-29&checkout=2026-11-01&group_adults=1&no_rooms=1&group_children=0&selected_currency=EUR,booking.com,2026-09-07T13:37:48.195Z
2026-10-29,2026-11-01,3,1,8,Home Sweet Home Tiburtina Station,guesthouse,,8.1,194,0.6,Camera Budget Doppia con Letti Singoli,218.18,no: city tax € 21 per stay paid on site; VAT included,yes,no,https://www.booking.com/hotel/it/home-sweet-home-tiburtina-station.it.html?checkin=2026-10-29&checkout=2026-11-01&group_adults=1&no_rooms=1&group_children=0&selected_currency=EUR,booking.com,2026-09-07T13:37:48.195Z
2026-10-30,2026-11-02,3,1,1,Domus Remo Room #2,guesthouse,3T,7.5,12,0.45,Camera Matrimoniale con Bagno Privato,181.59,no: city tax € 21 per stay paid on site; VAT included,no,no,https://www.booking.com/hotel/it/domus-remo-room.it.html?checkin=2026-10-30&checkout=2026-11-02&group_adults=1&no_rooms=1&group_children=0&selected_currency=EUR,booking.com,2026-09-07T13:38:15.605Z
2026-10-30,2026-11-02,3,1,2,Mikasa Piazza Bologna,guesthouse,,4.2,140,0.8,Camera Matrimoniale Comfort ,196.06,VAT included; city tax n/a,no,no,https://www.booking.com/hotel/it/b-amp-b-l-39-arca-di-campaldino.it.html?checkin=2026-10-30&checkout=2026-11-02&group_adults=1&no_rooms=1&group_children=0&selected_currency=EUR,booking.com,2026-09-07T13:38:15.605Z
2026-10-30,2026-11-02,3,1,3,Gmm,guesthouse,3T,7.9,208,1.3,Camera Singola Ampia,200.00,no: city tax € 21 per stay paid on site; VAT included,yes,yes,https://www.booking.com/hotel/it/gmm.it.html?checkin=2026-10-30&checkout=2026-11-02&group_adults=1&no_rooms=1&group_children=0&selected_currency=EUR,booking.com,2026-09-07T13:38:22.861Z
2026-10-30,2026-11-02,3,1,4,Affittacamere Tiburstation,guesthouse,3T,7.8,179,0.9,Camera Singola,200.41,no: city tax € 21 per stay paid on site; VAT included,no,no,https://www.booking.com/hotel/it/tibur-station.it.html?checkin=2026-10-30&checkout=2026-11-02&group_adults=1&no_rooms=1&group_children=0&selected_currency=EUR,booking.com,2026-09-07T13:38:15.605Z
2026-10-30,2026-11-02,3,1,5,B&B Anturium,B&B,4T,8.6,173,0.5,Camera Matrimoniale con Bagno Privato Esterno ,203.88,no: city tax € 18 per stay paid on site; VAT included,no,no,https://www.booking.com/hotel/it/b-amp-b-anturium.it.html?checkin=2026-10-30&checkout=2026-11-02&group_adults=1&no_rooms=1&group_children=0&selected_currency=EUR,booking.com,2026-09-07T13:38:15.605Z
2026-10-30,2026-11-02,3,1,6,Domus Remo Room #3,guesthouse,4T,9,29,0.45,Camera Matrimoniale con Bagno Privato,204.90,no: city tax € 21 per stay paid on site; VAT included,no,no,https://www.booking.com/hotel/it/domus-remo-room-3.it.html?checkin=2026-10-30&checkout=2026-11-02&group_adults=1&no_rooms=1&group_children=0&selected_currency=EUR,booking.com,2026-09-07T13:38:15.605Z
2026-10-30,2026-11-02,3,1,7,Suite and room,B&B,3T,7.6,259,0.7,Camera Singola Deluxe,219.79,no: city tax € 18 per stay paid on site; VAT included,no,no,https://www.booking.com/hotel/it/kiss-and-room.it.html?checkin=2026-10-30&checkout=2026-11-02&group_adults=1&no_rooms=1&group_children=0&selected_currency=EUR,booking.com,2026-09-07T13:38:15.605Z
2026-10-30,2026-11-02,3,1,8,Alba White,guesthouse,4T,8.9,120,0.6,Camera Deluxe Matrimoniale/Doppia con Letti Singoli,227.83,no: city tax € 21 per stay paid on site; VAT included,no,no,https://www.booking.com/hotel/it/alba-white.it.html?checkin=2026-10-30&checkout=2026-11-02&group_adults=1&no_rooms=1&group_children=0&selected_currency=EUR,booking.com,2026-09-07T13:38:15.605Z
2026-10-31,2026-11-03,3,1,1,Domus Remo Room #2,guesthouse,3T,7.5,12,0.45,Camera Matrimoniale con Bagno Privato,174.22,no: city tax € 21 per stay paid on site; VAT included,no,no,https://www.booking.com/hotel/it/domus-remo-room.it.html?checkin=2026-10-31&checkout=2026-11-03&group_adults=1&no_rooms=1&group_children=0&selected_currency=EUR,booking.com,2026-09-07T13:38:43.767Z
2026-10-31,2026-11-03,3,1,2,Mikasa Piazza Bologna,guesthouse,,4.2,140,0.8,Camera Matrimoniale con Bagno Privato Esterno ,186.14,no: city tax € 21 per stay paid on site; VAT included,no,yes,https://www.booking.com/hotel/it/b-amp-b-l-39-arca-di-campaldino.it.html?checkin=2026-10-31&checkout=2026-11-03&group_adults=1&no_rooms=1&group_children=0&selected_currency=EUR,booking.com,2026-09-07T13:38:43.767Z
2026-10-31,2026-11-03,3,1,3,B&B Anturium,B&B,4T,8.6,173,0.5,Camera Matrimoniale con Bagno Privato Esterno ,189.14,no: city tax € 18 per stay paid on site; VAT included,no,no,https://www.booking.com/hotel/it/b-amp-b-anturium.it.html?checkin=2026-10-31&checkout=2026-11-03&group_adults=1&no_rooms=1&group_children=0&selected_currency=EUR,booking.com,2026-09-07T13:38:43.767Z
2026-10-31,2026-11-03,3,1,4,Unique Stay Tiburtina,B&B,,8.6,121,0.7,Camera Matrimoniale Standard con Bagno in Comune,191.58,no: city tax € 18 per stay paid on site; VAT included,no,no,https://www.booking.com/hotel/it/unique-stay-tiburtina.it.html?checkin=2026-10-31&checkout=2026-11-03&group_adults=1&no_rooms=1&group_children=0&selected_currency=EUR,booking.com,2026-09-07T13:38:43.767Z
2026-10-31,2026-11-03,3,1,5,Affittacamere Tiburstation,guesthouse,3T,7.8,179,0.9,Camera Singola,196.48,no: city tax € 21 per stay paid on site; VAT included,no,no,https://www.booking.com/hotel/it/tibur-station.it.html?checkin=2026-10-31&checkout=2026-11-03&group_adults=1&no_rooms=1&group_children=0&selected_currency=EUR,booking.com,2026-09-07T13:38:43.767Z
2026-10-31,2026-11-03,3,1,6,Domus Remo Room #3,guesthouse,4T,9,29,0.45,Camera Matrimoniale con Bagno Privato,200.73,no: city tax € 21 per stay paid on site; VAT included,no,no,https://www.booking.com/hotel/it/domus-remo-room-3.it.html?checkin=2026-10-31&checkout=2026-11-03&group_adults=1&no_rooms=1&group_children=0&selected_currency=EUR,booking.com,2026-09-07T13:38:43.767Z
2026-10-31,2026-11-03,3,1,7,"Nènè House Roma-Farfalla, appartamento in comune",guesthouse,,6.5,4,0.9,Camera Matrimoniale con Bagno Privato,207.27,no: city tax € 15 per stay paid on site; VAT included,yes,no,https://www.booking.com/hotel/it/nene-house-roma-farfalla.it.html?checkin=2026-10-31&checkout=2026-11-03&group_adults=1&no_rooms=1&group_children=0&selected_currency=EUR,booking.com,2026-09-07T13:38:43.767Z
2026-10-31,2026-11-03,3,1,8,Alba White,guesthouse,4T,8.9,120,0.6,Camera Deluxe Matrimoniale/Doppia con Letti Singoli,214.43,no: city tax € 21 per stay paid on site; VAT included,no,no,https://www.booking.com/hotel/it/alba-white.it.html?checkin=2026-10-31&checkout=2026-11-03&group_adults=1&no_rooms=1&group_children=0&selected_currency=EUR,booking.com,2026-09-07T13:38:43.767Z
2026-11-01,2026-11-04,3,1,1,AFFITTACAMERE A CASA MIA,guesthouse,4T,8.8,478,0.35,Camera Singola Standard,158.23,no: city tax € 15 per stay paid on site; VAT included,no,no,https://www.booking.com/hotel/it/affittacamere-a-casa-mia.it.html?checkin=2026-11-01&checkout=2026-11-04&group_adults=1&no_rooms=1&group_children=0&selected_currency=EUR,booking.com,2026-09-07T13:39:45.736Z
2026-11-01,2026-11-04,3,1,2,Domus Remo Room #2,guesthouse,3T,7.5,12,0.45,Camera Matrimoniale con Bagno Privato,166.85,no: city tax € 21 per stay paid on site; VAT included,no,no,https://www.booking.com/hotel/it/domus-remo-room.it.html?checkin=2026-11-01&checkout=2026-11-04&group_adults=1&no_rooms=1&group_children=0&selected_currency=EUR,booking.com,2026-09-07T13:39:45.736Z
2026-11-01,2026-11-04,3,1,3,B&B Anturium,B&B,4T,8.6,173,0.5,Camera Matrimoniale con Bagno Privato Esterno ,170.93,no: city tax € 18 per stay paid on site; VAT included,no,no,https://www.booking.com/hotel/it/b-amp-b-anturium.it.html?checkin=2026-11-01&checkout=2026-11-04&group_adults=1&no_rooms=1&group_children=0&selected_currency=EUR,booking.com,2026-09-07T13:39:45.736Z
2026-11-01,2026-11-04,3,1,4,DOMUS REMO Room #1,guesthouse,4T,9.1,31,0.45,Camera Tripla con Bagno Privato,179.19,yes,no,no,https://www.booking.com/hotel/it/domus-remo-rooms.it.html?checkin=2026-11-01&checkout=2026-11-04&group_adults=1&no_rooms=1&group_children=0&selected_currency=EUR,booking.com,2026-09-07T13:39:45.736Z
2026-11-01,2026-11-04,3,1,5,"Nènè House Roma-Farfalla, appartamento in comune",guesthouse,,6.5,4,0.9,Camera Matrimoniale con Bagno Privato,180.91,no: city tax € 15 per stay paid on site; VAT included,yes,no,https://www.booking.com/hotel/it/nene-house-roma-farfalla.it.html?checkin=2026-11-01&checkout=2026-11-04&group_adults=1&no_rooms=1&group_children=0&selected_currency=EUR,booking.com,2026-09-07T13:39:45.736Z
2026-11-01,2026-11-04,3,1,6,Mikasa Piazza Bologna,guesthouse,,4.2,140,0.8,Camera Matrimoniale con Bagno Privato Esterno ,186.14,no: city tax € 21 per stay paid on site; VAT included,no,yes,https://www.booking.com/hotel/it/b-amp-b-l-39-arca-di-campaldino.it.html?checkin=2026-11-01&checkout=2026-11-04&group_adults=1&no_rooms=1&group_children=0&selected_currency=EUR,booking.com,2026-09-07T13:39:45.736Z
2026-11-01,2026-11-04,3,1,7,Isabel Rooms,guesthouse,,8.3,15,0.9,Camera Matrimoniale,190.97,no: city tax € 18 per stay paid on site; VAT included,no,no,https://www.booking.com/hotel/it/isabel-rooms.it.html?checkin=2026-11-01&checkout=2026-11-04&group_adults=1&no_rooms=1&group_children=0&selected_currency=EUR,booking.com,2026-09-07T13:39:45.736Z
2026-11-01,2026-11-04,3,1,8,Unique Stay Tiburtina,B&B,,8.6,121,0.7,Camera Matrimoniale Standard con Bagno in Comune,191.58,no: city tax € 18 per stay paid on site; VAT included,no,no,https://www.booking.com/hotel/it/unique-stay-tiburtina.it.html?checkin=2026-11-01&checkout=2026-11-04&group_adults=1&no_rooms=1&group_children=0&selected_currency=EUR,booking.com,2026-09-07T13:39:45.736Z
2026-11-02,2026-11-05,3,1,1,AFFITTACAMERE A CASA MIA,guesthouse,4T,8.8,478,0.35,Camera Singola Standard,158.23,no: city tax € 15 per stay paid on site; VAT included,no,no,https://www.booking.com/hotel/it/affittacamere-a-casa-mia.it.html?checkin=2026-11-02&checkout=2026-11-05&group_adults=1&no_rooms=1&group_children=0&selected_currency=EUR,booking.com,2026-09-07T13:40:21.919Z
2026-11-02,2026-11-05,3,1,2,B&B Anturium,B&B,4T,8.6,173,0.5,Camera Matrimoniale con Bagno Privato Esterno ,159.65,no: city tax € 18 per stay paid on site; VAT included,no,no,https://www.booking.com/hotel/it/b-amp-b-anturium.it.html?checkin=2026-11-02&checkout=2026-11-05&group_adults=1&no_rooms=1&group_children=0&selected_currency=EUR,booking.com,2026-09-07T13:40:21.919Z
2026-11-02,2026-11-05,3,1,3,Affittacamere Roma Tiburtina,guesthouse,3T,6.5,755,0.2,Camera Singola con Bagno Privato,163.64,no: city tax € 21 per stay paid on site; VAT included,yes,yes,https://www.booking.com/hotel/it/affittacamere-roma-tiburtina.it.html?checkin=2026-11-02&checkout=2026-11-05&group_adults=1&no_rooms=1&group_children=0&selected_currency=EUR,booking.com,2026-09-07T13:40:21.919Z
2026-11-02,2026-11-05,3,1,4,B&B SPQR,B&B,2T,6,545,0.35,Camera Singola con Bagno Privato,163.64,no: city tax € 18 per stay paid on site; VAT included,yes,yes,https://www.booking.com/hotel/it/spqr.it.html?checkin=2026-11-02&checkout=2026-11-05&group_adults=1&no_rooms=1&group_children=0&selected_currency=EUR,booking.com,2026-09-07T13:40:21.919Z
2026-11-02,2026-11-05,3,1,5,Domus Remo Room #2,guesthouse,3T,7.5,12,0.45,Camera Matrimoniale con Bagno Privato,166.85,no: city tax € 21 per stay paid on site; VAT included,no,no,https://www.booking.com/hotel/it/domus-remo-room.it.html?checkin=2026-11-02&checkout=2026-11-05&group_adults=1&no_rooms=1&group_children=0&selected_currency=EUR,booking.com,2026-09-07T13:40:21.919Z
2026-11-02,2026-11-05,3,1,6,Unique Stay Tiburtina,B&B,,8.6,121,0.7,Camera Matrimoniale con Bagno in Comune ,171.41,no: city tax € 18 per stay paid on site; VAT included,no,no,https://www.booking.com/hotel/it/unique-stay-tiburtina.it.html?checkin=2026-11-02&checkout=2026-11-05&group_adults=1&no_rooms=1&group_children=0&selected_currency=EUR,booking.com,2026-09-07T13:40:21.919Z
2026-11-02,2026-11-05,3,1,7,"Nènè House Roma-Farfalla, appartamento in comune",guesthouse,,6.5,4,0.9,Camera Matrimoniale con Bagno Privato,171.82,no: city tax € 15 per stay paid on site; VAT included,yes,no,https://www.booking.com/hotel/it/nene-house-roma-farfalla.it.html?checkin=2026-11-02&checkout=2026-11-05&group_adults=1&no_rooms=1&group_children=0&selected_currency=EUR,booking.com,2026-09-07T13:40:21.919Z
2026-11-02,2026-11-05,3,1,8,DOMUS REMO Room #1,guesthouse,4T,9.1,31,0.45,Camera Tripla con Bagno Privato,179.19,yes,no,no,https://www.booking.com/hotel/it/domus-remo-rooms.it.html?checkin=2026-11-02&checkout=2026-11-05&group_adults=1&no_rooms=1&group_children=0&selected_currency=EUR,booking.com,2026-09-07T13:40:21.919Z
2026-11-03,2026-11-06,3,1,1,B&B Anturium,B&B,4T,8.6,173,0.5,Camera Matrimoniale con Bagno Privato Esterno ,157.91,no: city tax € 18 per stay paid on site; VAT included,no,no,https://www.booking.com/hotel/it/b-amp-b-anturium.it.html?checkin=2026-11-03&checkout=2026-11-06&group_adults=1&no_rooms=1&group_children=0&selected_currency=EUR,booking.com,2026-09-07T13:40:49.222Z
2026-11-03,2026-11-06,3,1,2,AFFITTACAMERE A CASA MIA,guesthouse,4T,8.8,478,0.35,Camera Singola Standard,158.23,no: city tax € 15 per stay paid on site; VAT included,no,no,https://www.booking.com/hotel/it/affittacamere-a-casa-mia.it.html?checkin=2026-11-03&checkout=2026-11-06&group_adults=1&no_rooms=1&group_children=0&selected_currency=EUR,booking.com,2026-09-07T13:40:49.222Z
2026-11-03,2026-11-06,3,1,3,Affittacamere Roma Tiburtina,guesthouse,3T,6.5,755,0.2,Camera Singola con Bagno Privato,163.64,no: city tax € 21 per stay paid on site; VAT included,yes,yes,https://www.booking.com/hotel/it/affittacamere-roma-tiburtina.it.html?checkin=2026-11-03&checkout=2026-11-06&group_adults=1&no_rooms=1&group_children=0&selected_currency=EUR,booking.com,2026-09-07T13:40:49.222Z
2026-11-03,2026-11-06,3,1,4,B&B SPQR,B&B,2T,6,545,0.35,Camera Singola con Bagno Privato,163.64,no: city tax € 18 per stay paid on site; VAT included,yes,yes,https://www.booking.com/hotel/it/spqr.it.html?checkin=2026-11-03&checkout=2026-11-06&group_adults=1&no_rooms=1&group_children=0&selected_currency=EUR,booking.com,2026-09-07T13:40:49.222Z
2026-11-03,2026-11-06,3,1,5,Domus Remo Room #2,guesthouse,3T,7.5,12,0.45,Camera Matrimoniale con Bagno Privato,166.85,no: city tax € 21 per stay paid on site; VAT included,no,no,https://www.booking.com/hotel/it/domus-remo-room.it.html?checkin=2026-11-03&checkout=2026-11-06&group_adults=1&no_rooms=1&group_children=0&selected_currency=EUR,booking.com,2026-09-07T13:40:49.222Z
2026-11-03,2026-11-06,3,1,6,Unique Stay Tiburtina,B&B,,8.6,121,0.7,Camera Matrimoniale con Bagno in Comune ,171.41,no: city tax € 18 per stay paid on site; VAT included,no,no,https://www.booking.com/hotel/it/unique-stay-tiburtina.it.html?checkin=2026-11-03&checkout=2026-11-06&group_adults=1&no_rooms=1&group_children=0&selected_currency=EUR,booking.com,2026-09-07T13:40:49.222Z
2026-11-03,2026-11-06,3,1,7,"Nènè House Roma-Farfalla, appartamento in comune",guesthouse,,6.5,4,0.9,Camera Matrimoniale con Bagno Privato,171.82,no: city tax € 15 per stay paid on site; VAT included,yes,no,https://www.booking.com/hotel/it/nene-house-roma-farfalla.it.html?checkin=2026-11-03&checkout=2026-11-06&group_adults=1&no_rooms=1&group_children=0&selected_currency=EUR,booking.com,2026-09-07T13:40:49.222Z
2026-11-03,2026-11-06,3,1,8,DOMUS REMO Room #1,guesthouse,4T,9.1,31,0.45,Camera Tripla con Bagno Privato,179.19,yes,no,no,https://www.booking.com/hotel/it/domus-remo-rooms.it.html?checkin=2026-11-03&checkout=2026-11-06&group_adults=1&no_rooms=1&group_children=0&selected_currency=EUR,booking.com,2026-09-07T13:40:49.222Z
2026-11-04,2026-11-07,3,1,1,B&B Anturium,B&B,4T,8.6,173,0.5,Camera Matrimoniale con Bagno Privato Esterno ,156.17,no: city tax € 18 per stay paid on site; VAT included,no,no,https://www.booking.com/hotel/it/b-amp-b-anturium.it.html?checkin=2026-11-04&checkout=2026-11-07&group_adults=1&no_rooms=1&group_children=0&selected_currency=EUR,booking.com,2026-09-07T13:41:16.553Z
2026-11-04,2026-11-07,3,1,2,AFFITTACAMERE A CASA MIA,guesthouse,4T,8.8,478,0.35,Camera Singola Standard,158.23,no: city tax € 15 per stay paid on site; VAT included,no,no,https://www.booking.com/hotel/it/affittacamere-a-casa-mia.it.html?checkin=2026-11-04&checkout=2026-11-07&group_adults=1&no_rooms=1&group_children=0&selected_currency=EUR,booking.com,2026-09-07T13:41:16.553Z
2026-11-04,2026-11-07,3,1,3,Affittacamere Roma Tiburtina,guesthouse,3T,6.5,755,0.2,Camera Singola con Bagno Privato,163.64,no: city tax € 21 per stay paid on site; VAT included,yes,yes,https://www.booking.com/hotel/it/affittacamere-roma-tiburtina.it.html?checkin=2026-11-04&checkout=2026-11-07&group_adults=1&no_rooms=1&group_children=0&selected_currency=EUR,booking.com,2026-09-07T13:41:16.553Z
2026-11-04,2026-11-07,3,1,4,B&B SPQR,B&B,2T,6,545,0.35,Camera Singola con Bagno Privato,163.64,no: city tax € 18 per stay paid on site; VAT included,yes,yes,https://www.booking.com/hotel/it/spqr.it.html?checkin=2026-11-04&checkout=2026-11-07&group_adults=1&no_rooms=1&group_children=0&selected_currency=EUR,booking.com,2026-09-07T13:41:16.553Z
2026-11-04,2026-11-07,3,1,5,Domus Remo Room #2,guesthouse,3T,7.5,12,0.45,Camera Matrimoniale con Bagno Privato,166.85,no: city tax € 21 per stay paid on site; VAT included,no,no,https://www.booking.com/hotel/it/domus-remo-room.it.html?checkin=2026-11-04&checkout=2026-11-07&group_adults=1&no_rooms=1&group_children=0&selected_currency=EUR,booking.com,2026-09-07T13:41:16.553Z
2026-11-04,2026-11-07,3,1,6,Unique Stay Tiburtina,B&B,,8.6,121,0.7,Camera Matrimoniale con Bagno in Comune ,171.41,no: city tax € 18 per stay paid on site; VAT included,no,no,https://www.booking.com/hotel/it/unique-stay-tiburtina.it.html?checkin=2026-11-04&checkout=2026-11-07&group_adults=1&no_rooms=1&group_children=0&selected_currency=EUR,booking.com,2026-09-07T13:41:16.553Z
2026-11-04,2026-11-07,3,1,7,DOMUS REMO Room #1,guesthouse,4T,9.1,31,0.45,Camera Tripla con Bagno Privato,179.19,yes,no,no,https://www.booking.com/hotel/it/domus-remo-rooms.it.html?checkin=2026-11-04&checkout=2026-11-07&group_adults=1&no_rooms=1&group_children=0&selected_currency=EUR,booking.com,2026-09-07T13:41:16.553Z
2026-11-04,2026-11-07,3,1,8,"Nènè House Roma-Farfalla, appartamento in comune",guesthouse,,6.5,4,0.9,Camera Matrimoniale con Bagno Privato,180.00,no: city tax € 15 per stay paid on site; VAT included,yes,no,https://www.booking.com/hotel/it/nene-house-roma-farfalla.it.html?checkin=2026-11-04&checkout=2026-11-07&group_adults=1&no_rooms=1&group_children=0&selected_currency=EUR,booking.com,2026-09-07T13:41:16.553Z
2026-11-05,2026-11-08,3,1,1,B&B Anturium,B&B,4T,8.6,173,0.5,Camera Matrimoniale con Bagno Privato Esterno ,156.17,no: city tax € 18 per stay paid on site; VAT included,no,no,https://www.booking.com/hotel/it/b-amp-b-anturium.it.html?checkin=2026-11-05&checkout=2026-11-08&group_adults=1&no_rooms=1&group_children=0&selected_currency=EUR,booking.com,2026-09-07T13:41:36.802Z
2026-11-05,2026-11-08,3,1,2,AFFITTACAMERE A CASA MIA,guesthouse,4T,8.8,478,0.35,Camera Singola Standard,158.23,no: city tax € 15 per stay paid on site; VAT included,no,no,https://www.booking.com/hotel/it/affittacamere-a-casa-mia.it.html?checkin=2026-11-05&checkout=2026-11-08&group_adults=1&no_rooms=1&group_children=0&selected_currency=EUR,booking.com,2026-09-07T13:41:36.802Z
2026-11-05,2026-11-08,3,1,3,Affittacamere Roma Tiburtina,guesthouse,3T,6.5,755,0.2,Camera Singola con Bagno Privato,163.64,no: city tax € 21 per stay paid on site; VAT included,yes,yes,https://www.booking.com/hotel/it/affittacamere-roma-tiburtina.it.html?checkin=2026-11-05&checkout=2026-11-08&group_adults=1&no_rooms=1&group_children=0&selected_currency=EUR,booking.com,2026-09-07T13:41:36.802Z
2026-11-05,2026-11-08,3,1,4,B&B SPQR,B&B,2T,6,545,0.35,Camera Singola con Bagno Privato,163.64,no: city tax € 18 per stay paid on site; VAT included,yes,yes,https://www.booking.com/hotel/it/spqr.it.html?checkin=2026-11-05&checkout=2026-11-08&group_adults=1&no_rooms=1&group_children=0&selected_currency=EUR,booking.com,2026-09-07T13:41:36.802Z
2026-11-05,2026-11-08,3,1,5,Domus Remo Room #2,guesthouse,3T,7.5,12,0.45,Camera Matrimoniale con Bagno Privato,166.85,no: city tax € 21 per stay paid on site; VAT included,no,no,https://www.booking.com/hotel/it/domus-remo-room.it.html?checkin=2026-11-05&checkout=2026-11-08&group_adults=1&no_rooms=1&group_children=0&selected_currency=EUR,booking.com,2026-09-07T13:41:36.802Z
2026-11-05,2026-11-08,3,1,6,Unique Stay Tiburtina,B&B,,8.6,121,0.7,Camera Matrimoniale con Bagno in Comune ,171.41,no: city tax € 18 per stay paid on site; VAT included,no,no,https://www.booking.com/hotel/it/unique-stay-tiburtina.it.html?checkin=2026-11-05&checkout=2026-11-08&group_adults=1&no_rooms=1&group_children=0&selected_currency=EUR,booking.com,2026-09-07T13:41:36.802Z
2026-11-05,2026-11-08,3,1,7,DOMUS REMO Room #1,guesthouse,4T,9.1,31,0.45,Camera Tripla con Bagno Privato,179.19,yes,no,no,https://www.booking.com/hotel/it/domus-remo-rooms.it.html?checkin=2026-11-05&checkout=2026-11-08&group_adults=1&no_rooms=1&group_children=0&selected_currency=EUR,booking.com,2026-09-07T13:41:36.802Z
2026-11-05,2026-11-08,3,1,8,Mikasa Piazza Bologna,guesthouse,,4.2,140,0.8,Camera Matrimoniale con Bagno Privato Esterno ,186.14,no: city tax € 21 per stay paid on site; VAT included,no,yes,https://www.booking.com/hotel/it/b-amp-b-l-39-arca-di-campaldino.it.html?checkin=2026-11-05&checkout=2026-11-08&group_adults=1&no_rooms=1&group_children=0&selected_currency=EUR,booking.com,2026-09-07T13:41:36.802Z
2026-11-06,2026-11-09,3,1,1,B&B Anturium,B&B,4T,8.6,173,0.5,Camera Matrimoniale con Bagno Privato Esterno ,156.17,no: city tax € 18 per stay paid on site; VAT included,no,no,https://www.booking.com/hotel/it/b-amp-b-anturium.it.html?checkin=2026-11-06&checkout=2026-11-09&group_adults=1&no_rooms=1&group_children=0&selected_currency=EUR,booking.com,2026-09-07T13:42:04.026Z
2026-11-06,2026-11-09,3,1,2,AFFITTACAMERE A CASA MIA,guesthouse,4T,8.8,478,0.35,Camera Singola Standard,158.23,no: city tax € 15 per stay paid on site; VAT included,no,no,https://www.booking.com/hotel/it/affittacamere-a-casa-mia.it.html?checkin=2026-11-06&checkout=2026-11-09&group_adults=1&no_rooms=1&group_children=0&selected_currency=EUR,booking.com,2026-09-07T13:42:04.026Z
2026-11-06,2026-11-09,3,1,3,Domus Remo Room #2,guesthouse,3T,7.5,12,0.45,Camera Matrimoniale con Bagno Privato,166.85,no: city tax € 21 per stay paid on site; VAT included,no,no,https://www.booking.com/hotel/it/domus-remo-room.it.html?checkin=2026-11-06&checkout=2026-11-09&group_adults=1&no_rooms=1&group_children=0&selected_currency=EUR,booking.com,2026-09-07T13:42:04.026Z
2026-11-06,2026-11-09,3,1,4,Unique Stay Tiburtina,B&B,,8.6,121,0.7,Camera Matrimoniale con Bagno in Comune ,171.41,no: city tax € 18 per stay paid on site; VAT included,no,no,https://www.booking.com/hotel/it/unique-stay-tiburtina.it.html?checkin=2026-11-06&checkout=2026-11-09&group_adults=1&no_rooms=1&group_children=0&selected_currency=EUR,booking.com,2026-09-07T13:42:04.026Z
2026-11-06,2026-11-09,3,1,5,DOMUS REMO Room #1,guesthouse,4T,9.1,31,0.45,Camera Tripla con Bagno Privato,179.19,yes,no,no,https://www.booking.com/hotel/it/domus-remo-rooms.it.html?checkin=2026-11-06&checkout=2026-11-09&group_adults=1&no_rooms=1&group_children=0&selected_currency=EUR,booking.com,2026-09-07T13:42:04.026Z
2026-11-06,2026-11-09,3,1,6,"BEDS&ROOMS TIBURTINA- Rooms, Camere private",guesthouse,4T,8.8,106,0.2,Camera Matrimoniale con Bagno Privato,182.72,yes,no,no,https://www.booking.com/hotel/it/beds-amp-rooms-tiburtina-rooms.it.html?checkin=2026-11-06&checkout=2026-11-09&group_adults=1&no_rooms=1&group_children=0&selected_currency=EUR,booking.com,2026-09-07T13:42:04.026Z
2026-11-06,2026-11-09,3,1,7,Mikasa Piazza Bologna,guesthouse,,4.2,140,0.8,Camera Matrimoniale con Bagno Privato Esterno ,186.14,no: city tax € 21 per stay paid on site; VAT included,no,yes,https://www.booking.com/hotel/it/b-amp-b-l-39-arca-di-campaldino.it.html?checkin=2026-11-06&checkout=2026-11-09&group_adults=1&no_rooms=1&group_children=0&selected_currency=EUR,booking.com,2026-09-07T13:42:04.026Z
2026-11-06,2026-11-09,3,1,8,"Nènè House Roma-Farfalla, appartamento in comune",guesthouse,,6.5,4,0.9,Camera Matrimoniale con Bagno Privato,189.09,no: city tax € 15 per stay paid on site; VAT included,yes,no,https://www.booking.com/hotel/it/nene-house-roma-farfalla.it.html?checkin=2026-11-06&checkout=2026-11-09&group_adults=1&no_rooms=1&group_children=0&selected_currency=EUR,booking.com,2026-09-07T13:42:04.026Z
2026-11-07,2026-11-10,3,1,1,B&B Anturium,B&B,4T,8.6,173,0.5,Camera Matrimoniale con Bagno Privato Esterno ,156.17,no: city tax € 18 per stay paid on site; VAT included,no,no,https://www.booking.com/hotel/it/b-amp-b-anturium.it.html?checkin=2026-11-07&checkout=2026-11-10&group_adults=1&no_rooms=1&group_children=0&selected_currency=EUR,booking.com,2026-09-07T13:42:30.179Z
2026-11-07,2026-11-10,3,1,2,AFFITTACAMERE A CASA MIA,guesthouse,4T,8.8,478,0.35,Camera Singola Standard,158.23,no: city tax € 15 per stay paid on site; VAT included,no,no,https://www.booking.com/hotel/it/affittacamere-a-casa-mia.it.html?checkin=2026-11-07&checkout=2026-11-10&group_adults=1&no_rooms=1&group_children=0&selected_currency=EUR,booking.com,2026-09-07T13:42:30.179Z
2026-11-07,2026-11-10,3,1,3,Domus Remo Room #2,guesthouse,3T,7.5,12,0.45,Camera Matrimoniale con Bagno Privato,166.85,no: city tax € 21 per stay paid on site; VAT included,no,no,https://www.booking.com/hotel/it/domus-remo-room.it.html?checkin=2026-11-07&checkout=2026-11-10&group_adults=1&no_rooms=1&group_children=0&selected_currency=EUR,booking.com,2026-09-07T13:42:30.179Z
2026-11-07,2026-11-10,3,1,4,Unique Stay Tiburtina,B&B,,8.6,121,0.7,Camera Matrimoniale con Bagno in Comune ,171.41,no: city tax € 18 per stay paid on site; VAT included,no,no,https://www.booking.com/hotel/it/unique-stay-tiburtina.it.html?checkin=2026-11-07&checkout=2026-11-10&group_adults=1&no_rooms=1&group_children=0&selected_currency=EUR,booking.com,2026-09-07T13:42:30.179Z
2026-11-07,2026-11-10,3,1,5,DOMUS REMO Room #1,guesthouse,4T,9.1,31,0.45,Camera Tripla con Bagno Privato,179.19,yes,no,no,https://www.booking.com/hotel/it/domus-remo-rooms.it.html?checkin=2026-11-07&checkout=2026-11-10&group_adults=1&no_rooms=1&group_children=0&selected_currency=EUR,booking.com,2026-09-07T13:42:30.179Z
2026-11-07,2026-11-10,3,1,6,"Nènè House Roma-Farfalla, appartamento in comune",guesthouse,,6.5,4,0.9,Camera Matrimoniale con Bagno Privato,180.91,no: city tax € 15 per stay paid on site; VAT included,yes,no,https://www.booking.com/hotel/it/nene-house-roma-farfalla.it.html?checkin=2026-11-07&checkout=2026-11-10&group_adults=1&no_rooms=1&group_children=0&selected_currency=EUR,booking.com,2026-09-07T13:42:30.179Z
2026-11-07,2026-11-10,3,1,7,"BEDS&ROOMS TIBURTINA- Rooms, Camere private",guesthouse,4T,8.8,106,0.2,Camera Matrimoniale con Bagno Privato,182.72,yes,no,no,https://www.booking.com/hotel/it/beds-amp-rooms-tiburtina-rooms.it.html?checkin=2026-11-07&checkout=2026-11-10&group_adults=1&no_rooms=1&group_children=0&selected_currency=EUR,booking.com,2026-09-07T13:42:30.179Z
2026-11-07,2026-11-10,3,1,8,Mikasa Piazza Bologna,guesthouse,,4.2,140,0.8,Camera Matrimoniale con Bagno Privato Esterno ,186.14,no: city tax € 21 per stay paid on site; VAT included,no,yes,https://www.booking.com/hotel/it/b-amp-b-l-39-arca-di-campaldino.it.html?checkin=2026-11-07&checkout=2026-11-10&group_adults=1&no_rooms=1&group_children=0&selected_currency=EUR,booking.com,2026-09-07T13:42:30.179Z
2026-11-08,2026-11-11,3,1,1,B&B Anturium,B&B,4T,8.6,173,0.5,Camera Singola,156.17,no: city tax € 18 per stay paid on site; VAT included,no,no,https://www.booking.com/hotel/it/b-amp-b-anturium.it.html?checkin=2026-11-08&checkout=2026-11-11&group_adults=1&no_rooms=1&group_children=0&selected_currency=EUR,booking.com,2026-09-07T13:42:56.810Z
2026-11-08,2026-11-11,3,1,2,AFFITTACAMERE A CASA MIA,guesthouse,4T,8.8,478,0.35,Camera Singola Standard,158.23,no: city tax € 15 per stay paid on site; VAT included,no,no,https://www.booking.com/hotel/it/affittacamere-a-casa-mia.it.html?checkin=2026-11-08&checkout=2026-11-11&group_adults=1&no_rooms=1&group_children=0&selected_currency=EUR,booking.com,2026-09-07T13:42:56.810Z
2026-11-08,2026-11-11,3,1,3,Domus Remo Room #2,guesthouse,3T,7.5,12,0.45,Camera Matrimoniale con Bagno Privato,166.85,no: city tax € 21 per stay paid on site; VAT included,no,no,https://www.booking.com/hotel/it/domus-remo-room.it.html?checkin=2026-11-08&checkout=2026-11-11&group_adults=1&no_rooms=1&group_children=0&selected_currency=EUR,booking.com,2026-09-07T13:42:56.810Z
2026-11-08,2026-11-11,3,1,4,Quelli della via Gluck,B&B,,8.6,425,0.7,Camera Matrimoniale,171.00,no: city tax € 18 per stay paid on site; VAT included,yes,yes,https://www.booking.com/hotel/it/quelli-della-via-gluck.it.html?checkin=2026-11-08&checkout=2026-11-11&group_adults=1&no_rooms=1&group_children=0&selected_currency=EUR,booking.com,2026-09-07T13:42:56.810Z
2026-11-08,2026-11-11,3,1,5,Unique Stay Tiburtina,B&B,,8.6,121,0.7,Camera Matrimoniale con Bagno in Comune ,171.41,no: city tax € 18 per stay paid on site; VAT included,no,no,https://www.booking.com/hotel/it/unique-stay-tiburtina.it.html?checkin=2026-11-08&checkout=2026-11-11&group_adults=1&no_rooms=1&group_children=0&selected_currency=EUR,booking.com,2026-09-07T13:42:56.810Z
2026-11-08,2026-11-11,3,1,6,"Nènè House Roma-Farfalla, appartamento in comune",guesthouse,,6.5,4,0.9,Camera Matrimoniale con Bagno Privato,171.82,no: city tax € 15 per stay paid on site; VAT included,yes,no,https://www.booking.com/hotel/it/nene-house-roma-farfalla.it.html?checkin=2026-11-08&checkout=2026-11-11&group_adults=1&no_rooms=1&group_children=0&selected_currency=EUR,booking.com,2026-09-07T13:42:56.810Z
2026-11-08,2026-11-11,3,1,7,DOMUS REMO Room #1,guesthouse,4T,9.1,31,0.45,Camera Tripla con Bagno Privato,179.19,yes,no,no,https://www.booking.com/hotel/it/domus-remo-rooms.it.html?checkin=2026-11-08&checkout=2026-11-11&group_adults=1&no_rooms=1&group_children=0&selected_currency=EUR,booking.com,2026-09-07T13:42:56.810Z
2026-11-08,2026-11-11,3,1,8,Hotel Laura,hotel,3,7.6,979,1,Camera Standard,179.49,no: city tax € 18 per stay paid on site; VAT included,no,no,https://www.booking.com/hotel/it/laura.it.html?checkin=2026-11-08&checkout=2026-11-11&group_adults=1&no_rooms=1&group_children=0&selected_currency=EUR,booking.com,2026-09-07T13:42:56.810Z
2026-11-09,2026-11-12,3,1,1,AFFITTACAMERE A CASA MIA,guesthouse,4T,8.8,478,0.35,Camera Singola Standard,158.23,no: city tax € 15 per stay paid on site; VAT included,no,no,https://www.booking.com/hotel/it/affittacamere-a-casa-mia.it.html?checkin=2026-11-09&checkout=2026-11-12&group_adults=1&no_rooms=1&group_children=0&selected_currency=EUR,booking.com,2026-09-07T13:43:24.642Z
2026-11-09,2026-11-12,3,1,2,Quelli della via Gluck,B&B,,8.6,425,0.7,Camera Matrimoniale,162.00,no: city tax € 18 per stay paid on site; VAT included,yes,yes,https://www.booking.com/hotel/it/quelli-della-via-gluck.it.html?checkin=2026-11-09&checkout=2026-11-12&group_adults=1&no_rooms=1&group_children=0&selected_currency=EUR,booking.com,2026-09-07T13:43:24.642Z
2026-11-09,2026-11-12,3,1,3,Affittacamere Roma Tiburtina,guesthouse,3T,6.5,755,0.2,Camera Singola con Bagno Privato,163.64,no: city tax € 21 per stay paid on site; VAT included,yes,yes,https://www.booking.com/hotel/it/affittacamere-roma-tiburtina.it.html?checkin=2026-11-09&checkout=2026-11-12&group_adults=1&no_rooms=1&group_children=0&selected_currency=EUR,booking.com,2026-09-07T13:43:24.642Z
2026-11-09,2026-11-12,3,1,4,B&B SPQR,B&B,2T,6,545,0.35,Camera Singola con Bagno Privato,163.64,no: city tax € 18 per stay paid on site; VAT included,yes,yes,https://www.booking.com/hotel/it/spqr.it.html?checkin=2026-11-09&checkout=2026-11-12&group_adults=1&no_rooms=1&group_children=0&selected_currency=EUR,booking.com,2026-09-07T13:43:24.642Z
2026-11-09,2026-11-12,3,1,5,B&B Anturium,B&B,4T,8.6,173,0.5,Camera Singola,166.58,no: city tax € 18 per stay paid on site; VAT included,no,no,https://www.booking.com/hotel/it/b-amp-b-anturium.it.html?checkin=2026-11-09&checkout=2026-11-12&group_adults=1&no_rooms=1&group_children=0&selected_currency=EUR,booking.com,2026-09-07T13:43:24.642Z
2026-11-09,2026-11-12,3,1,6,Domus Remo Room #2,guesthouse,3T,7.5,12,0.45,Camera Matrimoniale con Bagno Privato,166.85,no: city tax € 21 per stay paid on site; VAT included,no,no,https://www.booking.com/hotel/it/domus-remo-room.it.html?checkin=2026-11-09&checkout=2026-11-12&group_adults=1&no_rooms=1&group_children=0&selected_currency=EUR,booking.com,2026-09-07T13:43:24.642Z
2026-11-09,2026-11-12,3,1,7,Unique Stay Tiburtina,B&B,,8.6,121,0.7,Camera Matrimoniale con Bagno in Comune ,171.41,no: city tax € 18 per stay paid on site; VAT included,no,no,https://www.booking.com/hotel/it/unique-stay-tiburtina.it.html?checkin=2026-11-09&checkout=2026-11-12&group_adults=1&no_rooms=1&group_children=0&selected_currency=EUR,booking.com,2026-09-07T13:43:24.642Z
2026-11-09,2026-11-12,3,1,8,"Nènè House Roma-Farfalla, appartamento in comune",guesthouse,,6.5,4,0.9,Camera Matrimoniale con Bagno Privato,171.82,no: city tax € 15 per stay paid on site; VAT included,yes,no,https://www.booking.com/hotel/it/nene-house-roma-farfalla.it.html?checkin=2026-11-09&checkout=2026-11-12&group_adults=1&no_rooms=1&group_children=0&selected_currency=EUR,booking.com,2026-09-07T13:43:24.642Z
2026-11-10,2026-11-13,3,1,1,"BEDS&ROOMS TIBURTINA- Rooms, Camere private",guesthouse,4T,8.8,106,0.2,Camera Singola con Bagno Privato,138.26,yes,no,no,https://www.booking.com/hotel/it/beds-amp-rooms-tiburtina-rooms.it.html?checkin=2026-11-10&checkout=2026-11-13&group_adults=1&no_rooms=1&group_children=0&selected_currency=EUR,booking.com,2026-09-07T13:43:51.776Z
2026-11-10,2026-11-13,3,1,2,AFFITTACAMERE A CASA MIA,guesthouse,4T,8.8,478,0.35,Camera Singola Standard,158.23,no: city tax € 15 per stay paid on site; VAT included,no,no,https://www.booking.com/hotel/it/affittacamere-a-casa-mia.it.html?checkin=2026-11-10&checkout=2026-11-13&group_adults=1&no_rooms=1&group_children=0&selected_currency=EUR,booking.com,2026-09-07T13:43:51.776Z
2026-11-10,2026-11-13,3,1,3,Affittacamere Roma Tiburtina,guesthouse,3T,6.5,755,0.2,Camera Singola con Bagno Privato,163.64,no: city tax € 21 per stay paid on site; VAT included,yes,yes,https://www.booking.com/hotel/it/affittacamere-roma-tiburtina.it.html?checkin=2026-11-10&checkout=2026-11-13&group_adults=1&no_rooms=1&group_children=0&selected_currency=EUR,booking.com,2026-09-07T13:43:51.776Z
2026-11-10,2026-11-13,3,1,4,B&B SPQR,B&B,2T,6,545,0.35,Camera Singola con Bagno Privato,163.64,no: city tax € 18 per stay paid on site; VAT included,yes,yes,https://www.booking.com/hotel/it/spqr.it.html?checkin=2026-11-10&checkout=2026-11-13&group_adults=1&no_rooms=1&group_children=0&selected_currency=EUR,booking.com,2026-09-07T13:43:51.776Z
2026-11-10,2026-11-13,3,1,5,Domus Remo Room #2,guesthouse,3T,7.5,12,0.45,Camera Matrimoniale con Bagno Privato,166.85,no: city tax € 21 per stay paid on site; VAT included,no,no,https://www.booking.com/hotel/it/domus-remo-room.it.html?checkin=2026-11-10&checkout=2026-11-13&group_adults=1&no_rooms=1&group_children=0&selected_currency=EUR,booking.com,2026-09-07T13:43:51.776Z
2026-11-10,2026-11-13,3,1,6,B&B Anturium,B&B,4T,8.6,173,0.5,Camera Singola,168.31,no: city tax € 18 per stay paid on site; VAT included,no,no,https://www.booking.com/hotel/it/b-amp-b-anturium.it.html?checkin=2026-11-10&checkout=2026-11-13&group_adults=1&no_rooms=1&group_children=0&selected_currency=EUR,booking.com,2026-09-07T13:43:51.776Z
2026-11-10,2026-11-13,3,1,7,Unique Stay Tiburtina,B&B,,8.6,121,0.7,Camera Matrimoniale con Bagno in Comune ,171.41,no: city tax € 18 per stay paid on site; VAT included,no,no,https://www.booking.com/hotel/it/unique-stay-tiburtina.it.html?checkin=2026-11-10&checkout=2026-11-13&group_adults=1&no_rooms=1&group_children=0&selected_currency=EUR,booking.com,2026-09-07T13:43:51.776Z
2026-11-10,2026-11-13,3,1,8,"Nènè House Roma-Farfalla, appartamento in comune",guesthouse,,6.5,4,0.9,Camera Matrimoniale con Bagno Privato,171.82,no: city tax € 15 per stay paid on site; VAT included,yes,no,https://www.booking.com/hotel/it/nene-house-roma-farfalla.it.html?checkin=2026-11-10&checkout=2026-11-13&group_adults=1&no_rooms=1&group_children=0&selected_currency=EUR,booking.com,2026-09-07T13:43:51.776Z
2026-11-11,2026-11-14,3,1,1,"BEDS&ROOMS TIBURTINA- Rooms, Camere private",guesthouse,4T,8.8,106,0.2,Camera Singola con Bagno Privato,138.26,yes,no,no,https://www.booking.com/hotel/it/beds-amp-rooms-tiburtina-rooms.it.html?checkin=2026-11-11&checkout=2026-11-14&group_adults=1&no_rooms=1&group_children=0&selected_currency=EUR,booking.com,2026-09-07T13:44:18.189Z
2026-11-11,2026-11-14,3,1,2,AFFITTACAMERE A CASA MIA,guesthouse,4T,8.8,478,0.35,Camera Singola Standard,158.23,no: city tax € 15 per stay paid on site; VAT included,no,no,https://www.booking.com/hotel/it/affittacamere-a-casa-mia.it.html?checkin=2026-11-11&checkout=2026-11-14&group_adults=1&no_rooms=1&group_children=0&selected_currency=EUR,booking.com,2026-09-07T13:44:18.189Z
2026-11-11,2026-11-14,3,1,3,B&B SPQR,B&B,2T,6,545,0.35,Camera Singola con Bagno Privato,163.64,no: city tax € 18 per stay paid on site; VAT included,yes,yes,https://www.booking.com/hotel/it/spqr.it.html?checkin=2026-11-11&checkout=2026-11-14&group_adults=1&no_rooms=1&group_children=0&selected_currency=EUR,booking.com,2026-09-07T13:44:18.189Z
2026-11-11,2026-11-14,3,1,4,Domus Remo Room #2,guesthouse,3T,7.5,12,0.45,Camera Matrimoniale con Bagno Privato,166.85,no: city tax € 21 per stay paid on site; VAT included,no,no,https://www.booking.com/hotel/it/domus-remo-room.it.html?checkin=2026-11-11&checkout=2026-11-14&group_adults=1&no_rooms=1&group_children=0&selected_currency=EUR,booking.com,2026-09-07T13:44:18.189Z
2026-11-11,2026-11-14,3,1,5,Unique Stay Tiburtina,B&B,,8.6,121,0.7,Camera Matrimoniale con Bagno in Comune ,171.41,no: city tax € 18 per stay paid on site; VAT included,no,no,https://www.booking.com/hotel/it/unique-stay-tiburtina.it.html?checkin=2026-11-11&checkout=2026-11-14&group_adults=1&no_rooms=1&group_children=0&selected_currency=EUR,booking.com,2026-09-07T13:44:18.189Z
2026-11-11,2026-11-14,3,1,6,"Nènè House Roma-Farfalla, appartamento in comune",guesthouse,,6.5,4,0.9,Camera Matrimoniale con Bagno Privato,175.45,no: city tax € 15 per stay paid on site; VAT included,yes,no,https://www.booking.com/hotel/it/nene-house-roma-farfalla.it.html?checkin=2026-11-11&checkout=2026-11-14&group_adults=1&no_rooms=1&group_children=0&selected_currency=EUR,booking.com,2026-09-07T13:44:18.189Z
2026-11-11,2026-11-14,3,1,7,DOMUS REMO Room #1,guesthouse,4T,9.1,31,0.45,Camera Tripla con Bagno Privato,179.19,yes,no,no,https://www.booking.com/hotel/it/domus-remo-rooms.it.html?checkin=2026-11-11&checkout=2026-11-14&group_adults=1&no_rooms=1&group_children=0&selected_currency=EUR,booking.com,2026-09-07T13:44:18.189Z
2026-11-11,2026-11-14,3,1,8,Mikasa Piazza Bologna,guesthouse,,4.2,140,0.8,Camera Matrimoniale con Bagno Privato Esterno ,186.14,no: city tax € 21 per stay paid on site; VAT included,no,yes,https://www.booking.com/hotel/it/b-amp-b-l-39-arca-di-campaldino.it.html?checkin=2026-11-11&checkout=2026-11-14&group_adults=1&no_rooms=1&group_children=0&selected_currency=EUR,booking.com,2026-09-07T13:44:18.189Z
2026-11-12,2026-11-15,3,1,1,"BEDS&ROOMS TIBURTINA- Rooms, Camere private",guesthouse,4T,8.8,106,0.2,Camera Singola con Bagno Privato,138.26,yes,no,no,https://www.booking.com/hotel/it/beds-amp-rooms-tiburtina-rooms.it.html?checkin=2026-11-12&checkout=2026-11-15&group_adults=1&no_rooms=1&group_children=0&selected_currency=EUR,booking.com,2026-09-07T13:44:45.476Z
2026-11-12,2026-11-15,3,1,2,AFFITTACAMERE A CASA MIA,guesthouse,4T,8.8,478,0.35,Camera Singola Standard,158.23,no: city tax € 15 per stay paid on site; VAT included,no,no,https://www.booking.com/hotel/it/affittacamere-a-casa-mia.it.html?checkin=2026-11-12&checkout=2026-11-15&group_adults=1&no_rooms=1&group_children=0&selected_currency=EUR,booking.com,2026-09-07T13:44:45.476Z
2026-11-12,2026-11-15,3,1,3,B&B SPQR,B&B,2T,6,545,0.35,Camera Singola con Bagno Privato,163.64,no: city tax € 18 per stay paid on site; VAT included,yes,yes,https://www.booking.com/hotel/it/spqr.it.html?checkin=2026-11-12&checkout=2026-11-15&group_adults=1&no_rooms=1&group_children=0&selected_currency=EUR,booking.com,2026-09-07T13:44:45.476Z
2026-11-12,2026-11-15,3,1,4,Domus Remo Room #2,guesthouse,3T,7.5,12,0.45,Camera Matrimoniale con Bagno Privato,166.85,no: city tax € 21 per stay paid on site; VAT included,no,no,https://www.booking.com/hotel/it/domus-remo-room.it.html?checkin=2026-11-12&checkout=2026-11-15&group_adults=1&no_rooms=1&group_children=0&selected_currency=EUR,booking.com,2026-09-07T13:44:45.476Z
2026-11-12,2026-11-15,3,1,5,Unique Stay Tiburtina,B&B,,8.6,121,0.7,Camera Matrimoniale con Bagno in Comune ,171.41,no: city tax € 18 per stay paid on site; VAT included,no,no,https://www.booking.com/hotel/it/unique-stay-tiburtina.it.html?checkin=2026-11-12&checkout=2026-11-15&group_adults=1&no_rooms=1&group_children=0&selected_currency=EUR,booking.com,2026-09-07T13:44:45.476Z
2026-11-12,2026-11-15,3,1,6,DOMUS REMO Room #1,guesthouse,4T,9.1,31,0.45,Camera Tripla con Bagno Privato,179.19,yes,no,no,https://www.booking.com/hotel/it/domus-remo-rooms.it.html?checkin=2026-11-12&checkout=2026-11-15&group_adults=1&no_rooms=1&group_children=0&selected_currency=EUR,booking.com,2026-09-07T13:44:45.476Z
2026-11-12,2026-11-15,3,1,7,"Nènè House Roma-Farfalla, appartamento in comune",guesthouse,,6.5,4,0.9,Camera Matrimoniale con Bagno Privato,180.91,no: city tax € 15 per stay paid on site; VAT included,yes,no,https://www.booking.com/hotel/it/nene-house-roma-farfalla.it.html?checkin=2026-11-12&checkout=2026-11-15&group_adults=1&no_rooms=1&group_children=0&selected_currency=EUR,booking.com,2026-09-07T13:44:45.476Z
2026-11-12,2026-11-15,3,1,8,Mikasa Piazza Bologna,guesthouse,,4.2,140,0.8,Camera Matrimoniale con Bagno Privato Esterno ,186.14,no: city tax € 21 per stay paid on site; VAT included,no,yes,https://www.booking.com/hotel/it/b-amp-b-l-39-arca-di-campaldino.it.html?checkin=2026-11-12&checkout=2026-11-15&group_adults=1&no_rooms=1&group_children=0&selected_currency=EUR,booking.com,2026-09-07T13:44:45.476Z
2026-11-13,2026-11-16,3,1,1,"BEDS&ROOMS TIBURTINA- Rooms, Camere private",guesthouse,4T,8.8,106,0.2,Camera Singola con Bagno Privato,138.26,yes,no,no,https://www.booking.com/hotel/it/beds-amp-rooms-tiburtina-rooms.it.html?checkin=2026-11-13&checkout=2026-11-16&group_adults=1&no_rooms=1&group_children=0&selected_currency=EUR,booking.com,2026-09-07T13:45:12.308Z
2026-11-13,2026-11-16,3,1,2,AFFITTACAMERE A CASA MIA,guesthouse,4T,8.8,478,0.35,Camera Singola Standard,158.23,no: city tax € 15 per stay paid on site; VAT included,no,no,https://www.booking.com/hotel/it/affittacamere-a-casa-mia.it.html?checkin=2026-11-13&checkout=2026-11-16&group_adults=1&no_rooms=1&group_children=0&selected_currency=EUR,booking.com,2026-09-07T13:45:12.308Z
2026-11-13,2026-11-16,3,1,3,Domus Remo Room #2,guesthouse,3T,7.5,12,0.45,Camera Matrimoniale con Bagno Privato,166.85,no: city tax € 21 per stay paid on site; VAT included,no,no,https://www.booking.com/hotel/it/domus-remo-room.it.html?checkin=2026-11-13&checkout=2026-11-16&group_adults=1&no_rooms=1&group_children=0&selected_currency=EUR,booking.com,2026-09-07T13:45:12.308Z
2026-11-13,2026-11-16,3,1,4,Unique Stay Tiburtina,B&B,,8.6,121,0.7,Camera Matrimoniale con Bagno in Comune ,171.41,no: city tax € 18 per stay paid on site; VAT included,no,no,https://www.booking.com/hotel/it/unique-stay-tiburtina.it.html?checkin=2026-11-13&checkout=2026-11-16&group_adults=1&no_rooms=1&group_children=0&selected_currency=EUR,booking.com,2026-09-07T13:45:12.308Z
2026-11-13,2026-11-16,3,1,5,DOMUS REMO Room #1,guesthouse,4T,9.1,31,0.45,Camera Tripla con Bagno Privato,179.19,yes,no,no,https://www.booking.com/hotel/it/domus-remo-rooms.it.html?checkin=2026-11-13&checkout=2026-11-16&group_adults=1&no_rooms=1&group_children=0&selected_currency=EUR,booking.com,2026-09-07T13:45:12.308Z
2026-11-13,2026-11-16,3,1,6,"Nènè House Roma-Farfalla, appartamento in comune",guesthouse,,6.5,4,0.9,Camera Matrimoniale con Bagno Privato,180.91,no: city tax € 15 per stay paid on site; VAT included,yes,no,https://www.booking.com/hotel/it/nene-house-roma-farfalla.it.html?checkin=2026-11-13&checkout=2026-11-16&group_adults=1&no_rooms=1&group_children=0&selected_currency=EUR,booking.com,2026-09-07T13:45:12.308Z
2026-11-13,2026-11-16,3,1,7,Mikasa Piazza Bologna,guesthouse,,4.2,140,0.8,Camera Matrimoniale con Bagno Privato Esterno ,186.14,no: city tax € 21 per stay paid on site; VAT included,no,yes,https://www.booking.com/hotel/it/b-amp-b-l-39-arca-di-campaldino.it.html?checkin=2026-11-13&checkout=2026-11-16&group_adults=1&no_rooms=1&group_children=0&selected_currency=EUR,booking.com,2026-09-07T13:45:12.308Z
2026-11-13,2026-11-16,3,1,8,Quelli della via Gluck,B&B,,8.6,425,0.7,Camera Matrimoniale,189.00,no: city tax € 18 per stay paid on site; VAT included,yes,yes,https://www.booking.com/hotel/it/quelli-della-via-gluck.it.html?checkin=2026-11-13&checkout=2026-11-16&group_adults=1&no_rooms=1&group_children=0&selected_currency=EUR,booking.com,2026-09-07T13:45:12.308Z
2026-11-14,2026-11-17,3,1,1,AFFITTACAMERE A CASA MIA,guesthouse,4T,8.8,478,0.35,Camera Singola Standard,158.23,no: city tax € 15 per stay paid on site; VAT included,no,no,https://www.booking.com/hotel/it/affittacamere-a-casa-mia.it.html?checkin=2026-11-14&checkout=2026-11-17&group_adults=1&no_rooms=1&group_children=0&selected_currency=EUR,booking.com,2026-09-07T13:45:40.182Z
2026-11-14,2026-11-17,3,1,2,Domus Remo Room #2,guesthouse,3T,7.5,12,0.45,Camera Matrimoniale con Bagno Privato,166.85,no: city tax € 21 per stay paid on site; VAT included,no,no,https://www.booking.com/hotel/it/domus-remo-room.it.html?checkin=2026-11-14&checkout=2026-11-17&group_adults=1&no_rooms=1&group_children=0&selected_currency=EUR,booking.com,2026-09-07T13:45:40.182Z
2026-11-14,2026-11-17,3,1,3,Unique Stay Tiburtina,B&B,,8.6,121,0.7,Camera Matrimoniale con Bagno in Comune ,171.41,no: city tax € 18 per stay paid on site; VAT included,no,no,https://www.booking.com/hotel/it/unique-stay-tiburtina.it.html?checkin=2026-11-14&checkout=2026-11-17&group_adults=1&no_rooms=1&group_children=0&selected_currency=EUR,booking.com,2026-09-07T13:45:40.182Z
2026-11-14,2026-11-17,3,1,4,B&B Anturium,B&B,4T,8.6,173,0.5,Camera Matrimoniale con Bagno Privato Esterno ,173.53,no: city tax € 18 per stay paid on site; VAT included,no,no,https://www.booking.com/hotel/it/b-amp-b-anturium.it.html?checkin=2026-11-14&checkout=2026-11-17&group_adults=1&no_rooms=1&group_children=0&selected_currency=EUR,booking.com,2026-09-07T13:45:40.182Z
2026-11-14,2026-11-17,3,1,5,"Nènè House Roma-Farfalla, appartamento in comune",guesthouse,,6.5,4,0.9,Camera Matrimoniale con Bagno Privato,177.27,no: city tax € 15 per stay paid on site; VAT included,yes,no,https://www.booking.com/hotel/it/nene-house-roma-farfalla.it.html?checkin=2026-11-14&checkout=2026-11-17&group_adults=1&no_rooms=1&group_children=0&selected_currency=EUR,booking.com,2026-09-07T13:45:40.182Z
2026-11-14,2026-11-17,3,1,6,DOMUS REMO Room #1,guesthouse,4T,9.1,31,0.45,Camera Tripla con Bagno Privato,179.19,yes,no,no,https://www.booking.com/hotel/it/domus-remo-rooms.it.html?checkin=2026-11-14&checkout=2026-11-17&group_adults=1&no_rooms=1&group_children=0&selected_currency=EUR,booking.com,2026-09-07T13:45:40.182Z
2026-11-14,2026-11-17,3,1,7,"BEDS&ROOMS TIBURTINA- Rooms, Camere private",guesthouse,4T,8.8,106,0.2,Camera Matrimoniale con Bagno Privato,182.72,yes,no,no,https://www.booking.com/hotel/it/beds-amp-rooms-tiburtina-rooms.it.html?checkin=2026-11-14&checkout=2026-11-17&group_adults=1&no_rooms=1&group_children=0&selected_currency=EUR,booking.com,2026-09-07T13:45:40.182Z
2026-11-14,2026-11-17,3,1,8,Quelli della via Gluck,B&B,,8.6,425,0.7,Camera Matrimoniale,184.50,no: city tax € 18 per stay paid on site; VAT included,yes,yes,https://www.booking.com/hotel/it/quelli-della-via-gluck.it.html?checkin=2026-11-14&checkout=2026-11-17&group_adults=1&no_rooms=1&group_children=0&selected_currency=EUR,booking.com,2026-09-07T13:45:40.182Z
2026-11-15,2026-11-18,3,1,1,B&B Anturium,B&B,4T,8.6,173,0.5,Camera Singola,156.17,no: city tax € 18 per stay paid on site; VAT included,no,no,https://www.booking.com/hotel/it/b-amp-b-anturium.it.html?checkin=2026-11-15&checkout=2026-11-18&group_adults=1&no_rooms=1&group_children=0&selected_currency=EUR,booking.com,2026-09-07T13:46:08.366Z
2026-11-15,2026-11-18,3,1,2,AFFITTACAMERE A CASA MIA,guesthouse,4T,8.8,478,0.35,Camera Singola Standard,158.23,no: city tax € 15 per stay paid on site; VAT included,no,no,https://www.booking.com/hotel/it/affittacamere-a-casa-mia.it.html?checkin=2026-11-15&checkout=2026-11-18&group_adults=1&no_rooms=1&group_children=0&selected_currency=EUR,booking.com,2026-09-07T13:46:08.366Z
2026-11-15,2026-11-18,3,1,3,Domus Remo Room #2,guesthouse,3T,7.5,12,0.45,Camera Matrimoniale con Bagno Privato,166.85,no: city tax € 21 per stay paid on site; VAT included,no,no,https://www.booking.com/hotel/it/domus-remo-room.it.html?checkin=2026-11-15&checkout=2026-11-18&group_adults=1&no_rooms=1&group_children=0&selected_currency=EUR,booking.com,2026-09-07T13:46:08.366Z
2026-11-15,2026-11-18,3,1,4,Unique Stay Tiburtina,B&B,,8.6,121,0.7,Camera Matrimoniale con Bagno in Comune ,171.41,no: city tax € 18 per stay paid on site; VAT included,no,no,https://www.booking.com/hotel/it/unique-stay-tiburtina.it.html?checkin=2026-11-15&checkout=2026-11-18&group_adults=1&no_rooms=1&group_children=0&selected_currency=EUR,booking.com,2026-09-07T13:46:08.366Z
2026-11-15,2026-11-18,3,1,5,"Nènè House Roma-Farfalla, appartamento in comune",guesthouse,,6.5,4,0.9,Camera Matrimoniale con Bagno Privato,171.82,no: city tax € 15 per stay paid on site; VAT included,yes,no,https://www.booking.com/hotel/it/nene-house-roma-farfalla.it.html?checkin=2026-11-15&checkout=2026-11-18&group_adults=1&no_rooms=1&group_children=0&selected_currency=EUR,booking.com,2026-09-07T13:46:08.366Z
2026-11-15,2026-11-18,3,1,6,DOMUS REMO Room #1,guesthouse,4T,9.1,31,0.45,Camera Tripla con Bagno Privato,179.19,yes,no,no,https://www.booking.com/hotel/it/domus-remo-rooms.it.html?checkin=2026-11-15&checkout=2026-11-18&group_adults=1&no_rooms=1&group_children=0&selected_currency=EUR,booking.com,2026-09-07T13:46:08.366Z
2026-11-15,2026-11-18,3,1,7,Quelli della via Gluck,B&B,,8.6,425,0.7,Camera Matrimoniale,180.00,no: city tax € 18 per stay paid on site; VAT included,yes,yes,https://www.booking.com/hotel/it/quelli-della-via-gluck.it.html?checkin=2026-11-15&checkout=2026-11-18&group_adults=1&no_rooms=1&group_children=0&selected_currency=EUR,booking.com,2026-09-07T13:46:08.366Z
2026-11-15,2026-11-18,3,1,8,Affittacamere Tiburstation,guesthouse,3T,7.8,179,0.9,Camera Singola,180.76,no: city tax € 21 per stay paid on site; VAT included,no,no,https://www.booking.com/hotel/it/tibur-station.it.html?checkin=2026-11-15&checkout=2026-11-18&group_adults=1&no_rooms=1&group_children=0&selected_currency=EUR,booking.com,2026-09-07T13:46:08.366Z
2026-11-16,2026-11-19,3,1,1,B&B Anturium,B&B,4T,8.6,173,0.5,Camera Singola,157.04,no: city tax € 18 per stay paid on site; VAT included,no,no,https://www.booking.com/hotel/it/b-amp-b-anturium.it.html?checkin=2026-11-16&checkout=2026-11-19&group_adults=1&no_rooms=1&group_children=0&selected_currency=EUR,booking.com,2026-09-07T13:46:36.356Z
2026-11-16,2026-11-19,3,1,2,AFFITTACAMERE A CASA MIA,guesthouse,4T,8.8,478,0.35,Camera Singola Standard,158.23,no: city tax € 15 per stay paid on site; VAT included,no,no,https://www.booking.com/hotel/it/affittacamere-a-casa-mia.it.html?checkin=2026-11-16&checkout=2026-11-19&group_adults=1&no_rooms=1&group_children=0&selected_currency=EUR,booking.com,2026-09-07T13:46:36.356Z
2026-11-16,2026-11-19,3,1,3,Affittacamere Roma Tiburtina,guesthouse,3T,6.5,755,0.2,Camera Singola con Bagno Privato,163.64,no: city tax € 21 per stay paid on site; VAT included,yes,yes,https://www.booking.com/hotel/it/affittacamere-roma-tiburtina.it.html?checkin=2026-11-16&checkout=2026-11-19&group_adults=1&no_rooms=1&group_children=0&selected_currency=EUR,booking.com,2026-09-07T13:46:36.356Z
2026-11-16,2026-11-19,3,1,4,B&B SPQR,B&B,2T,6,545,0.35,Camera Singola con Bagno Privato,163.64,no: city tax € 18 per stay paid on site; VAT included,yes,yes,https://www.booking.com/hotel/it/spqr.it.html?checkin=2026-11-16&checkout=2026-11-19&group_adults=1&no_rooms=1&group_children=0&selected_currency=EUR,booking.com,2026-09-07T13:46:36.356Z
2026-11-16,2026-11-19,3,1,5,Domus Remo Room #2,guesthouse,3T,7.5,12,0.45,Camera Matrimoniale con Bagno Privato,166.85,no: city tax € 21 per stay paid on site; VAT included,no,no,https://www.booking.com/hotel/it/domus-remo-room.it.html?checkin=2026-11-16&checkout=2026-11-19&group_adults=1&no_rooms=1&group_children=0&selected_currency=EUR,booking.com,2026-09-07T13:46:36.356Z
2026-11-16,2026-11-19,3,1,6,Unique Stay Tiburtina,B&B,,8.6,121,0.7,Camera Matrimoniale con Bagno in Comune ,171.41,no: city tax € 18 per stay paid on site; VAT included,no,no,https://www.booking.com/hotel/it/unique-stay-tiburtina.it.html?checkin=2026-11-16&checkout=2026-11-19&group_adults=1&no_rooms=1&group_children=0&selected_currency=EUR,booking.com,2026-09-07T13:46:36.356Z
2026-11-16,2026-11-19,3,1,7,"Nènè House Roma-Farfalla, appartamento in comune",guesthouse,,6.5,4,0.9,Camera Matrimoniale con Bagno Privato,171.82,no: city tax € 15 per stay paid on site; VAT included,yes,no,https://www.booking.com/hotel/it/nene-house-roma-farfalla.it.html?checkin=2026-11-16&checkout=2026-11-19&group_adults=1&no_rooms=1&group_children=0&selected_currency=EUR,booking.com,2026-09-07T13:46:36.356Z
2026-11-16,2026-11-19,3,1,8,Quelli della via Gluck,B&B,,8.6,425,0.7,Camera Matrimoniale,175.50,no: city tax € 18 per stay paid on site; VAT included,yes,yes,https://www.booking.com/hotel/it/quelli-della-via-gluck.it.html?checkin=2026-11-16&checkout=2026-11-19&group_adults=1&no_rooms=1&group_children=0&selected_currency=EUR,booking.com,2026-09-07T13:46:36.356Z
2026-11-17,2026-11-20,3,1,1,B&B Anturium,B&B,4T,8.6,173,0.5,Camera Singola,157.04,no: city tax € 18 per stay paid on site; VAT included,no,no,https://www.booking.com/hotel/it/b-amp-b-anturium.it.html?checkin=2026-11-17&checkout=2026-11-20&group_adults=1&no_rooms=1&group_children=0&selected_currency=EUR,booking.com,2026-09-07T13:47:04.992Z
2026-11-17,2026-11-20,3,1,2,AFFITTACAMERE A CASA MIA,guesthouse,4T,8.8,478,0.35,Camera Singola Standard,158.23,no: city tax € 15 per stay paid on site; VAT included,no,no,https://www.booking.com/hotel/it/affittacamere-a-casa-mia.it.html?checkin=2026-11-17&checkout=2026-11-20&group_adults=1&no_rooms=1&group_children=0&selected_currency=EUR,booking.com,2026-09-07T13:47:04.992Z
2026-11-17,2026-11-20,3,1,3,Affittacamere Roma Tiburtina,guesthouse,3T,6.5,755,0.2,Camera Singola con Bagno Privato,163.64,no: city tax € 21 per stay paid on site; VAT included,yes,yes,https://www.booking.com/hotel/it/affittacamere-roma-tiburtina.it.html?checkin=2026-11-17&checkout=2026-11-20&group_adults=1&no_rooms=1&group_children=0&selected_currency=EUR,booking.com,2026-09-07T13:47:04.992Z
2026-11-17,2026-11-20,3,1,4,B&B SPQR,B&B,2T,6,545,0.35,Camera Singola con Bagno Privato,163.64,no: city tax € 18 per stay paid on site; VAT included,yes,yes,https://www.booking.com/hotel/it/spqr.it.html?checkin=2026-11-17&checkout=2026-11-20&group_adults=1&no_rooms=1&group_children=0&selected_currency=EUR,booking.com,2026-09-07T13:47:04.992Z
2026-11-17,2026-11-20,3,1,5,Domus Remo Room #2,guesthouse,3T,7.5,12,0.45,Camera Matrimoniale con Bagno Privato,166.85,no: city tax € 21 per stay paid on site; VAT included,no,no,https://www.booking.com/hotel/it/domus-remo-room.it.html?checkin=2026-11-17&checkout=2026-11-20&group_adults=1&no_rooms=1&group_children=0&selected_currency=EUR,booking.com,2026-09-07T13:47:04.992Z
2026-11-17,2026-11-20,3,1,6,Unique Stay Tiburtina,B&B,,8.6,121,0.7,Camera Matrimoniale con Bagno in Comune ,171.41,no: city tax € 18 per stay paid on site; VAT included,no,no,https://www.booking.com/hotel/it/unique-stay-tiburtina.it.html?checkin=2026-11-17&checkout=2026-11-20&group_adults=1&no_rooms=1&group_children=0&selected_currency=EUR,booking.com,2026-09-07T13:47:04.992Z
2026-11-17,2026-11-20,3,1,7,"Nènè House Roma-Farfalla, appartamento in comune",guesthouse,,6.5,4,0.9,Camera Matrimoniale con Bagno Privato,171.82,no: city tax € 15 per stay paid on site; VAT included,yes,no,https://www.booking.com/hotel/it/nene-house-roma-farfalla.it.html?checkin=2026-11-17&checkout=2026-11-20&group_adults=1&no_rooms=1&group_children=0&selected_currency=EUR,booking.com,2026-09-07T13:47:04.992Z
2026-11-17,2026-11-20,3,1,8,DOMUS REMO Room #1,guesthouse,4T,9.1,31,0.45,Camera Tripla con Bagno Privato,179.19,yes,no,no,https://www.booking.com/hotel/it/domus-remo-rooms.it.html?checkin=2026-11-17&checkout=2026-11-20&group_adults=1&no_rooms=1&group_children=0&selected_currency=EUR,booking.com,2026-09-07T13:47:04.992Z
2026-11-18,2026-11-21,3,1,1,B&B Anturium,B&B,4T,8.6,173,0.5,Camera Singola,157.04,no: city tax € 18 per stay paid on site; VAT included,no,no,https://www.booking.com/hotel/it/b-amp-b-anturium.it.html?checkin=2026-11-18&checkout=2026-11-21&group_adults=1&no_rooms=1&group_children=0&selected_currency=EUR,booking.com,2026-09-07T13:47:33.247Z
2026-11-18,2026-11-21,3,1,2,AFFITTACAMERE A CASA MIA,guesthouse,4T,8.8,478,0.35,Camera Singola Standard,158.23,no: city tax € 15 per stay paid on site; VAT included,no,no,https://www.booking.com/hotel/it/affittacamere-a-casa-mia.it.html?checkin=2026-11-18&checkout=2026-11-21&group_adults=1&no_rooms=1&group_children=0&selected_currency=EUR,booking.com,2026-09-07T13:47:33.247Z
2026-11-18,2026-11-21,3,1,3,Affittacamere Roma Tiburtina,guesthouse,3T,6.5,755,0.2,Camera Singola con Bagno Privato,163.64,no: city tax € 21 per stay paid on site; VAT included,yes,yes,https://www.booking.com/hotel/it/affittacamere-roma-tiburtina.it.html?checkin=2026-11-18&checkout=2026-11-21&group_adults=1&no_rooms=1&group_children=0&selected_currency=EUR,booking.com,2026-09-07T13:47:33.247Z
2026-11-18,2026-11-21,3,1,4,B&B SPQR,B&B,2T,6,545,0.35,Camera Singola con Bagno Privato,163.64,no: city tax € 18 per stay paid on site; VAT included,yes,yes,https://www.booking.com/hotel/it/spqr.it.html?checkin=2026-11-18&checkout=2026-11-21&group_adults=1&no_rooms=1&group_children=0&selected_currency=EUR,booking.com,2026-09-07T13:47:33.247Z
2026-11-18,2026-11-21,3,1,5,Domus Remo Room #2,guesthouse,3T,7.5,12,0.45,Camera Matrimoniale con Bagno Privato,166.85,no: city tax € 21 per stay paid on site; VAT included,no,no,https://www.booking.com/hotel/it/domus-remo-room.it.html?checkin=2026-11-18&checkout=2026-11-21&group_adults=1&no_rooms=1&group_children=0&selected_currency=EUR,booking.com,2026-09-07T13:47:33.247Z
2026-11-18,2026-11-21,3,1,6,Unique Stay Tiburtina,B&B,,8.6,121,0.7,Camera Matrimoniale con Bagno in Comune ,171.41,no: city tax € 18 per stay paid on site; VAT included,no,no,https://www.booking.com/hotel/it/unique-stay-tiburtina.it.html?checkin=2026-11-18&checkout=2026-11-21&group_adults=1&no_rooms=1&group_children=0&selected_currency=EUR,booking.com,2026-09-07T13:47:33.247Z
2026-11-18,2026-11-21,3,1,7,"Nènè House Roma-Farfalla, appartamento in comune",guesthouse,,6.5,4,0.9,Camera Matrimoniale con Bagno Privato,179.09,no: city tax € 15 per stay paid on site; VAT included,yes,no,https://www.booking.com/hotel/it/nene-house-roma-farfalla.it.html?checkin=2026-11-18&checkout=2026-11-21&group_adults=1&no_rooms=1&group_children=0&selected_currency=EUR,booking.com,2026-09-07T13:47:33.247Z
2026-11-18,2026-11-21,3,1,8,DOMUS REMO Room #1,guesthouse,4T,9.1,31,0.45,Camera Tripla con Bagno Privato,179.19,yes,no,no,https://www.booking.com/hotel/it/domus-remo-rooms.it.html?checkin=2026-11-18&checkout=2026-11-21&group_adults=1&no_rooms=1&group_children=0&selected_currency=EUR,booking.com,2026-09-07T13:47:33.247Z
2026-11-19,2026-11-22,3,1,1,B&B Anturium,B&B,4T,8.6,173,0.5,Camera Matrimoniale con Bagno Privato Esterno ,156.17,no: city tax € 18 per stay paid on site; VAT included,no,no,https://www.booking.com/hotel/it/b-amp-b-anturium.it.html?checkin=2026-11-19&checkout=2026-11-22&group_adults=1&no_rooms=1&group_children=0&selected_currency=EUR,booking.com,2026-09-07T13:48:03.273Z
2026-11-19,2026-11-22,3,1,2,AFFITTACAMERE A CASA MIA,guesthouse,4T,8.8,478,0.35,Camera Singola Standard,158.23,no: city tax € 15 per stay paid on site; VAT included,no,no,https://www.booking.com/hotel/it/affittacamere-a-casa-mia.it.html?checkin=2026-11-19&checkout=2026-11-22&group_adults=1&no_rooms=1&group_children=0&selected_currency=EUR,booking.com,2026-09-07T13:48:03.273Z
2026-11-19,2026-11-22,3,1,3,Affittacamere Roma Tiburtina,guesthouse,3T,6.5,755,0.2,Camera Singola con Bagno Privato,163.64,no: city tax € 21 per stay paid on site; VAT included,yes,yes,https://www.booking.com/hotel/it/affittacamere-roma-tiburtina.it.html?checkin=2026-11-19&checkout=2026-11-22&group_adults=1&no_rooms=1&group_children=0&selected_currency=EUR,booking.com,2026-09-07T13:48:03.273Z
2026-11-19,2026-11-22,3,1,4,B&B SPQR,B&B,2T,6,545,0.35,Camera Singola con Bagno Privato,163.64,no: city tax € 18 per stay paid on site; VAT included,yes,yes,https://www.booking.com/hotel/it/spqr.it.html?checkin=2026-11-19&checkout=2026-11-22&group_adults=1&no_rooms=1&group_children=0&selected_currency=EUR,booking.com,2026-09-07T13:48:03.273Z
2026-11-19,2026-11-22,3,1,5,Domus Remo Room #2,guesthouse,3T,7.5,12,0.45,Camera Matrimoniale con Bagno Privato,166.85,no: city tax € 21 per stay paid on site; VAT included,no,no,https://www.booking.com/hotel/it/domus-remo-room.it.html?checkin=2026-11-19&checkout=2026-11-22&group_adults=1&no_rooms=1&group_children=0&selected_currency=EUR,booking.com,2026-09-07T13:48:03.273Z
2026-11-19,2026-11-22,3,1,6,Unique Stay Tiburtina,B&B,,8.6,121,0.7,Camera Matrimoniale con Bagno in Comune ,171.41,no: city tax € 18 per stay paid on site; VAT included,no,no,https://www.booking.com/hotel/it/unique-stay-tiburtina.it.html?checkin=2026-11-19&checkout=2026-11-22&group_adults=1&no_rooms=1&group_children=0&selected_currency=EUR,booking.com,2026-09-07T13:48:03.273Z
2026-11-19,2026-11-22,3,1,7,DOMUS REMO Room #1,guesthouse,4T,9.1,31,0.45,Camera Tripla con Bagno Privato,179.19,yes,no,no,https://www.booking.com/hotel/it/domus-remo-rooms.it.html?checkin=2026-11-19&checkout=2026-11-22&group_adults=1&no_rooms=1&group_children=0&selected_currency=EUR,booking.com,2026-09-07T13:48:03.273Z
2026-11-19,2026-11-22,3,1,8,"BEDS&ROOMS TIBURTINA- Rooms, Camere private",guesthouse,4T,8.8,106,0.2,Camera Matrimoniale con Bagno Privato,182.72,yes,no,no,https://www.booking.com/hotel/it/beds-amp-rooms-tiburtina-rooms.it.html?checkin=2026-11-19&checkout=2026-11-22&group_adults=1&no_rooms=1&group_children=0&selected_currency=EUR,booking.com,2026-09-07T13:48:03.273Z
2026-11-20,2026-11-23,3,1,1,B&B Anturium,B&B,4T,8.6,173,0.5,Camera Matrimoniale con Bagno Privato Esterno ,156.17,no: city tax € 18 per stay paid on site; VAT included,no,no,https://www.booking.com/hotel/it/b-amp-b-anturium.it.html?checkin=2026-11-20&checkout=2026-11-23&group_adults=1&no_rooms=1&group_children=0&selected_currency=EUR,booking.com,2026-09-07T13:48:31.151Z
2026-11-20,2026-11-23,3,1,2,AFFITTACAMERE A CASA MIA,guesthouse,4T,8.8,478,0.35,Camera Singola Standard,158.23,no: city tax € 15 per stay paid on site; VAT included,no,no,https://www.booking.com/hotel/it/affittacamere-a-casa-mia.it.html?checkin=2026-11-20&checkout=2026-11-23&group_adults=1&no_rooms=1&group_children=0&selected_currency=EUR,booking.com,2026-09-07T13:48:31.151Z
2026-11-20,2026-11-23,3,1,3,Hotel Laura,hotel,3,7.6,979,1,Camera Singola,166.54,no: city tax € 18 per stay paid on site; VAT included,no,no,https://www.booking.com/hotel/it/laura.it.html?checkin=2026-11-20&checkout=2026-11-23&group_adults=1&no_rooms=1&group_children=0&selected_currency=EUR,booking.com,2026-09-07T13:48:31.151Z
2026-11-20,2026-11-23,3,1,4,Domus Remo Room #2,guesthouse,3T,7.5,12,0.45,Camera Matrimoniale con Bagno Privato,166.85,no: city tax € 21 per stay paid on site; VAT included,no,no,https://www.booking.com/hotel/it/domus-remo-room.it.html?checkin=2026-11-20&checkout=2026-11-23&group_adults=1&no_rooms=1&group_children=0&selected_currency=EUR,booking.com,2026-09-07T13:48:31.151Z
2026-11-20,2026-11-23,3,1,5,Unique Stay Tiburtina,B&B,,8.6,121,0.7,Camera Matrimoniale con Bagno in Comune ,171.41,no: city tax € 18 per stay paid on site; VAT included,no,no,https://www.booking.com/hotel/it/unique-stay-tiburtina.it.html?checkin=2026-11-20&checkout=2026-11-23&group_adults=1&no_rooms=1&group_children=0&selected_currency=EUR,booking.com,2026-09-07T13:48:31.151Z
2026-11-20,2026-11-23,3,1,6,DOMUS REMO Room #1,guesthouse,4T,9.1,31,0.45,Camera Tripla con Bagno Privato,179.19,yes,no,no,https://www.booking.com/hotel/it/domus-remo-rooms.it.html?checkin=2026-11-20&checkout=2026-11-23&group_adults=1&no_rooms=1&group_children=0&selected_currency=EUR,booking.com,2026-09-07T13:48:31.151Z
2026-11-20,2026-11-23,3,1,7,"BEDS&ROOMS TIBURTINA- Rooms, Camere private",guesthouse,4T,8.8,106,0.2,Camera Matrimoniale con Bagno Privato,182.72,yes,no,no,https://www.booking.com/hotel/it/beds-amp-rooms-tiburtina-rooms.it.html?checkin=2026-11-20&checkout=2026-11-23&group_adults=1&no_rooms=1&group_children=0&selected_currency=EUR,booking.com,2026-09-07T13:48:31.151Z
2026-11-20,2026-11-23,3,1,8,Mikasa Piazza Bologna,guesthouse,,4.2,140,0.8,Camera Matrimoniale con Bagno Privato Esterno ,186.14,no: city tax € 21 per stay paid on site; VAT included,no,yes,https://www.booking.com/hotel/it/b-amp-b-l-39-arca-di-campaldino.it.html?checkin=2026-11-20&checkout=2026-11-23&group_adults=1&no_rooms=1&group_children=0&selected_currency=EUR,booking.com,2026-09-07T13:48:31.151Z
2026-11-21,2026-11-24,3,1,1,"BEDS&ROOMS TIBURTINA- Rooms, Camere private",guesthouse,4T,8.8,106,0.2,Camera Singola con Bagno Privato,138.26,yes,no,no,https://www.booking.com/hotel/it/beds-amp-rooms-tiburtina-rooms.it.html?checkin=2026-11-21&checkout=2026-11-24&group_adults=1&no_rooms=1&group_children=0&selected_currency=EUR,booking.com,2026-09-07T13:48:51.770Z
2026-11-21,2026-11-24,3,1,2,B&B Anturium,B&B,4T,8.6,173,0.5,Camera Matrimoniale con Bagno Privato Esterno ,156.17,no: city tax € 18 per stay paid on site; VAT included,no,no,https://www.booking.com/hotel/it/b-amp-b-anturium.it.html?checkin=2026-11-21&checkout=2026-11-24&group_adults=1&no_rooms=1&group_children=0&selected_currency=EUR,booking.com,2026-09-07T13:48:51.770Z
2026-11-21,2026-11-24,3,1,3,AFFITTACAMERE A CASA MIA,guesthouse,4T,8.8,478,0.35,Camera Singola Standard,158.23,no: city tax € 15 per stay paid on site; VAT included,no,no,https://www.booking.com/hotel/it/affittacamere-a-casa-mia.it.html?checkin=2026-11-21&checkout=2026-11-24&group_adults=1&no_rooms=1&group_children=0&selected_currency=EUR,booking.com,2026-09-07T13:48:51.770Z
2026-11-21,2026-11-24,3,1,4,Hotel Laura,hotel,3,7.6,979,1,Camera Doppia con Letti Singoli,165.30,no: city tax € 18 per stay paid on site; VAT included,no,no,https://www.booking.com/hotel/it/laura.it.html?checkin=2026-11-21&checkout=2026-11-24&group_adults=1&no_rooms=1&group_children=0&selected_currency=EUR,booking.com,2026-09-07T13:48:51.770Z
2026-11-21,2026-11-24,3,1,5,Domus Remo Room #2,guesthouse,3T,7.5,12,0.45,Camera Matrimoniale con Bagno Privato,166.85,no: city tax € 21 per stay paid on site; VAT included,no,no,https://www.booking.com/hotel/it/domus-remo-room.it.html?checkin=2026-11-21&checkout=2026-11-24&group_adults=1&no_rooms=1&group_children=0&selected_currency=EUR,booking.com,2026-09-07T13:48:51.770Z
2026-11-21,2026-11-24,3,1,6,Unique Stay Tiburtina,B&B,,8.6,121,0.7,Camera Matrimoniale con Bagno in Comune ,171.41,no: city tax € 18 per stay paid on site; VAT included,no,no,https://www.booking.com/hotel/it/unique-stay-tiburtina.it.html?checkin=2026-11-21&checkout=2026-11-24&group_adults=1&no_rooms=1&group_children=0&selected_currency=EUR,booking.com,2026-09-07T13:48:51.770Z
2026-11-21,2026-11-24,3,1,7,DOMUS REMO Room #1,guesthouse,4T,9.1,31,0.45,Camera Tripla con Bagno Privato,179.19,yes,no,no,https://www.booking.com/hotel/it/domus-remo-rooms.it.html?checkin=2026-11-21&checkout=2026-11-24&group_adults=1&no_rooms=1&group_children=0&selected_currency=EUR,booking.com,2026-09-07T13:48:51.770Z
2026-11-21,2026-11-24,3,1,8,"Nènè House Roma-Farfalla, appartamento in comune",guesthouse,,6.5,4,0.9,Camera Matrimoniale con Bagno Privato,180.00,no: city tax € 15 per stay paid on site; VAT included,yes,no,https://www.booking.com/hotel/it/nene-house-roma-farfalla.it.html?checkin=2026-11-21&checkout=2026-11-24&group_adults=1&no_rooms=1&group_children=0&selected_currency=EUR,booking.com,2026-09-07T13:48:51.770Z
2026-11-22,2026-11-25,3,1,1,"BEDS&ROOMS TIBURTINA- Rooms, Camere private",guesthouse,4T,8.8,106,0.2,Camera Singola con Bagno Privato,138.26,yes,no,no,https://www.booking.com/hotel/it/beds-amp-rooms-tiburtina-rooms.it.html?checkin=2026-11-22&checkout=2026-11-25&group_adults=1&no_rooms=1&group_children=0&selected_currency=EUR,booking.com,2026-09-07T13:49:19.850Z
2026-11-22,2026-11-25,3,1,2,B&B Anturium,B&B,4T,8.6,173,0.5,Camera Matrimoniale con Bagno Privato Esterno ,156.17,no: city tax € 18 per stay paid on site; VAT included,no,no,https://www.booking.com/hotel/it/b-amp-b-anturium.it.html?checkin=2026-11-22&checkout=2026-11-25&group_adults=1&no_rooms=1&group_children=0&selected_currency=EUR,booking.com,2026-09-07T13:49:19.850Z
2026-11-22,2026-11-25,3,1,3,AFFITTACAMERE A CASA MIA,guesthouse,4T,8.8,478,0.35,Camera Singola Standard,158.23,no: city tax € 15 per stay paid on site; VAT included,no,no,https://www.booking.com/hotel/it/affittacamere-a-casa-mia.it.html?checkin=2026-11-22&checkout=2026-11-25&group_adults=1&no_rooms=1&group_children=0&selected_currency=EUR,booking.com,2026-09-07T13:49:19.850Z
2026-11-22,2026-11-25,3,1,4,Domus Remo Room #2,guesthouse,3T,7.5,12,0.45,Camera Matrimoniale con Bagno Privato,166.85,no: city tax € 21 per stay paid on site; VAT included,no,no,https://www.booking.com/hotel/it/domus-remo-room.it.html?checkin=2026-11-22&checkout=2026-11-25&group_adults=1&no_rooms=1&group_children=0&selected_currency=EUR,booking.com,2026-09-07T13:49:19.850Z
2026-11-22,2026-11-25,3,1,5,Unique Stay Tiburtina,B&B,,8.6,121,0.7,Camera Matrimoniale con Bagno in Comune ,171.41,no: city tax € 18 per stay paid on site; VAT included,no,no,https://www.booking.com/hotel/it/unique-stay-tiburtina.it.html?checkin=2026-11-22&checkout=2026-11-25&group_adults=1&no_rooms=1&group_children=0&selected_currency=EUR,booking.com,2026-09-07T13:49:19.850Z
2026-11-22,2026-11-25,3,1,6,"Nènè House Roma-Farfalla, appartamento in comune",guesthouse,,6.5,4,0.9,Camera Matrimoniale con Bagno Privato,171.82,no: city tax € 15 per stay paid on site; VAT included,yes,no,https://www.booking.com/hotel/it/nene-house-roma-farfalla.it.html?checkin=2026-11-22&checkout=2026-11-25&group_adults=1&no_rooms=1&group_children=0&selected_currency=EUR,booking.com,2026-09-07T13:49:19.850Z
2026-11-22,2026-11-25,3,1,7,DOMUS REMO Room #1,guesthouse,4T,9.1,31,0.45,Camera Tripla con Bagno Privato,179.19,yes,no,no,https://www.booking.com/hotel/it/domus-remo-rooms.it.html?checkin=2026-11-22&checkout=2026-11-25&group_adults=1&no_rooms=1&group_children=0&selected_currency=EUR,booking.com,2026-09-07T13:49:19.850Z
2026-11-22,2026-11-25,3,1,8,Affittacamere Tiburstation,guesthouse,3T,7.8,179,0.9,Camera Singola,180.76,no: city tax € 21 per stay paid on site; VAT included,no,no,https://www.booking.com/hotel/it/tibur-station.it.html?checkin=2026-11-22&checkout=2026-11-25&group_adults=1&no_rooms=1&group_children=0&selected_currency=EUR,booking.com,2026-09-07T13:49:19.850Z
2026-11-23,2026-11-26,3,1,1,"BEDS&ROOMS TIBURTINA- Rooms, Camere private",guesthouse,4T,8.8,106,0.2,Camera Singola con Bagno Privato,138.26,yes,no,no,https://www.booking.com/hotel/it/beds-amp-rooms-tiburtina-rooms.it.html?checkin=2026-11-23&checkout=2026-11-26&group_adults=1&no_rooms=1&group_children=0&selected_currency=EUR,booking.com,2026-09-07T13:49:48.175Z
2026-11-23,2026-11-26,3,1,2,B&B Anturium,B&B,4T,8.6,173,0.5,Camera Matrimoniale con Bagno Privato Esterno ,156.17,no: city tax € 18 per stay paid on site; VAT included,no,no,https://www.booking.com/hotel/it/b-amp-b-anturium.it.html?checkin=2026-11-23&checkout=2026-11-26&group_adults=1&no_rooms=1&group_children=0&selected_currency=EUR,booking.com,2026-09-07T13:49:48.175Z
2026-11-23,2026-11-26,3,1,3,AFFITTACAMERE A CASA MIA,guesthouse,4T,8.8,478,0.35,Camera Singola Standard,158.23,no: city tax € 15 per stay paid on site; VAT included,no,no,https://www.booking.com/hotel/it/affittacamere-a-casa-mia.it.html?checkin=2026-11-23&checkout=2026-11-26&group_adults=1&no_rooms=1&group_children=0&selected_currency=EUR,booking.com,2026-09-07T13:49:48.175Z
2026-11-23,2026-11-26,3,1,4,B&B SPQR,B&B,2T,6,545,0.35,Camera Singola con Bagno Privato,163.64,no: city tax € 18 per stay paid on site; VAT included,yes,yes,https://www.booking.com/hotel/it/spqr.it.html?checkin=2026-11-23&checkout=2026-11-26&group_adults=1&no_rooms=1&group_children=0&selected_currency=EUR,booking.com,2026-09-07T13:49:48.175Z
2026-11-23,2026-11-26,3,1,5,Domus Remo Room #2,guesthouse,3T,7.5,12,0.45,Camera Matrimoniale con Bagno Privato,166.85,no: city tax € 21 per stay paid on site; VAT included,no,no,https://www.booking.com/hotel/it/domus-remo-room.it.html?checkin=2026-11-23&checkout=2026-11-26&group_adults=1&no_rooms=1&group_children=0&selected_currency=EUR,booking.com,2026-09-07T13:49:48.175Z
2026-11-23,2026-11-26,3,1,6,Unique Stay Tiburtina,B&B,,8.6,121,0.7,Camera Matrimoniale con Bagno in Comune ,171.41,no: city tax € 18 per stay paid on site; VAT included,no,no,https://www.booking.com/hotel/it/unique-stay-tiburtina.it.html?checkin=2026-11-23&checkout=2026-11-26&group_adults=1&no_rooms=1&group_children=0&selected_currency=EUR,booking.com,2026-09-07T13:49:48.175Z
2026-11-23,2026-11-26,3,1,7,"Nènè House Roma-Farfalla, appartamento in comune",guesthouse,,6.5,4,0.9,Camera Matrimoniale con Bagno Privato,171.82,no: city tax € 15 per stay paid on site; VAT included,yes,no,https://www.booking.com/hotel/it/nene-house-roma-farfalla.it.html?checkin=2026-11-23&checkout=2026-11-26&group_adults=1&no_rooms=1&group_children=0&selected_currency=EUR,booking.com,2026-09-07T13:49:48.175Z
2026-11-23,2026-11-26,3,1,8,DOMUS REMO Room #1,guesthouse,4T,9.1,31,0.45,Camera Tripla con Bagno Privato,179.19,yes,no,no,https://www.booking.com/hotel/it/domus-remo-rooms.it.html?checkin=2026-11-23&checkout=2026-11-26&group_adults=1&no_rooms=1&group_children=0&selected_currency=EUR,booking.com,2026-09-07T13:49:48.175Z
2026-11-24,2026-11-27,3,1,1,"BEDS&ROOMS TIBURTINA- Rooms, Camere private",guesthouse,4T,8.8,106,0.2,Camera Singola con Bagno Privato,138.26,yes,no,no,https://www.booking.com/hotel/it/beds-amp-rooms-tiburtina-rooms.it.html?checkin=2026-11-24&checkout=2026-11-27&group_adults=1&no_rooms=1&group_children=0&selected_currency=EUR,booking.com,2026-09-07T13:50:16.426Z
2026-11-24,2026-11-27,3,1,2,B&B Anturium,B&B,4T,8.6,173,0.5,Camera Matrimoniale con Bagno Privato Esterno ,156.17,no: city tax € 18 per stay paid on site; VAT included,no,no,https://www.booking.com/hotel/it/b-amp-b-anturium.it.html?checkin=2026-11-24&checkout=2026-11-27&group_adults=1&no_rooms=1&group_children=0&selected_currency=EUR,booking.com,2026-09-07T13:50:16.426Z
2026-11-24,2026-11-27,3,1,3,AFFITTACAMERE A CASA MIA,guesthouse,4T,8.8,478,0.35,Camera Singola Standard,158.23,no: city tax € 15 per stay paid on site; VAT included,no,no,https://www.booking.com/hotel/it/affittacamere-a-casa-mia.it.html?checkin=2026-11-24&checkout=2026-11-27&group_adults=1&no_rooms=1&group_children=0&selected_currency=EUR,booking.com,2026-09-07T13:50:16.426Z
2026-11-24,2026-11-27,3,1,4,B&B SPQR,B&B,2T,6,545,0.35,Camera Singola con Bagno Privato,163.64,no: city tax € 18 per stay paid on site; VAT included,yes,yes,https://www.booking.com/hotel/it/spqr.it.html?checkin=2026-11-24&checkout=2026-11-27&group_adults=1&no_rooms=1&group_children=0&selected_currency=EUR,booking.com,2026-09-07T13:50:16.426Z
2026-11-24,2026-11-27,3,1,5,Domus Remo Room #2,guesthouse,3T,7.5,12,0.45,Camera Matrimoniale con Bagno Privato,166.85,no: city tax € 21 per stay paid on site; VAT included,no,no,https://www.booking.com/hotel/it/domus-remo-room.it.html?checkin=2026-11-24&checkout=2026-11-27&group_adults=1&no_rooms=1&group_children=0&selected_currency=EUR,booking.com,2026-09-07T13:50:16.426Z
2026-11-24,2026-11-27,3,1,6,Unique Stay Tiburtina,B&B,,8.6,121,0.7,Camera Matrimoniale con Bagno in Comune ,171.41,no: city tax € 18 per stay paid on site; VAT included,no,no,https://www.booking.com/hotel/it/unique-stay-tiburtina.it.html?checkin=2026-11-24&checkout=2026-11-27&group_adults=1&no_rooms=1&group_children=0&selected_currency=EUR,booking.com,2026-09-07T13:50:16.426Z
2026-11-24,2026-11-27,3,1,7,"Nènè House Roma-Farfalla, appartamento in comune",guesthouse,,6.5,4,0.9,Camera Matrimoniale con Bagno Privato,171.82,no: city tax € 15 per stay paid on site; VAT included,yes,no,https://www.booking.com/hotel/it/nene-house-roma-farfalla.it.html?checkin=2026-11-24&checkout=2026-11-27&group_adults=1&no_rooms=1&group_children=0&selected_currency=EUR,booking.com,2026-09-07T13:50:16.426Z
2026-11-24,2026-11-27,3,1,8,DOMUS REMO Room #1,guesthouse,4T,9.1,31,0.45,Camera Tripla con Bagno Privato,179.19,yes,no,no,https://www.booking.com/hotel/it/domus-remo-rooms.it.html?checkin=2026-11-24&checkout=2026-11-27&group_adults=1&no_rooms=1&group_children=0&selected_currency=EUR,booking.com,2026-09-07T13:50:16.426Z
2026-11-25,2026-11-28,3,1,1,"BEDS&ROOMS TIBURTINA- Rooms, Camere private",guesthouse,4T,8.8,106,0.2,Camera Singola con Bagno Privato,138.26,yes,no,no,https://www.booking.com/hotel/it/beds-amp-rooms-tiburtina-rooms.it.html?checkin=2026-11-25&checkout=2026-11-28&group_adults=1&no_rooms=1&group_children=0&selected_currency=EUR,booking.com,2026-09-07T13:50:45.032Z
2026-11-25,2026-11-28,3,1,2,B&B Anturium,B&B,4T,8.6,173,0.5,Camera Matrimoniale con Bagno Privato Esterno ,156.17,no: city tax € 18 per stay paid on site; VAT included,no,no,https://www.booking.com/hotel/it/b-amp-b-anturium.it.html?checkin=2026-11-25&checkout=2026-11-28&group_adults=1&no_rooms=1&group_children=0&selected_currency=EUR,booking.com,2026-09-07T13:50:45.032Z
2026-11-25,2026-11-28,3,1,3,AFFITTACAMERE A CASA MIA,guesthouse,4T,8.8,478,0.35,Camera Singola Standard,158.23,no: city tax € 15 per stay paid on site; VAT included,no,no,https://www.booking.com/hotel/it/affittacamere-a-casa-mia.it.html?checkin=2026-11-25&checkout=2026-11-28&group_adults=1&no_rooms=1&group_children=0&selected_currency=EUR,booking.com,2026-09-07T13:50:45.032Z
2026-11-25,2026-11-28,3,1,4,Affittacamere Roma Tiburtina,guesthouse,3T,6.5,755,0.2,Camera Singola con Bagno Privato,163.64,no: city tax € 21 per stay paid on site; VAT included,yes,yes,https://www.booking.com/hotel/it/affittacamere-roma-tiburtina.it.html?checkin=2026-11-25&checkout=2026-11-28&group_adults=1&no_rooms=1&group_children=0&selected_currency=EUR,booking.com,2026-09-07T13:50:45.032Z
2026-11-25,2026-11-28,3,1,5,B&B SPQR,B&B,2T,6,545,0.35,Camera Singola con Bagno Privato,163.64,no: city tax € 18 per stay paid on site; VAT included,yes,yes,https://www.booking.com/hotel/it/spqr.it.html?checkin=2026-11-25&checkout=2026-11-28&group_adults=1&no_rooms=1&group_children=0&selected_currency=EUR,booking.com,2026-09-07T13:50:45.032Z
2026-11-25,2026-11-28,3,1,6,Domus Remo Room #2,guesthouse,3T,7.5,12,0.45,Camera Matrimoniale con Bagno Privato,166.85,no: city tax € 21 per stay paid on site; VAT included,no,no,https://www.booking.com/hotel/it/domus-remo-room.it.html?checkin=2026-11-25&checkout=2026-11-28&group_adults=1&no_rooms=1&group_children=0&selected_currency=EUR,booking.com,2026-09-07T13:50:45.032Z
2026-11-25,2026-11-28,3,1,7,Unique Stay Tiburtina,B&B,,8.6,121,0.7,Camera Matrimoniale con Bagno in Comune ,171.41,no: city tax € 18 per stay paid on site; VAT included,no,no,https://www.booking.com/hotel/it/unique-stay-tiburtina.it.html?checkin=2026-11-25&checkout=2026-11-28&group_adults=1&no_rooms=1&group_children=0&selected_currency=EUR,booking.com,2026-09-07T13:50:45.032Z
2026-11-25,2026-11-28,3,1,8,"Nènè House Roma-Farfalla, appartamento in comune",guesthouse,,6.5,4,0.9,Camera Matrimoniale con Bagno Privato,176.36,no: city tax € 15 per stay paid on site; VAT included,yes,no,https://www.booking.com/hotel/it/nene-house-roma-farfalla.it.html?checkin=2026-11-25&checkout=2026-11-28&group_adults=1&no_rooms=1&group_children=0&selected_currency=EUR,booking.com,2026-09-07T13:50:45.032Z
2026-11-26,2026-11-29,3,1,1,"BEDS&ROOMS TIBURTINA- Rooms, Camere private",guesthouse,4T,8.8,106,0.2,Camera Singola con Bagno Privato,138.26,yes,no,no,https://www.booking.com/hotel/it/beds-amp-rooms-tiburtina-rooms.it.html?checkin=2026-11-26&checkout=2026-11-29&group_adults=1&no_rooms=1&group_children=0&selected_currency=EUR,booking.com,2026-09-07T13:51:12.500Z
2026-11-26,2026-11-29,3,1,2,B&B Anturium,B&B,4T,8.6,173,0.5,Camera Matrimoniale con Bagno Privato Esterno ,156.17,no: city tax € 18 per stay paid on site; VAT included,no,no,https://www.booking.com/hotel/it/b-amp-b-anturium.it.html?checkin=2026-11-26&checkout=2026-11-29&group_adults=1&no_rooms=1&group_children=0&selected_currency=EUR,booking.com,2026-09-07T13:51:12.500Z
2026-11-26,2026-11-29,3,1,3,AFFITTACAMERE A CASA MIA,guesthouse,4T,8.8,478,0.35,Camera Singola Standard,158.23,no: city tax € 15 per stay paid on site; VAT included,no,no,https://www.booking.com/hotel/it/affittacamere-a-casa-mia.it.html?checkin=2026-11-26&checkout=2026-11-29&group_adults=1&no_rooms=1&group_children=0&selected_currency=EUR,booking.com,2026-09-07T13:51:12.500Z
2026-11-26,2026-11-29,3,1,4,Affittacamere Roma Tiburtina,guesthouse,3T,6.5,755,0.2,Camera Singola con Bagno Privato,163.64,no: city tax € 21 per stay paid on site; VAT included,yes,yes,https://www.booking.com/hotel/it/affittacamere-roma-tiburtina.it.html?checkin=2026-11-26&checkout=2026-11-29&group_adults=1&no_rooms=1&group_children=0&selected_currency=EUR,booking.com,2026-09-07T13:51:12.500Z
2026-11-26,2026-11-29,3,1,5,B&B SPQR,B&B,2T,6,545,0.35,Camera Singola con Bagno Privato,163.64,no: city tax € 18 per stay paid on site; VAT included,yes,yes,https://www.booking.com/hotel/it/spqr.it.html?checkin=2026-11-26&checkout=2026-11-29&group_adults=1&no_rooms=1&group_children=0&selected_currency=EUR,booking.com,2026-09-07T13:51:12.500Z
2026-11-26,2026-11-29,3,1,6,Domus Remo Room #2,guesthouse,3T,7.5,12,0.45,Camera Matrimoniale con Bagno Privato,166.85,no: city tax € 21 per stay paid on site; VAT included,no,no,https://www.booking.com/hotel/it/domus-remo-room.it.html?checkin=2026-11-26&checkout=2026-11-29&group_adults=1&no_rooms=1&group_children=0&selected_currency=EUR,booking.com,2026-09-07T13:51:12.500Z
2026-11-26,2026-11-29,3,1,7,Unique Stay Tiburtina,B&B,,8.6,121,0.7,Camera Matrimoniale con Bagno in Comune ,171.41,no: city tax € 18 per stay paid on site; VAT included,no,no,https://www.booking.com/hotel/it/unique-stay-tiburtina.it.html?checkin=2026-11-26&checkout=2026-11-29&group_adults=1&no_rooms=1&group_children=0&selected_currency=EUR,booking.com,2026-09-07T13:51:12.500Z
2026-11-26,2026-11-29,3,1,8,DOMUS REMO Room #1,guesthouse,4T,9.1,31,0.45,Camera Tripla con Bagno Privato,179.19,yes,no,no,https://www.booking.com/hotel/it/domus-remo-rooms.it.html?checkin=2026-11-26&checkout=2026-11-29&group_adults=1&no_rooms=1&group_children=0&selected_currency=EUR,booking.com,2026-09-07T13:51:12.500Z
2026-11-27,2026-11-30,3,1,1,"BEDS&ROOMS TIBURTINA- Rooms, Camere private",guesthouse,4T,8.8,106,0.2,Camera Singola con Bagno Privato,138.26,yes,no,no,https://www.booking.com/hotel/it/beds-amp-rooms-tiburtina-rooms.it.html?checkin=2026-11-27&checkout=2026-11-30&group_adults=1&no_rooms=1&group_children=0&selected_currency=EUR,booking.com,2026-09-07T13:51:38.193Z
2026-11-27,2026-11-30,3,1,2,B&B Anturium,B&B,4T,8.6,173,0.5,Camera Matrimoniale con Bagno Privato Esterno ,156.17,no: city tax € 18 per stay paid on site; VAT included,no,no,https://www.booking.com/hotel/it/b-amp-b-anturium.it.html?checkin=2026-11-27&checkout=2026-11-30&group_adults=1&no_rooms=1&group_children=0&selected_currency=EUR,booking.com,2026-09-07T13:51:38.193Z
2026-11-27,2026-11-30,3,1,3,AFFITTACAMERE A CASA MIA,guesthouse,4T,8.8,478,0.35,Camera Singola Standard,158.23,no: city tax € 15 per stay paid on site; VAT included,no,no,https://www.booking.com/hotel/it/affittacamere-a-casa-mia.it.html?checkin=2026-11-27&checkout=2026-11-30&group_adults=1&no_rooms=1&group_children=0&selected_currency=EUR,booking.com,2026-09-07T13:51:38.193Z
2026-11-27,2026-11-30,3,1,4,Domus Remo Room #2,guesthouse,3T,7.5,12,0.45,Camera Matrimoniale con Bagno Privato,166.85,no: city tax € 21 per stay paid on site; VAT included,no,no,https://www.booking.com/hotel/it/domus-remo-room.it.html?checkin=2026-11-27&checkout=2026-11-30&group_adults=1&no_rooms=1&group_children=0&selected_currency=EUR,booking.com,2026-09-07T13:51:38.193Z
2026-11-27,2026-11-30,3,1,5,Unique Stay Tiburtina,B&B,,8.6,121,0.7,Camera Matrimoniale con Bagno in Comune ,171.41,no: city tax € 18 per stay paid on site; VAT included,no,no,https://www.booking.com/hotel/it/unique-stay-tiburtina.it.html?checkin=2026-11-27&checkout=2026-11-30&group_adults=1&no_rooms=1&group_children=0&selected_currency=EUR,booking.com,2026-09-07T13:51:38.193Z
2026-11-27,2026-11-30,3,1,6,DOMUS REMO Room #1,guesthouse,4T,9.1,31,0.45,Camera Tripla con Bagno Privato,179.19,yes,no,no,https://www.booking.com/hotel/it/domus-remo-rooms.it.html?checkin=2026-11-27&checkout=2026-11-30&group_adults=1&no_rooms=1&group_children=0&selected_currency=EUR,booking.com,2026-09-07T13:51:38.193Z
2026-11-27,2026-11-30,3,1,7,"Nènè House Roma-Farfalla, appartamento in comune",guesthouse,,6.5,4,0.9,Camera Matrimoniale con Bagno Privato,181.82,no: city tax € 15 per stay paid on site; VAT included,yes,no,https://www.booking.com/hotel/it/nene-house-roma-farfalla.it.html?checkin=2026-11-27&checkout=2026-11-30&group_adults=1&no_rooms=1&group_children=0&selected_currency=EUR,booking.com,2026-09-07T13:51:38.193Z
2026-11-27,2026-11-30,3,1,8,Mikasa Piazza Bologna,guesthouse,,4.2,140,0.8,Camera Matrimoniale con Bagno Privato Esterno ,186.14,no: city tax € 21 per stay paid on site; VAT included,no,yes,https://www.booking.com/hotel/it/b-amp-b-l-39-arca-di-campaldino.it.html?checkin=2026-11-27&checkout=2026-11-30&group_adults=1&no_rooms=1&group_children=0&selected_currency=EUR,booking.com,2026-09-07T13:51:38.193Z
2026-11-28,2026-12-01,3,1,1,"BEDS&ROOMS TIBURTINA- Rooms, Camere private",guesthouse,4T,8.8,106,0.2,Camera Singola con Bagno Privato,138.26,yes,no,no,https://www.booking.com/hotel/it/beds-amp-rooms-tiburtina-rooms.it.html?checkin=2026-11-28&checkout=2026-12-01&group_adults=1&no_rooms=1&group_children=0&selected_currency=EUR,booking.com,2026-09-07T13:52:06.683Z
2026-11-28,2026-12-01,3,1,2,B&B Anturium,B&B,4T,8.6,173,0.5,Camera Matrimoniale con Bagno Privato Esterno ,156.17,no: city tax € 18 per stay paid on site; VAT included,no,no,https://www.booking.com/hotel/it/b-amp-b-anturium.it.html?checkin=2026-11-28&checkout=2026-12-01&group_adults=1&no_rooms=1&group_children=0&selected_currency=EUR,booking.com,2026-09-07T13:52:06.683Z
2026-11-28,2026-12-01,3,1,3,AFFITTACAMERE A CASA MIA,guesthouse,4T,8.8,478,0.35,Camera Singola Standard,158.23,no: city tax € 15 per stay paid on site; VAT included,no,no,https://www.booking.com/hotel/it/affittacamere-a-casa-mia.it.html?checkin=2026-11-28&checkout=2026-12-01&group_adults=1&no_rooms=1&group_children=0&selected_currency=EUR,booking.com,2026-09-07T13:52:06.683Z
2026-11-28,2026-12-01,3,1,4,Domus Remo Room #2,guesthouse,3T,7.5,12,0.45,Camera Matrimoniale con Bagno Privato,166.85,no: city tax € 21 per stay paid on site; VAT included,no,no,https://www.booking.com/hotel/it/domus-remo-room.it.html?checkin=2026-11-28&checkout=2026-12-01&group_adults=1&no_rooms=1&group_children=0&selected_currency=EUR,booking.com,2026-09-07T13:52:06.683Z
2026-11-28,2026-12-01,3,1,5,Unique Stay Tiburtina,B&B,,8.6,121,0.7,Camera Matrimoniale con Bagno in Comune ,171.41,no: city tax € 18 per stay paid on site; VAT included,no,no,https://www.booking.com/hotel/it/unique-stay-tiburtina.it.html?checkin=2026-11-28&checkout=2026-12-01&group_adults=1&no_rooms=1&group_children=0&selected_currency=EUR,booking.com,2026-09-07T13:52:06.683Z
2026-11-28,2026-12-01,3,1,6,"Nènè House Roma-Farfalla, appartamento in comune",guesthouse,,6.5,4,0.9,Camera Matrimoniale con Bagno Privato,177.27,no: city tax € 15 per stay paid on site; VAT included,yes,no,https://www.booking.com/hotel/it/nene-house-roma-farfalla.it.html?checkin=2026-11-28&checkout=2026-12-01&group_adults=1&no_rooms=1&group_children=0&selected_currency=EUR,booking.com,2026-09-07T13:52:06.683Z
2026-11-28,2026-12-01,3,1,7,DOMUS REMO Room #1,guesthouse,4T,9.1,31,0.45,Camera Tripla con Bagno Privato,179.19,yes,no,no,https://www.booking.com/hotel/it/domus-remo-rooms.it.html?checkin=2026-11-28&checkout=2026-12-01&group_adults=1&no_rooms=1&group_children=0&selected_currency=EUR,booking.com,2026-09-07T13:52:06.683Z
2026-11-28,2026-12-01,3,1,8,Mikasa Piazza Bologna,guesthouse,,4.2,140,0.8,Camera Matrimoniale con Bagno Privato Esterno ,186.14,no: city tax € 21 per stay paid on site; VAT included,no,yes,https://www.booking.com/hotel/it/b-amp-b-l-39-arca-di-campaldino.it.html?checkin=2026-11-28&checkout=2026-12-01&group_adults=1&no_rooms=1&group_children=0&selected_currency=EUR,booking.com,2026-09-07T13:52:06.683Z
2026-11-29,2026-12-02,3,1,1,"BEDS&ROOMS TIBURTINA- Rooms, Camere private",guesthouse,4T,8.8,106,0.2,Camera Singola con Bagno Privato,138.26,yes,no,no,https://www.booking.com/hotel/it/beds-amp-rooms-tiburtina-rooms.it.html?checkin=2026-11-29&checkout=2026-12-02&group_adults=1&no_rooms=1&group_children=0&selected_currency=EUR,booking.com,2026-09-07T13:52:28.587Z
2026-11-29,2026-12-02,3,1,2,B&B Anturium,B&B,4T,8.6,173,0.5,Camera Matrimoniale con Bagno Privato Esterno ,156.17,no: city tax € 18 per stay paid on site; VAT included,no,no,https://www.booking.com/hotel/it/b-amp-b-anturium.it.html?checkin=2026-11-29&checkout=2026-12-02&group_adults=1&no_rooms=1&group_children=0&selected_currency=EUR,booking.com,2026-09-07T13:52:28.587Z
2026-11-29,2026-12-02,3,1,3,AFFITTACAMERE A CASA MIA,guesthouse,4T,8.8,478,0.35,Camera Singola Standard,158.23,no: city tax € 15 per stay paid on site; VAT included,no,no,https://www.booking.com/hotel/it/affittacamere-a-casa-mia.it.html?checkin=2026-11-29&checkout=2026-12-02&group_adults=1&no_rooms=1&group_children=0&selected_currency=EUR,booking.com,2026-09-07T13:52:28.587Z
2026-11-29,2026-12-02,3,1,4,Unique Stay Tiburtina,B&B,,8.6,121,0.7,Camera Matrimoniale con Bagno in Comune ,171.41,no: city tax € 18 per stay paid on site; VAT included,no,no,https://www.booking.com/hotel/it/unique-stay-tiburtina.it.html?checkin=2026-11-29&checkout=2026-12-02&group_adults=1&no_rooms=1&group_children=0&selected_currency=EUR,booking.com,2026-09-07T13:52:28.587Z
2026-11-29,2026-12-02,3,1,5,Domus Remo Room #2,guesthouse,3T,7.5,12,0.45,Camera Matrimoniale con Bagno Privato,171.55,no: city tax € 21 per stay paid on site; VAT included,no,no,https://www.booking.com/hotel/it/domus-remo-room.it.html?checkin=2026-11-29&checkout=2026-12-02&group_adults=1&no_rooms=1&group_children=0&selected_currency=EUR,booking.com,2026-09-07T13:52:28.587Z
2026-11-29,2026-12-02,3,1,6,"Nènè House Roma-Farfalla, appartamento in comune",guesthouse,,6.5,4,0.9,Camera Matrimoniale con Bagno Privato,171.82,no: city tax € 15 per stay paid on site; VAT included,yes,no,https://www.booking.com/hotel/it/nene-house-roma-farfalla.it.html?checkin=2026-11-29&checkout=2026-12-02&group_adults=1&no_rooms=1&group_children=0&selected_currency=EUR,booking.com,2026-09-07T13:52:28.587Z
2026-11-29,2026-12-02,3,1,7,Affittacamere Tiburstation,guesthouse,3T,7.8,179,0.9,Camera Singola,180.76,no: city tax € 21 per stay paid on site; VAT included,no,no,https://www.booking.com/hotel/it/tibur-station.it.html?checkin=2026-11-29&checkout=2026-12-02&group_adults=1&no_rooms=1&group_children=0&selected_currency=EUR,booking.com,2026-09-07T13:52:28.587Z
2026-11-29,2026-12-02,3,1,8,"Nènè House Roma-Cuore, appartamento in comune",guesthouse,4T,9.1,9,0.9,Camera Matrimoniale con Bagno Privato,182.73,no: city tax € 15 per stay paid on site; VAT included,yes,no,https://www.booking.com/hotel/it/nene-house-roma.it.html?checkin=2026-11-29&checkout=2026-12-02&group_adults=1&no_rooms=1&group_children=0&selected_currency=EUR,booking.com,2026-09-07T13:52:28.587Z
2026-11-30,2026-12-03,3,1,1,"BEDS&ROOMS TIBURTINA- Rooms, Camere private",guesthouse,4T,8.8,106,0.2,Camera Singola con Bagno Privato,138.26,yes,no,no,https://www.booking.com/hotel/it/beds-amp-rooms-tiburtina-rooms.it.html?checkin=2026-11-30&checkout=2026-12-03&group_adults=1&no_rooms=1&group_children=0&selected_currency=EUR,booking.com,2026-09-07T13:53:03.885Z
2026-11-30,2026-12-03,3,1,2,B&B Anturium,B&B,4T,8.6,173,0.5,Camera Matrimoniale con Bagno Privato Esterno ,156.17,no: city tax € 18 per stay paid on site; VAT included,no,no,https://www.booking.com/hotel/it/b-amp-b-anturium.it.html?checkin=2026-11-30&checkout=2026-12-03&group_adults=1&no_rooms=1&group_children=0&selected_currency=EUR,booking.com,2026-09-07T13:53:03.885Z
2026-11-30,2026-12-03,3,1,3,AFFITTACAMERE A CASA MIA,guesthouse,4T,8.8,478,0.35,Camera Singola Standard,158.23,no: city tax € 15 per stay paid on site; VAT included,no,no,https://www.booking.com/hotel/it/affittacamere-a-casa-mia.it.html?checkin=2026-11-30&checkout=2026-12-03&group_adults=1&no_rooms=1&group_children=0&selected_currency=EUR,booking.com,2026-09-07T13:53:03.885Z
2026-11-30,2026-12-03,3,1,4,Affittacamere Roma Tiburtina,guesthouse,3T,6.5,755,0.2,Camera Singola con Bagno Privato,163.64,no: city tax € 21 per stay paid on site; VAT included,yes,yes,https://www.booking.com/hotel/it/affittacamere-roma-tiburtina.it.html?checkin=2026-11-30&checkout=2026-12-03&group_adults=1&no_rooms=1&group_children=0&selected_currency=EUR,booking.com,2026-09-07T13:53:03.885Z
2026-11-30,2026-12-03,3,1,5,B&B SPQR,B&B,2T,6,545,0.35,Camera Singola con Bagno Privato,163.64,no: city tax € 18 per stay paid on site; VAT included,yes,yes,https://www.booking.com/hotel/it/spqr.it.html?checkin=2026-11-30&checkout=2026-12-03&group_adults=1&no_rooms=1&group_children=0&selected_currency=EUR,booking.com,2026-09-07T13:53:03.885Z
2026-11-30,2026-12-03,3,1,6,Unique Stay Tiburtina,B&B,,8.6,121,0.7,Camera Matrimoniale con Bagno in Comune ,171.41,no: city tax € 18 per stay paid on site; VAT included,no,no,https://www.booking.com/hotel/it/unique-stay-tiburtina.it.html?checkin=2026-11-30&checkout=2026-12-03&group_adults=1&no_rooms=1&group_children=0&selected_currency=EUR,booking.com,2026-09-07T13:53:03.885Z
2026-11-30,2026-12-03,3,1,7,"Nènè House Roma-Farfalla, appartamento in comune",guesthouse,,6.5,4,0.9,Camera Matrimoniale con Bagno Privato,171.82,no: city tax € 15 per stay paid on site; VAT included,yes,no,https://www.booking.com/hotel/it/nene-house-roma-farfalla.it.html?checkin=2026-11-30&checkout=2026-12-03&group_adults=1&no_rooms=1&group_children=0&selected_currency=EUR,booking.com,2026-09-07T13:53:03.885Z
2026-11-30,2026-12-03,3,1,8,Domus Remo Room #2,guesthouse,3T,7.5,12,0.45,Camera Matrimoniale con Bagno Privato,176.23,no: city tax € 21 per stay paid on site; VAT included,no,no,https://www.booking.com/hotel/it/domus-remo-room.it.html?checkin=2026-11-30&checkout=2026-12-03&group_adults=1&no_rooms=1&group_children=0&selected_currency=EUR,booking.com,2026-09-07T13:53:03.885Z
