route,kind,date,price_eur,train,dep_time,arr_time,duration,changes,offer,arrival_station,source_url,fetched_at
MessinaC-RomaTer,cheapest_overall,2026-09-25,33.9,Ferry M8 + FR 8332,14:25,21:20,6h 55min,1,FrecciaDAYS (STANDARD),Roma Termini,https://www.lefrecce.it/Channels.Website.BFF.WEB/website/ticket/solutions,2026-09-07T12:43:49.556024Z
MessinaC-RomaTer,cheapest_direct_daytime,2026-09-25,63.5,IC 734,10:15,18:34,8h 19min,0,BASE (2ª CLASSE EASY),Roma Termini,https://www.lefrecce.it/Channels.Website.BFF.WEB/website/ticket/solutions,2026-09-07T12:43:47.646354Z
MessinaC-RomaTer,cheapest_overall,2026-09-26,33.9,Ferry M8 + FR 8332,14:25,21:20,6h 55min,1,FrecciaDAYS (STANDARD),Roma Termini,https://www.lefrecce.it/Channels.Website.BFF.WEB/website/ticket/solutions,2026-09-07T12:43:55.213530Z
MessinaC-RomaTer,cheapest_direct_daytime,2026-09-26,36.9,IC 734,10:15,18:34,8h 19min,0,Super Economy (2ª CLASSE EASY),Roma Termini,https://www.lefrecce.it/Channels.Website.BFF.WEB/website/ticket/solutions,2026-09-07T12:43:52.879601Z
MessinaC-RomaTer,cheapest_overall,2026-09-27,40.0,Ferry M14 + NI 812 + RE 21052,20:55,06:30,9h 35min,2,Economy (Posto a sedere 2ª classe-EASY) + ORDINARIA (2ª CLASSE PRENOTAZIONE),Roma Termini,https://www.lefrecce.it/Channels.Website.BFF.WEB/website/ticket/solutions,2026-09-07T12:44:01.153424Z
MessinaC-RomaTer,cheapest_direct_daytime,2026-09-27,48.9,IC 734,10:15,18:34,8h 19min,0,Economy (2ª CLASSE EASY),Roma Termini,https://www.lefrecce.it/Channels.Website.BFF.WEB/website/ticket/solutions,2026-09-07T12:44:01.153424Z
MessinaC-RomaTer,cheapest_overall,2026-09-28,23.9,Ferry M8 + RE 5546 + IC 560,14:25,22:34,8h 09min,2,ORDINARIA (2ª CLASSE) + Super Economy (2ª CLASSE EASY),Roma Termini,https://www.lefrecce.it/Channels.Website.BFF.WEB/website/ticket/solutions,2026-09-07T12:44:06.688127Z
MessinaC-RomaTer,cheapest_direct_daytime,2026-09-28,36.9,IC 724,13:20,21:34,8h 14min,0,Super Economy (2ª CLASSE EASY),Roma Termini,https://www.lefrecce.it/Channels.Website.BFF.WEB/website/ticket/solutions,2026-09-07T12:44:06.688127Z
MessinaC-RomaTer,cheapest_overall,2026-09-29,23.9,Ferry M8 + RE 5546 + IC 560,14:25,22:34,8h 09min,2,ORDINARIA (2ª CLASSE) + Super Economy (2ª CLASSE EASY),Roma Termini,https://www.lefrecce.it/Channels.Website.BFF.WEB/website/ticket/solutions,2026-09-07T12:44:13.286764Z
MessinaC-RomaTer,cheapest_direct_daytime,2026-09-29,36.9,IC 734,10:15,18:34,8h 19min,0,Super Economy (2ª CLASSE EASY),Roma Termini,https://www.lefrecce.it/Channels.Website.BFF.WEB/website/ticket/solutions,2026-09-07T12:44:10.552460Z
MessinaC-RomaTer,cheapest_overall,2026-09-30,23.9,Ferry M8 + RE 5546 + IC 560,14:25,22:34,8h 09min,2,ORDINARIA (2ª CLASSE) + Super Economy (2ª CLASSE EASY),Roma Termini,https://www.lefrecce.it/Channels.Website.BFF.WEB/website/ticket/solutions,2026-09-07T12:44:18.842589Z
MessinaC-RomaTer,cheapest_direct_daytime,2026-09-30,36.9,IC 724,13:20,21:34,8h 14min,0,Super Economy (2ª CLASSE EASY),Roma Termini,https://www.lefrecce.it/Channels.Website.BFF.WEB/website/ticket/solutions,2026-09-07T12:44:18.842589Z
MessinaC-RomaTer,cheapest_overall,2026-10-01,23.9,Ferry M8 + RE 5546 + IC 560,14:25,22:34,8h 09min,2,ORDINARIA (2ª CLASSE) + Super Economy (2ª CLASSE EASY),Roma Termini,https://www.lefrecce.it/Channels.Website.BFF.WEB/website/ticket/solutions,2026-09-07T12:44:23.754397Z
MessinaC-RomaTer,cheapest_direct_daytime,2026-10-01,34.9,IC 95072,10:15,18:34,8h 19min,0,Super Economy (1ª CLASSE PLUS),Roma Termini,https://www.lefrecce.it/Channels.Website.BFF.WEB/website/ticket/solutions,2026-09-07T12:44:22.066292Z
MessinaC-RomaTer,cheapest_overall,2026-10-02,33.9,Ferry M7 + FR 8868,12:35,20:16,7h 41min,1,FrecciaDAYS (STANDARD),Roma Termini,https://www.lefrecce.it/Channels.Website.BFF.WEB/website/ticket/solutions,2026-09-07T12:44:29.796889Z
MessinaC-RomaTer,cheapest_direct_daytime,2026-10-02,36.9,IC 95072,10:15,18:34,8h 19min,0,Super Economy (2ª CLASSE EASY),Roma Termini,https://www.lefrecce.it/Channels.Website.BFF.WEB/website/ticket/solutions,2026-09-07T12:44:27.381065Z
MessinaC-RomaTer,cheapest_overall,2026-10-03,27.9,Ferry M3 + IC 552,07:25,15:34,8h 09min,1,Super Economy (2ª CLASSE EASY),Roma Termini,https://www.lefrecce.it/Channels.Website.BFF.WEB/website/ticket/solutions,2026-09-07T12:44:33.462749Z
MessinaC-RomaTer,cheapest_direct_daytime,2026-10-03,34.9,IC 95072,10:15,18:34,8h 19min,0,Super Economy (1ª CLASSE PLUS),Roma Termini,https://www.lefrecce.it/Channels.Website.BFF.WEB/website/ticket/solutions,2026-09-07T12:44:33.462749Z
MessinaC-RomaTer,cheapest_overall,2026-10-04,32.0,Ferry M14 + NI 812 + RE 21052,20:55,06:30,9h 35min,2,Super Economy (Posto a sedere 2ª classe-EASY) + ORDINARIA (2ª CLASSE PRENOTAZIONE),Roma Termini,https://www.lefrecce.it/Channels.Website.BFF.WEB/website/ticket/solutions,2026-09-07T12:44:41.243162Z
MessinaC-RomaTer,cheapest_direct_daytime,2026-10-04,42.9,IC 95072,10:15,18:34,8h 19min,0,Economy (2ª CLASSE EASY),Roma Termini,https://www.lefrecce.it/Channels.Website.BFF.WEB/website/ticket/solutions,2026-09-07T12:44:38.988332Z
MessinaC-RomaTer,cheapest_overall,2026-10-05,27.9,Ferry M3 + IC 552,07:25,15:34,8h 09min,1,Super Economy (2ª CLASSE EASY),Roma Termini,https://www.lefrecce.it/Channels.Website.BFF.WEB/website/ticket/solutions,2026-09-07T12:44:45.331713Z
MessinaC-RomaTer,cheapest_direct_daytime,2026-10-05,29.9,IC 95072,10:15,18:34,8h 19min,0,Super Economy (2ª CLASSE EASY),Roma Termini,https://www.lefrecce.it/Channels.Website.BFF.WEB/website/ticket/solutions,2026-09-07T12:44:45.331713Z
MessinaC-RomaTer,cheapest_overall,2026-10-06,23.9,Ferry M8 + RE 5546 + IC 560,14:25,22:34,8h 09min,2,ORDINARIA (2ª CLASSE) + Super Economy (2ª CLASSE EASY),Roma Termini,https://www.lefrecce.it/Channels.Website.BFF.WEB/website/ticket/solutions,2026-09-07T12:44:53.347653Z
MessinaC-RomaTer,cheapest_direct_daytime,2026-10-06,29.9,IC 95070,13:20,21:34,8h 14min,0,Super Economy (2ª CLASSE EASY),Roma Termini,https://www.lefrecce.it/Channels.Website.BFF.WEB/website/ticket/solutions,2026-09-07T12:44:53.347653Z
MessinaC-RomaTer,cheapest_overall,2026-10-07,21.9,Ferry M3 + IC 552,07:25,15:34,8h 09min,1,Super Economy (2ª CLASSE EASY),Roma Termini,https://www.lefrecce.it/Channels.Website.BFF.WEB/website/ticket/solutions,2026-09-07T12:44:56.863577Z
MessinaC-RomaTer,cheapest_direct_daytime,2026-10-07,29.9,IC 95072,10:15,18:34,8h 19min,0,Super Economy (2ª CLASSE EASY),Roma Termini,https://www.lefrecce.it/Channels.Website.BFF.WEB/website/ticket/solutions,2026-09-07T12:44:56.863577Z
MessinaC-RomaTer,cheapest_overall,2026-10-08,23.9,Ferry M8 + RE 5546 + IC 560,14:25,22:34,8h 09min,2,ORDINARIA (2ª CLASSE) + Super Economy (2ª CLASSE EASY),Roma Termini,https://www.lefrecce.it/Channels.Website.BFF.WEB/website/ticket/solutions,2026-09-07T12:45:04.843082Z
MessinaC-RomaTer,cheapest_direct_daytime,2026-10-08,29.9,IC 95072,10:15,18:34,8h 19min,0,Super Economy (2ª CLASSE EASY),Roma Termini,https://www.lefrecce.it/Channels.Website.BFF.WEB/website/ticket/solutions,2026-09-07T12:45:02.585180Z
MessinaC-RomaTer,cheapest_overall,2026-10-09,29.9,Ferry M8 + RE 5546 + IC 560,14:25,22:34,8h 09min,2,ORDINARIA (2ª CLASSE) + Super Economy (2ª CLASSE EASY),Roma Termini,https://www.lefrecce.it/Channels.Website.BFF.WEB/website/ticket/solutions,2026-09-07T12:45:10.488651Z
MessinaC-RomaTer,cheapest_direct_daytime,2026-10-09,36.9,IC 95072,10:15,18:34,8h 19min,0,Super Economy (2ª CLASSE EASY),Roma Termini,https://www.lefrecce.it/Channels.Website.BFF.WEB/website/ticket/solutions,2026-09-07T12:45:08.403358Z
MessinaC-RomaTer,cheapest_overall,2026-10-10,21.9,Ferry M7 + IC 95070,12:35,21:34,8h 59min,1,Super Economy (2ª CLASSE EASY),Roma Termini,https://www.lefrecce.it/Channels.Website.BFF.WEB/website/ticket/solutions,2026-09-07T12:45:15.729224Z
MessinaC-RomaTer,cheapest_direct_daytime,2026-10-10,29.9,IC 95072,10:15,18:34,8h 19min,0,Super Economy (2ª CLASSE EASY),Roma Termini,https://www.lefrecce.it/Channels.Website.BFF.WEB/website/ticket/solutions,2026-09-07T12:45:13.692906Z
MessinaC-RomaTer,cheapest_overall,2026-10-11,32.0,Ferry M14 + NI 812 + RE 21052,20:55,06:30,9h 35min,2,Super Economy (Posto a sedere 2ª classe-EASY) + ORDINARIA (2ª CLASSE PRENOTAZIONE),Roma Termini,https://www.lefrecce.it/Channels.Website.BFF.WEB/website/ticket/solutions,2026-09-07T12:45:23.069940Z
MessinaC-RomaTer,cheapest_direct_daytime,2026-10-11,42.9,IC 95072,10:15,18:34,8h 19min,0,Economy (2ª CLASSE EASY),Roma Termini,https://www.lefrecce.it/Channels.Website.BFF.WEB/website/ticket/solutions,2026-09-07T12:45:23.069940Z
MessinaC-RomaTer,cheapest_overall,2026-10-12,27.9,Ferry M3 + IC 552,07:25,15:34,8h 09min,1,Super Economy (2ª CLASSE EASY),Roma Termini,https://www.lefrecce.it/Channels.Website.BFF.WEB/website/ticket/solutions,2026-09-07T12:45:27.785131Z
MessinaC-RomaTer,cheapest_direct_daytime,2026-10-12,,NO_DIRECT_DAYTIME_SOLUTION,,,,,,,https://www.lefrecce.it/Channels.Website.BFF.WEB/website/ticket/solutions,2026-09-07T12:45:27.785131Z
MessinaC-RomaTer,cheapest_overall,2026-10-13,21.9,Ferry M3 + IC 552,07:25,15:34,8h 09min,1,Super Economy (2ª CLASSE EASY),Roma Termini,https://www.lefrecce.it/Channels.Website.BFF.WEB/website/ticket/solutions,2026-09-07T12:45:35.615664Z
MessinaC-RomaTer,cheapest_direct_daytime,2026-10-13,29.9,IC 95072,10:15,18:34,8h 19min,0,Super Economy (2ª CLASSE EASY),Roma Termini,https://www.lefrecce.it/Channels.Website.BFF.WEB/website/ticket/solutions,2026-09-07T12:45:35.615664Z
MessinaC-RomaTer,cheapest_overall,2026-10-14,21.9,Ferry M3 + IC 552,07:25,15:34,8h 09min,1,Super Economy (2ª CLASSE EASY),Roma Termini,https://www.lefrecce.it/Channels.Website.BFF.WEB/website/ticket/solutions,2026-09-07T12:45:42.659670Z
MessinaC-RomaTer,cheapest_direct_daytime,2026-10-14,29.9,IC 95072,10:15,18:34,8h 19min,0,Super Economy (2ª CLASSE EASY),Roma Termini,https://www.lefrecce.it/Channels.Website.BFF.WEB/website/ticket/solutions,2026-09-07T12:45:42.659670Z
MessinaC-RomaTer,cheapest_overall,2026-10-15,23.9,Ferry M8 + RE 5546 + IC 560,14:25,22:34,8h 09min,2,ORDINARIA (2ª CLASSE) + Super Economy (2ª CLASSE EASY),Roma Termini,https://www.lefrecce.it/Channels.Website.BFF.WEB/website/ticket/solutions,2026-09-07T12:45:51.999318Z
MessinaC-RomaTer,cheapest_direct_daytime,2026-10-15,29.9,IC 95072,10:15,18:34,8h 19min,0,Super Economy (2ª CLASSE EASY),Roma Termini,https://www.lefrecce.it/Channels.Website.BFF.WEB/website/ticket/solutions,2026-09-07T12:45:49.503950Z
MessinaC-RomaTer,cheapest_overall,2026-10-16,29.9,Ferry M8 + RE 5546 + IC 560,14:25,22:34,8h 09min,2,ORDINARIA (2ª CLASSE) + Super Economy (2ª CLASSE EASY),Roma Termini,https://www.lefrecce.it/Channels.Website.BFF.WEB/website/ticket/solutions,2026-09-07T12:45:58.112513Z
MessinaC-RomaTer,cheapest_direct_daytime,2026-10-16,34.9,IC 95070,13:20,21:34,8h 14min,0,Super Economy (1ª CLASSE PLUS),Roma Termini,https://www.lefrecce.it/Channels.Website.BFF.WEB/website/ticket/solutions,2026-09-07T12:45:58.112513Z
MessinaC-RomaTer,cheapest_overall,2026-10-17,27.9,Ferry M3 + IC 552,07:25,15:34,8h 09min,1,Super Economy (2ª CLASSE EASY),Roma Termini,https://www.lefrecce.it/Channels.Website.BFF.WEB/website/ticket/solutions,2026-09-07T12:46:01.776939Z
MessinaC-RomaTer,cheapest_direct_daytime,2026-10-17,29.9,IC 95072,10:15,18:34,8h 19min,0,Super Economy (2ª CLASSE EASY),Roma Termini,https://www.lefrecce.it/Channels.Website.BFF.WEB/website/ticket/solutions,2026-09-07T12:46:01.776939Z
MessinaC-RomaTer,cheapest_overall,2026-10-18,32.0,Ferry M14 + NI 812 + RE 21052,20:55,06:30,9h 35min,2,Super Economy (Posto a sedere 2ª classe-EASY) + ORDINARIA (2ª CLASSE PRENOTAZIONE),Roma Termini,https://www.lefrecce.it/Channels.Website.BFF.WEB/website/ticket/solutions,2026-09-07T12:46:12.842791Z
MessinaC-RomaTer,cheapest_direct_daytime,2026-10-18,36.9,IC 95072,10:15,18:34,8h 19min,0,Super Economy (2ª CLASSE EASY),Roma Termini,https://www.lefrecce.it/Channels.Website.BFF.WEB/website/ticket/solutions,2026-09-07T12:46:12.842791Z
MessinaC-RomaTer,cheapest_overall,2026-10-19,26.9,Ferry M14 + NI 794 + RE 12503,20:55,06:25,9h 30min,2,Super Economy (Posto a sedere 2ª classe-EASY) + ORDINARIA (2ª CLASSE),Roma Termini,https://www.lefrecce.it/Channels.Website.BFF.WEB/website/ticket/solutions,2026-09-07T12:46:18.988926Z
MessinaC-RomaTer,cheapest_direct_daytime,2026-10-19,29.9,IC 95072,10:15,18:34,8h 19min,0,Super Economy (2ª CLASSE EASY),Roma Termini,https://www.lefrecce.it/Channels.Website.BFF.WEB/website/ticket/solutions,2026-09-07T12:46:16.383605Z
MessinaC-RomaTer,cheapest_overall,2026-10-20,21.9,Ferry M3 + IC 552,07:25,15:34,8h 09min,1,Super Economy (2ª CLASSE EASY),Roma Termini,https://www.lefrecce.it/Channels.Website.BFF.WEB/website/ticket/solutions,2026-09-07T12:46:22.546289Z
MessinaC-RomaTer,cheapest_direct_daytime,2026-10-20,23.9,IC 95070,13:20,21:34,8h 14min,0,Super Economy (2ª CLASSE EASY),Roma Termini,https://www.lefrecce.it/Channels.Website.BFF.WEB/website/ticket/solutions,2026-09-07T12:46:25.079709Z
MessinaC-RomaTer,cheapest_overall,2026-10-21,21.9,Ferry M3 + IC 552,07:25,15:34,8h 09min,1,Super Economy (2ª CLASSE EASY),Roma Termini,https://www.lefrecce.it/Channels.Website.BFF.WEB/website/ticket/solutions,2026-09-07T12:46:29.156057Z
MessinaC-RomaTer,cheapest_direct_daytime,2026-10-21,23.9,IC 95070,13:20,21:34,8h 14min,0,Super Economy (2ª CLASSE EASY),Roma Termini,https://www.lefrecce.it/Channels.Website.BFF.WEB/website/ticket/solutions,2026-09-07T12:46:31.329123Z
MessinaC-RomaTer,cheapest_overall,2026-10-22,21.9,Ferry M3 + IC 552,07:25,15:34,8h 09min,1,Super Economy (2ª CLASSE EASY),Roma Termini,https://www.lefrecce.it/Channels.Website.BFF.WEB/website/ticket/solutions,2026-09-07T12:46:34.928110Z
MessinaC-RomaTer,cheapest_direct_daytime,2026-10-22,23.9,IC 95070,13:20,21:34,8h 14min,0,Super Economy (2ª CLASSE EASY),Roma Termini,https://www.lefrecce.it/Channels.Website.BFF.WEB/website/ticket/solutions,2026-09-07T12:46:37.023697Z
MessinaC-RomaTer,cheapest_overall,2026-10-23,23.9,Ferry M8 + RE 5546 + IC 560,14:25,22:34,8h 09min,2,ORDINARIA (2ª CLASSE) + Super Economy (2ª CLASSE EASY),Roma Termini,https://www.lefrecce.it/Channels.Website.BFF.WEB/website/ticket/solutions,2026-09-07T12:46:45.090533Z
MessinaC-RomaTer,cheapest_direct_daytime,2026-10-23,36.9,IC 95072,10:15,18:34,8h 19min,0,Super Economy (2ª CLASSE EASY),Roma Termini,https://www.lefrecce.it/Channels.Website.BFF.WEB/website/ticket/solutions,2026-09-07T12:46:40.744793Z
MessinaC-RomaTer,cheapest_overall,2026-10-24,21.9,Ferry M3 + IC 552,07:25,15:34,8h 09min,1,Super Economy (2ª CLASSE EASY),Roma Termini,https://www.lefrecce.it/Channels.Website.BFF.WEB/website/ticket/solutions,2026-09-07T12:46:48.222057Z
MessinaC-RomaTer,cheapest_direct_daytime,2026-10-24,23.9,IC 95072,10:15,18:34,8h 19min,0,Super Economy (2ª CLASSE EASY),Roma Termini,https://www.lefrecce.it/Channels.Website.BFF.WEB/website/ticket/solutions,2026-09-07T12:46:48.222057Z
MessinaC-RomaTer,cheapest_overall,2026-10-25,32.0,Ferry M14 + NI 812 + RE 21052,20:55,06:30,9h 35min,2,Super Economy (Posto a sedere 2ª classe-EASY) + ORDINARIA (2ª CLASSE PRENOTAZIONE),Roma Termini,https://www.lefrecce.it/Channels.Website.BFF.WEB/website/ticket/solutions,2026-09-07T12:46:56.109700Z
MessinaC-RomaTer,cheapest_direct_daytime,2026-10-25,42.9,IC 95072,10:15,18:34,8h 19min,0,Economy (2ª CLASSE EASY),Roma Termini,https://www.lefrecce.it/Channels.Website.BFF.WEB/website/ticket/solutions,2026-09-07T12:46:56.109700Z
MessinaC-RomaTer,cheapest_overall,2026-10-26,23.9,IC 95070,13:20,21:34,8h 14min,0,Super Economy (2ª CLASSE EASY),Roma Termini,https://www.lefrecce.it/Channels.Website.BFF.WEB/website/ticket/solutions,2026-09-07T12:47:02.697904Z
MessinaC-RomaTer,cheapest_direct_daytime,2026-10-26,23.9,IC 95070,13:20,21:34,8h 14min,0,Super Economy (2ª CLASSE EASY),Roma Termini,https://www.lefrecce.it/Channels.Website.BFF.WEB/website/ticket/solutions,2026-09-07T12:47:02.697904Z
MessinaC-RomaTer,cheapest_overall,2026-10-27,21.9,Ferry M3 + IC 552,07:25,15:34,8h 09min,1,Super Economy (2ª CLASSE EASY),Roma Termini,https://www.lefrecce.it/Channels.Website.BFF.WEB/website/ticket/solutions,2026-09-07T12:47:06.041875Z
MessinaC-RomaTer,cheapest_direct_daytime,2026-10-27,23.9,IC 95070,13:20,21:34,8h 14min,0,Super Economy (2ª CLASSE EASY),Roma Termini,https://www.lefrecce.it/Channels.Website.BFF.WEB/website/ticket/solutions,2026-09-07T12:47:08.391304Z
MessinaC-RomaTer,cheapest_overall,2026-10-28,21.9,Ferry M3 + IC 552,07:25,15:34,8h 09min,1,Super Economy (2ª CLASSE EASY),Roma Termini,https://www.lefrecce.it/Channels.Website.BFF.WEB/website/ticket/solutions,2026-09-07T12:47:11.896644Z
MessinaC-RomaTer,cheapest_direct_daytime,2026-10-28,23.9,IC 95072,10:15,18:34,8h 19min,0,Super Economy (2ª CLASSE EASY),Roma Termini,https://www.lefrecce.it/Channels.Website.BFF.WEB/website/ticket/solutions,2026-09-07T12:47:11.896644Z
MessinaC-RomaTer,cheapest_overall,2026-10-29,21.9,Ferry M3 + IC 552,07:25,15:34,8h 09min,1,Super Economy (2ª CLASSE EASY),Roma Termini,https://www.lefrecce.it/Channels.Website.BFF.WEB/website/ticket/solutions,2026-09-07T12:47:18.761061Z
MessinaC-RomaTer,cheapest_direct_daytime,2026-10-29,23.9,IC 95072,10:15,18:34,8h 19min,0,Super Economy (2ª CLASSE EASY),Roma Termini,https://www.lefrecce.it/Channels.Website.BFF.WEB/website/ticket/solutions,2026-09-07T12:47:18.761061Z
MessinaC-RomaTer,cheapest_overall,2026-10-30,29.9,IC 95072,10:15,18:34,8h 19min,0,Super Economy (2ª CLASSE EASY),Roma Termini,https://www.lefrecce.it/Channels.Website.BFF.WEB/website/ticket/solutions,2026-09-07T12:47:24.673343Z
MessinaC-RomaTer,cheapest_direct_daytime,2026-10-30,29.9,IC 95072,10:15,18:34,8h 19min,0,Super Economy (2ª CLASSE EASY),Roma Termini,https://www.lefrecce.it/Channels.Website.BFF.WEB/website/ticket/solutions,2026-09-07T12:47:24.673343Z
MessinaC-RomaTer,cheapest_overall,2026-10-31,21.9,Ferry M8 + IC 560,14:25,22:34,8h 09min,1,Super Economy (2ª CLASSE EASY),Roma Termini,https://www.lefrecce.it/Channels.Website.BFF.WEB/website/ticket/solutions,2026-09-07T12:47:32.529854Z
MessinaC-RomaTer,cheapest_direct_daytime,2026-10-31,23.9,IC 95070,13:20,21:34,8h 14min,0,Super Economy (2ª CLASSE EASY),Roma Termini,https://www.lefrecce.it/Channels.Website.BFF.WEB/website/ticket/solutions,2026-09-07T12:47:32.529854Z
MessinaC-RomaTer,cheapest_overall,2026-11-01,32.0,Ferry M14 + NI 812 + RE 21052,20:55,06:30,9h 35min,2,Super Economy (Posto a sedere 2ª classe-EASY) + ORDINARIA (2ª CLASSE PRENOTAZIONE),Roma Termini,https://www.lefrecce.it/Channels.Website.BFF.WEB/website/ticket/solutions,2026-09-07T12:47:38.730658Z
MessinaC-RomaTer,cheapest_direct_daytime,2026-11-01,34.9,IC 95072,10:15,18:34,8h 19min,0,Super Economy (1ª CLASSE PLUS),Roma Termini,https://www.lefrecce.it/Channels.Website.BFF.WEB/website/ticket/solutions,2026-09-07T12:47:38.730658Z
MessinaC-RomaTer,cheapest_overall,2026-11-02,23.9,IC 95070,13:20,21:34,8h 14min,0,Super Economy (2ª CLASSE EASY),Roma Termini,https://www.lefrecce.it/Channels.Website.BFF.WEB/website/ticket/solutions,2026-09-07T12:47:45.851600Z
MessinaC-RomaTer,cheapest_direct_daytime,2026-11-02,23.9,IC 95070,13:20,21:34,8h 14min,0,Super Economy (2ª CLASSE EASY),Roma Termini,https://www.lefrecce.it/Channels.Website.BFF.WEB/website/ticket/solutions,2026-09-07T12:47:45.851600Z
MessinaC-RomaTer,cheapest_overall,2026-11-03,21.9,Ferry M3 + IC 552,07:25,15:34,8h 09min,1,Super Economy (2ª CLASSE EASY),Roma Termini,https://www.lefrecce.it/Channels.Website.BFF.WEB/website/ticket/solutions,2026-09-07T12:47:49.475644Z
MessinaC-RomaTer,cheapest_direct_daytime,2026-11-03,23.9,IC 95070,13:20,21:34,8h 14min,0,Super Economy (2ª CLASSE EASY),Roma Termini,https://www.lefrecce.it/Channels.Website.BFF.WEB/website/ticket/solutions,2026-09-07T12:47:51.668058Z
MessinaC-RomaTer,cheapest_overall,2026-11-04,21.9,Ferry M3 + IC 552,07:25,15:34,8h 09min,1,Super Economy (2ª CLASSE EASY),Roma Termini,https://www.lefrecce.it/Channels.Website.BFF.WEB/website/ticket/solutions,2026-09-07T12:47:54.747715Z
MessinaC-RomaTer,cheapest_direct_daytime,2026-11-04,23.9,IC 95070,13:20,21:34,8h 14min,0,Super Economy (2ª CLASSE EASY),Roma Termini,https://www.lefrecce.it/Channels.Website.BFF.WEB/website/ticket/solutions,2026-09-07T12:47:57.078439Z
MessinaC-RomaTer,cheapest_overall,2026-11-05,21.9,Ferry M3 + IC 552,07:25,15:34,8h 09min,1,Super Economy (2ª CLASSE EASY),Roma Termini,https://www.lefrecce.it/Channels.Website.BFF.WEB/website/ticket/solutions,2026-09-07T12:48:00.475769Z
MessinaC-RomaTer,cheapest_direct_daytime,2026-11-05,29.9,IC 95072,10:15,18:34,8h 19min,0,Super Economy (2ª CLASSE EASY),Roma Termini,https://www.lefrecce.it/Channels.Website.BFF.WEB/website/ticket/solutions,2026-09-07T12:48:00.475769Z
MessinaC-RomaTer,cheapest_overall,2026-11-06,29.9,IC 95072,10:15,18:34,8h 19min,0,Super Economy (2ª CLASSE EASY),Roma Termini,https://www.lefrecce.it/Channels.Website.BFF.WEB/website/ticket/solutions,2026-09-07T12:48:08.461009Z
MessinaC-RomaTer,cheapest_direct_daytime,2026-11-06,29.9,IC 95072,10:15,18:34,8h 19min,0,Super Economy (2ª CLASSE EASY),Roma Termini,https://www.lefrecce.it/Channels.Website.BFF.WEB/website/ticket/solutions,2026-09-07T12:48:08.461009Z
MessinaC-RomaTer,cheapest_overall,2026-11-07,21.9,Ferry M3 + IC 552,07:25,15:34,8h 09min,1,Super Economy (2ª CLASSE EASY),Roma Termini,https://www.lefrecce.it/Channels.Website.BFF.WEB/website/ticket/solutions,2026-09-07T12:48:14.509583Z
MessinaC-RomaTer,cheapest_direct_daytime,2026-11-07,23.9,IC 95070,13:20,21:34,8h 14min,0,Super Economy (2ª CLASSE EASY),Roma Termini,https://www.lefrecce.it/Channels.Website.BFF.WEB/website/ticket/solutions,2026-09-07T12:48:16.944980Z
MessinaC-RomaTer,cheapest_overall,2026-11-08,32.0,Ferry M14 + NI 812 + RE 21052,20:55,06:30,9h 35min,2,Super Economy (Posto a sedere 2ª classe-EASY) + ORDINARIA (2ª CLASSE PRENOTAZIONE),Roma Termini,https://www.lefrecce.it/Channels.Website.BFF.WEB/website/ticket/solutions,2026-09-07T12:48:24.474310Z
MessinaC-RomaTer,cheapest_direct_daytime,2026-11-08,34.9,IC 95070,13:20,21:34,8h 14min,0,Super Economy (1ª CLASSE PLUS),Roma Termini,https://www.lefrecce.it/Channels.Website.BFF.WEB/website/ticket/solutions,2026-09-07T12:48:24.474310Z
MessinaC-RomaTer,cheapest_overall,2026-11-09,21.9,Ferry M3 + IC 552,07:25,15:34,8h 09min,1,Super Economy (2ª CLASSE EASY),Roma Termini,https://www.lefrecce.it/Channels.Website.BFF.WEB/website/ticket/solutions,2026-09-07T12:48:32.497713Z
MessinaC-RomaTer,cheapest_direct_daytime,2026-11-09,23.9,IC 95072,10:15,18:34,8h 19min,0,Super Economy (2ª CLASSE EASY),Roma Termini,https://www.lefrecce.it/Channels.Website.BFF.WEB/website/ticket/solutions,2026-09-07T12:48:32.497713Z
MessinaC-RomaTer,cheapest_overall,2026-11-10,21.9,Ferry M3 + IC 552,07:25,15:34,8h 09min,1,Super Economy (2ª CLASSE EASY),Roma Termini,https://www.lefrecce.it/Channels.Website.BFF.WEB/website/ticket/solutions,2026-09-07T12:48:47.469000Z
MessinaC-RomaTer,cheapest_direct_daytime,2026-11-10,23.9,IC 95072,10:15,18:34,8h 19min,0,Super Economy (2ª CLASSE EASY),Roma Termini,https://www.lefrecce.it/Channels.Website.BFF.WEB/website/ticket/solutions,2026-09-07T12:48:47.469000Z
MessinaC-RomaTer,cheapest_overall,2026-11-11,21.9,Ferry M3 + IC 552,07:25,15:34,8h 09min,1,Super Economy (2ª CLASSE EASY),Roma Termini,https://www.lefrecce.it/Channels.Website.BFF.WEB/website/ticket/solutions,2026-09-07T12:48:53.331692Z
MessinaC-RomaTer,cheapest_direct_daytime,2026-11-11,23.9,IC 95072,10:15,18:34,8h 19min,0,Super Economy (2ª CLASSE EASY),Roma Termini,https://www.lefrecce.it/Channels.Website.BFF.WEB/website/ticket/solutions,2026-09-07T12:48:53.331692Z
MessinaC-RomaTer,cheapest_overall,2026-11-12,21.9,Ferry M3 + IC 552,07:25,15:34,8h 09min,1,Super Economy (2ª CLASSE EASY),Roma Termini,https://www.lefrecce.it/Channels.Website.BFF.WEB/website/ticket/solutions,2026-09-07T12:49:00.297528Z
MessinaC-RomaTer,cheapest_direct_daytime,2026-11-12,23.9,IC 95072,10:15,18:34,8h 19min,0,Super Economy (2ª CLASSE EASY),Roma Termini,https://www.lefrecce.it/Channels.Website.BFF.WEB/website/ticket/solutions,2026-09-07T12:49:00.297528Z
MessinaC-RomaTer,cheapest_overall,2026-11-13,26.9,Ferry M14 + NI 794 + RE 12503,20:55,06:25,9h 30min,2,Super Economy (Posto a sedere 2ª classe-EASY) + ORDINARIA (2ª CLASSE),Roma Termini,https://www.lefrecce.it/Channels.Website.BFF.WEB/website/ticket/solutions,2026-09-07T12:49:09.215184Z
MessinaC-RomaTer,cheapest_direct_daytime,2026-11-13,29.9,IC 95072,10:15,18:34,8h 19min,0,Super Economy (2ª CLASSE EASY),Roma Termini,https://www.lefrecce.it/Channels.Website.BFF.WEB/website/ticket/solutions,2026-09-07T12:49:06.604694Z
MessinaC-RomaTer,cheapest_overall,2026-11-14,21.9,Ferry M3 + IC 552,07:25,15:34,8h 09min,1,Super Economy (2ª CLASSE EASY),Roma Termini,https://www.lefrecce.it/Channels.Website.BFF.WEB/website/ticket/solutions,2026-09-07T12:49:14.504353Z
MessinaC-RomaTer,cheapest_direct_daytime,2026-11-14,23.9,IC 95072,10:15,18:34,8h 19min,0,Super Economy (2ª CLASSE EASY),Roma Termini,https://www.lefrecce.it/Channels.Website.BFF.WEB/website/ticket/solutions,2026-09-07T12:49:14.504353Z
MessinaC-RomaTer,cheapest_overall,2026-11-15,29.0,Ferry M14 + NI 812 + RE 21052,20:55,06:30,9h 35min,2,Super Economy (Posto a sedere 2ª classe-EASY) + ORDINARIA (2ª CLASSE PRENOTAZIONE),Roma Termini,https://www.lefrecce.it/Channels.Website.BFF.WEB/website/ticket/solutions,2026-09-07T12:49:22.751906Z
MessinaC-RomaTer,cheapest_direct_daytime,2026-11-15,34.9,IC 95072,10:15,18:34,8h 19min,0,Super Economy (1ª CLASSE PLUS),Roma Termini,https://www.lefrecce.it/Channels.Website.BFF.WEB/website/ticket/solutions,2026-09-07T12:49:22.751906Z
MessinaC-RomaTer,cheapest_overall,2026-11-16,21.9,Ferry M3 + IC 552,07:25,15:34,8h 09min,1,Super Economy (2ª CLASSE EASY),Roma Termini,https://www.lefrecce.it/Channels.Website.BFF.WEB/website/ticket/solutions,2026-09-07T12:49:27.596264Z
MessinaC-RomaTer,cheapest_direct_daytime,2026-11-16,23.9,IC 95070,13:20,21:34,8h 14min,0,Super Economy (2ª CLASSE EASY),Roma Termini,https://www.lefrecce.it/Channels.Website.BFF.WEB/website/ticket/solutions,2026-09-07T12:49:29.931470Z
MessinaC-RomaTer,cheapest_overall,2026-11-17,21.9,Ferry M3 + IC 552,07:25,15:34,8h 09min,1,Super Economy (2ª CLASSE EASY),Roma Termini,https://www.lefrecce.it/Channels.Website.BFF.WEB/website/ticket/solutions,2026-09-07T12:49:35.135346Z
MessinaC-RomaTer,cheapest_direct_daytime,2026-11-17,23.9,IC 95072,10:15,18:34,8h 19min,0,Super Economy (2ª CLASSE EASY),Roma Termini,https://www.lefrecce.it/Channels.Website.BFF.WEB/website/ticket/solutions,2026-09-07T12:49:35.135346Z
MessinaC-RomaTer,cheapest_overall,2026-11-18,21.9,Ferry M3 + IC 552,07:25,15:34,8h 09min,1,Super Economy (2ª CLASSE EASY),Roma Termini,https://www.lefrecce.it/Channels.Website.BFF.WEB/website/ticket/solutions,2026-09-07T12:49:40.854156Z
MessinaC-RomaTer,cheapest_direct_daytime,2026-11-18,23.9,IC 95072,10:15,18:34,8h 19min,0,Super Economy (2ª CLASSE EASY),Roma Termini,https://www.lefrecce.it/Channels.Website.BFF.WEB/website/ticket/solutions,2026-09-07T12:49:40.854156Z
MessinaC-RomaTer,cheapest_overall,2026-11-19,21.9,Ferry M3 + IC 552,07:25,15:34,8h 09min,1,Super Economy (2ª CLASSE EASY),Roma Termini,https://www.lefrecce.it/Channels.Website.BFF.WEB/website/ticket/solutions,2026-09-07T12:49:47.019826Z
MessinaC-RomaTer,cheapest_direct_daytime,2026-11-19,23.9,IC 95070,13:20,21:34,8h 14min,0,Super Economy (2ª CLASSE EASY),Roma Termini,https://www.lefrecce.it/Channels.Website.BFF.WEB/website/ticket/solutions,2026-09-07T12:49:49.606970Z
MessinaC-RomaTer,cheapest_overall,2026-11-20,23.9,IC 95072,10:15,18:34,8h 19min,0,Super Economy (2ª CLASSE EASY),Roma Termini,https://www.lefrecce.it/Channels.Website.BFF.WEB/website/ticket/solutions,2026-09-07T12:49:53.589322Z
MessinaC-RomaTer,cheapest_direct_daytime,2026-11-20,23.9,IC 95072,10:15,18:34,8h 19min,0,Super Economy (2ª CLASSE EASY),Roma Termini,https://www.lefrecce.it/Channels.Website.BFF.WEB/website/ticket/solutions,2026-09-07T12:49:53.589322Z
MessinaC-RomaTer,cheapest_overall,2026-11-21,21.9,Ferry M3 + IC 552,07:25,15:34,8h 09min,1,Super Economy (2ª CLASSE EASY),Roma Termini,https://www.lefrecce.it/Channels.Website.BFF.WEB/website/ticket/solutions,2026-09-07T12:49:59.788422Z
MessinaC-RomaTer,cheapest_direct_daytime,2026-11-21,23.9,IC 95072,10:15,18:34,8h 19min,0,Super Economy (2ª CLASSE EASY),Roma Termini,https://www.lefrecce.it/Channels.Website.BFF.WEB/website/ticket/solutions,2026-09-07T12:49:59.788422Z
MessinaC-RomaTer,cheapest_overall,2026-11-22,23.0,Ferry M4 + IC 1588 + RE 21086,08:15,17:24,9h 09min,2,Super Economy (2ª CLASSE EASY) + ORDINARIA (2ª CLASSE),Roma Termini,https://www.lefrecce.it/Channels.Website.BFF.WEB/website/ticket/solutions,2026-09-07T12:50:06.496359Z
MessinaC-RomaTer,cheapest_direct_daytime,2026-11-22,34.9,IC 95072,10:15,18:34,8h 19min,0,Super Economy (1ª CLASSE PLUS),Roma Termini,https://www.lefrecce.it/Channels.Website.BFF.WEB/website/ticket/solutions,2026-09-07T12:50:09.354578Z
MessinaC-RomaTer,cheapest_overall,2026-11-23,21.9,Ferry M3 + IC 552,07:25,15:34,8h 09min,1,Super Economy (2ª CLASSE EASY),Roma Termini,https://www.lefrecce.it/Channels.Website.BFF.WEB/website/ticket/solutions,2026-09-07T12:50:15.134915Z
MessinaC-RomaTer,cheapest_direct_daytime,2026-11-23,23.9,IC 95072,10:15,18:34,8h 19min,0,Super Economy (2ª CLASSE EASY),Roma Termini,https://www.lefrecce.it/Channels.Website.BFF.WEB/website/ticket/solutions,2026-09-07T12:50:15.134915Z
MessinaC-RomaTer,cheapest_overall,2026-11-24,21.9,Ferry M3 + IC 552,07:25,15:34,8h 09min,1,Super Economy (2ª CLASSE EASY),Roma Termini,https://www.lefrecce.it/Channels.Website.BFF.WEB/website/ticket/solutions,2026-09-07T12:50:22.124436Z
MessinaC-RomaTer,cheapest_direct_daytime,2026-11-24,23.9,IC 95072,10:15,18:34,8h 19min,0,Super Economy (2ª CLASSE EASY),Roma Termini,https://www.lefrecce.it/Channels.Website.BFF.WEB/website/ticket/solutions,2026-09-07T12:50:22.124436Z
MessinaC-RomaTer,cheapest_overall,2026-11-25,21.9,Ferry M3 + IC 552,07:25,15:34,8h 09min,1,Super Economy (2ª CLASSE EASY),Roma Termini,https://www.lefrecce.it/Channels.Website.BFF.WEB/website/ticket/solutions,2026-09-07T12:50:28.076470Z
MessinaC-RomaTer,cheapest_direct_daytime,2026-11-25,23.9,IC 95072,10:15,18:34,8h 19min,0,Super Economy (2ª CLASSE EASY),Roma Termini,https://www.lefrecce.it/Channels.Website.BFF.WEB/website/ticket/solutions,2026-09-07T12:50:28.076470Z
MessinaC-RomaTer,cheapest_overall,2026-11-26,21.9,Ferry M3 + IC 552,07:25,15:34,8h 09min,1,Super Economy (2ª CLASSE EASY),Roma Termini,https://www.lefrecce.it/Channels.Website.BFF.WEB/website/ticket/solutions,2026-09-07T12:50:35.053358Z
MessinaC-RomaTer,cheapest_direct_daytime,2026-11-26,23.9,IC 95072,10:15,18:34,8h 19min,0,Super Economy (2ª CLASSE EASY),Roma Termini,https://www.lefrecce.it/Channels.Website.BFF.WEB/website/ticket/solutions,2026-09-07T12:50:35.053358Z
MessinaC-RomaTer,cheapest_overall,2026-11-27,23.9,IC 95072,10:15,18:34,8h 19min,0,Super Economy (2ª CLASSE EASY),Roma Termini,https://www.lefrecce.it/Channels.Website.BFF.WEB/website/ticket/solutions,2026-09-07T12:50:46.595432Z
MessinaC-RomaTer,cheapest_direct_daytime,2026-11-27,23.9,IC 95072,10:15,18:34,8h 19min,0,Super Economy (2ª CLASSE EASY),Roma Termini,https://www.lefrecce.it/Channels.Website.BFF.WEB/website/ticket/solutions,2026-09-07T12:50:46.595432Z
MessinaC-RomaTer,cheapest_overall,2026-11-28,21.9,Ferry M3 + IC 552,07:25,15:34,8h 09min,1,Super Economy (2ª CLASSE EASY),Roma Termini,https://www.lefrecce.it/Channels.Website.BFF.WEB/website/ticket/solutions,2026-09-07T12:50:56.117646Z
MessinaC-RomaTer,cheapest_direct_daytime,2026-11-28,23.9,IC 95070,13:20,21:34,8h 14min,0,Super Economy (2ª CLASSE EASY),Roma Termini,https://www.lefrecce.it/Channels.Website.BFF.WEB/website/ticket/solutions,2026-09-07T12:50:58.699497Z
MessinaC-RomaTer,cheapest_overall,2026-11-29,29.0,Ferry M14 + NI 812 + RE 21052,20:55,06:30,9h 35min,2,Super Economy (Posto a sedere 2ª classe-EASY) + ORDINARIA (2ª CLASSE PRENOTAZIONE),Roma Termini,https://www.lefrecce.it/Channels.Website.BFF.WEB/website/ticket/solutions,2026-09-07T12:51:10.456835Z
MessinaC-RomaTer,cheapest_direct_daytime,2026-11-29,29.9,IC 95072,10:15,18:34,8h 19min,0,Super Economy (2ª CLASSE EASY),Roma Termini,https://www.lefrecce.it/Channels.Website.BFF.WEB/website/ticket/solutions,2026-09-07T12:51:10.456835Z
MessinaC-RomaTer,cheapest_overall,2026-11-30,21.9,Ferry M3 + IC 552,07:25,15:34,8h 09min,1,Super Economy (2ª CLASSE EASY),Roma Termini,https://www.lefrecce.it/Channels.Website.BFF.WEB/website/ticket/solutions,2026-09-07T12:51:15.630798Z
MessinaC-RomaTer,cheapest_direct_daytime,2026-11-30,23.9,IC 95072,10:15,18:34,8h 19min,0,Super Economy (2ª CLASSE EASY),Roma Termini,https://www.lefrecce.it/Channels.Website.BFF.WEB/website/ticket/solutions,2026-09-07T12:51:15.630798Z
MessinaC-RomaTib,cheapest_overall,2026-09-25,45.9,Ferry M1 + IC 550,05:05,15:10,10h 05min,1,Economy (2ª CLASSE EASY),Roma Tiburtina,https://www.lefrecce.it/Channels.Website.BFF.WEB/website/ticket/solutions,2026-09-07T12:35:09.053021Z
MessinaC-RomaTib,cheapest_direct_daytime,2026-09-25,,NO_DIRECT_DAYTIME_SOLUTION,,,,,,,https://www.lefrecce.it/Channels.Website.BFF.WEB/website/ticket/solutions,2026-09-07T12:35:09.053021Z
MessinaC-RomaTib,cheapest_overall,2026-09-26,36.9,IC 724,13:20,22:10,8h 50min,0,Super Economy (2ª CLASSE EASY),Roma Tiburtina,https://www.lefrecce.it/Channels.Website.BFF.WEB/website/ticket/solutions,2026-09-07T12:35:19.452468Z
MessinaC-RomaTib,cheapest_direct_daytime,2026-09-26,,NO_DIRECT_DAYTIME_SOLUTION,,,,,,,https://www.lefrecce.it/Channels.Website.BFF.WEB/website/ticket/solutions,2026-09-07T12:35:19.452468Z
MessinaC-RomaTib,cheapest_overall,2026-09-27,40.0,Ferry M14 + NI 812 + RE 21404,20:55,06:24,9h 29min,2,Economy (Posto a sedere 2ª classe-EASY) + ORDINARIA (2ª CLASSE),Roma Tiburtina,https://www.lefrecce.it/Channels.Website.BFF.WEB/website/ticket/solutions,2026-09-07T12:35:26.298088Z
MessinaC-RomaTib,cheapest_direct_daytime,2026-09-27,,NO_DIRECT_DAYTIME_SOLUTION,,,,,,,https://www.lefrecce.it/Channels.Website.BFF.WEB/website/ticket/solutions,2026-09-07T12:35:26.298088Z
MessinaC-RomaTib,cheapest_overall,2026-09-28,24.9,Ferry M8 + RE 5546 + IC 560 + RV 4538,14:25,22:58,8h 33min,3,ORDINARIA (2ª CLASSE) + Super Economy (2ª CLASSE EASY) + ORDINARIA (2ª CLASSE),Roma Tiburtina,https://www.lefrecce.it/Channels.Website.BFF.WEB/website/ticket/solutions,2026-09-07T12:35:32.387330Z
MessinaC-RomaTib,cheapest_direct_daytime,2026-09-28,,NO_DIRECT_DAYTIME_SOLUTION,,,,,,,https://www.lefrecce.it/Channels.Website.BFF.WEB/website/ticket/solutions,2026-09-07T12:35:32.387330Z
MessinaC-RomaTib,cheapest_overall,2026-09-29,24.9,Ferry M8 + RE 5546 + IC 560 + RV 4538,14:25,22:58,8h 33min,3,ORDINARIA (2ª CLASSE) + Super Economy (2ª CLASSE EASY) + ORDINARIA (2ª CLASSE),Roma Tiburtina,https://www.lefrecce.it/Channels.Website.BFF.WEB/website/ticket/solutions,2026-09-07T12:35:38.754758Z
MessinaC-RomaTib,cheapest_direct_daytime,2026-09-29,,NO_DIRECT_DAYTIME_SOLUTION,,,,,,,https://www.lefrecce.it/Channels.Website.BFF.WEB/website/ticket/solutions,2026-09-07T12:35:38.754758Z
MessinaC-RomaTib,cheapest_overall,2026-09-30,24.9,Ferry M8 + RE 5546 + IC 560 + RV 4538,14:25,22:58,8h 33min,3,ORDINARIA (2ª CLASSE) + Super Economy (2ª CLASSE EASY) + ORDINARIA (2ª CLASSE),Roma Tiburtina,https://www.lefrecce.it/Channels.Website.BFF.WEB/website/ticket/solutions,2026-09-07T12:35:46.590045Z
MessinaC-RomaTib,cheapest_direct_daytime,2026-09-30,,NO_DIRECT_DAYTIME_SOLUTION,,,,,,,https://www.lefrecce.it/Channels.Website.BFF.WEB/website/ticket/solutions,2026-09-07T12:35:46.590045Z
MessinaC-RomaTib,cheapest_overall,2026-10-01,24.9,Ferry M8 + RE 5546 + IC 560 + RV 4538,14:25,22:58,8h 33min,3,ORDINARIA (2ª CLASSE) + Super Economy (2ª CLASSE EASY) + ORDINARIA (2ª CLASSE),Roma Tiburtina,https://www.lefrecce.it/Channels.Website.BFF.WEB/website/ticket/solutions,2026-09-07T12:35:52.331255Z
MessinaC-RomaTib,cheapest_direct_daytime,2026-10-01,,NO_DIRECT_DAYTIME_SOLUTION,,,,,,,https://www.lefrecce.it/Channels.Website.BFF.WEB/website/ticket/solutions,2026-09-07T12:35:52.331255Z
MessinaC-RomaTib,cheapest_overall,2026-10-02,33.9,Ferry M7 + FR 8868,12:35,20:52,8h 17min,1,FrecciaDAYS (STANDARD),Roma Tiburtina,https://www.lefrecce.it/Channels.Website.BFF.WEB/website/ticket/solutions,2026-09-07T12:35:57.974654Z
MessinaC-RomaTib,cheapest_direct_daytime,2026-10-02,,NO_DIRECT_DAYTIME_SOLUTION,,,,,,,https://www.lefrecce.it/Channels.Website.BFF.WEB/website/ticket/solutions,2026-09-07T12:35:57.974654Z
MessinaC-RomaTib,cheapest_overall,2026-10-03,27.9,Ferry M8 + IC 560,14:25,00:16,9h 51min,1,Super Economy (2ª CLASSE EASY),Roma Tiburtina,https://www.lefrecce.it/Channels.Website.BFF.WEB/website/ticket/solutions,2026-09-07T12:36:03.980480Z
MessinaC-RomaTib,cheapest_direct_daytime,2026-10-03,,NO_DIRECT_DAYTIME_SOLUTION,,,,,,,https://www.lefrecce.it/Channels.Website.BFF.WEB/website/ticket/solutions,2026-09-07T12:36:03.980480Z
MessinaC-RomaTib,cheapest_overall,2026-10-04,32.0,Ferry M14 + NI 812 + RE 21404,20:55,06:24,9h 29min,2,Super Economy (Posto a sedere 2ª classe-EASY) + ORDINARIA (2ª CLASSE),Roma Tiburtina,https://www.lefrecce.it/Channels.Website.BFF.WEB/website/ticket/solutions,2026-09-07T12:36:10.249557Z
MessinaC-RomaTib,cheapest_direct_daytime,2026-10-04,,NO_DIRECT_DAYTIME_SOLUTION,,,,,,,https://www.lefrecce.it/Channels.Website.BFF.WEB/website/ticket/solutions,2026-09-07T12:36:10.249557Z
MessinaC-RomaTib,cheapest_overall,2026-10-05,30.9,IC 95072 + RV 4734,10:15,19:10,8h 55min,1,Super Economy (2ª CLASSE EASY) + ORDINARIA (2ª CLASSE),Roma Tiburtina,https://www.lefrecce.it/Channels.Website.BFF.WEB/website/ticket/solutions,2026-09-07T12:36:15.424576Z
MessinaC-RomaTib,cheapest_direct_daytime,2026-10-05,,NO_DIRECT_DAYTIME_SOLUTION,,,,,,,https://www.lefrecce.it/Channels.Website.BFF.WEB/website/ticket/solutions,2026-09-07T12:36:15.424576Z
MessinaC-RomaTib,cheapest_overall,2026-10-06,24.9,Ferry M8 + RE 5546 + IC 560 + RV 4538,14:25,22:58,8h 33min,3,ORDINARIA (2ª CLASSE) + Super Economy (2ª CLASSE EASY) + ORDINARIA (2ª CLASSE),Roma Tiburtina,https://www.lefrecce.it/Channels.Website.BFF.WEB/website/ticket/solutions,2026-09-07T12:36:25.314471Z
MessinaC-RomaTib,cheapest_direct_daytime,2026-10-06,,NO_DIRECT_DAYTIME_SOLUTION,,,,,,,https://www.lefrecce.it/Channels.Website.BFF.WEB/website/ticket/solutions,2026-09-07T12:36:25.314471Z
MessinaC-RomaTib,cheapest_overall,2026-10-07,24.9,Ferry M8 + RE 5546 + IC 560 + RV 4538,14:25,22:58,8h 33min,3,ORDINARIA (2ª CLASSE) + Super Economy (2ª CLASSE EASY) + ORDINARIA (2ª CLASSE),Roma Tiburtina,https://www.lefrecce.it/Channels.Website.BFF.WEB/website/ticket/solutions,2026-09-07T12:36:31.139828Z
MessinaC-RomaTib,cheapest_direct_daytime,2026-10-07,,NO_DIRECT_DAYTIME_SOLUTION,,,,,,,https://www.lefrecce.it/Channels.Website.BFF.WEB/website/ticket/solutions,2026-09-07T12:36:31.139828Z
MessinaC-RomaTib,cheapest_overall,2026-10-08,24.9,Ferry M8 + RE 5546 + IC 560 + RV 4538,14:25,22:58,8h 33min,3,ORDINARIA (2ª CLASSE) + Super Economy (2ª CLASSE EASY) + ORDINARIA (2ª CLASSE),Roma Tiburtina,https://www.lefrecce.it/Channels.Website.BFF.WEB/website/ticket/solutions,2026-09-07T12:36:36.895056Z
MessinaC-RomaTib,cheapest_direct_daytime,2026-10-08,,NO_DIRECT_DAYTIME_SOLUTION,,,,,,,https://www.lefrecce.it/Channels.Website.BFF.WEB/website/ticket/solutions,2026-09-07T12:36:36.895056Z
MessinaC-RomaTib,cheapest_overall,2026-10-09,30.9,Ferry M8 + RE 5546 + IC 560 + RV 4538,14:25,22:58,8h 33min,3,ORDINARIA (2ª CLASSE) + Super Economy (2ª CLASSE EASY) + ORDINARIA (2ª CLASSE),Roma Tiburtina,https://www.lefrecce.it/Channels.Website.BFF.WEB/website/ticket/solutions,2026-09-07T12:36:44.429496Z
MessinaC-RomaTib,cheapest_direct_daytime,2026-10-09,,NO_DIRECT_DAYTIME_SOLUTION,,,,,,,https://www.lefrecce.it/Channels.Website.BFF.WEB/website/ticket/solutions,2026-09-07T12:36:44.429496Z
MessinaC-RomaTib,cheapest_overall,2026-10-10,26.9,Ferry M14 + NI 794 + RE 20573,20:55,07:15,10h 20min,2,Super Economy (Posto a sedere 2ª classe-EASY) + ORDINARIA (2ª CLASSE),Roma Tiburtina,https://www.lefrecce.it/Channels.Website.BFF.WEB/website/ticket/solutions,2026-09-07T12:36:49.881154Z
MessinaC-RomaTib,cheapest_direct_daytime,2026-10-10,,NO_DIRECT_DAYTIME_SOLUTION,,,,,,,https://www.lefrecce.it/Channels.Website.BFF.WEB/website/ticket/solutions,2026-09-07T12:36:49.881154Z
MessinaC-RomaTib,cheapest_overall,2026-10-11,32.0,Ferry M14 + NI 812 + RE 21404,20:55,06:24,9h 29min,2,Super Economy (Posto a sedere 2ª classe-EASY) + ORDINARIA (2ª CLASSE),Roma Tiburtina,https://www.lefrecce.it/Channels.Website.BFF.WEB/website/ticket/solutions,2026-09-07T12:36:56.436177Z
MessinaC-RomaTib,cheapest_direct_daytime,2026-10-11,,NO_DIRECT_DAYTIME_SOLUTION,,,,,,,https://www.lefrecce.it/Channels.Website.BFF.WEB/website/ticket/solutions,2026-09-07T12:36:56.436177Z
MessinaC-RomaTib,cheapest_overall,2026-10-12,30.9,Ferry M8 + RE 5546 + IC 560 + RV 4538,14:25,22:58,8h 33min,3,ORDINARIA (2ª CLASSE) + Super Economy (2ª CLASSE EASY) + ORDINARIA (2ª CLASSE),Roma Tiburtina,https://www.lefrecce.it/Channels.Website.BFF.WEB/website/ticket/solutions,2026-09-07T12:37:02.493762Z
MessinaC-RomaTib,cheapest_direct_daytime,2026-10-12,,NO_DIRECT_DAYTIME_SOLUTION,,,,,,,https://www.lefrecce.it/Channels.Website.BFF.WEB/website/ticket/solutions,2026-09-07T12:37:02.493762Z
MessinaC-RomaTib,cheapest_overall,2026-10-13,24.9,Ferry M8 + RE 5546 + IC 560 + RV 4538,14:25,22:58,8h 33min,3,ORDINARIA (2ª CLASSE) + Super Economy (2ª CLASSE EASY) + ORDINARIA (2ª CLASSE),Roma Tiburtina,https://www.lefrecce.it/Channels.Website.BFF.WEB/website/ticket/solutions,2026-09-07T12:37:10.458135Z
MessinaC-RomaTib,cheapest_direct_daytime,2026-10-13,,NO_DIRECT_DAYTIME_SOLUTION,,,,,,,https://www.lefrecce.it/Channels.Website.BFF.WEB/website/ticket/solutions,2026-09-07T12:37:10.458135Z
MessinaC-RomaTib,cheapest_overall,2026-10-14,30.8,Ferry M3 + IC 552 + IC 596,07:25,15:45,8h 20min,2,Super Economy (2ª CLASSE EASY) + Super Economy (2ª CLASSE EASY),Roma Tiburtina,https://www.lefrecce.it/Channels.Website.BFF.WEB/website/ticket/solutions,2026-09-07T12:37:15.832496Z
MessinaC-RomaTib,cheapest_direct_daytime,2026-10-14,,NO_DIRECT_DAYTIME_SOLUTION,,,,,,,https://www.lefrecce.it/Channels.Website.BFF.WEB/website/ticket/solutions,2026-09-07T12:37:15.832496Z
MessinaC-RomaTib,cheapest_overall,2026-10-15,24.9,Ferry M8 + RE 5546 + IC 560 + RV 4538,14:25,22:58,8h 33min,3,ORDINARIA (2ª CLASSE) + Super Economy (2ª CLASSE EASY) + ORDINARIA (2ª CLASSE),Roma Tiburtina,https://www.lefrecce.it/Channels.Website.BFF.WEB/website/ticket/solutions,2026-09-07T12:37:26.208722Z
MessinaC-RomaTib,cheapest_direct_daytime,2026-10-15,,NO_DIRECT_DAYTIME_SOLUTION,,,,,,,https://www.lefrecce.it/Channels.Website.BFF.WEB/website/ticket/solutions,2026-09-07T12:37:26.208722Z
MessinaC-RomaTib,cheapest_overall,2026-10-16,30.9,Ferry M8 + RE 5546 + IC 560 + RV 4538,14:25,22:58,8h 33min,3,ORDINARIA (2ª CLASSE) + Super Economy (2ª CLASSE EASY) + ORDINARIA (2ª CLASSE),Roma Tiburtina,https://www.lefrecce.it/Channels.Website.BFF.WEB/website/ticket/solutions,2026-09-07T12:37:33.546799Z
MessinaC-RomaTib,cheapest_direct_daytime,2026-10-16,,NO_DIRECT_DAYTIME_SOLUTION,,,,,,,https://www.lefrecce.it/Channels.Website.BFF.WEB/website/ticket/solutions,2026-09-07T12:37:33.546799Z
MessinaC-RomaTib,cheapest_overall,2026-10-17,30.9,IC 95072 + RV 4734,10:15,19:10,8h 55min,1,Super Economy (2ª CLASSE EASY) + ORDINARIA (2ª CLASSE),Roma Tiburtina,https://www.lefrecce.it/Channels.Website.BFF.WEB/website/ticket/solutions,2026-09-07T12:37:38.482553Z
MessinaC-RomaTib,cheapest_direct_daytime,2026-10-17,,NO_DIRECT_DAYTIME_SOLUTION,,,,,,,https://www.lefrecce.it/Channels.Website.BFF.WEB/website/ticket/solutions,2026-09-07T12:37:38.482553Z
MessinaC-RomaTib,cheapest_overall,2026-10-18,32.0,Ferry M14 + NI 812 + RE 21404,20:55,06:24,9h 29min,2,Super Economy (Posto a sedere 2ª classe-EASY) + ORDINARIA (2ª CLASSE),Roma Tiburtina,https://www.lefrecce.it/Channels.Website.BFF.WEB/website/ticket/solutions,2026-09-07T12:37:47.740899Z
MessinaC-RomaTib,cheapest_direct_daytime,2026-10-18,,NO_DIRECT_DAYTIME_SOLUTION,,,,,,,https://www.lefrecce.it/Channels.Website.BFF.WEB/website/ticket/solutions,2026-09-07T12:37:47.740899Z
MessinaC-RomaTib,cheapest_overall,2026-10-19,29.0,Ferry M14 + NI 794 + RE 21404,20:55,06:21,9h 26min,2,Super Economy (Posto a sedere 2ª classe-EASY) + ORDINARIA (2ª CLASSE),Roma Tiburtina,https://www.lefrecce.it/Channels.Website.BFF.WEB/website/ticket/solutions,2026-09-07T12:37:54.194759Z
MessinaC-RomaTib,cheapest_direct_daytime,2026-10-19,,NO_DIRECT_DAYTIME_SOLUTION,,,,,,,https://www.lefrecce.it/Channels.Website.BFF.WEB/website/ticket/solutions,2026-09-07T12:37:54.194759Z
MessinaC-RomaTib,cheapest_overall,2026-10-20,24.9,IC 95070 + RV 4108,13:20,21:58,8h 38min,1,Super Economy (2ª CLASSE EASY) + ORDINARIA (2ª CLASSE),Roma Tiburtina,https://www.lefrecce.it/Channels.Website.BFF.WEB/website/ticket/solutions,2026-09-07T12:38:02.548614Z
MessinaC-RomaTib,cheapest_direct_daytime,2026-10-20,,NO_DIRECT_DAYTIME_SOLUTION,,,,,,,https://www.lefrecce.it/Channels.Website.BFF.WEB/website/ticket/solutions,2026-09-07T12:38:02.548614Z
MessinaC-RomaTib,cheapest_overall,2026-10-21,24.9,IC 95070 + RV 4108,13:20,21:58,8h 38min,1,Super Economy (2ª CLASSE EASY) + ORDINARIA (2ª CLASSE),Roma Tiburtina,https://www.lefrecce.it/Channels.Website.BFF.WEB/website/ticket/solutions,2026-09-07T12:38:14.241656Z
MessinaC-RomaTib,cheapest_direct_daytime,2026-10-21,,NO_DIRECT_DAYTIME_SOLUTION,,,,,,,https://www.lefrecce.it/Channels.Website.BFF.WEB/website/ticket/solutions,2026-09-07T12:38:14.241656Z
MessinaC-RomaTib,cheapest_overall,2026-10-22,24.9,IC 95070 + RV 4108,13:20,21:58,8h 38min,1,Super Economy (2ª CLASSE EASY) + ORDINARIA (2ª CLASSE),Roma Tiburtina,https://www.lefrecce.it/Channels.Website.BFF.WEB/website/ticket/solutions,2026-09-07T12:38:21.546590Z
MessinaC-RomaTib,cheapest_direct_daytime,2026-10-22,,NO_DIRECT_DAYTIME_SOLUTION,,,,,,,https://www.lefrecce.it/Channels.Website.BFF.WEB/website/ticket/solutions,2026-09-07T12:38:21.546590Z
MessinaC-RomaTib,cheapest_overall,2026-10-23,24.9,Ferry M14 + NI 794 + RE 20571,20:55,06:45,9h 50min,2,Super Economy (Posto a sedere 2ª classe-EASY) + ORDINARIA (2ª CLASSE),Roma Tiburtina,https://www.lefrecce.it/Channels.Website.BFF.WEB/website/ticket/solutions,2026-09-07T12:38:29.276254Z
MessinaC-RomaTib,cheapest_direct_daytime,2026-10-23,,NO_DIRECT_DAYTIME_SOLUTION,,,,,,,https://www.lefrecce.it/Channels.Website.BFF.WEB/website/ticket/solutions,2026-09-07T12:38:29.276254Z
MessinaC-RomaTib,cheapest_overall,2026-10-24,24.9,IC 95072 + RV 4734,10:15,19:10,8h 55min,1,Super Economy (2ª CLASSE EASY) + ORDINARIA (2ª CLASSE),Roma Tiburtina,https://www.lefrecce.it/Channels.Website.BFF.WEB/website/ticket/solutions,2026-09-07T12:38:35.158673Z
MessinaC-RomaTib,cheapest_direct_daytime,2026-10-24,,NO_DIRECT_DAYTIME_SOLUTION,,,,,,,https://www.lefrecce.it/Channels.Website.BFF.WEB/website/ticket/solutions,2026-09-07T12:38:35.158673Z
MessinaC-RomaTib,cheapest_overall,2026-10-25,32.0,Ferry M14 + NI 812 + RE 21404,20:55,06:24,9h 29min,2,Super Economy (Posto a sedere 2ª classe-EASY) + ORDINARIA (2ª CLASSE),Roma Tiburtina,https://www.lefrecce.it/Channels.Website.BFF.WEB/website/ticket/solutions,2026-09-07T12:38:44.638877Z
MessinaC-RomaTib,cheapest_direct_daytime,2026-10-25,,NO_DIRECT_DAYTIME_SOLUTION,,,,,,,https://www.lefrecce.it/Channels.Website.BFF.WEB/website/ticket/solutions,2026-09-07T12:38:44.638877Z
MessinaC-RomaTib,cheapest_overall,2026-10-26,24.9,IC 95070 + RV 4108,13:20,21:58,8h 38min,1,Super Economy (2ª CLASSE EASY) + ORDINARIA (2ª CLASSE),Roma Tiburtina,https://www.lefrecce.it/Channels.Website.BFF.WEB/website/ticket/solutions,2026-09-07T12:38:50.734480Z
MessinaC-RomaTib,cheapest_direct_daytime,2026-10-26,,NO_DIRECT_DAYTIME_SOLUTION,,,,,,,https://www.lefrecce.it/Channels.Website.BFF.WEB/website/ticket/solutions,2026-09-07T12:38:50.734480Z
MessinaC-RomaTib,cheapest_overall,2026-10-27,24.9,IC 95070 + RV 4108,13:20,21:58,8h 38min,1,Super Economy (2ª CLASSE EASY) + ORDINARIA (2ª CLASSE),Roma Tiburtina,https://www.lefrecce.it/Channels.Website.BFF.WEB/website/ticket/solutions,2026-09-07T12:38:57.723950Z
MessinaC-RomaTib,cheapest_direct_daytime,2026-10-27,,NO_DIRECT_DAYTIME_SOLUTION,,,,,,,https://www.lefrecce.it/Channels.Website.BFF.WEB/website/ticket/solutions,2026-09-07T12:38:57.723950Z
MessinaC-RomaTib,cheapest_overall,2026-10-28,24.9,IC 95072 + RV 4734,10:15,19:10,8h 55min,1,Super Economy (2ª CLASSE EASY) + ORDINARIA (2ª CLASSE),Roma Tiburtina,https://www.lefrecce.it/Channels.Website.BFF.WEB/website/ticket/solutions,2026-09-07T12:39:02.692363Z
MessinaC-RomaTib,cheapest_direct_daytime,2026-10-28,,NO_DIRECT_DAYTIME_SOLUTION,,,,,,,https://www.lefrecce.it/Channels.Website.BFF.WEB/website/ticket/solutions,2026-09-07T12:39:02.692363Z
MessinaC-RomaTib,cheapest_overall,2026-10-29,24.9,IC 95072 + RV 4734,10:15,19:10,8h 55min,1,Super Economy (2ª CLASSE EASY) + ORDINARIA (2ª CLASSE),Roma Tiburtina,https://www.lefrecce.it/Channels.Website.BFF.WEB/website/ticket/solutions,2026-09-07T12:39:10.517623Z
MessinaC-RomaTib,cheapest_direct_daytime,2026-10-29,,NO_DIRECT_DAYTIME_SOLUTION,,,,,,,https://www.lefrecce.it/Channels.Website.BFF.WEB/website/ticket/solutions,2026-09-07T12:39:10.517623Z
MessinaC-RomaTib,cheapest_overall,2026-10-30,29.9,Ferry M14 + NI 794 + RE 20571,20:55,06:45,9h 50min,2,Super Economy (Posto a sedere 2ª classe-EASY) + ORDINARIA (2ª CLASSE),Roma Tiburtina,https://www.lefrecce.it/Channels.Website.BFF.WEB/website/ticket/solutions,2026-09-07T12:39:23.158494Z
MessinaC-RomaTib,cheapest_direct_daytime,2026-10-30,,NO_DIRECT_DAYTIME_SOLUTION,,,,,,,https://www.lefrecce.it/Channels.Website.BFF.WEB/website/ticket/solutions,2026-09-07T12:39:23.158494Z
MessinaC-RomaTib,cheapest_overall,2026-10-31,23.9,IC 95070,13:20,22:10,8h 50min,0,Super Economy (2ª CLASSE EASY),Roma Tiburtina,https://www.lefrecce.it/Channels.Website.BFF.WEB/website/ticket/solutions,2026-09-07T12:39:30.560565Z
MessinaC-RomaTib,cheapest_direct_daytime,2026-10-31,,NO_DIRECT_DAYTIME_SOLUTION,,,,,,,https://www.lefrecce.it/Channels.Website.BFF.WEB/website/ticket/solutions,2026-09-07T12:39:30.560565Z
MessinaC-RomaTib,cheapest_overall,2026-11-01,32.0,Ferry M14 + NI 812 + RE 21404,20:55,06:24,9h 29min,2,Super Economy (Posto a sedere 2ª classe-EASY) + ORDINARIA (2ª CLASSE),Roma Tiburtina,https://www.lefrecce.it/Channels.Website.BFF.WEB/website/ticket/solutions,2026-09-07T12:39:36.868431Z
MessinaC-RomaTib,cheapest_direct_daytime,2026-11-01,,NO_DIRECT_DAYTIME_SOLUTION,,,,,,,https://www.lefrecce.it/Channels.Website.BFF.WEB/website/ticket/solutions,2026-09-07T12:39:36.868431Z
MessinaC-RomaTib,cheapest_overall,2026-11-02,24.9,IC 95070 + RV 4108,13:20,21:58,8h 38min,1,Super Economy (2ª CLASSE EASY) + ORDINARIA (2ª CLASSE),Roma Tiburtina,https://www.lefrecce.it/Channels.Website.BFF.WEB/website/ticket/solutions,2026-09-07T12:39:44.220527Z
MessinaC-RomaTib,cheapest_direct_daytime,2026-11-02,,NO_DIRECT_DAYTIME_SOLUTION,,,,,,,https://www.lefrecce.it/Channels.Website.BFF.WEB/website/ticket/solutions,2026-09-07T12:39:44.220527Z
MessinaC-RomaTib,cheapest_overall,2026-11-03,24.9,IC 95070 + RV 4108,13:20,21:58,8h 38min,1,Super Economy (2ª CLASSE EASY) + ORDINARIA (2ª CLASSE),Roma Tiburtina,https://www.lefrecce.it/Channels.Website.BFF.WEB/website/ticket/solutions,2026-09-07T12:39:52.535792Z
MessinaC-RomaTib,cheapest_direct_daytime,2026-11-03,,NO_DIRECT_DAYTIME_SOLUTION,,,,,,,https://www.lefrecce.it/Channels.Website.BFF.WEB/website/ticket/solutions,2026-09-07T12:39:52.535792Z
MessinaC-RomaTib,cheapest_overall,2026-11-04,24.9,IC 95070 + RV 4108,13:20,21:58,8h 38min,1,Super Economy (2ª CLASSE EASY) + ORDINARIA (2ª CLASSE),Roma Tiburtina,https://www.lefrecce.it/Channels.Website.BFF.WEB/website/ticket/solutions,2026-09-07T12:40:02.330545Z
MessinaC-RomaTib,cheapest_direct_daytime,2026-11-04,,NO_DIRECT_DAYTIME_SOLUTION,,,,,,,https://www.lefrecce.it/Channels.Website.BFF.WEB/website/ticket/solutions,2026-09-07T12:40:02.330545Z
MessinaC-RomaTib,cheapest_overall,2026-11-05,24.9,Ferry M8 + RE 5546 + IC 560 + RV 4538,14:25,22:55,8h 30min,3,ORDINARIA (2ª CLASSE) + Super Economy (2ª CLASSE EASY) + ORDINARIA (2ª CLASSE),Roma Tiburtina,https://www.lefrecce.it/Channels.Website.BFF.WEB/website/ticket/solutions,2026-09-07T12:40:11.833006Z
MessinaC-RomaTib,cheapest_direct_daytime,2026-11-05,,NO_DIRECT_DAYTIME_SOLUTION,,,,,,,https://www.lefrecce.it/Channels.Website.BFF.WEB/website/ticket/solutions,2026-09-07T12:40:11.833006Z
MessinaC-RomaTib,cheapest_overall,2026-11-06,29.9,Ferry M14 + NI 794 + RE 20571,20:55,06:45,9h 50min,2,Super Economy (Posto a sedere 2ª classe-EASY) + ORDINARIA (2ª CLASSE),Roma Tiburtina,https://www.lefrecce.it/Channels.Website.BFF.WEB/website/ticket/solutions,2026-09-07T12:40:23.866953Z
MessinaC-RomaTib,cheapest_direct_daytime,2026-11-06,,NO_DIRECT_DAYTIME_SOLUTION,,,,,,,https://www.lefrecce.it/Channels.Website.BFF.WEB/website/ticket/solutions,2026-09-07T12:40:23.866953Z
MessinaC-RomaTib,cheapest_overall,2026-11-07,23.9,IC 95070,13:20,22:10,8h 50min,0,Super Economy (2ª CLASSE EASY),Roma Tiburtina,https://www.lefrecce.it/Channels.Website.BFF.WEB/website/ticket/solutions,2026-09-07T12:40:34.953898Z
MessinaC-RomaTib,cheapest_direct_daytime,2026-11-07,,NO_DIRECT_DAYTIME_SOLUTION,,,,,,,https://www.lefrecce.it/Channels.Website.BFF.WEB/website/ticket/solutions,2026-09-07T12:40:34.953898Z
MessinaC-RomaTib,cheapest_overall,2026-11-08,32.0,Ferry M14 + NI 812 + RE 21404,20:55,06:24,9h 29min,2,Super Economy (Posto a sedere 2ª classe-EASY) + ORDINARIA (2ª CLASSE),Roma Tiburtina,https://www.lefrecce.it/Channels.Website.BFF.WEB/website/ticket/solutions,2026-09-07T12:40:44.862541Z
MessinaC-RomaTib,cheapest_direct_daytime,2026-11-08,,NO_DIRECT_DAYTIME_SOLUTION,,,,,,,https://www.lefrecce.it/Channels.Website.BFF.WEB/website/ticket/solutions,2026-09-07T12:40:44.862541Z
MessinaC-RomaTib,cheapest_overall,2026-11-09,24.9,IC 95072 + RV 4734,10:15,19:10,8h 55min,1,Super Economy (2ª CLASSE EASY) + ORDINARIA (2ª CLASSE),Roma Tiburtina,https://www.lefrecce.it/Channels.Website.BFF.WEB/website/ticket/solutions,2026-09-07T12:40:50.528657Z
MessinaC-RomaTib,cheapest_direct_daytime,2026-11-09,,NO_DIRECT_DAYTIME_SOLUTION,,,,,,,https://www.lefrecce.it/Channels.Website.BFF.WEB/website/ticket/solutions,2026-09-07T12:40:50.528657Z
MessinaC-RomaTib,cheapest_overall,2026-11-10,24.9,IC 95072 + RV 4734,10:15,19:10,8h 55min,1,Super Economy (2ª CLASSE EASY) + ORDINARIA (2ª CLASSE),Roma Tiburtina,https://www.lefrecce.it/Channels.Website.BFF.WEB/website/ticket/solutions,2026-09-07T12:41:02.397444Z
MessinaC-RomaTib,cheapest_direct_daytime,2026-11-10,,NO_DIRECT_DAYTIME_SOLUTION,,,,,,,https://www.lefrecce.it/Channels.Website.BFF.WEB/website/ticket/solutions,2026-09-07T12:41:02.397444Z
MessinaC-RomaTib,cheapest_overall,2026-11-11,24.9,IC 95072 + RV 4734,10:15,19:10,8h 55min,1,Super Economy (2ª CLASSE EASY) + ORDINARIA (2ª CLASSE),Roma Tiburtina,https://www.lefrecce.it/Channels.Website.BFF.WEB/website/ticket/solutions,2026-09-07T12:41:11.472698Z
MessinaC-RomaTib,cheapest_direct_daytime,2026-11-11,,NO_DIRECT_DAYTIME_SOLUTION,,,,,,,https://www.lefrecce.it/Channels.Website.BFF.WEB/website/ticket/solutions,2026-09-07T12:41:11.472698Z
MessinaC-RomaTib,cheapest_overall,2026-11-12,24.9,IC 95072 + RV 4734,10:15,19:10,8h 55min,1,Super Economy (2ª CLASSE EASY) + ORDINARIA (2ª CLASSE),Roma Tiburtina,https://www.lefrecce.it/Channels.Website.BFF.WEB/website/ticket/solutions,2026-09-07T12:41:25.060678Z
MessinaC-RomaTib,cheapest_direct_daytime,2026-11-12,,NO_DIRECT_DAYTIME_SOLUTION,,,,,,,https://www.lefrecce.it/Channels.Website.BFF.WEB/website/ticket/solutions,2026-09-07T12:41:25.060678Z
MessinaC-RomaTib,cheapest_overall,2026-11-13,26.9,Ferry M14 + NI 794 + RE 20571,20:55,06:45,9h 50min,2,Super Economy (Posto a sedere 2ª classe-EASY) + ORDINARIA (2ª CLASSE),Roma Tiburtina,https://www.lefrecce.it/Channels.Website.BFF.WEB/website/ticket/solutions,2026-09-07T12:41:34.880409Z
MessinaC-RomaTib,cheapest_direct_daytime,2026-11-13,,NO_DIRECT_DAYTIME_SOLUTION,,,,,,,https://www.lefrecce.it/Channels.Website.BFF.WEB/website/ticket/solutions,2026-09-07T12:41:34.880409Z
MessinaC-RomaTib,cheapest_overall,2026-11-14,23.9,IC 95070,13:20,22:10,8h 50min,0,Super Economy (2ª CLASSE EASY),Roma Tiburtina,https://www.lefrecce.it/Channels.Website.BFF.WEB/website/ticket/solutions,2026-09-07T12:41:41.892567Z
MessinaC-RomaTib,cheapest_direct_daytime,2026-11-14,,NO_DIRECT_DAYTIME_SOLUTION,,,,,,,https://www.lefrecce.it/Channels.Website.BFF.WEB/website/ticket/solutions,2026-09-07T12:41:41.892567Z
MessinaC-RomaTib,cheapest_overall,2026-11-15,29.0,Ferry M14 + NI 812 + RE 21404,20:55,06:24,9h 29min,2,Super Economy (Posto a sedere 2ª classe-EASY) + ORDINARIA (2ª CLASSE),Roma Tiburtina,https://www.lefrecce.it/Channels.Website.BFF.WEB/website/ticket/solutions,2026-09-07T12:41:47.911589Z
MessinaC-RomaTib,cheapest_direct_daytime,2026-11-15,,NO_DIRECT_DAYTIME_SOLUTION,,,,,,,https://www.lefrecce.it/Channels.Website.BFF.WEB/website/ticket/solutions,2026-09-07T12:41:47.911589Z
MessinaC-RomaTib,cheapest_overall,2026-11-16,24.9,IC 95070 + RV 4108,13:20,21:58,8h 38min,1,Super Economy (2ª CLASSE EASY) + ORDINARIA (2ª CLASSE),Roma Tiburtina,https://www.lefrecce.it/Channels.Website.BFF.WEB/website/ticket/solutions,2026-09-07T12:41:54.341705Z
MessinaC-RomaTib,cheapest_direct_daytime,2026-11-16,,NO_DIRECT_DAYTIME_SOLUTION,,,,,,,https://www.lefrecce.it/Channels.Website.BFF.WEB/website/ticket/solutions,2026-09-07T12:41:54.341705Z
MessinaC-RomaTib,cheapest_overall,2026-11-17,24.9,IC 95072 + RV 4734,10:15,19:10,8h 55min,1,Super Economy (2ª CLASSE EASY) + ORDINARIA (2ª CLASSE),Roma Tiburtina,https://www.lefrecce.it/Channels.Website.BFF.WEB/website/ticket/solutions,2026-09-07T12:41:59.889694Z
MessinaC-RomaTib,cheapest_direct_daytime,2026-11-17,,NO_DIRECT_DAYTIME_SOLUTION,,,,,,,https://www.lefrecce.it/Channels.Website.BFF.WEB/website/ticket/solutions,2026-09-07T12:41:59.889694Z
MessinaC-RomaTib,cheapest_overall,2026-11-18,24.9,IC 95072 + RV 4734,10:15,19:10,8h 55min,1,Super Economy (2ª CLASSE EASY) + ORDINARIA (2ª CLASSE),Roma Tiburtina,https://www.lefrecce.it/Channels.Website.BFF.WEB/website/ticket/solutions,2026-09-07T12:42:08.191323Z
MessinaC-RomaTib,cheapest_direct_daytime,2026-11-18,,NO_DIRECT_DAYTIME_SOLUTION,,,,,,,https://www.lefrecce.it/Channels.Website.BFF.WEB/website/ticket/solutions,2026-09-07T12:42:08.191323Z
MessinaC-RomaTib,cheapest_overall,2026-11-19,24.9,IC 95070 + RV 4108,13:20,21:58,8h 38min,1,Super Economy (2ª CLASSE EASY) + ORDINARIA (2ª CLASSE),Roma Tiburtina,https://www.lefrecce.it/Channels.Website.BFF.WEB/website/ticket/solutions,2026-09-07T12:42:21.220798Z
MessinaC-RomaTib,cheapest_direct_daytime,2026-11-19,,NO_DIRECT_DAYTIME_SOLUTION,,,,,,,https://www.lefrecce.it/Channels.Website.BFF.WEB/website/ticket/solutions,2026-09-07T12:42:21.220798Z
MessinaC-RomaTib,cheapest_overall,2026-11-20,24.9,IC 95072 + RV 4734,10:15,19:10,8h 55min,1,Super Economy (2ª CLASSE EASY) + ORDINARIA (2ª CLASSE),Roma Tiburtina,https://www.lefrecce.it/Channels.Website.BFF.WEB/website/ticket/solutions,2026-09-07T12:42:26.359445Z
MessinaC-RomaTib,cheapest_direct_daytime,2026-11-20,,NO_DIRECT_DAYTIME_SOLUTION,,,,,,,https://www.lefrecce.it/Channels.Website.BFF.WEB/website/ticket/solutions,2026-09-07T12:42:26.359445Z
MessinaC-RomaTib,cheapest_overall,2026-11-21,23.9,IC 95070,13:20,22:10,8h 50min,0,Super Economy (2ª CLASSE EASY),Roma Tiburtina,https://www.lefrecce.it/Channels.Website.BFF.WEB/website/ticket/solutions,2026-09-07T12:42:37.307957Z
MessinaC-RomaTib,cheapest_direct_daytime,2026-11-21,,NO_DIRECT_DAYTIME_SOLUTION,,,,,,,https://www.lefrecce.it/Channels.Website.BFF.WEB/website/ticket/solutions,2026-09-07T12:42:37.307957Z
MessinaC-RomaTib,cheapest_overall,2026-11-22,29.0,Ferry M14 + NI 812 + RE 21404,20:55,06:24,9h 29min,2,Super Economy (Posto a sedere 2ª classe-EASY) + ORDINARIA (2ª CLASSE),Roma Tiburtina,https://www.lefrecce.it/Channels.Website.BFF.WEB/website/ticket/solutions,2026-09-07T12:42:44.027631Z
MessinaC-RomaTib,cheapest_direct_daytime,2026-11-22,,NO_DIRECT_DAYTIME_SOLUTION,,,,,,,https://www.lefrecce.it/Channels.Website.BFF.WEB/website/ticket/solutions,2026-09-07T12:42:44.027631Z
MessinaC-RomaTib,cheapest_overall,2026-11-23,24.9,IC 95072 + RV 4734,10:15,19:10,8h 55min,1,Super Economy (2ª CLASSE EASY) + ORDINARIA (2ª CLASSE),Roma Tiburtina,https://www.lefrecce.it/Channels.Website.BFF.WEB/website/ticket/solutions,2026-09-07T12:42:47.528158Z
MessinaC-RomaTib,cheapest_direct_daytime,2026-11-23,,NO_DIRECT_DAYTIME_SOLUTION,,,,,,,https://www.lefrecce.it/Channels.Website.BFF.WEB/website/ticket/solutions,2026-09-07T12:42:47.528158Z
MessinaC-RomaTib,cheapest_overall,2026-11-24,24.9,IC 95072 + RV 4734,10:15,19:10,8h 55min,1,Super Economy (2ª CLASSE EASY) + ORDINARIA (2ª CLASSE),Roma Tiburtina,https://www.lefrecce.it/Channels.Website.BFF.WEB/website/ticket/solutions,2026-09-07T12:42:55.390830Z
MessinaC-RomaTib,cheapest_direct_daytime,2026-11-24,,NO_DIRECT_DAYTIME_SOLUTION,,,,,,,https://www.lefrecce.it/Channels.Website.BFF.WEB/website/ticket/solutions,2026-09-07T12:42:55.390830Z
MessinaC-RomaTib,cheapest_overall,2026-11-25,24.9,IC 95072 + RV 4734,10:15,19:10,8h 55min,1,Super Economy (2ª CLASSE EASY) + ORDINARIA (2ª CLASSE),Roma Tiburtina,https://www.lefrecce.it/Channels.Website.BFF.WEB/website/ticket/solutions,2026-09-07T12:43:02.958422Z
MessinaC-RomaTib,cheapest_direct_daytime,2026-11-25,,NO_DIRECT_DAYTIME_SOLUTION,,,,,,,https://www.lefrecce.it/Channels.Website.BFF.WEB/website/ticket/solutions,2026-09-07T12:43:02.958422Z
MessinaC-RomaTib,cheapest_overall,2026-11-26,24.9,IC 95072 + RV 4734,10:15,19:10,8h 55min,1,Super Economy (2ª CLASSE EASY) + ORDINARIA (2ª CLASSE),Roma Tiburtina,https://www.lefrecce.it/Channels.Website.BFF.WEB/website/ticket/solutions,2026-09-07T12:43:11.334973Z
MessinaC-RomaTib,cheapest_direct_daytime,2026-11-26,,NO_DIRECT_DAYTIME_SOLUTION,,,,,,,https://www.lefrecce.it/Channels.Website.BFF.WEB/website/ticket/solutions,2026-09-07T12:43:11.334973Z
MessinaC-RomaTib,cheapest_overall,2026-11-27,24.9,IC 95072 + RV 4734,10:15,19:10,8h 55min,1,Super Economy (2ª CLASSE EASY) + ORDINARIA (2ª CLASSE),Roma Tiburtina,https://www.lefrecce.it/Channels.Website.BFF.WEB/website/ticket/solutions,2026-09-07T12:43:19.359551Z
MessinaC-RomaTib,cheapest_direct_daytime,2026-11-27,,NO_DIRECT_DAYTIME_SOLUTION,,,,,,,https://www.lefrecce.it/Channels.Website.BFF.WEB/website/ticket/solutions,2026-09-07T12:43:19.359551Z
MessinaC-RomaTib,cheapest_overall,2026-11-28,23.9,IC 95070,13:20,22:10,8h 50min,0,Super Economy (2ª CLASSE EASY),Roma Tiburtina,https://www.lefrecce.it/Channels.Website.BFF.WEB/website/ticket/solutions,2026-09-07T12:43:29.471873Z
MessinaC-RomaTib,cheapest_direct_daytime,2026-11-28,,NO_DIRECT_DAYTIME_SOLUTION,,,,,,,https://www.lefrecce.it/Channels.Website.BFF.WEB/website/ticket/solutions,2026-09-07T12:43:29.471873Z
MessinaC-RomaTib,cheapest_overall,2026-11-29,29.0,Ferry M14 + NI 812 + RE 21404,20:55,06:24,9h 29min,2,Super Economy (Posto a sedere 2ª classe-EASY) + ORDINARIA (2ª CLASSE),Roma Tiburtina,https://www.lefrecce.it/Channels.Website.BFF.WEB/website/ticket/solutions,2026-09-07T12:43:35.950941Z
MessinaC-RomaTib,cheapest_direct_daytime,2026-11-29,,NO_DIRECT_DAYTIME_SOLUTION,,,,,,,https://www.lefrecce.it/Channels.Website.BFF.WEB/website/ticket/solutions,2026-09-07T12:43:35.950941Z
MessinaC-RomaTib,cheapest_overall,2026-11-30,24.9,IC 95072 + RV 4734,10:15,19:10,8h 55min,1,Super Economy (2ª CLASSE EASY) + ORDINARIA (2ª CLASSE),Roma Tiburtina,https://www.lefrecce.it/Channels.Website.BFF.WEB/website/ticket/solutions,2026-09-07T12:43:39.464043Z
MessinaC-RomaTib,cheapest_direct_daytime,2026-11-30,,NO_DIRECT_DAYTIME_SOLUTION,,,,,,,https://www.lefrecce.it/Channels.Website.BFF.WEB/website/ticket/solutions,2026-09-07T12:43:39.464043Z
ReggioC-RomaTer,cheapest_overall,2026-09-25,33.9,FR 8332,15:45,21:20,5h 35min,0,FrecciaDAYS (STANDARD),Roma Termini,https://www.lefrecce.it/Channels.Website.BFF.WEB/website/ticket/solutions,2026-09-07T12:57:03.791824Z
ReggioC-RomaTer,cheapest_direct_daytime,2026-09-25,33.9,FR 8332,15:45,21:20,5h 35min,0,FrecciaDAYS (STANDARD),Roma Termini,https://www.lefrecce.it/Channels.Website.BFF.WEB/website/ticket/solutions,2026-09-07T12:57:03.791824Z
ReggioC-RomaTer,cheapest_overall,2026-09-26,27.9,IC 560,14:21,22:34,8h 13min,0,Super Economy (2ª CLASSE EASY),Roma Termini,https://www.lefrecce.it/Channels.Website.BFF.WEB/website/ticket/solutions,2026-09-07T12:57:10.300025Z
ReggioC-RomaTer,cheapest_direct_daytime,2026-09-26,27.9,IC 560,14:21,22:34,8h 13min,0,Super Economy (2ª CLASSE EASY),Roma Termini,https://www.lefrecce.it/Channels.Website.BFF.WEB/website/ticket/solutions,2026-09-07T12:57:10.300025Z
ReggioC-RomaTer,cheapest_overall,2026-09-27,42.3,NI 812 + RE 21052,22:04,06:30,8h 26min,1,Economy (Posto a sedere 2ª classe-EASY) + ORDINARIA (2ª CLASSE PRENOTAZIONE),Roma Termini,https://www.lefrecce.it/Channels.Website.BFF.WEB/website/ticket/solutions,2026-09-07T12:57:17.792867Z
ReggioC-RomaTer,cheapest_direct_daytime,2026-09-27,47.9,FR 8418,05:55,11:25,5h 30min,0,Super Economy (STANDARD),Roma Termini,https://www.lefrecce.it/Channels.Website.BFF.WEB/website/ticket/solutions,2026-09-07T12:57:15.234820Z
ReggioC-RomaTer,cheapest_overall,2026-09-28,21.9,IC 560,15:13,22:34,7h 21min,0,Super Economy (2ª CLASSE EASY),Roma Termini,https://www.lefrecce.it/Channels.Website.BFF.WEB/website/ticket/solutions,2026-09-07T12:57:25.121160Z
ReggioC-RomaTer,cheapest_direct_daytime,2026-09-28,21.9,IC 560,15:13,22:34,7h 21min,0,Super Economy (2ª CLASSE EASY),Roma Termini,https://www.lefrecce.it/Channels.Website.BFF.WEB/website/ticket/solutions,2026-09-07T12:57:25.121160Z
ReggioC-RomaTer,cheapest_overall,2026-09-29,21.9,IC 560,15:13,22:34,7h 21min,0,Super Economy (2ª CLASSE EASY),Roma Termini,https://www.lefrecce.it/Channels.Website.BFF.WEB/website/ticket/solutions,2026-09-07T12:57:32.854820Z
ReggioC-RomaTer,cheapest_direct_daytime,2026-09-29,21.9,IC 560,15:13,22:34,7h 21min,0,Super Economy (2ª CLASSE EASY),Roma Termini,https://www.lefrecce.it/Channels.Website.BFF.WEB/website/ticket/solutions,2026-09-07T12:57:32.854820Z
ReggioC-RomaTer,cheapest_overall,2026-09-30,21.9,IC 560,15:13,22:34,7h 21min,0,Super Economy (2ª CLASSE EASY),Roma Termini,https://www.lefrecce.it/Channels.Website.BFF.WEB/website/ticket/solutions,2026-09-07T12:57:39.733624Z
ReggioC-RomaTer,cheapest_direct_daytime,2026-09-30,21.9,IC 560,15:13,22:34,7h 21min,0,Super Economy (2ª CLASSE EASY),Roma Termini,https://www.lefrecce.it/Channels.Website.BFF.WEB/website/ticket/solutions,2026-09-07T12:57:39.733624Z
ReggioC-RomaTer,cheapest_overall,2026-10-01,21.9,IC 560,15:13,22:34,7h 21min,0,Super Economy (2ª CLASSE EASY),Roma Termini,https://www.lefrecce.it/Channels.Website.BFF.WEB/website/ticket/solutions,2026-09-07T12:57:45.646289Z
ReggioC-RomaTer,cheapest_direct_daytime,2026-10-01,21.9,IC 560,15:13,22:34,7h 21min,0,Super Economy (2ª CLASSE EASY),Roma Termini,https://www.lefrecce.it/Channels.Website.BFF.WEB/website/ticket/solutions,2026-09-07T12:57:45.646289Z
ReggioC-RomaTer,cheapest_overall,2026-10-02,33.9,FR 8868,14:16,20:16,6h 00min,0,FrecciaDAYS (STANDARD),Roma Termini,https://www.lefrecce.it/Channels.Website.BFF.WEB/website/ticket/solutions,2026-09-07T12:57:57.323979Z
ReggioC-RomaTer,cheapest_direct_daytime,2026-10-02,33.9,FR 8868,14:16,20:16,6h 00min,0,FrecciaDAYS (STANDARD),Roma Termini,https://www.lefrecce.it/Channels.Website.BFF.WEB/website/ticket/solutions,2026-09-07T12:57:57.323979Z
ReggioC-RomaTer,cheapest_overall,2026-10-03,27.9,IC 552,07:54,15:34,7h 40min,0,Super Economy (2ª CLASSE EASY),Roma Termini,https://www.lefrecce.it/Channels.Website.BFF.WEB/website/ticket/solutions,2026-09-07T12:58:00.933932Z
ReggioC-RomaTer,cheapest_direct_daytime,2026-10-03,27.9,IC 552,07:54,15:34,7h 40min,0,Super Economy (2ª CLASSE EASY),Roma Termini,https://www.lefrecce.it/Channels.Website.BFF.WEB/website/ticket/solutions,2026-09-07T12:58:00.933932Z
ReggioC-RomaTer,cheapest_overall,2026-10-04,35.3,NI 812 + RE 21052,22:04,06:30,8h 26min,1,Super Economy (Posto a sedere 2ª classe-EASY) + ORDINARIA (2ª CLASSE PRENOTAZIONE),Roma Termini,https://www.lefrecce.it/Channels.Website.BFF.WEB/website/ticket/solutions,2026-09-07T12:58:10.804341Z
ReggioC-RomaTer,cheapest_direct_daytime,2026-10-04,39.9,FR 8418,05:58,11:25,5h 27min,0,Super Economy (STANDARD),Roma Termini,https://www.lefrecce.it/Channels.Website.BFF.WEB/website/ticket/solutions,2026-09-07T12:58:08.054811Z
ReggioC-RomaTer,cheapest_overall,2026-10-05,27.9,IC 552,07:54,15:34,7h 40min,0,Super Economy (2ª CLASSE EASY),Roma Termini,https://www.lefrecce.it/Channels.Website.BFF.WEB/website/ticket/solutions,2026-09-07T12:58:14.777242Z
ReggioC-RomaTer,cheapest_direct_daytime,2026-10-05,27.9,IC 552,07:54,15:34,7h 40min,0,Super Economy (2ª CLASSE EASY),Roma Termini,https://www.lefrecce.it/Channels.Website.BFF.WEB/website/ticket/solutions,2026-09-07T12:58:14.777242Z
ReggioC-RomaTer,cheapest_overall,2026-10-06,21.9,IC 560,15:13,22:34,7h 21min,0,Super Economy (2ª CLASSE EASY),Roma Termini,https://www.lefrecce.it/Channels.Website.BFF.WEB/website/ticket/solutions,2026-09-07T12:58:23.920864Z
ReggioC-RomaTer,cheapest_direct_daytime,2026-10-06,21.9,IC 560,15:13,22:34,7h 21min,0,Super Economy (2ª CLASSE EASY),Roma Termini,https://www.lefrecce.it/Channels.Website.BFF.WEB/website/ticket/solutions,2026-09-07T12:58:23.920864Z
ReggioC-RomaTer,cheapest_overall,2026-10-07,21.9,IC 552,07:54,15:34,7h 40min,0,Super Economy (2ª CLASSE EASY),Roma Termini,https://www.lefrecce.it/Channels.Website.BFF.WEB/website/ticket/solutions,2026-09-07T12:58:28.134326Z
ReggioC-RomaTer,cheapest_direct_daytime,2026-10-07,21.9,IC 552,07:54,15:34,7h 40min,0,Super Economy (2ª CLASSE EASY),Roma Termini,https://www.lefrecce.it/Channels.Website.BFF.WEB/website/ticket/solutions,2026-09-07T12:58:28.134326Z
ReggioC-RomaTer,cheapest_overall,2026-10-08,21.9,IC 560,15:13,22:34,7h 21min,0,Super Economy (2ª CLASSE EASY),Roma Termini,https://www.lefrecce.it/Channels.Website.BFF.WEB/website/ticket/solutions,2026-09-07T12:58:36.963162Z
ReggioC-RomaTer,cheapest_direct_daytime,2026-10-08,21.9,IC 560,15:13,22:34,7h 21min,0,Super Economy (2ª CLASSE EASY),Roma Termini,https://www.lefrecce.it/Channels.Website.BFF.WEB/website/ticket/solutions,2026-09-07T12:58:36.963162Z
ReggioC-RomaTer,cheapest_overall,2026-10-09,27.9,IC 560,15:13,22:34,7h 21min,0,Super Economy (2ª CLASSE EASY),Roma Termini,https://www.lefrecce.it/Channels.Website.BFF.WEB/website/ticket/solutions,2026-09-07T12:58:43.355085Z
ReggioC-RomaTer,cheapest_direct_daytime,2026-10-09,27.9,IC 560,15:13,22:34,7h 21min,0,Super Economy (2ª CLASSE EASY),Roma Termini,https://www.lefrecce.it/Channels.Website.BFF.WEB/website/ticket/solutions,2026-09-07T12:58:43.355085Z
ReggioC-RomaTer,cheapest_overall,2026-10-10,21.9,IC 560,15:13,22:34,7h 21min,0,Super Economy (2ª CLASSE EASY),Roma Termini,https://www.lefrecce.it/Channels.Website.BFF.WEB/website/ticket/solutions,2026-09-07T12:58:50.739054Z
ReggioC-RomaTer,cheapest_direct_daytime,2026-10-10,21.9,IC 560,15:13,22:34,7h 21min,0,Super Economy (2ª CLASSE EASY),Roma Termini,https://www.lefrecce.it/Channels.Website.BFF.WEB/website/ticket/solutions,2026-09-07T12:58:50.739054Z
ReggioC-RomaTer,cheapest_overall,2026-10-11,33.9,FR 8418,05:58,11:25,5h 27min,0,FrecciaDAYS (STANDARD),Roma Termini,https://www.lefrecce.it/Channels.Website.BFF.WEB/website/ticket/solutions,2026-09-07T12:58:54.911582Z
ReggioC-RomaTer,cheapest_direct_daytime,2026-10-11,33.9,FR 8418,05:58,11:25,5h 27min,0,FrecciaDAYS (STANDARD),Roma Termini,https://www.lefrecce.it/Channels.Website.BFF.WEB/website/ticket/solutions,2026-09-07T12:58:54.911582Z
ReggioC-RomaTer,cheapest_overall,2026-10-12,27.9,IC 552,07:54,15:34,7h 40min,0,Super Economy (2ª CLASSE EASY),Roma Termini,https://www.lefrecce.it/Channels.Website.BFF.WEB/website/ticket/solutions,2026-09-07T12:59:02.234524Z
ReggioC-RomaTer,cheapest_direct_daytime,2026-10-12,27.9,IC 552,07:54,15:34,7h 40min,0,Super Economy (2ª CLASSE EASY),Roma Termini,https://www.lefrecce.it/Channels.Website.BFF.WEB/website/ticket/solutions,2026-09-07T12:59:02.234524Z
ReggioC-RomaTer,cheapest_overall,2026-10-13,21.9,IC 552,07:54,15:34,7h 40min,0,Super Economy (2ª CLASSE EASY),Roma Termini,https://www.lefrecce.it/Channels.Website.BFF.WEB/website/ticket/solutions,2026-09-07T12:59:10.982219Z
ReggioC-RomaTer,cheapest_direct_daytime,2026-10-13,21.9,IC 552,07:54,15:34,7h 40min,0,Super Economy (2ª CLASSE EASY),Roma Termini,https://www.lefrecce.it/Channels.Website.BFF.WEB/website/ticket/solutions,2026-09-07T12:59:10.982219Z
ReggioC-RomaTer,cheapest_overall,2026-10-14,21.9,IC 552,07:54,15:34,7h 40min,0,Super Economy (2ª CLASSE EASY),Roma Termini,https://www.lefrecce.it/Channels.Website.BFF.WEB/website/ticket/solutions,2026-09-07T12:59:16.816309Z
ReggioC-RomaTer,cheapest_direct_daytime,2026-10-14,21.9,IC 552,07:54,15:34,7h 40min,0,Super Economy (2ª CLASSE EASY),Roma Termini,https://www.lefrecce.it/Channels.Website.BFF.WEB/website/ticket/solutions,2026-09-07T12:59:16.816309Z
ReggioC-RomaTer,cheapest_overall,2026-10-15,21.9,IC 560,15:13,22:34,7h 21min,0,Super Economy (2ª CLASSE EASY),Roma Termini,https://www.lefrecce.it/Channels.Website.BFF.WEB/website/ticket/solutions,2026-09-07T12:59:26.596260Z
ReggioC-RomaTer,cheapest_direct_daytime,2026-10-15,21.9,IC 560,15:13,22:34,7h 21min,0,Super Economy (2ª CLASSE EASY),Roma Termini,https://www.lefrecce.it/Channels.Website.BFF.WEB/website/ticket/solutions,2026-09-07T12:59:26.596260Z
ReggioC-RomaTer,cheapest_overall,2026-10-16,27.9,IC 560,15:13,22:34,7h 21min,0,Super Economy (2ª CLASSE EASY),Roma Termini,https://www.lefrecce.it/Channels.Website.BFF.WEB/website/ticket/solutions,2026-09-07T12:59:33.327615Z
ReggioC-RomaTer,cheapest_direct_daytime,2026-10-16,27.9,IC 560,15:13,22:34,7h 21min,0,Super Economy (2ª CLASSE EASY),Roma Termini,https://www.lefrecce.it/Channels.Website.BFF.WEB/website/ticket/solutions,2026-09-07T12:59:33.327615Z
ReggioC-RomaTer,cheapest_overall,2026-10-17,27.9,IC 552,07:54,15:34,7h 40min,0,Super Economy (2ª CLASSE EASY),Roma Termini,https://www.lefrecce.it/Channels.Website.BFF.WEB/website/ticket/solutions,2026-09-07T12:59:36.914711Z
ReggioC-RomaTer,cheapest_direct_daytime,2026-10-17,27.9,IC 552,07:54,15:34,7h 40min,0,Super Economy (2ª CLASSE EASY),Roma Termini,https://www.lefrecce.it/Channels.Website.BFF.WEB/website/ticket/solutions,2026-09-07T12:59:36.914711Z
ReggioC-RomaTer,cheapest_overall,2026-10-18,33.9,FR 8418,05:58,11:25,5h 27min,0,FrecciaDAYS (STANDARD),Roma Termini,https://www.lefrecce.it/Channels.Website.BFF.WEB/website/ticket/solutions,2026-09-07T12:59:43.352925Z
ReggioC-RomaTer,cheapest_direct_daytime,2026-10-18,33.9,FR 8418,05:58,11:25,5h 27min,0,FrecciaDAYS (STANDARD),Roma Termini,https://www.lefrecce.it/Channels.Website.BFF.WEB/website/ticket/solutions,2026-09-07T12:59:43.352925Z
ReggioC-RomaTer,cheapest_overall,2026-10-19,26.9,NI 794 + RE 12503,21:43,06:25,8h 42min,1,Super Economy (Posto a sedere 2ª classe-EASY) + ORDINARIA (2ª CLASSE),Roma Termini,https://www.lefrecce.it/Channels.Website.BFF.WEB/website/ticket/solutions,2026-09-07T12:59:52.395553Z
ReggioC-RomaTer,cheapest_direct_daytime,2026-10-19,27.9,IC 552,07:54,15:34,7h 40min,0,Super Economy (2ª CLASSE EASY),Roma Termini,https://www.lefrecce.it/Channels.Website.BFF.WEB/website/ticket/solutions,2026-09-07T12:59:50.051871Z
ReggioC-RomaTer,cheapest_overall,2026-10-20,21.9,IC 552,07:54,15:34,7h 40min,0,Super Economy (2ª CLASSE EASY),Roma Termini,https://www.lefrecce.it/Channels.Website.BFF.WEB/website/ticket/solutions,2026-09-07T12:59:56.368794Z
ReggioC-RomaTer,cheapest_direct_daytime,2026-10-20,21.9,IC 552,07:54,15:34,7h 40min,0,Super Economy (2ª CLASSE EASY),Roma Termini,https://www.lefrecce.it/Channels.Website.BFF.WEB/website/ticket/solutions,2026-09-07T12:59:56.368794Z
ReggioC-RomaTer,cheapest_overall,2026-10-21,21.9,IC 552,07:54,15:34,7h 40min,0,Super Economy (2ª CLASSE EASY),Roma Termini,https://www.lefrecce.it/Channels.Website.BFF.WEB/website/ticket/solutions,2026-09-07T13:00:03.719402Z
ReggioC-RomaTer,cheapest_direct_daytime,2026-10-21,21.9,IC 552,07:54,15:34,7h 40min,0,Super Economy (2ª CLASSE EASY),Roma Termini,https://www.lefrecce.it/Channels.Website.BFF.WEB/website/ticket/solutions,2026-09-07T13:00:03.719402Z
ReggioC-RomaTer,cheapest_overall,2026-10-22,21.9,IC 552,07:54,15:34,7h 40min,0,Super Economy (2ª CLASSE EASY),Roma Termini,https://www.lefrecce.it/Channels.Website.BFF.WEB/website/ticket/solutions,2026-09-07T12:59:56.734862Z
ReggioC-RomaTer,cheapest_direct_daytime,2026-10-22,21.9,IC 552,07:54,15:34,7h 40min,0,Super Economy (2ª CLASSE EASY),Roma Termini,https://www.lefrecce.it/Channels.Website.BFF.WEB/website/ticket/solutions,2026-09-07T12:59:56.734862Z
ReggioC-RomaTer,cheapest_overall,2026-10-23,21.9,IC 560,15:13,22:34,7h 21min,0,Super Economy (2ª CLASSE EASY),Roma Termini,https://www.lefrecce.it/Channels.Website.BFF.WEB/website/ticket/solutions,2026-09-07T12:59:52.930250Z
ReggioC-RomaTer,cheapest_direct_daytime,2026-10-23,21.9,IC 560,15:13,22:34,7h 21min,0,Super Economy (2ª CLASSE EASY),Roma Termini,https://www.lefrecce.it/Channels.Website.BFF.WEB/website/ticket/solutions,2026-09-07T12:59:52.930250Z
ReggioC-RomaTer,cheapest_overall,2026-10-24,21.9,IC 552,07:54,15:34,7h 40min,0,Super Economy (2ª CLASSE EASY),Roma Termini,https://www.lefrecce.it/Channels.Website.BFF.WEB/website/ticket/solutions,2026-09-07T12:59:43.219886Z
ReggioC-RomaTer,cheapest_direct_daytime,2026-10-24,21.9,IC 552,07:54,15:34,7h 40min,0,Super Economy (2ª CLASSE EASY),Roma Termini,https://www.lefrecce.it/Channels.Website.BFF.WEB/website/ticket/solutions,2026-09-07T12:59:43.219886Z
ReggioC-RomaTer,cheapest_overall,2026-10-25,33.9,FR 8418,05:58,11:25,5h 27min,0,FrecciaDAYS (STANDARD),Roma Termini,https://www.lefrecce.it/Channels.Website.BFF.WEB/website/ticket/solutions,2026-09-07T12:59:36.491175Z
ReggioC-RomaTer,cheapest_direct_daytime,2026-10-25,33.9,FR 8418,05:58,11:25,5h 27min,0,FrecciaDAYS (STANDARD),Roma Termini,https://www.lefrecce.it/Channels.Website.BFF.WEB/website/ticket/solutions,2026-09-07T12:59:36.491175Z
ReggioC-RomaTer,cheapest_overall,2026-10-26,21.9,IC 560,15:13,22:34,7h 21min,0,Super Economy (2ª CLASSE EASY),Roma Termini,https://www.lefrecce.it/Channels.Website.BFF.WEB/website/ticket/solutions,2026-09-07T12:59:32.676835Z
ReggioC-RomaTer,cheapest_direct_daytime,2026-10-26,21.9,IC 560,15:13,22:34,7h 21min,0,Super Economy (2ª CLASSE EASY),Roma Termini,https://www.lefrecce.it/Channels.Website.BFF.WEB/website/ticket/solutions,2026-09-07T12:59:32.676835Z
ReggioC-RomaTer,cheapest_overall,2026-10-27,21.9,IC 552,07:54,15:34,7h 40min,0,Super Economy (2ª CLASSE EASY),Roma Termini,https://www.lefrecce.it/Channels.Website.BFF.WEB/website/ticket/solutions,2026-09-07T12:59:24.040029Z
ReggioC-RomaTer,cheapest_direct_daytime,2026-10-27,21.9,IC 552,07:54,15:34,7h 40min,0,Super Economy (2ª CLASSE EASY),Roma Termini,https://www.lefrecce.it/Channels.Website.BFF.WEB/website/ticket/solutions,2026-09-07T12:59:24.040029Z
ReggioC-RomaTer,cheapest_overall,2026-10-28,21.9,IC 552,07:54,15:34,7h 40min,0,Super Economy (2ª CLASSE EASY),Roma Termini,https://www.lefrecce.it/Channels.Website.BFF.WEB/website/ticket/solutions,2026-09-07T12:59:16.682357Z
ReggioC-RomaTer,cheapest_direct_daytime,2026-10-28,21.9,IC 552,07:54,15:34,7h 40min,0,Super Economy (2ª CLASSE EASY),Roma Termini,https://www.lefrecce.it/Channels.Website.BFF.WEB/website/ticket/solutions,2026-09-07T12:59:16.682357Z
ReggioC-RomaTer,cheapest_overall,2026-10-29,21.9,IC 552,07:54,15:34,7h 40min,0,Super Economy (2ª CLASSE EASY),Roma Termini,https://www.lefrecce.it/Channels.Website.BFF.WEB/website/ticket/solutions,2026-09-07T12:59:10.551149Z
ReggioC-RomaTer,cheapest_direct_daytime,2026-10-29,21.9,IC 552,07:54,15:34,7h 40min,0,Super Economy (2ª CLASSE EASY),Roma Termini,https://www.lefrecce.it/Channels.Website.BFF.WEB/website/ticket/solutions,2026-09-07T12:59:10.551149Z
ReggioC-RomaTer,cheapest_overall,2026-10-30,29.9,NI 794 + RE 12503,21:43,06:25,8h 42min,1,Super Economy (Posto a sedere 2ª classe-EASY) + ORDINARIA (2ª CLASSE),Roma Termini,https://www.lefrecce.it/Channels.Website.BFF.WEB/website/ticket/solutions,2026-09-07T12:59:06.641045Z
ReggioC-RomaTer,cheapest_direct_daytime,2026-10-30,33.9,FR 8868,14:16,20:16,6h 00min,0,FrecciaDAYS (STANDARD),Roma Termini,https://www.lefrecce.it/Channels.Website.BFF.WEB/website/ticket/solutions,2026-09-07T12:59:06.641045Z
ReggioC-RomaTer,cheapest_overall,2026-10-31,21.9,IC 560,15:13,22:34,7h 21min,0,Super Economy (2ª CLASSE EASY),Roma Termini,https://www.lefrecce.it/Channels.Website.BFF.WEB/website/ticket/solutions,2026-09-07T12:58:59.881766Z
ReggioC-RomaTer,cheapest_direct_daytime,2026-10-31,21.9,IC 560,15:13,22:34,7h 21min,0,Super Economy (2ª CLASSE EASY),Roma Termini,https://www.lefrecce.it/Channels.Website.BFF.WEB/website/ticket/solutions,2026-09-07T12:58:59.881766Z
ReggioC-RomaTer,cheapest_overall,2026-11-01,33.9,FR 8418,06:01,11:25,5h 24min,0,FrecciaDAYS (STANDARD),Roma Termini,https://www.lefrecce.it/Channels.Website.BFF.WEB/website/ticket/solutions,2026-09-07T12:58:51.448083Z
ReggioC-RomaTer,cheapest_direct_daytime,2026-11-01,33.9,FR 8418,06:01,11:25,5h 24min,0,FrecciaDAYS (STANDARD),Roma Termini,https://www.lefrecce.it/Channels.Website.BFF.WEB/website/ticket/solutions,2026-09-07T12:58:51.448083Z
ReggioC-RomaTer,cheapest_overall,2026-11-02,21.9,IC 560,15:13,22:34,7h 21min,0,Super Economy (2ª CLASSE EASY),Roma Termini,https://www.lefrecce.it/Channels.Website.BFF.WEB/website/ticket/solutions,2026-09-07T12:58:47.412384Z
ReggioC-RomaTer,cheapest_direct_daytime,2026-11-02,21.9,IC 560,15:13,22:34,7h 21min,0,Super Economy (2ª CLASSE EASY),Roma Termini,https://www.lefrecce.it/Channels.Website.BFF.WEB/website/ticket/solutions,2026-09-07T12:58:47.412384Z
ReggioC-RomaTer,cheapest_overall,2026-11-03,21.9,IC 552,07:54,15:34,7h 40min,0,Super Economy (2ª CLASSE EASY),Roma Termini,https://www.lefrecce.it/Channels.Website.BFF.WEB/website/ticket/solutions,2026-09-07T12:58:38.093283Z
ReggioC-RomaTer,cheapest_direct_daytime,2026-11-03,21.9,IC 552,07:54,15:34,7h 40min,0,Super Economy (2ª CLASSE EASY),Roma Termini,https://www.lefrecce.it/Channels.Website.BFF.WEB/website/ticket/solutions,2026-09-07T12:58:38.093283Z
ReggioC-RomaTer,cheapest_overall,2026-11-04,21.9,IC 552,07:54,15:34,7h 40min,0,Super Economy (2ª CLASSE EASY),Roma Termini,https://www.lefrecce.it/Channels.Website.BFF.WEB/website/ticket/solutions,2026-09-07T12:58:31.410965Z
ReggioC-RomaTer,cheapest_direct_daytime,2026-11-04,21.9,IC 552,07:54,15:34,7h 40min,0,Super Economy (2ª CLASSE EASY),Roma Termini,https://www.lefrecce.it/Channels.Website.BFF.WEB/website/ticket/solutions,2026-09-07T12:58:31.410965Z
ReggioC-RomaTer,cheapest_overall,2026-11-05,21.9,IC 552,07:54,15:34,7h 40min,0,Super Economy (2ª CLASSE EASY),Roma Termini,https://www.lefrecce.it/Channels.Website.BFF.WEB/website/ticket/solutions,2026-09-07T12:58:24.645693Z
ReggioC-RomaTer,cheapest_direct_daytime,2026-11-05,21.9,IC 552,07:54,15:34,7h 40min,0,Super Economy (2ª CLASSE EASY),Roma Termini,https://www.lefrecce.it/Channels.Website.BFF.WEB/website/ticket/solutions,2026-09-07T12:58:24.645693Z
ReggioC-RomaTer,cheapest_overall,2026-11-06,29.9,NI 794 + RE 12503,21:43,06:25,8h 42min,1,Super Economy (Posto a sedere 2ª classe-EASY) + ORDINARIA (2ª CLASSE),Roma Termini,https://www.lefrecce.it/Channels.Website.BFF.WEB/website/ticket/solutions,2026-09-07T12:58:19.043545Z
ReggioC-RomaTer,cheapest_direct_daytime,2026-11-06,33.9,FR 9658,12:07,17:40,5h 33min,0,FrecciaDAYS (STANDARD),Roma Termini,https://www.lefrecce.it/Channels.Website.BFF.WEB/website/ticket/solutions,2026-09-07T12:58:15.820999Z
ReggioC-RomaTer,cheapest_overall,2026-11-07,21.9,IC 552,07:54,15:34,7h 40min,0,Super Economy (2ª CLASSE EASY),Roma Termini,https://www.lefrecce.it/Channels.Website.BFF.WEB/website/ticket/solutions,2026-09-07T12:58:09.838906Z
ReggioC-RomaTer,cheapest_direct_daytime,2026-11-07,21.9,IC 552,07:54,15:34,7h 40min,0,Super Economy (2ª CLASSE EASY),Roma Termini,https://www.lefrecce.it/Channels.Website.BFF.WEB/website/ticket/solutions,2026-09-07T12:58:09.838906Z
ReggioC-RomaTer,cheapest_overall,2026-11-08,33.9,FR 8418,06:01,11:25,5h 24min,0,FrecciaDAYS (STANDARD),Roma Termini,https://www.lefrecce.it/Channels.Website.BFF.WEB/website/ticket/solutions,2026-09-07T12:58:03.654533Z
ReggioC-RomaTer,cheapest_direct_daytime,2026-11-08,33.9,FR 8418,06:01,11:25,5h 24min,0,FrecciaDAYS (STANDARD),Roma Termini,https://www.lefrecce.it/Channels.Website.BFF.WEB/website/ticket/solutions,2026-09-07T12:58:03.654533Z
ReggioC-RomaTer,cheapest_overall,2026-11-09,21.9,IC 552,07:54,15:34,7h 40min,0,Super Economy (2ª CLASSE EASY),Roma Termini,https://www.lefrecce.it/Channels.Website.BFF.WEB/website/ticket/solutions,2026-09-07T12:57:55.553411Z
ReggioC-RomaTer,cheapest_direct_daytime,2026-11-09,21.9,IC 552,07:54,15:34,7h 40min,0,Super Economy (2ª CLASSE EASY),Roma Termini,https://www.lefrecce.it/Channels.Website.BFF.WEB/website/ticket/solutions,2026-09-07T12:57:55.553411Z
ReggioC-RomaTer,cheapest_overall,2026-11-10,21.9,IC 552,07:54,15:34,7h 40min,0,Super Economy (2ª CLASSE EASY),Roma Termini,https://www.lefrecce.it/Channels.Website.BFF.WEB/website/ticket/solutions,2026-09-07T12:57:49.498413Z
ReggioC-RomaTer,cheapest_direct_daytime,2026-11-10,21.9,IC 552,07:54,15:34,7h 40min,0,Super Economy (2ª CLASSE EASY),Roma Termini,https://www.lefrecce.it/Channels.Website.BFF.WEB/website/ticket/solutions,2026-09-07T12:57:49.498413Z
ReggioC-RomaTer,cheapest_overall,2026-11-11,21.9,IC 552,07:54,15:34,7h 40min,0,Super Economy (2ª CLASSE EASY),Roma Termini,https://www.lefrecce.it/Channels.Website.BFF.WEB/website/ticket/solutions,2026-09-07T12:57:35.294463Z
ReggioC-RomaTer,cheapest_direct_daytime,2026-11-11,21.9,IC 552,07:54,15:34,7h 40min,0,Super Economy (2ª CLASSE EASY),Roma Termini,https://www.lefrecce.it/Channels.Website.BFF.WEB/website/ticket/solutions,2026-09-07T12:57:35.294463Z
ReggioC-RomaTer,cheapest_overall,2026-11-12,21.9,IC 552,07:54,15:34,7h 40min,0,Super Economy (2ª CLASSE EASY),Roma Termini,https://www.lefrecce.it/Channels.Website.BFF.WEB/website/ticket/solutions,2026-09-07T12:57:27.641617Z
ReggioC-RomaTer,cheapest_direct_daytime,2026-11-12,21.9,IC 552,07:54,15:34,7h 40min,0,Super Economy (2ª CLASSE EASY),Roma Termini,https://www.lefrecce.it/Channels.Website.BFF.WEB/website/ticket/solutions,2026-09-07T12:57:27.641617Z
ReggioC-RomaTer,cheapest_overall,2026-11-13,26.9,NI 794 + RE 12503,21:43,06:25,8h 42min,1,Super Economy (Posto a sedere 2ª classe-EASY) + ORDINARIA (2ª CLASSE),Roma Termini,https://www.lefrecce.it/Channels.Website.BFF.WEB/website/ticket/solutions,2026-09-07T12:57:23.440301Z
ReggioC-RomaTer,cheapest_direct_daytime,2026-11-13,33.9,FR 8418,06:01,11:25,5h 24min,0,FrecciaDAYS (STANDARD),Roma Termini,https://www.lefrecce.it/Channels.Website.BFF.WEB/website/ticket/solutions,2026-09-07T12:57:20.681435Z
ReggioC-RomaTer,cheapest_overall,2026-11-14,21.9,IC 552,07:54,15:34,7h 40min,0,Super Economy (2ª CLASSE EASY),Roma Termini,https://www.lefrecce.it/Channels.Website.BFF.WEB/website/ticket/solutions,2026-09-07T12:57:13.795624Z
ReggioC-RomaTer,cheapest_direct_daytime,2026-11-14,21.9,IC 552,07:54,15:34,7h 40min,0,Super Economy (2ª CLASSE EASY),Roma Termini,https://www.lefrecce.it/Channels.Website.BFF.WEB/website/ticket/solutions,2026-09-07T12:57:13.795624Z
ReggioC-RomaTer,cheapest_overall,2026-11-15,28.9,IC 1588 + RV 4105,08:39,17:05,8h 26min,1,Super Economy (2ª CLASSE EASY) + ORDINARIA (2ª CLASSE),Roma Termini,https://www.lefrecce.it/Channels.Website.BFF.WEB/website/ticket/solutions,2026-09-07T12:57:08.445924Z
ReggioC-RomaTer,cheapest_direct_daytime,2026-11-15,33.9,FR 8418,06:01,11:25,5h 24min,0,FrecciaDAYS (STANDARD),Roma Termini,https://www.lefrecce.it/Channels.Website.BFF.WEB/website/ticket/solutions,2026-09-07T12:57:08.445924Z
ReggioC-RomaTer,cheapest_overall,2026-11-16,21.9,IC 552,07:54,15:34,7h 40min,0,Super Economy (2ª CLASSE EASY),Roma Termini,https://www.lefrecce.it/Channels.Website.BFF.WEB/website/ticket/solutions,2026-09-07T12:57:01.046984Z
ReggioC-RomaTer,cheapest_direct_daytime,2026-11-16,21.9,IC 552,07:54,15:34,7h 40min,0,Super Economy (2ª CLASSE EASY),Roma Termini,https://www.lefrecce.it/Channels.Website.BFF.WEB/website/ticket/solutions,2026-09-07T12:57:01.046984Z
ReggioC-RomaTer,cheapest_overall,2026-11-17,21.9,IC 552,07:54,15:34,7h 40min,0,Super Economy (2ª CLASSE EASY),Roma Termini,https://www.lefrecce.it/Channels.Website.BFF.WEB/website/ticket/solutions,2026-09-07T12:56:54.827991Z
ReggioC-RomaTer,cheapest_direct_daytime,2026-11-17,21.9,IC 552,07:54,15:34,7h 40min,0,Super Economy (2ª CLASSE EASY),Roma Termini,https://www.lefrecce.it/Channels.Website.BFF.WEB/website/ticket/solutions,2026-09-07T12:56:54.827991Z
ReggioC-RomaTer,cheapest_overall,2026-11-18,21.9,IC 552,07:54,15:34,7h 40min,0,Super Economy (2ª CLASSE EASY),Roma Termini,https://www.lefrecce.it/Channels.Website.BFF.WEB/website/ticket/solutions,2026-09-07T12:56:47.923212Z
ReggioC-RomaTer,cheapest_direct_daytime,2026-11-18,21.9,IC 552,07:54,15:34,7h 40min,0,Super Economy (2ª CLASSE EASY),Roma Termini,https://www.lefrecce.it/Channels.Website.BFF.WEB/website/ticket/solutions,2026-09-07T12:56:47.923212Z
ReggioC-RomaTer,cheapest_overall,2026-11-19,21.9,IC 552,07:54,15:34,7h 40min,0,Super Economy (2ª CLASSE EASY),Roma Termini,https://www.lefrecce.it/Channels.Website.BFF.WEB/website/ticket/solutions,2026-09-07T12:56:41.827922Z
ReggioC-RomaTer,cheapest_direct_daytime,2026-11-19,21.9,IC 552,07:54,15:34,7h 40min,0,Super Economy (2ª CLASSE EASY),Roma Termini,https://www.lefrecce.it/Channels.Website.BFF.WEB/website/ticket/solutions,2026-09-07T12:56:41.827922Z
ReggioC-RomaTer,cheapest_overall,2026-11-20,24.0,RE 5598 + IC 95072,10:30,18:34,8h 04min,1,ORDINARIA (2ª CLASSE) + Super Economy (2ª CLASSE EASY),Roma Termini,https://www.lefrecce.it/Channels.Website.BFF.WEB/website/ticket/solutions,2026-09-07T12:56:35.249839Z
ReggioC-RomaTer,cheapest_direct_daytime,2026-11-20,33.9,FR 8418,06:01,11:25,5h 24min,0,FrecciaDAYS (STANDARD),Roma Termini,https://www.lefrecce.it/Channels.Website.BFF.WEB/website/ticket/solutions,2026-09-07T12:56:35.249839Z
ReggioC-RomaTer,cheapest_overall,2026-11-21,21.9,IC 552,07:54,15:34,7h 40min,0,Super Economy (2ª CLASSE EASY),Roma Termini,https://www.lefrecce.it/Channels.Website.BFF.WEB/website/ticket/solutions,2026-09-07T12:56:27.368154Z
ReggioC-RomaTer,cheapest_direct_daytime,2026-11-21,21.9,IC 552,07:54,15:34,7h 40min,0,Super Economy (2ª CLASSE EASY),Roma Termini,https://www.lefrecce.it/Channels.Website.BFF.WEB/website/ticket/solutions,2026-09-07T12:56:27.368154Z
ReggioC-RomaTer,cheapest_overall,2026-11-22,22.9,IC 1588 + RV 4105,08:39,17:05,8h 26min,1,Super Economy (2ª CLASSE EASY) + ORDINARIA (2ª CLASSE),Roma Termini,https://www.lefrecce.it/Channels.Website.BFF.WEB/website/ticket/solutions,2026-09-07T12:56:21.005697Z
ReggioC-RomaTer,cheapest_direct_daytime,2026-11-22,33.9,FR 8418,06:01,11:25,5h 24min,0,FrecciaDAYS (STANDARD),Roma Termini,https://www.lefrecce.it/Channels.Website.BFF.WEB/website/ticket/solutions,2026-09-07T12:56:21.005697Z
ReggioC-RomaTer,cheapest_overall,2026-11-23,21.9,IC 552,07:54,15:34,7h 40min,0,Super Economy (2ª CLASSE EASY),Roma Termini,https://www.lefrecce.it/Channels.Website.BFF.WEB/website/ticket/solutions,2026-09-07T12:56:13.239565Z
ReggioC-RomaTer,cheapest_direct_daytime,2026-11-23,21.9,IC 552,07:54,15:34,7h 40min,0,Super Economy (2ª CLASSE EASY),Roma Termini,https://www.lefrecce.it/Channels.Website.BFF.WEB/website/ticket/solutions,2026-09-07T12:56:13.239565Z
ReggioC-RomaTer,cheapest_overall,2026-11-24,21.9,IC 552,07:54,15:34,7h 40min,0,Super Economy (2ª CLASSE EASY),Roma Termini,https://www.lefrecce.it/Channels.Website.BFF.WEB/website/ticket/solutions,2026-09-07T12:56:05.046701Z
ReggioC-RomaTer,cheapest_direct_daytime,2026-11-24,21.9,IC 552,07:54,15:34,7h 40min,0,Super Economy (2ª CLASSE EASY),Roma Termini,https://www.lefrecce.it/Channels.Website.BFF.WEB/website/ticket/solutions,2026-09-07T12:56:05.046701Z
ReggioC-RomaTer,cheapest_overall,2026-11-25,21.9,IC 552,07:54,15:34,7h 40min,0,Super Economy (2ª CLASSE EASY),Roma Termini,https://www.lefrecce.it/Channels.Website.BFF.WEB/website/ticket/solutions,2026-09-07T12:55:56.229169Z
ReggioC-RomaTer,cheapest_direct_daytime,2026-11-25,21.9,IC 552,07:54,15:34,7h 40min,0,Super Economy (2ª CLASSE EASY),Roma Termini,https://www.lefrecce.it/Channels.Website.BFF.WEB/website/ticket/solutions,2026-09-07T12:55:56.229169Z
ReggioC-RomaTer,cheapest_overall,2026-11-26,21.9,IC 552,07:54,15:34,7h 40min,0,Super Economy (2ª CLASSE EASY),Roma Termini,https://www.lefrecce.it/Channels.Website.BFF.WEB/website/ticket/solutions,2026-09-07T12:55:49.894015Z
ReggioC-RomaTer,cheapest_direct_daytime,2026-11-26,21.9,IC 552,07:54,15:34,7h 40min,0,Super Economy (2ª CLASSE EASY),Roma Termini,https://www.lefrecce.it/Channels.Website.BFF.WEB/website/ticket/solutions,2026-09-07T12:55:49.894015Z
ReggioC-RomaTer,cheapest_overall,2026-11-27,24.0,RE 5598 + IC 95072,10:30,18:34,8h 04min,1,ORDINARIA (2ª CLASSE) + Super Economy (2ª CLASSE EASY),Roma Termini,https://www.lefrecce.it/Channels.Website.BFF.WEB/website/ticket/solutions,2026-09-07T12:55:43.094657Z
ReggioC-RomaTer,cheapest_direct_daytime,2026-11-27,33.9,FR 8418,06:01,11:25,5h 24min,0,FrecciaDAYS (STANDARD),Roma Termini,https://www.lefrecce.it/Channels.Website.BFF.WEB/website/ticket/solutions,2026-09-07T12:55:43.094657Z
ReggioC-RomaTer,cheapest_overall,2026-11-28,21.9,IC 552,07:54,15:34,7h 40min,0,Super Economy (2ª CLASSE EASY),Roma Termini,https://www.lefrecce.it/Channels.Website.BFF.WEB/website/ticket/solutions,2026-09-07T12:55:36.026408Z
ReggioC-RomaTer,cheapest_direct_daytime,2026-11-28,21.9,IC 552,07:54,15:34,7h 40min,0,Super Economy (2ª CLASSE EASY),Roma Termini,https://www.lefrecce.it/Channels.Website.BFF.WEB/website/ticket/solutions,2026-09-07T12:55:36.026408Z
ReggioC-RomaTer,cheapest_overall,2026-11-29,32.3,NI 812 + RE 21052,22:04,06:30,8h 26min,1,Super Economy (Posto a sedere 2ª classe-EASY) + ORDINARIA (2ª CLASSE PRENOTAZIONE),Roma Termini,https://www.lefrecce.it/Channels.Website.BFF.WEB/website/ticket/solutions,2026-09-07T12:55:32.314724Z
ReggioC-RomaTer,cheapest_direct_daytime,2026-11-29,35.9,IC 560,15:13,22:34,7h 21min,0,Super Economy (1ª CLASSE PLUS),Roma Termini,https://www.lefrecce.it/Channels.Website.BFF.WEB/website/ticket/solutions,2026-09-07T12:55:32.314724Z
ReggioC-RomaTer,cheapest_overall,2026-11-30,21.9,IC 552,07:54,15:34,7h 40min,0,Super Economy (2ª CLASSE EASY),Roma Termini,https://www.lefrecce.it/Channels.Website.BFF.WEB/website/ticket/solutions,2026-09-07T12:55:24.173137Z
ReggioC-RomaTer,cheapest_direct_daytime,2026-11-30,21.9,IC 552,07:54,15:34,7h 40min,0,Super Economy (2ª CLASSE EASY),Roma Termini,https://www.lefrecce.it/Channels.Website.BFF.WEB/website/ticket/solutions,2026-09-07T12:55:24.173137Z
ReggioC-RomaTib,cheapest_overall,2026-09-25,29.9,NI 37452 + RE 20571,21:08,06:45,9h 37min,1,Super Economy (Posto a sedere 2ª classe-EASY) + ORDINARIA (2ª CLASSE),Roma Tiburtina,https://www.lefrecce.it/Channels.Website.BFF.WEB/website/ticket/solutions,2026-09-07T12:36:03.363372Z
ReggioC-RomaTib,cheapest_direct_daytime,2026-09-25,,NO_DIRECT_DAYTIME_SOLUTION,,,,,,,https://www.lefrecce.it/Channels.Website.BFF.WEB/website/ticket/solutions,2026-09-07T12:36:03.363372Z
ReggioC-RomaTib,cheapest_overall,2026-09-26,28.9,IC 560 + RV 4538,14:21,22:58,8h 37min,1,Super Economy (2ª CLASSE EASY) + ORDINARIA (2ª CLASSE),Roma Tiburtina,https://www.lefrecce.it/Channels.Website.BFF.WEB/website/ticket/solutions,2026-09-07T12:36:09.513548Z
ReggioC-RomaTib,cheapest_direct_daytime,2026-09-26,,NO_DIRECT_DAYTIME_SOLUTION,,,,,,,https://www.lefrecce.it/Channels.Website.BFF.WEB/website/ticket/solutions,2026-09-07T12:36:09.513548Z
ReggioC-RomaTib,cheapest_overall,2026-09-27,40.0,NI 812 + RE 21404,22:04,06:24,8h 20min,1,Economy (Posto a sedere 2ª classe-EASY) + ORDINARIA (2ª CLASSE),Roma Tiburtina,https://www.lefrecce.it/Channels.Website.BFF.WEB/website/ticket/solutions,2026-09-07T12:36:20.933763Z
ReggioC-RomaTib,cheapest_direct_daytime,2026-09-27,51.9,IC 1588,08:41,16:31,7h 50min,0,Economy (2ª CLASSE EASY),Roma Tiburtina,https://www.lefrecce.it/Channels.Website.BFF.WEB/website/ticket/solutions,2026-09-07T12:36:15.792556Z
ReggioC-RomaTib,cheapest_overall,2026-09-28,22.9,IC 560 + RV 4538,15:13,22:58,7h 45min,1,Super Economy (2ª CLASSE EASY) + ORDINARIA (2ª CLASSE),Roma Tiburtina,https://www.lefrecce.it/Channels.Website.BFF.WEB/website/ticket/solutions,2026-09-07T12:36:27.296841Z
ReggioC-RomaTib,cheapest_direct_daytime,2026-09-28,,NO_DIRECT_DAYTIME_SOLUTION,,,,,,,https://www.lefrecce.it/Channels.Website.BFF.WEB/website/ticket/solutions,2026-09-07T12:36:27.296841Z
ReggioC-RomaTib,cheapest_overall,2026-09-29,22.9,IC 560 + RV 4538,15:13,22:58,7h 45min,1,Super Economy (2ª CLASSE EASY) + ORDINARIA (2ª CLASSE),Roma Tiburtina,https://www.lefrecce.it/Channels.Website.BFF.WEB/website/ticket/solutions,2026-09-07T12:36:33.571910Z
ReggioC-RomaTib,cheapest_direct_daytime,2026-09-29,,NO_DIRECT_DAYTIME_SOLUTION,,,,,,,https://www.lefrecce.it/Channels.Website.BFF.WEB/website/ticket/solutions,2026-09-07T12:36:33.571910Z
ReggioC-RomaTib,cheapest_overall,2026-09-30,22.9,IC 560 + RV 4538,15:13,22:58,7h 45min,1,Super Economy (2ª CLASSE EASY) + ORDINARIA (2ª CLASSE),Roma Tiburtina,https://www.lefrecce.it/Channels.Website.BFF.WEB/website/ticket/solutions,2026-09-07T12:36:40.327084Z
ReggioC-RomaTib,cheapest_direct_daytime,2026-09-30,,NO_DIRECT_DAYTIME_SOLUTION,,,,,,,https://www.lefrecce.it/Channels.Website.BFF.WEB/website/ticket/solutions,2026-09-07T12:36:40.327084Z
ReggioC-RomaTib,cheapest_overall,2026-10-01,22.9,IC 560 + RV 4538,15:13,22:58,7h 45min,1,Super Economy (2ª CLASSE EASY) + ORDINARIA (2ª CLASSE),Roma Tiburtina,https://www.lefrecce.it/Channels.Website.BFF.WEB/website/ticket/solutions,2026-09-07T12:36:48.257548Z
ReggioC-RomaTib,cheapest_direct_daytime,2026-10-01,,NO_DIRECT_DAYTIME_SOLUTION,,,,,,,https://www.lefrecce.it/Channels.Website.BFF.WEB/website/ticket/solutions,2026-09-07T12:36:48.257548Z
ReggioC-RomaTib,cheapest_overall,2026-10-02,33.9,FR 8868,14:16,20:52,6h 36min,0,FrecciaDAYS (STANDARD),Roma Tiburtina,https://www.lefrecce.it/Channels.Website.BFF.WEB/website/ticket/solutions,2026-09-07T12:36:55.081458Z
ReggioC-RomaTib,cheapest_direct_daytime,2026-10-02,,NO_DIRECT_DAYTIME_SOLUTION,,,,,,,https://www.lefrecce.it/Channels.Website.BFF.WEB/website/ticket/solutions,2026-09-07T12:36:55.081458Z
ReggioC-RomaTib,cheapest_overall,2026-10-03,28.9,IC 552 + RV 4156,07:54,16:01,8h 07min,1,Super Economy (2ª CLASSE EASY) + ORDINARIA (2ª CLASSE PRENOTAZIONE),Roma Tiburtina,https://www.lefrecce.it/Channels.Website.BFF.WEB/website/ticket/solutions,2026-09-07T12:36:59.125403Z
ReggioC-RomaTib,cheapest_direct_daytime,2026-10-03,,NO_DIRECT_DAYTIME_SOLUTION,,,,,,,https://www.lefrecce.it/Channels.Website.BFF.WEB/website/ticket/solutions,2026-09-07T12:36:59.125403Z
ReggioC-RomaTib,cheapest_overall,2026-10-04,32.0,NI 812 + RE 21404,22:04,06:24,8h 20min,1,Super Economy (Posto a sedere 2ª classe-EASY) + ORDINARIA (2ª CLASSE),Roma Tiburtina,https://www.lefrecce.it/Channels.Website.BFF.WEB/website/ticket/solutions,2026-09-07T12:37:08.584127Z
ReggioC-RomaTib,cheapest_direct_daytime,2026-10-04,,NO_DIRECT_DAYTIME_SOLUTION,,,,,,,https://www.lefrecce.it/Channels.Website.BFF.WEB/website/ticket/solutions,2026-09-07T12:37:08.584127Z
ReggioC-RomaTib,cheapest_overall,2026-10-05,28.9,IC 560 + RV 4538,15:13,22:58,7h 45min,1,Super Economy (2ª CLASSE EASY) + ORDINARIA (2ª CLASSE),Roma Tiburtina,https://www.lefrecce.it/Channels.Website.BFF.WEB/website/ticket/solutions,2026-09-07T12:37:17.736025Z
ReggioC-RomaTib,cheapest_direct_daytime,2026-10-05,,NO_DIRECT_DAYTIME_SOLUTION,,,,,,,https://www.lefrecce.it/Channels.Website.BFF.WEB/website/ticket/solutions,2026-09-07T12:37:17.736025Z
ReggioC-RomaTib,cheapest_overall,2026-10-06,22.9,IC 560 + RV 4538,15:13,22:58,7h 45min,1,Super Economy (2ª CLASSE EASY) + ORDINARIA (2ª CLASSE),Roma Tiburtina,https://www.lefrecce.it/Channels.Website.BFF.WEB/website/ticket/solutions,2026-09-07T12:37:24.952251Z
ReggioC-RomaTib,cheapest_direct_daytime,2026-10-06,,NO_DIRECT_DAYTIME_SOLUTION,,,,,,,https://www.lefrecce.it/Channels.Website.BFF.WEB/website/ticket/solutions,2026-09-07T12:37:24.952251Z
ReggioC-RomaTib,cheapest_overall,2026-10-07,22.9,IC 560 + RV 4538,15:13,22:58,7h 45min,1,Super Economy (2ª CLASSE EASY) + ORDINARIA (2ª CLASSE),Roma Tiburtina,https://www.lefrecce.it/Channels.Website.BFF.WEB/website/ticket/solutions,2026-09-07T12:37:31.791403Z
ReggioC-RomaTib,cheapest_direct_daytime,2026-10-07,,NO_DIRECT_DAYTIME_SOLUTION,,,,,,,https://www.lefrecce.it/Channels.Website.BFF.WEB/website/ticket/solutions,2026-09-07T12:37:31.791403Z
ReggioC-RomaTib,cheapest_overall,2026-10-08,22.9,IC 560 + RV 4538,15:13,22:58,7h 45min,1,Super Economy (2ª CLASSE EASY) + ORDINARIA (2ª CLASSE),Roma Tiburtina,https://www.lefrecce.it/Channels.Website.BFF.WEB/website/ticket/solutions,2026-09-07T12:37:38.368329Z
ReggioC-RomaTib,cheapest_direct_daytime,2026-10-08,,NO_DIRECT_DAYTIME_SOLUTION,,,,,,,https://www.lefrecce.it/Channels.Website.BFF.WEB/website/ticket/solutions,2026-09-07T12:37:38.368329Z
ReggioC-RomaTib,cheapest_overall,2026-10-09,28.9,IC 560 + RV 4538,15:13,22:58,7h 45min,1,Super Economy (2ª CLASSE EASY) + ORDINARIA (2ª CLASSE),Roma Tiburtina,https://www.lefrecce.it/Channels.Website.BFF.WEB/website/ticket/solutions,2026-09-07T12:37:45.445059Z
ReggioC-RomaTib,cheapest_direct_daytime,2026-10-09,,NO_DIRECT_DAYTIME_SOLUTION,,,,,,,https://www.lefrecce.it/Channels.Website.BFF.WEB/website/ticket/solutions,2026-09-07T12:37:45.445059Z
ReggioC-RomaTib,cheapest_overall,2026-10-10,22.9,IC 560 + RV 4538,15:13,22:58,7h 45min,1,Super Economy (2ª CLASSE EASY) + ORDINARIA (2ª CLASSE),Roma Tiburtina,https://www.lefrecce.it/Channels.Website.BFF.WEB/website/ticket/solutions,2026-09-07T12:37:51.474785Z
ReggioC-RomaTib,cheapest_direct_daytime,2026-10-10,,NO_DIRECT_DAYTIME_SOLUTION,,,,,,,https://www.lefrecce.it/Channels.Website.BFF.WEB/website/ticket/solutions,2026-09-07T12:37:51.474785Z
ReggioC-RomaTib,cheapest_overall,2026-10-11,32.0,NI 812 + RE 21404,22:04,06:24,8h 20min,1,Super Economy (Posto a sedere 2ª classe-EASY) + ORDINARIA (2ª CLASSE),Roma Tiburtina,https://www.lefrecce.it/Channels.Website.BFF.WEB/website/ticket/solutions,2026-09-07T12:37:58.273027Z
ReggioC-RomaTib,cheapest_direct_daytime,2026-10-11,37.9,IC 1588,08:41,16:31,7h 50min,0,Super Economy (1ª CLASSE PLUS),Roma Tiburtina,https://www.lefrecce.it/Channels.Website.BFF.WEB/website/ticket/solutions,2026-09-07T12:37:55.712130Z
ReggioC-RomaTib,cheapest_overall,2026-10-12,28.9,IC 560 + RV 4538,15:13,22:58,7h 45min,1,Super Economy (2ª CLASSE EASY) + ORDINARIA (2ª CLASSE),Roma Tiburtina,https://www.lefrecce.it/Channels.Website.BFF.WEB/website/ticket/solutions,2026-09-07T12:38:05.315555Z
ReggioC-RomaTib,cheapest_direct_daytime,2026-10-12,,NO_DIRECT_DAYTIME_SOLUTION,,,,,,,https://www.lefrecce.it/Channels.Website.BFF.WEB/website/ticket/solutions,2026-09-07T12:38:05.315555Z
ReggioC-RomaTib,cheapest_overall,2026-10-13,22.9,IC 560 + RV 4538,15:13,22:58,7h 45min,1,Super Economy (2ª CLASSE EASY) + ORDINARIA (2ª CLASSE),Roma Tiburtina,https://www.lefrecce.it/Channels.Website.BFF.WEB/website/ticket/solutions,2026-09-07T12:38:14.407397Z
ReggioC-RomaTib,cheapest_direct_daytime,2026-10-13,,NO_DIRECT_DAYTIME_SOLUTION,,,,,,,https://www.lefrecce.it/Channels.Website.BFF.WEB/website/ticket/solutions,2026-09-07T12:38:14.407397Z
ReggioC-RomaTib,cheapest_overall,2026-10-14,28.9,IC 560 + RV 4538,15:13,22:58,7h 45min,1,Super Economy (2ª CLASSE EASY) + ORDINARIA (2ª CLASSE),Roma Tiburtina,https://www.lefrecce.it/Channels.Website.BFF.WEB/website/ticket/solutions,2026-09-07T12:38:20.907129Z
ReggioC-RomaTib,cheapest_direct_daytime,2026-10-14,,NO_DIRECT_DAYTIME_SOLUTION,,,,,,,https://www.lefrecce.it/Channels.Website.BFF.WEB/website/ticket/solutions,2026-09-07T12:38:20.907129Z
ReggioC-RomaTib,cheapest_overall,2026-10-15,22.9,IC 560 + RV 4538,15:13,22:58,7h 45min,1,Super Economy (2ª CLASSE EASY) + ORDINARIA (2ª CLASSE),Roma Tiburtina,https://www.lefrecce.it/Channels.Website.BFF.WEB/website/ticket/solutions,2026-09-07T12:38:28.618321Z
ReggioC-RomaTib,cheapest_direct_daytime,2026-10-15,,NO_DIRECT_DAYTIME_SOLUTION,,,,,,,https://www.lefrecce.it/Channels.Website.BFF.WEB/website/ticket/solutions,2026-09-07T12:38:28.618321Z
ReggioC-RomaTib,cheapest_overall,2026-10-16,28.9,IC 560 + RV 4538,15:13,22:58,7h 45min,1,Super Economy (2ª CLASSE EASY) + ORDINARIA (2ª CLASSE),Roma Tiburtina,https://www.lefrecce.it/Channels.Website.BFF.WEB/website/ticket/solutions,2026-09-07T12:38:35.886027Z
ReggioC-RomaTib,cheapest_direct_daytime,2026-10-16,,NO_DIRECT_DAYTIME_SOLUTION,,,,,,,https://www.lefrecce.it/Channels.Website.BFF.WEB/website/ticket/solutions,2026-09-07T12:38:35.886027Z
ReggioC-RomaTib,cheapest_overall,2026-10-17,28.9,IC 560 + RV 4538,15:13,22:58,7h 45min,1,Super Economy (2ª CLASSE EASY) + ORDINARIA (2ª CLASSE),Roma Tiburtina,https://www.lefrecce.it/Channels.Website.BFF.WEB/website/ticket/solutions,2026-09-07T12:38:44.222191Z
ReggioC-RomaTib,cheapest_direct_daytime,2026-10-17,,NO_DIRECT_DAYTIME_SOLUTION,,,,,,,https://www.lefrecce.it/Channels.Website.BFF.WEB/website/ticket/solutions,2026-09-07T12:38:44.222191Z
ReggioC-RomaTib,cheapest_overall,2026-10-18,32.0,NI 812 + RE 21404,22:04,06:24,8h 20min,1,Super Economy (Posto a sedere 2ª classe-EASY) + ORDINARIA (2ª CLASSE),Roma Tiburtina,https://www.lefrecce.it/Channels.Website.BFF.WEB/website/ticket/solutions,2026-09-07T12:38:50.554941Z
ReggioC-RomaTib,cheapest_direct_daytime,2026-10-18,37.9,IC 1588,08:41,16:31,7h 50min,0,Super Economy (1ª CLASSE PLUS),Roma Tiburtina,https://www.lefrecce.it/Channels.Website.BFF.WEB/website/ticket/solutions,2026-09-07T12:38:48.223003Z
ReggioC-RomaTib,cheapest_overall,2026-10-19,28.9,IC 560 + RV 4538,15:13,22:58,7h 45min,1,Super Economy (2ª CLASSE EASY) + ORDINARIA (2ª CLASSE),Roma Tiburtina,https://www.lefrecce.it/Channels.Website.BFF.WEB/website/ticket/solutions,2026-09-07T12:38:57.698126Z
ReggioC-RomaTib,cheapest_direct_daytime,2026-10-19,,NO_DIRECT_DAYTIME_SOLUTION,,,,,,,https://www.lefrecce.it/Channels.Website.BFF.WEB/website/ticket/solutions,2026-09-07T12:38:57.698126Z
ReggioC-RomaTib,cheapest_overall,2026-10-20,22.9,IC 560 + RV 4538,15:13,22:58,7h 45min,1,Super Economy (2ª CLASSE EASY) + ORDINARIA (2ª CLASSE),Roma Tiburtina,https://www.lefrecce.it/Channels.Website.BFF.WEB/website/ticket/solutions,2026-09-07T12:39:05.299740Z
ReggioC-RomaTib,cheapest_direct_daytime,2026-10-20,,NO_DIRECT_DAYTIME_SOLUTION,,,,,,,https://www.lefrecce.it/Channels.Website.BFF.WEB/website/ticket/solutions,2026-09-07T12:39:05.299740Z
ReggioC-RomaTib,cheapest_overall,2026-10-21,22.9,IC 560 + RV 4538,15:13,22:58,7h 45min,1,Super Economy (2ª CLASSE EASY) + ORDINARIA (2ª CLASSE),Roma Tiburtina,https://www.lefrecce.it/Channels.Website.BFF.WEB/website/ticket/solutions,2026-09-07T12:39:12.119524Z
ReggioC-RomaTib,cheapest_direct_daytime,2026-10-21,,NO_DIRECT_DAYTIME_SOLUTION,,,,,,,https://www.lefrecce.it/Channels.Website.BFF.WEB/website/ticket/solutions,2026-09-07T12:39:12.119524Z
ReggioC-RomaTib,cheapest_overall,2026-10-22,22.9,IC 560 + RV 4538,15:13,22:58,7h 45min,1,Super Economy (2ª CLASSE EASY) + ORDINARIA (2ª CLASSE),Roma Tiburtina,https://www.lefrecce.it/Channels.Website.BFF.WEB/website/ticket/solutions,2026-09-07T12:39:19.062400Z
ReggioC-RomaTib,cheapest_direct_daytime,2026-10-22,,NO_DIRECT_DAYTIME_SOLUTION,,,,,,,https://www.lefrecce.it/Channels.Website.BFF.WEB/website/ticket/solutions,2026-09-07T12:39:19.062400Z
ReggioC-RomaTib,cheapest_overall,2026-10-23,22.9,IC 560 + RV 4538,15:13,22:58,7h 45min,1,Super Economy (2ª CLASSE EASY) + ORDINARIA (2ª CLASSE),Roma Tiburtina,https://www.lefrecce.it/Channels.Website.BFF.WEB/website/ticket/solutions,2026-09-07T12:39:26.341761Z
ReggioC-RomaTib,cheapest_direct_daytime,2026-10-23,,NO_DIRECT_DAYTIME_SOLUTION,,,,,,,https://www.lefrecce.it/Channels.Website.BFF.WEB/website/ticket/solutions,2026-09-07T12:39:26.341761Z
ReggioC-RomaTib,cheapest_overall,2026-10-24,22.9,IC 560 + RV 4538,15:13,22:58,7h 45min,1,Super Economy (2ª CLASSE EASY) + ORDINARIA (2ª CLASSE),Roma Tiburtina,https://www.lefrecce.it/Channels.Website.BFF.WEB/website/ticket/solutions,2026-09-07T12:39:32.376856Z
ReggioC-RomaTib,cheapest_direct_daytime,2026-10-24,,NO_DIRECT_DAYTIME_SOLUTION,,,,,,,https://www.lefrecce.it/Channels.Website.BFF.WEB/website/ticket/solutions,2026-09-07T12:39:32.376856Z
ReggioC-RomaTib,cheapest_overall,2026-10-25,32.0,NI 812 + RE 21404,22:04,06:24,8h 20min,1,Super Economy (Posto a sedere 2ª classe-EASY) + ORDINARIA (2ª CLASSE),Roma Tiburtina,https://www.lefrecce.it/Channels.Website.BFF.WEB/website/ticket/solutions,2026-09-07T12:39:38.744310Z
ReggioC-RomaTib,cheapest_direct_daytime,2026-10-25,37.9,IC 1588,08:41,16:31,7h 50min,0,Super Economy (1ª CLASSE PLUS),Roma Tiburtina,https://www.lefrecce.it/Channels.Website.BFF.WEB/website/ticket/solutions,2026-09-07T12:39:36.210807Z
ReggioC-RomaTib,cheapest_overall,2026-10-26,22.9,IC 560 + RV 4538,15:13,22:58,7h 45min,1,Super Economy (2ª CLASSE EASY) + ORDINARIA (2ª CLASSE),Roma Tiburtina,https://www.lefrecce.it/Channels.Website.BFF.WEB/website/ticket/solutions,2026-09-07T12:39:47.533785Z
ReggioC-RomaTib,cheapest_direct_daytime,2026-10-26,,NO_DIRECT_DAYTIME_SOLUTION,,,,,,,https://www.lefrecce.it/Channels.Website.BFF.WEB/website/ticket/solutions,2026-09-07T12:39:47.533785Z
ReggioC-RomaTib,cheapest_overall,2026-10-27,22.9,IC 560 + RV 4538,15:13,22:58,7h 45min,1,Super Economy (2ª CLASSE EASY) + ORDINARIA (2ª CLASSE),Roma Tiburtina,https://www.lefrecce.it/Channels.Website.BFF.WEB/website/ticket/solutions,2026-09-07T12:39:54.549832Z
ReggioC-RomaTib,cheapest_direct_daytime,2026-10-27,,NO_DIRECT_DAYTIME_SOLUTION,,,,,,,https://www.lefrecce.it/Channels.Website.BFF.WEB/website/ticket/solutions,2026-09-07T12:39:54.549832Z
ReggioC-RomaTib,cheapest_overall,2026-10-28,22.9,IC 560 + RV 4538,15:13,22:58,7h 45min,1,Super Economy (2ª CLASSE EASY) + ORDINARIA (2ª CLASSE),Roma Tiburtina,https://www.lefrecce.it/Channels.Website.BFF.WEB/website/ticket/solutions,2026-09-07T12:40:02.514698Z
ReggioC-RomaTib,cheapest_direct_daytime,2026-10-28,,NO_DIRECT_DAYTIME_SOLUTION,,,,,,,https://www.lefrecce.it/Channels.Website.BFF.WEB/website/ticket/solutions,2026-09-07T12:40:02.514698Z
ReggioC-RomaTib,cheapest_overall,2026-10-29,22.9,IC 560 + RV 4538,15:13,22:58,7h 45min,1,Super Economy (2ª CLASSE EASY) + ORDINARIA (2ª CLASSE),Roma Tiburtina,https://www.lefrecce.it/Channels.Website.BFF.WEB/website/ticket/solutions,2026-09-07T12:40:10.622884Z
ReggioC-RomaTib,cheapest_direct_daytime,2026-10-29,,NO_DIRECT_DAYTIME_SOLUTION,,,,,,,https://www.lefrecce.it/Channels.Website.BFF.WEB/website/ticket/solutions,2026-09-07T12:40:10.622884Z
ReggioC-RomaTib,cheapest_overall,2026-10-30,29.9,NI 794 + RE 20571,21:43,06:45,9h 02min,1,Super Economy (Posto a sedere 2ª classe-EASY) + ORDINARIA (2ª CLASSE),Roma Tiburtina,https://www.lefrecce.it/Channels.Website.BFF.WEB/website/ticket/solutions,2026-09-07T12:40:18.231100Z
ReggioC-RomaTib,cheapest_direct_daytime,2026-10-30,,NO_DIRECT_DAYTIME_SOLUTION,,,,,,,https://www.lefrecce.it/Channels.Website.BFF.WEB/website/ticket/solutions,2026-09-07T12:40:18.231100Z
ReggioC-RomaTib,cheapest_overall,2026-10-31,22.9,IC 560 + RV 4538,15:13,22:58,7h 45min,1,Super Economy (2ª CLASSE EASY) + ORDINARIA (2ª CLASSE),Roma Tiburtina,https://www.lefrecce.it/Channels.Website.BFF.WEB/website/ticket/solutions,2026-09-07T12:40:24.643911Z
ReggioC-RomaTib,cheapest_direct_daytime,2026-10-31,,NO_DIRECT_DAYTIME_SOLUTION,,,,,,,https://www.lefrecce.it/Channels.Website.BFF.WEB/website/ticket/solutions,2026-09-07T12:40:24.643911Z
ReggioC-RomaTib,cheapest_overall,2026-11-01,32.0,NI 812 + RE 21404,22:04,06:24,8h 20min,1,Super Economy (Posto a sedere 2ª classe-EASY) + ORDINARIA (2ª CLASSE),Roma Tiburtina,https://www.lefrecce.it/Channels.Website.BFF.WEB/website/ticket/solutions,2026-09-07T12:40:32.431709Z
ReggioC-RomaTib,cheapest_direct_daytime,2026-11-01,35.9,IC 1588,08:39,16:31,7h 52min,0,Super Economy (1ª CLASSE PLUS),Roma Tiburtina,https://www.lefrecce.it/Channels.Website.BFF.WEB/website/ticket/solutions,2026-09-07T12:40:29.912502Z
ReggioC-RomaTib,cheapest_overall,2026-11-02,22.9,IC 560 + RV 4538,15:13,22:55,7h 42min,1,Super Economy (2ª CLASSE EASY) + ORDINARIA (2ª CLASSE),Roma Tiburtina,https://www.lefrecce.it/Channels.Website.BFF.WEB/website/ticket/solutions,2026-09-07T12:40:39.404488Z
ReggioC-RomaTib,cheapest_direct_daytime,2026-11-02,39.9,FR 9588,10:07,16:17,6h 10min,0,Super Economy (STANDARD),Roma Tiburtina,https://www.lefrecce.it/Channels.Website.BFF.WEB/website/ticket/solutions,2026-09-07T12:40:36.704738Z
ReggioC-RomaTib,cheapest_overall,2026-11-03,22.9,IC 560 + RV 4538,15:13,22:55,7h 42min,1,Super Economy (2ª CLASSE EASY) + ORDINARIA (2ª CLASSE),Roma Tiburtina,https://www.lefrecce.it/Channels.Website.BFF.WEB/website/ticket/solutions,2026-09-07T12:40:52.968710Z
ReggioC-RomaTib,cheapest_direct_daytime,2026-11-03,33.9,FR 9588,10:07,16:17,6h 10min,0,FrecciaDAYS (STANDARD),Roma Tiburtina,https://www.lefrecce.it/Channels.Website.BFF.WEB/website/ticket/solutions,2026-09-07T12:40:44.916757Z
ReggioC-RomaTib,cheapest_overall,2026-11-04,22.9,IC 560 + RV 4538,15:13,22:55,7h 42min,1,Super Economy (2ª CLASSE EASY) + ORDINARIA (2ª CLASSE),Roma Tiburtina,https://www.lefrecce.it/Channels.Website.BFF.WEB/website/ticket/solutions,2026-09-07T12:40:59.253128Z
ReggioC-RomaTib,cheapest_direct_daytime,2026-11-04,33.9,FR 9588,10:07,16:17,6h 10min,0,FrecciaDAYS (STANDARD),Roma Tiburtina,https://www.lefrecce.it/Channels.Website.BFF.WEB/website/ticket/solutions,2026-09-07T12:40:56.655654Z
ReggioC-RomaTib,cheapest_overall,2026-11-05,22.9,IC 560 + RV 4538,15:13,22:55,7h 42min,1,Super Economy (2ª CLASSE EASY) + ORDINARIA (2ª CLASSE),Roma Tiburtina,https://www.lefrecce.it/Channels.Website.BFF.WEB/website/ticket/solutions,2026-09-07T12:41:07.315007Z
ReggioC-RomaTib,cheapest_direct_daytime,2026-11-05,42.9,FR 9588,10:07,16:17,6h 10min,0,FrecciaDAYS (PREMIUM),Roma Tiburtina,https://www.lefrecce.it/Channels.Website.BFF.WEB/website/ticket/solutions,2026-09-07T12:41:04.295378Z
ReggioC-RomaTib,cheapest_overall,2026-11-06,29.9,NI 794 + RE 20571,21:43,06:45,9h 02min,1,Super Economy (Posto a sedere 2ª classe-EASY) + ORDINARIA (2ª CLASSE),Roma Tiburtina,https://www.lefrecce.it/Channels.Website.BFF.WEB/website/ticket/solutions,2026-09-07T12:41:15.004850Z
ReggioC-RomaTib,cheapest_direct_daytime,2026-11-06,39.9,FR 9588,10:07,16:17,6h 10min,0,Super Economy (STANDARD),Roma Tiburtina,https://www.lefrecce.it/Channels.Website.BFF.WEB/website/ticket/solutions,2026-09-07T12:41:12.237663Z
ReggioC-RomaTib,cheapest_overall,2026-11-07,22.9,IC 560 + RV 4538,15:13,22:55,7h 42min,1,Super Economy (2ª CLASSE EASY) + ORDINARIA (2ª CLASSE),Roma Tiburtina,https://www.lefrecce.it/Channels.Website.BFF.WEB/website/ticket/solutions,2026-09-07T12:41:21.152639Z
ReggioC-RomaTib,cheapest_direct_daytime,2026-11-07,33.9,FR 9588,10:07,16:17,6h 10min,0,FrecciaDAYS (STANDARD),Roma Tiburtina,https://www.lefrecce.it/Channels.Website.BFF.WEB/website/ticket/solutions,2026-09-07T12:41:18.806788Z
ReggioC-RomaTib,cheapest_overall,2026-11-08,32.0,NI 812 + RE 21404,22:04,06:24,8h 20min,1,Super Economy (Posto a sedere 2ª classe-EASY) + ORDINARIA (2ª CLASSE),Roma Tiburtina,https://www.lefrecce.it/Channels.Website.BFF.WEB/website/ticket/solutions,2026-09-07T12:41:28.858694Z
ReggioC-RomaTib,cheapest_direct_daytime,2026-11-08,66.9,FR 9588,10:07,16:17,6h 10min,0,Economy (STANDARD),Roma Tiburtina,https://www.lefrecce.it/Channels.Website.BFF.WEB/website/ticket/solutions,2026-09-07T12:41:26.312075Z
ReggioC-RomaTib,cheapest_overall,2026-11-09,22.9,IC 560 + RV 4538,15:13,22:55,7h 42min,1,Super Economy (2ª CLASSE EASY) + ORDINARIA (2ª CLASSE),Roma Tiburtina,https://www.lefrecce.it/Channels.Website.BFF.WEB/website/ticket/solutions,2026-09-07T12:41:35.151130Z
ReggioC-RomaTib,cheapest_direct_daytime,2026-11-09,39.9,FR 9588,10:07,16:17,6h 10min,0,Super Economy (STANDARD),Roma Tiburtina,https://www.lefrecce.it/Channels.Website.BFF.WEB/website/ticket/solutions,2026-09-07T12:41:32.641009Z
ReggioC-RomaTib,cheapest_overall,2026-11-10,22.9,IC 560 + RV 4538,15:13,22:55,7h 42min,1,Super Economy (2ª CLASSE EASY) + ORDINARIA (2ª CLASSE),Roma Tiburtina,https://www.lefrecce.it/Channels.Website.BFF.WEB/website/ticket/solutions,2026-09-07T12:41:41.973216Z
ReggioC-RomaTib,cheapest_direct_daytime,2026-11-10,33.9,FR 9588,10:07,16:17,6h 10min,0,FrecciaDAYS (STANDARD),Roma Tiburtina,https://www.lefrecce.it/Channels.Website.BFF.WEB/website/ticket/solutions,2026-09-07T12:41:39.195414Z
ReggioC-RomaTib,cheapest_overall,2026-11-11,22.9,IC 560 + RV 4538,15:13,22:55,7h 42min,1,Super Economy (2ª CLASSE EASY) + ORDINARIA (2ª CLASSE),Roma Tiburtina,https://www.lefrecce.it/Channels.Website.BFF.WEB/website/ticket/solutions,2026-09-07T12:41:53.100833Z
ReggioC-RomaTib,cheapest_direct_daytime,2026-11-11,33.9,FR 9588,10:07,16:17,6h 10min,0,FrecciaDAYS (STANDARD),Roma Tiburtina,https://www.lefrecce.it/Channels.Website.BFF.WEB/website/ticket/solutions,2026-09-07T12:41:50.311917Z
ReggioC-RomaTib,cheapest_overall,2026-11-12,22.9,IC 560 + RV 4538,15:13,22:55,7h 42min,1,Super Economy (2ª CLASSE EASY) + ORDINARIA (2ª CLASSE),Roma Tiburtina,https://www.lefrecce.it/Channels.Website.BFF.WEB/website/ticket/solutions,2026-09-07T12:42:00.369937Z
ReggioC-RomaTib,cheapest_direct_daytime,2026-11-12,33.9,FR 9588,10:07,16:17,6h 10min,0,FrecciaDAYS (STANDARD),Roma Tiburtina,https://www.lefrecce.it/Channels.Website.BFF.WEB/website/ticket/solutions,2026-09-07T12:41:57.540666Z
ReggioC-RomaTib,cheapest_overall,2026-11-13,26.9,NI 794 + RE 20571,21:43,06:45,9h 02min,1,Super Economy (Posto a sedere 2ª classe-EASY) + ORDINARIA (2ª CLASSE),Roma Tiburtina,https://www.lefrecce.it/Channels.Website.BFF.WEB/website/ticket/solutions,2026-09-07T12:42:06.880494Z
ReggioC-RomaTib,cheapest_direct_daytime,2026-11-13,39.9,FR 9588,10:07,16:17,6h 10min,0,Super Economy (STANDARD),Roma Tiburtina,https://www.lefrecce.it/Channels.Website.BFF.WEB/website/ticket/solutions,2026-09-07T12:42:04.383304Z
ReggioC-RomaTib,cheapest_overall,2026-11-14,22.9,IC 560 + RV 4538,15:13,22:55,7h 42min,1,Super Economy (2ª CLASSE EASY) + ORDINARIA (2ª CLASSE),Roma Tiburtina,https://www.lefrecce.it/Channels.Website.BFF.WEB/website/ticket/solutions,2026-09-07T12:42:14.538656Z
ReggioC-RomaTib,cheapest_direct_daytime,2026-11-14,33.9,FR 9588,10:07,16:17,6h 10min,0,FrecciaDAYS (STANDARD),Roma Tiburtina,https://www.lefrecce.it/Channels.Website.BFF.WEB/website/ticket/solutions,2026-09-07T12:42:10.604145Z
ReggioC-RomaTib,cheapest_overall,2026-11-15,27.9,IC 1588,08:39,16:31,7h 52min,0,Super Economy (2ª CLASSE EASY),Roma Tiburtina,https://www.lefrecce.it/Channels.Website.BFF.WEB/website/ticket/solutions,2026-09-07T12:42:19.588592Z
ReggioC-RomaTib,cheapest_direct_daytime,2026-11-15,27.9,IC 1588,08:39,16:31,7h 52min,0,Super Economy (2ª CLASSE EASY),Roma Tiburtina,https://www.lefrecce.it/Channels.Website.BFF.WEB/website/ticket/solutions,2026-09-07T12:42:19.588592Z
ReggioC-RomaTib,cheapest_overall,2026-11-16,22.9,IC 560 + RV 4538,15:13,22:55,7h 42min,1,Super Economy (2ª CLASSE EASY) + ORDINARIA (2ª CLASSE),Roma Tiburtina,https://www.lefrecce.it/Channels.Website.BFF.WEB/website/ticket/solutions,2026-09-07T12:42:28.944386Z
ReggioC-RomaTib,cheapest_direct_daytime,2026-11-16,39.9,FR 9588,10:07,16:17,6h 10min,0,Super Economy (STANDARD),Roma Tiburtina,https://www.lefrecce.it/Channels.Website.BFF.WEB/website/ticket/solutions,2026-09-07T12:42:26.071088Z
ReggioC-RomaTib,cheapest_overall,2026-11-17,22.9,IC 560 + RV 4538,15:13,22:55,7h 42min,1,Super Economy (2ª CLASSE EASY) + ORDINARIA (2ª CLASSE),Roma Tiburtina,https://www.lefrecce.it/Channels.Website.BFF.WEB/website/ticket/solutions,2026-09-07T12:42:36.834379Z
ReggioC-RomaTib,cheapest_direct_daytime,2026-11-17,33.9,FR 9588,10:07,16:17,6h 10min,0,FrecciaDAYS (STANDARD),Roma Tiburtina,https://www.lefrecce.it/Channels.Website.BFF.WEB/website/ticket/solutions,2026-09-07T12:42:34.017030Z
ReggioC-RomaTib,cheapest_overall,2026-11-18,22.9,IC 560 + RV 4538,15:13,22:55,7h 42min,1,Super Economy (2ª CLASSE EASY) + ORDINARIA (2ª CLASSE),Roma Tiburtina,https://www.lefrecce.it/Channels.Website.BFF.WEB/website/ticket/solutions,2026-09-07T12:42:44.355845Z
ReggioC-RomaTib,cheapest_direct_daytime,2026-11-18,33.9,FR 9588,10:07,16:17,6h 10min,0,FrecciaDAYS (STANDARD),Roma Tiburtina,https://www.lefrecce.it/Channels.Website.BFF.WEB/website/ticket/solutions,2026-09-07T12:42:40.742700Z
ReggioC-RomaTib,cheapest_overall,2026-11-19,22.9,IC 560 + RV 4538,15:13,22:55,7h 42min,1,Super Economy (2ª CLASSE EASY) + ORDINARIA (2ª CLASSE),Roma Tiburtina,https://www.lefrecce.it/Channels.Website.BFF.WEB/website/ticket/solutions,2026-09-07T12:42:51.595396Z
ReggioC-RomaTib,cheapest_direct_daytime,2026-11-19,33.9,FR 9588,10:07,16:17,6h 10min,0,FrecciaDAYS (STANDARD),Roma Tiburtina,https://www.lefrecce.it/Channels.Website.BFF.WEB/website/ticket/solutions,2026-09-07T12:42:48.726485Z
ReggioC-RomaTib,cheapest_overall,2026-11-20,25.0,RE 5598 + IC 95072 + RV 4734,10:30,19:10,8h 40min,2,ORDINARIA (2ª CLASSE) + Super Economy (2ª CLASSE EASY) + ORDINARIA (2ª CLASSE),Roma Tiburtina,https://www.lefrecce.it/Channels.Website.BFF.WEB/website/ticket/solutions,2026-09-07T12:42:55.280885Z
ReggioC-RomaTib,cheapest_direct_daytime,2026-11-20,39.9,FR 9588,10:07,16:17,6h 10min,0,Super Economy (STANDARD),Roma Tiburtina,https://www.lefrecce.it/Channels.Website.BFF.WEB/website/ticket/solutions,2026-09-07T12:42:55.280885Z
ReggioC-RomaTib,cheapest_overall,2026-11-21,22.9,IC 560 + RV 4538,15:13,22:55,7h 42min,1,Super Economy (2ª CLASSE EASY) + ORDINARIA (2ª CLASSE),Roma Tiburtina,https://www.lefrecce.it/Channels.Website.BFF.WEB/website/ticket/solutions,2026-09-07T12:43:04.440032Z
ReggioC-RomaTib,cheapest_direct_daytime,2026-11-21,33.9,FR 9588,10:07,16:17,6h 10min,0,FrecciaDAYS (STANDARD),Roma Tiburtina,https://www.lefrecce.it/Channels.Website.BFF.WEB/website/ticket/solutions,2026-09-07T12:43:01.884079Z
ReggioC-RomaTib,cheapest_overall,2026-11-22,21.9,IC 1588,08:39,16:31,7h 52min,0,Super Economy (2ª CLASSE EASY),Roma Tiburtina,https://www.lefrecce.it/Channels.Website.BFF.WEB/website/ticket/solutions,2026-09-07T12:43:09.013456Z
ReggioC-RomaTib,cheapest_direct_daytime,2026-11-22,21.9,IC 1588,08:39,16:31,7h 52min,0,Super Economy (2ª CLASSE EASY),Roma Tiburtina,https://www.lefrecce.it/Channels.Website.BFF.WEB/website/ticket/solutions,2026-09-07T12:43:09.013456Z
ReggioC-RomaTib,cheapest_overall,2026-11-23,22.9,IC 560 + RV 4538,15:13,22:55,7h 42min,1,Super Economy (2ª CLASSE EASY) + ORDINARIA (2ª CLASSE),Roma Tiburtina,https://www.lefrecce.it/Channels.Website.BFF.WEB/website/ticket/solutions,2026-09-07T12:43:18.579435Z
ReggioC-RomaTib,cheapest_direct_daytime,2026-11-23,39.9,FR 9588,10:07,16:17,6h 10min,0,Super Economy (STANDARD),Roma Tiburtina,https://www.lefrecce.it/Channels.Website.BFF.WEB/website/ticket/solutions,2026-09-07T12:43:15.708639Z
ReggioC-RomaTib,cheapest_overall,2026-11-24,22.9,IC 560 + RV 4538,15:13,22:55,7h 42min,1,Super Economy (2ª CLASSE EASY) + ORDINARIA (2ª CLASSE),Roma Tiburtina,https://www.lefrecce.it/Channels.Website.BFF.WEB/website/ticket/solutions,2026-09-07T12:43:25.447395Z
ReggioC-RomaTib,cheapest_direct_daytime,2026-11-24,33.9,FR 9588,10:07,16:17,6h 10min,0,FrecciaDAYS (STANDARD),Roma Tiburtina,https://www.lefrecce.it/Channels.Website.BFF.WEB/website/ticket/solutions,2026-09-07T12:43:22.781857Z
ReggioC-RomaTib,cheapest_overall,2026-11-25,22.9,IC 560 + RV 4538,15:13,22:55,7h 42min,1,Super Economy (2ª CLASSE EASY) + ORDINARIA (2ª CLASSE),Roma Tiburtina,https://www.lefrecce.it/Channels.Website.BFF.WEB/website/ticket/solutions,2026-09-07T12:43:31.794443Z
ReggioC-RomaTib,cheapest_direct_daytime,2026-11-25,33.9,FR 9588,10:07,16:17,6h 10min,0,FrecciaDAYS (STANDARD),Roma Tiburtina,https://www.lefrecce.it/Channels.Website.BFF.WEB/website/ticket/solutions,2026-09-07T12:43:29.159814Z
ReggioC-RomaTib,cheapest_overall,2026-11-26,22.9,IC 560 + RV 4538,15:13,22:55,7h 42min,1,Super Economy (2ª CLASSE EASY) + ORDINARIA (2ª CLASSE),Roma Tiburtina,https://www.lefrecce.it/Channels.Website.BFF.WEB/website/ticket/solutions,2026-09-07T12:43:38.797206Z
ReggioC-RomaTib,cheapest_direct_daytime,2026-11-26,33.9,FR 9588,10:07,16:17,6h 10min,0,FrecciaDAYS (STANDARD),Roma Tiburtina,https://www.lefrecce.it/Channels.Website.BFF.WEB/website/ticket/solutions,2026-09-07T12:43:36.178610Z
ReggioC-RomaTib,cheapest_overall,2026-11-27,25.0,RE 5598 + IC 95072 + RV 4734,10:30,19:10,8h 40min,2,ORDINARIA (2ª CLASSE) + Super Economy (2ª CLASSE EASY) + ORDINARIA (2ª CLASSE),Roma Tiburtina,https://www.lefrecce.it/Channels.Website.BFF.WEB/website/ticket/solutions,2026-09-07T12:43:42.744496Z
ReggioC-RomaTib,cheapest_direct_daytime,2026-11-27,39.9,FR 9588,10:07,16:17,6h 10min,0,Super Economy (STANDARD),Roma Tiburtina,https://www.lefrecce.it/Channels.Website.BFF.WEB/website/ticket/solutions,2026-09-07T12:43:42.744496Z
ReggioC-RomaTib,cheapest_overall,2026-11-28,22.9,IC 560 + RV 4538,15:13,22:55,7h 42min,1,Super Economy (2ª CLASSE EASY) + ORDINARIA (2ª CLASSE),Roma Tiburtina,https://www.lefrecce.it/Channels.Website.BFF.WEB/website/ticket/solutions,2026-09-07T12:43:52.685103Z
ReggioC-RomaTib,cheapest_direct_daytime,2026-11-28,33.9,FR 9588,10:07,16:17,6h 10min,0,FrecciaDAYS (STANDARD),Roma Tiburtina,https://www.lefrecce.it/Channels.Website.BFF.WEB/website/ticket/solutions,2026-09-07T12:43:50.199648Z
ReggioC-RomaTib,cheapest_overall,2026-11-29,29.0,NI 812 + RE 21404,22:04,06:24,8h 20min,1,Super Economy (Posto a sedere 2ª classe-EASY) + ORDINARIA (2ª CLASSE),Roma Tiburtina,https://www.lefrecce.it/Channels.Website.BFF.WEB/website/ticket/solutions,2026-09-07T12:43:59.274070Z
ReggioC-RomaTib,cheapest_direct_daytime,2026-11-29,,NO_DIRECT_DAYTIME_SOLUTION,,,,,,,https://www.lefrecce.it/Channels.Website.BFF.WEB/website/ticket/solutions,2026-09-07T12:43:59.274070Z
ReggioC-RomaTib,cheapest_overall,2026-11-30,22.9,IC 560 + RV 4538,15:13,22:55,7h 42min,1,Super Economy (2ª CLASSE EASY) + ORDINARIA (2ª CLASSE),Roma Tiburtina,https://www.lefrecce.it/Channels.Website.BFF.WEB/website/ticket/solutions,2026-09-07T12:44:06.813971Z
ReggioC-RomaTib,cheapest_direct_daytime,2026-11-30,47.9,FR 9588,10:07,16:17,6h 10min,0,Super Economy (STANDARD),Roma Tiburtina,https://www.lefrecce.it/Channels.Website.BFF.WEB/website/ticket/solutions,2026-09-07T12:44:03.707532Z
RomaTer-MessinaC,cheapest_overall,2026-09-27,39.9,FR 8333 + Ferry V7,07:29,14:00,6h 31min,1,Super Economy (STANDARD),Messina Centrale,https://www.lefrecce.it/Channels.Website.BFF.WEB/website/ticket/solutions,2026-09-07T12:44:36.250096Z
RomaTer-MessinaC,cheapest_direct_daytime,2026-09-27,63.5,IC 723,07:26,15:35,8h 09min,0,BASE (2ª CLASSE EASY),Messina Centrale,https://www.lefrecce.it/Channels.Website.BFF.WEB/website/ticket/solutions,2026-09-07T12:44:36.250096Z
RomaTer-MessinaC,cheapest_overall,2026-09-28,33.9,FR 8333 + Ferry V7,07:29,14:00,6h 31min,1,FrecciaDAYS (STANDARD),Messina Centrale,https://www.lefrecce.it/Channels.Website.BFF.WEB/website/ticket/solutions,2026-09-07T12:44:43.602362Z
RomaTer-MessinaC,cheapest_direct_daytime,2026-09-28,48.9,IC 723,07:26,15:35,8h 09min,0,Economy (2ª CLASSE EASY),Messina Centrale,https://www.lefrecce.it/Channels.Website.BFF.WEB/website/ticket/solutions,2026-09-07T12:44:43.602362Z
RomaTer-MessinaC,cheapest_overall,2026-09-29,27.9,IC 561 + Ferry V16,16:26,00:55,8h 29min,1,Super Economy (2ª CLASSE EASY),Messina Centrale,https://www.lefrecce.it/Channels.Website.BFF.WEB/website/ticket/solutions,2026-09-07T12:44:49.551950Z
RomaTer-MessinaC,cheapest_direct_daytime,2026-09-29,42.9,IC 727,11:26,19:35,8h 09min,0,Economy (2ª CLASSE EASY),Messina Centrale,https://www.lefrecce.it/Channels.Website.BFF.WEB/website/ticket/solutions,2026-09-07T12:44:49.551950Z
RomaTer-MessinaC,cheapest_overall,2026-09-30,33.9,FR 8333 + Ferry V7,07:29,14:00,6h 31min,1,FrecciaDAYS (STANDARD),Messina Centrale,https://www.lefrecce.it/Channels.Website.BFF.WEB/website/ticket/solutions,2026-09-07T12:44:55.708449Z
RomaTer-MessinaC,cheapest_direct_daytime,2026-09-30,36.9,IC 723,07:26,15:35,8h 09min,0,Super Economy (2ª CLASSE EASY),Messina Centrale,https://www.lefrecce.it/Channels.Website.BFF.WEB/website/ticket/solutions,2026-09-07T12:44:55.708449Z
RomaTer-MessinaC,cheapest_overall,2026-10-01,33.9,FR 8333 + Ferry V7,07:29,14:00,6h 31min,1,FrecciaDAYS (STANDARD),Messina Centrale,https://www.lefrecce.it/Channels.Website.BFF.WEB/website/ticket/solutions,2026-09-07T12:45:00.938189Z
RomaTer-MessinaC,cheapest_direct_daytime,2026-10-01,42.9,IC 723,07:26,15:35,8h 09min,0,Economy (2ª CLASSE EASY),Messina Centrale,https://www.lefrecce.it/Channels.Website.BFF.WEB/website/ticket/solutions,2026-09-07T12:45:00.938189Z
RomaTer-MessinaC,cheapest_overall,2026-10-02,33.9,FR 8333 + Ferry V7,07:29,14:00,6h 31min,1,FrecciaDAYS (STANDARD),Messina Centrale,https://www.lefrecce.it/Channels.Website.BFF.WEB/website/ticket/solutions,2026-09-07T12:45:06.841044Z
RomaTer-MessinaC,cheapest_direct_daytime,2026-10-02,48.9,IC 95057,11:26,19:35,8h 09min,0,Economy (2ª CLASSE EASY),Messina Centrale,https://www.lefrecce.it/Channels.Website.BFF.WEB/website/ticket/solutions,2026-09-07T12:45:06.841044Z
RomaTer-MessinaC,cheapest_overall,2026-10-03,27.9,IC 561 + Ferry V16,16:26,00:55,8h 29min,1,Super Economy (2ª CLASSE EASY),Messina Centrale,https://www.lefrecce.it/Channels.Website.BFF.WEB/website/ticket/solutions,2026-09-07T12:45:13.633354Z
RomaTer-MessinaC,cheapest_direct_daytime,2026-10-03,42.9,IC 95057,11:26,19:35,8h 09min,0,Economy (2ª CLASSE EASY),Messina Centrale,https://www.lefrecce.it/Channels.Website.BFF.WEB/website/ticket/solutions,2026-09-07T12:45:13.633354Z
RomaTer-MessinaC,cheapest_overall,2026-10-04,33.9,FR 8333 + Ferry V7,07:29,14:00,6h 31min,1,FrecciaDAYS (STANDARD),Messina Centrale,https://www.lefrecce.it/Channels.Website.BFF.WEB/website/ticket/solutions,2026-09-07T12:45:19.378162Z
RomaTer-MessinaC,cheapest_direct_daytime,2026-10-04,48.9,IC 723,06:25,15:35,9h 10min,0,Economy (2ª CLASSE EASY),Messina Centrale,https://www.lefrecce.it/Channels.Website.BFF.WEB/website/ticket/solutions,2026-09-07T12:45:19.378162Z
RomaTer-MessinaC,cheapest_overall,2026-10-05,27.9,IC 561 + Ferry V16,16:26,00:55,8h 29min,1,Super Economy (2ª CLASSE EASY),Messina Centrale,https://www.lefrecce.it/Channels.Website.BFF.WEB/website/ticket/solutions,2026-09-07T12:45:25.393351Z
RomaTer-MessinaC,cheapest_direct_daytime,2026-10-05,42.9,IC 95057,11:26,19:35,8h 09min,0,Economy (2ª CLASSE EASY),Messina Centrale,https://www.lefrecce.it/Channels.Website.BFF.WEB/website/ticket/solutions,2026-09-07T12:45:25.393351Z
RomaTer-MessinaC,cheapest_overall,2026-10-06,27.9,IC 555 + Ferry V15,14:26,23:50,9h 24min,1,Super Economy (2ª CLASSE EASY),Messina Centrale,https://www.lefrecce.it/Channels.Website.BFF.WEB/website/ticket/solutions,2026-09-07T12:45:30.585082Z
RomaTer-MessinaC,cheapest_direct_daytime,2026-10-06,36.9,IC 723,07:26,15:35,8h 09min,0,Super Economy (2ª CLASSE EASY),Messina Centrale,https://www.lefrecce.it/Channels.Website.BFF.WEB/website/ticket/solutions,2026-09-07T12:45:30.585082Z
RomaTer-MessinaC,cheapest_overall,2026-10-07,27.9,IC 561 + Ferry V16,16:26,00:55,8h 29min,1,Super Economy (2ª CLASSE EASY),Messina Centrale,https://www.lefrecce.it/Channels.Website.BFF.WEB/website/ticket/solutions,2026-09-07T12:45:36.851388Z
RomaTer-MessinaC,cheapest_direct_daytime,2026-10-07,42.9,IC 723,07:26,15:35,8h 09min,0,Economy (2ª CLASSE EASY),Messina Centrale,https://www.lefrecce.it/Channels.Website.BFF.WEB/website/ticket/solutions,2026-09-07T12:45:36.851388Z
RomaTer-MessinaC,cheapest_overall,2026-10-08,21.9,IC 561 + Ferry V16,16:26,00:55,8h 29min,1,Super Economy (2ª CLASSE EASY),Messina Centrale,https://www.lefrecce.it/Channels.Website.BFF.WEB/website/ticket/solutions,2026-09-07T12:45:43.008403Z
RomaTer-MessinaC,cheapest_direct_daytime,2026-10-08,36.9,IC 723,07:26,15:35,8h 09min,0,Super Economy (2ª CLASSE EASY),Messina Centrale,https://www.lefrecce.it/Channels.Website.BFF.WEB/website/ticket/solutions,2026-09-07T12:45:43.008403Z
RomaTer-MessinaC,cheapest_overall,2026-10-09,33.9,FR 8333 + Ferry V7,07:29,14:00,6h 31min,1,FrecciaDAYS (STANDARD),Messina Centrale,https://www.lefrecce.it/Channels.Website.BFF.WEB/website/ticket/solutions,2026-09-07T12:45:50.761335Z
RomaTer-MessinaC,cheapest_direct_daytime,2026-10-09,36.9,IC 723,07:26,15:35,8h 09min,0,Super Economy (2ª CLASSE EASY),Messina Centrale,https://www.lefrecce.it/Channels.Website.BFF.WEB/website/ticket/solutions,2026-09-07T12:45:50.761335Z
RomaTer-MessinaC,cheapest_overall,2026-10-10,27.9,IC 555 + Ferry V15,14:26,23:50,9h 24min,1,Super Economy (2ª CLASSE EASY),Messina Centrale,https://www.lefrecce.it/Channels.Website.BFF.WEB/website/ticket/solutions,2026-09-07T12:45:56.307836Z
RomaTer-MessinaC,cheapest_direct_daytime,2026-10-10,36.9,IC 723,07:26,15:35,8h 09min,0,Super Economy (2ª CLASSE EASY),Messina Centrale,https://www.lefrecce.it/Channels.Website.BFF.WEB/website/ticket/solutions,2026-09-07T12:45:56.307836Z
RomaTer-MessinaC,cheapest_overall,2026-10-11,33.9,FR 8333 + Ferry V7,07:29,14:00,6h 31min,1,FrecciaDAYS (STANDARD),Messina Centrale,https://www.lefrecce.it/Channels.Website.BFF.WEB/website/ticket/solutions,2026-09-07T12:46:01.642195Z
RomaTer-MessinaC,cheapest_direct_daytime,2026-10-11,,NO_DIRECT_DAYTIME_SOLUTION,,,,,,,https://www.lefrecce.it/Channels.Website.BFF.WEB/website/ticket/solutions,2026-09-07T12:46:01.642195Z
RomaTer-MessinaC,cheapest_overall,2026-10-12,21.9,IC 561 + Ferry V16,16:26,00:55,8h 29min,1,Super Economy (2ª CLASSE EASY),Messina Centrale,https://www.lefrecce.it/Channels.Website.BFF.WEB/website/ticket/solutions,2026-09-07T12:46:07.255104Z
RomaTer-MessinaC,cheapest_direct_daytime,2026-10-12,36.9,IC 95057,11:26,19:35,8h 09min,0,Super Economy (2ª CLASSE EASY),Messina Centrale,https://www.lefrecce.it/Channels.Website.BFF.WEB/website/ticket/solutions,2026-09-07T12:46:07.255104Z
RomaTer-MessinaC,cheapest_overall,2026-10-13,21.9,IC 561 + Ferry V16,16:26,00:55,8h 29min,1,Super Economy (2ª CLASSE EASY),Messina Centrale,https://www.lefrecce.it/Channels.Website.BFF.WEB/website/ticket/solutions,2026-09-07T12:46:13.479507Z
RomaTer-MessinaC,cheapest_direct_daytime,2026-10-13,36.9,IC 95057,11:26,19:35,8h 09min,0,Super Economy (2ª CLASSE EASY),Messina Centrale,https://www.lefrecce.it/Channels.Website.BFF.WEB/website/ticket/solutions,2026-09-07T12:46:13.479507Z
RomaTer-MessinaC,cheapest_overall,2026-10-14,21.9,IC 561 + Ferry V16,16:26,00:55,8h 29min,1,Super Economy (2ª CLASSE EASY),Messina Centrale,https://www.lefrecce.it/Channels.Website.BFF.WEB/website/ticket/solutions,2026-09-07T12:46:18.929726Z
RomaTer-MessinaC,cheapest_direct_daytime,2026-10-14,36.9,IC 95057,11:26,19:35,8h 09min,0,Super Economy (2ª CLASSE EASY),Messina Centrale,https://www.lefrecce.it/Channels.Website.BFF.WEB/website/ticket/solutions,2026-09-07T12:46:18.929726Z
RomaTer-MessinaC,cheapest_overall,2026-10-15,27.9,IC 555 + Ferry V15,14:26,23:50,9h 24min,1,Super Economy (2ª CLASSE EASY),Messina Centrale,https://www.lefrecce.it/Channels.Website.BFF.WEB/website/ticket/solutions,2026-09-07T12:46:24.719445Z
RomaTer-MessinaC,cheapest_direct_daytime,2026-10-15,42.9,IC 95057,11:26,19:35,8h 09min,0,Economy (2ª CLASSE EASY),Messina Centrale,https://www.lefrecce.it/Channels.Website.BFF.WEB/website/ticket/solutions,2026-09-07T12:46:24.719445Z
RomaTer-MessinaC,cheapest_overall,2026-10-16,33.9,FR 8333 + Ferry V7,07:29,14:00,6h 31min,1,FrecciaDAYS (STANDARD),Messina Centrale,https://www.lefrecce.it/Channels.Website.BFF.WEB/website/ticket/solutions,2026-09-07T12:46:30.386427Z
RomaTer-MessinaC,cheapest_direct_daytime,2026-10-16,42.9,IC 95057,11:26,19:35,8h 09min,0,Economy (2ª CLASSE EASY),Messina Centrale,https://www.lefrecce.it/Channels.Website.BFF.WEB/website/ticket/solutions,2026-09-07T12:46:30.386427Z
RomaTer-MessinaC,cheapest_overall,2026-10-17,27.9,IC 555 + Ferry V15,14:26,23:50,9h 24min,1,Super Economy (2ª CLASSE EASY),Messina Centrale,https://www.lefrecce.it/Channels.Website.BFF.WEB/website/ticket/solutions,2026-09-07T12:46:35.874585Z
RomaTer-MessinaC,cheapest_direct_daytime,2026-10-17,36.9,IC 95057,11:26,19:35,8h 09min,0,Super Economy (2ª CLASSE EASY),Messina Centrale,https://www.lefrecce.it/Channels.Website.BFF.WEB/website/ticket/solutions,2026-09-07T12:46:35.874585Z
RomaTer-MessinaC,cheapest_overall,2026-10-18,40.9,IC 555 + Ferry V15,14:26,23:50,9h 24min,1,Super Economy (2ª CLASSE EASY),Messina Centrale,https://www.lefrecce.it/Channels.Website.BFF.WEB/website/ticket/solutions,2026-09-07T12:46:42.607239Z
RomaTer-MessinaC,cheapest_direct_daytime,2026-10-18,48.9,IC 95057,11:26,19:35,8h 09min,0,Economy (2ª CLASSE EASY),Messina Centrale,https://www.lefrecce.it/Channels.Website.BFF.WEB/website/ticket/solutions,2026-09-07T12:46:42.607239Z
RomaTer-MessinaC,cheapest_overall,2026-10-19,33.9,FR 8333 + Ferry V7,07:29,14:00,6h 31min,1,FrecciaDAYS (STANDARD),Messina Centrale,https://www.lefrecce.it/Channels.Website.BFF.WEB/website/ticket/solutions,2026-09-07T12:46:48.184026Z
RomaTer-MessinaC,cheapest_direct_daytime,2026-10-19,36.9,IC 723,07:26,15:35,8h 09min,0,Super Economy (2ª CLASSE EASY),Messina Centrale,https://www.lefrecce.it/Channels.Website.BFF.WEB/website/ticket/solutions,2026-09-07T12:46:48.184026Z
RomaTer-MessinaC,cheapest_overall,2026-10-20,21.9,IC 561 + Ferry V16,16:26,00:55,8h 29min,1,Super Economy (2ª CLASSE EASY),Messina Centrale,https://www.lefrecce.it/Channels.Website.BFF.WEB/website/ticket/solutions,2026-09-07T12:46:53.585326Z
RomaTer-MessinaC,cheapest_direct_daytime,2026-10-20,36.9,IC 95057,11:26,19:35,8h 09min,0,Super Economy (2ª CLASSE EASY),Messina Centrale,https://www.lefrecce.it/Channels.Website.BFF.WEB/website/ticket/solutions,2026-09-07T12:46:53.585326Z
RomaTer-MessinaC,cheapest_overall,2026-10-21,21.9,IC 561 + Ferry V16,16:26,00:55,8h 29min,1,Super Economy (2ª CLASSE EASY),Messina Centrale,https://www.lefrecce.it/Channels.Website.BFF.WEB/website/ticket/solutions,2026-09-07T12:46:59.096851Z
RomaTer-MessinaC,cheapest_direct_daytime,2026-10-21,36.9,IC 723,07:26,15:35,8h 09min,0,Super Economy (2ª CLASSE EASY),Messina Centrale,https://www.lefrecce.it/Channels.Website.BFF.WEB/website/ticket/solutions,2026-09-07T12:46:59.096851Z
RomaTer-MessinaC,cheapest_overall,2026-10-22,27.9,IC 561 + Ferry V16,16:26,00:55,8h 29min,1,Super Economy (2ª CLASSE EASY),Messina Centrale,https://www.lefrecce.it/Channels.Website.BFF.WEB/website/ticket/solutions,2026-09-07T12:47:05.245543Z
RomaTer-MessinaC,cheapest_direct_daytime,2026-10-22,36.9,IC 95057,11:26,19:35,8h 09min,0,Super Economy (2ª CLASSE EASY),Messina Centrale,https://www.lefrecce.it/Channels.Website.BFF.WEB/website/ticket/solutions,2026-09-07T12:47:05.245543Z
RomaTer-MessinaC,cheapest_overall,2026-10-23,33.9,FR 8333 + Ferry V7,07:29,14:00,6h 31min,1,FrecciaDAYS (STANDARD),Messina Centrale,https://www.lefrecce.it/Channels.Website.BFF.WEB/website/ticket/solutions,2026-09-07T12:47:10.951539Z
RomaTer-MessinaC,cheapest_direct_daytime,2026-10-23,36.9,IC 723,07:26,15:35,8h 09min,0,Super Economy (2ª CLASSE EASY),Messina Centrale,https://www.lefrecce.it/Channels.Website.BFF.WEB/website/ticket/solutions,2026-09-07T12:47:10.951539Z
RomaTer-MessinaC,cheapest_overall,2026-10-24,21.9,IC 561 + Ferry V16,16:26,00:55,8h 29min,1,Super Economy (2ª CLASSE EASY),Messina Centrale,https://www.lefrecce.it/Channels.Website.BFF.WEB/website/ticket/solutions,2026-09-07T12:47:17.398070Z
RomaTer-MessinaC,cheapest_direct_daytime,2026-10-24,36.9,IC 723,07:26,15:35,8h 09min,0,Super Economy (2ª CLASSE EASY),Messina Centrale,https://www.lefrecce.it/Channels.Website.BFF.WEB/website/ticket/solutions,2026-09-07T12:47:17.398070Z
RomaTer-MessinaC,cheapest_overall,2026-10-25,33.9,FR 8333 + Ferry V7,07:29,14:00,6h 31min,1,FrecciaDAYS (STANDARD),Messina Centrale,https://www.lefrecce.it/Channels.Website.BFF.WEB/website/ticket/solutions,2026-09-07T12:47:22.950116Z
RomaTer-MessinaC,cheapest_direct_daytime,2026-10-25,42.9,IC 723,07:26,15:35,8h 09min,0,Economy (2ª CLASSE EASY),Messina Centrale,https://www.lefrecce.it/Channels.Website.BFF.WEB/website/ticket/solutions,2026-09-07T12:47:22.950116Z
RomaTer-MessinaC,cheapest_overall,2026-10-26,21.9,IC 561 + Ferry V16,16:26,00:55,8h 29min,1,Super Economy (2ª CLASSE EASY),Messina Centrale,https://www.lefrecce.it/Channels.Website.BFF.WEB/website/ticket/solutions,2026-09-07T12:47:28.319742Z
RomaTer-MessinaC,cheapest_direct_daytime,2026-10-26,29.9,IC 95057,11:26,19:35,8h 09min,0,Super Economy (2ª CLASSE EASY),Messina Centrale,https://www.lefrecce.it/Channels.Website.BFF.WEB/website/ticket/solutions,2026-09-07T12:47:28.319742Z
RomaTer-MessinaC,cheapest_overall,2026-10-27,21.9,IC 561 + Ferry V16,16:26,00:55,8h 29min,1,Super Economy (2ª CLASSE EASY),Messina Centrale,https://www.lefrecce.it/Channels.Website.BFF.WEB/website/ticket/solutions,2026-09-07T12:47:34.442694Z
RomaTer-MessinaC,cheapest_direct_daytime,2026-10-27,36.9,IC 723,07:26,15:35,8h 09min,0,Super Economy (2ª CLASSE EASY),Messina Centrale,https://www.lefrecce.it/Channels.Website.BFF.WEB/website/ticket/solutions,2026-09-07T12:47:34.442694Z
RomaTer-MessinaC,cheapest_overall,2026-10-28,21.9,IC 561 + Ferry V16,16:26,00:55,8h 29min,1,Super Economy (2ª CLASSE EASY),Messina Centrale,https://www.lefrecce.it/Channels.Website.BFF.WEB/website/ticket/solutions,2026-09-07T12:47:39.497692Z
RomaTer-MessinaC,cheapest_direct_daytime,2026-10-28,36.9,IC 95057,11:26,19:35,8h 09min,0,Super Economy (2ª CLASSE EASY),Messina Centrale,https://www.lefrecce.it/Channels.Website.BFF.WEB/website/ticket/solutions,2026-09-07T12:47:39.497692Z
RomaTer-MessinaC,cheapest_overall,2026-10-29,21.9,IC 561 + Ferry V16,16:26,00:55,8h 29min,1,Super Economy (2ª CLASSE EASY),Messina Centrale,https://www.lefrecce.it/Channels.Website.BFF.WEB/website/ticket/solutions,2026-09-07T12:47:45.724364Z
RomaTer-MessinaC,cheapest_direct_daytime,2026-10-29,29.9,IC 95057,11:26,19:35,8h 09min,0,Super Economy (2ª CLASSE EASY),Messina Centrale,https://www.lefrecce.it/Channels.Website.BFF.WEB/website/ticket/solutions,2026-09-07T12:47:45.724364Z
RomaTer-MessinaC,cheapest_overall,2026-10-30,33.9,FR 8333 + Ferry V7,07:29,14:00,6h 31min,1,FrecciaDAYS (STANDARD),Messina Centrale,https://www.lefrecce.it/Channels.Website.BFF.WEB/website/ticket/solutions,2026-09-07T12:47:50.973256Z
RomaTer-MessinaC,cheapest_direct_daytime,2026-10-30,42.9,IC 723,07:26,15:35,8h 09min,0,Economy (2ª CLASSE EASY),Messina Centrale,https://www.lefrecce.it/Channels.Website.BFF.WEB/website/ticket/solutions,2026-09-07T12:47:50.973256Z
RomaTer-MessinaC,cheapest_overall,2026-10-31,21.9,IC 561 + Ferry V16,16:26,00:55,8h 29min,1,Super Economy (2ª CLASSE EASY),Messina Centrale,https://www.lefrecce.it/Channels.Website.BFF.WEB/website/ticket/solutions,2026-09-07T12:47:58.189701Z
RomaTer-MessinaC,cheapest_direct_daytime,2026-10-31,36.9,IC 95057,11:26,19:35,8h 09min,0,Super Economy (2ª CLASSE EASY),Messina Centrale,https://www.lefrecce.it/Channels.Website.BFF.WEB/website/ticket/solutions,2026-09-07T12:47:58.189701Z
RomaTer-MessinaC,cheapest_overall,2026-11-01,33.9,FR 8333 + Ferry V7,07:30,14:00,6h 30min,1,FrecciaDAYS (STANDARD),Messina Centrale,https://www.lefrecce.it/Channels.Website.BFF.WEB/website/ticket/solutions,2026-09-07T12:48:04.095174Z
RomaTer-MessinaC,cheapest_direct_daytime,2026-11-01,36.9,IC 723,07:26,15:35,8h 09min,0,Super Economy (2ª CLASSE EASY),Messina Centrale,https://www.lefrecce.it/Channels.Website.BFF.WEB/website/ticket/solutions,2026-09-07T12:48:04.095174Z
RomaTer-MessinaC,cheapest_overall,2026-11-02,21.9,IC 561 + Ferry V16,16:26,00:55,8h 29min,1,Super Economy (2ª CLASSE EASY),Messina Centrale,https://www.lefrecce.it/Channels.Website.BFF.WEB/website/ticket/solutions,2026-09-07T12:48:10.245097Z
RomaTer-MessinaC,cheapest_direct_daytime,2026-11-02,36.9,IC 723,07:26,15:35,8h 09min,0,Super Economy (2ª CLASSE EASY),Messina Centrale,https://www.lefrecce.it/Channels.Website.BFF.WEB/website/ticket/solutions,2026-09-07T12:48:10.245097Z
RomaTer-MessinaC,cheapest_overall,2026-11-03,21.9,IC 561 + Ferry V16,16:26,00:55,8h 29min,1,Super Economy (2ª CLASSE EASY),Messina Centrale,https://www.lefrecce.it/Channels.Website.BFF.WEB/website/ticket/solutions,2026-09-07T12:48:16.124898Z
RomaTer-MessinaC,cheapest_direct_daytime,2026-11-03,36.9,IC 723,07:26,15:35,8h 09min,0,Super Economy (2ª CLASSE EASY),Messina Centrale,https://www.lefrecce.it/Channels.Website.BFF.WEB/website/ticket/solutions,2026-09-07T12:48:16.124898Z
RomaTer-MessinaC,cheapest_overall,2026-11-04,21.9,IC 561 + Ferry V16,16:26,00:55,8h 29min,1,Super Economy (2ª CLASSE EASY),Messina Centrale,https://www.lefrecce.it/Channels.Website.BFF.WEB/website/ticket/solutions,2026-09-07T12:48:21.857980Z
RomaTer-MessinaC,cheapest_direct_daytime,2026-11-04,29.9,IC 723,07:26,15:35,8h 09min,0,Super Economy (2ª CLASSE EASY),Messina Centrale,https://www.lefrecce.it/Channels.Website.BFF.WEB/website/ticket/solutions,2026-09-07T12:48:21.857980Z
RomaTer-MessinaC,cheapest_overall,2026-11-05,21.9,IC 561 + Ferry V16,16:26,00:55,8h 29min,1,Super Economy (2ª CLASSE EASY),Messina Centrale,https://www.lefrecce.it/Channels.Website.BFF.WEB/website/ticket/solutions,2026-09-07T12:48:28.024969Z
RomaTer-MessinaC,cheapest_direct_daytime,2026-11-05,29.9,IC 95057,11:26,19:35,8h 09min,0,Super Economy (2ª CLASSE EASY),Messina Centrale,https://www.lefrecce.it/Channels.Website.BFF.WEB/website/ticket/solutions,2026-09-07T12:48:28.024969Z
RomaTer-MessinaC,cheapest_overall,2026-11-06,33.9,FR 8333 + Ferry V7,07:30,14:00,6h 30min,1,FrecciaDAYS (STANDARD),Messina Centrale,https://www.lefrecce.it/Channels.Website.BFF.WEB/website/ticket/solutions,2026-09-07T12:48:33.589471Z
RomaTer-MessinaC,cheapest_direct_daytime,2026-11-06,36.9,IC 95057,11:26,19:35,8h 09min,0,Super Economy (2ª CLASSE EASY),Messina Centrale,https://www.lefrecce.it/Channels.Website.BFF.WEB/website/ticket/solutions,2026-09-07T12:48:33.589471Z
RomaTer-MessinaC,cheapest_overall,2026-11-07,21.9,IC 561 + Ferry V16,16:26,00:55,8h 29min,1,Super Economy (2ª CLASSE EASY),Messina Centrale,https://www.lefrecce.it/Channels.Website.BFF.WEB/website/ticket/solutions,2026-09-07T12:48:39.654990Z
RomaTer-MessinaC,cheapest_direct_daytime,2026-11-07,29.9,IC 95057,11:26,19:35,8h 09min,0,Super Economy (2ª CLASSE EASY),Messina Centrale,https://www.lefrecce.it/Channels.Website.BFF.WEB/website/ticket/solutions,2026-09-07T12:48:39.654990Z
RomaTer-MessinaC,cheapest_overall,2026-11-08,33.9,FR 8333 + Ferry V7,07:30,14:00,6h 30min,1,FrecciaDAYS (STANDARD),Messina Centrale,https://www.lefrecce.it/Channels.Website.BFF.WEB/website/ticket/solutions,2026-09-07T12:48:48.821397Z
RomaTer-MessinaC,cheapest_direct_daytime,2026-11-08,42.9,IC 95057,11:26,19:35,8h 09min,0,Economy (2ª CLASSE EASY),Messina Centrale,https://www.lefrecce.it/Channels.Website.BFF.WEB/website/ticket/solutions,2026-09-07T12:48:48.821397Z
RomaTer-MessinaC,cheapest_overall,2026-11-09,21.9,IC 561 + Ferry V16,16:26,00:55,8h 29min,1,Super Economy (2ª CLASSE EASY),Messina Centrale,https://www.lefrecce.it/Channels.Website.BFF.WEB/website/ticket/solutions,2026-09-07T12:48:55.041059Z
RomaTer-MessinaC,cheapest_direct_daytime,2026-11-09,29.9,IC 95057,11:26,19:35,8h 09min,0,Super Economy (2ª CLASSE EASY),Messina Centrale,https://www.lefrecce.it/Channels.Website.BFF.WEB/website/ticket/solutions,2026-09-07T12:48:55.041059Z
RomaTer-MessinaC,cheapest_overall,2026-11-10,21.9,IC 561 + Ferry V16,16:26,00:55,8h 29min,1,Super Economy (2ª CLASSE EASY),Messina Centrale,https://www.lefrecce.it/Channels.Website.BFF.WEB/website/ticket/solutions,2026-09-07T12:49:00.943623Z
RomaTer-MessinaC,cheapest_direct_daytime,2026-11-10,29.9,IC 723,07:26,15:35,8h 09min,0,Super Economy (2ª CLASSE EASY),Messina Centrale,https://www.lefrecce.it/Channels.Website.BFF.WEB/website/ticket/solutions,2026-09-07T12:49:00.943623Z
RomaTer-MessinaC,cheapest_overall,2026-11-11,21.9,IC 561 + Ferry V16,16:26,00:55,8h 29min,1,Super Economy (2ª CLASSE EASY),Messina Centrale,https://www.lefrecce.it/Channels.Website.BFF.WEB/website/ticket/solutions,2026-09-07T12:49:06.775834Z
RomaTer-MessinaC,cheapest_direct_daytime,2026-11-11,29.9,IC 95057,11:26,19:35,8h 09min,0,Super Economy (2ª CLASSE EASY),Messina Centrale,https://www.lefrecce.it/Channels.Website.BFF.WEB/website/ticket/solutions,2026-09-07T12:49:06.775834Z
RomaTer-MessinaC,cheapest_overall,2026-11-12,21.9,IC 561 + Ferry V16,16:26,00:55,8h 29min,1,Super Economy (2ª CLASSE EASY),Messina Centrale,https://www.lefrecce.it/Channels.Website.BFF.WEB/website/ticket/solutions,2026-09-07T12:49:11.896507Z
RomaTer-MessinaC,cheapest_direct_daytime,2026-11-12,29.9,IC 95057,11:26,19:35,8h 09min,0,Super Economy (2ª CLASSE EASY),Messina Centrale,https://www.lefrecce.it/Channels.Website.BFF.WEB/website/ticket/solutions,2026-09-07T12:49:11.896507Z
RomaTer-MessinaC,cheapest_overall,2026-11-13,33.9,FR 8333 + Ferry V7,07:30,14:00,6h 30min,1,FrecciaDAYS (STANDARD),Messina Centrale,https://www.lefrecce.it/Channels.Website.BFF.WEB/website/ticket/solutions,2026-09-07T12:49:19.521044Z
RomaTer-MessinaC,cheapest_direct_daytime,2026-11-13,36.9,IC 723,07:26,15:35,8h 09min,0,Super Economy (2ª CLASSE EASY),Messina Centrale,https://www.lefrecce.it/Channels.Website.BFF.WEB/website/ticket/solutions,2026-09-07T12:49:19.521044Z
RomaTer-MessinaC,cheapest_overall,2026-11-14,21.9,IC 561 + Ferry V16,16:26,00:55,8h 29min,1,Super Economy (2ª CLASSE EASY),Messina Centrale,https://www.lefrecce.it/Channels.Website.BFF.WEB/website/ticket/solutions,2026-09-07T12:49:24.651541Z
RomaTer-MessinaC,cheapest_direct_daytime,2026-11-14,29.9,IC 723,07:26,15:35,8h 09min,0,Super Economy (2ª CLASSE EASY),Messina Centrale,https://www.lefrecce.it/Channels.Website.BFF.WEB/website/ticket/solutions,2026-09-07T12:49:24.651541Z
RomaTer-MessinaC,cheapest_overall,2026-11-15,33.9,FR 8333 + Ferry V7,07:30,14:00,6h 30min,1,FrecciaDAYS (STANDARD),Messina Centrale,https://www.lefrecce.it/Channels.Website.BFF.WEB/website/ticket/solutions,2026-09-07T12:49:30.061608Z
RomaTer-MessinaC,cheapest_direct_daytime,2026-11-15,36.9,IC 95057,11:26,19:35,8h 09min,0,Super Economy (2ª CLASSE EASY),Messina Centrale,https://www.lefrecce.it/Channels.Website.BFF.WEB/website/ticket/solutions,2026-09-07T12:49:30.061608Z
RomaTer-MessinaC,cheapest_overall,2026-11-16,21.9,IC 561 + Ferry V16,16:26,00:55,8h 29min,1,Super Economy (2ª CLASSE EASY),Messina Centrale,https://www.lefrecce.it/Channels.Website.BFF.WEB/website/ticket/solutions,2026-09-07T12:49:37.304555Z
RomaTer-MessinaC,cheapest_direct_daytime,2026-11-16,29.9,IC 95057,11:26,19:35,8h 09min,0,Super Economy (2ª CLASSE EASY),Messina Centrale,https://www.lefrecce.it/Channels.Website.BFF.WEB/website/ticket/solutions,2026-09-07T12:49:37.304555Z
RomaTer-MessinaC,cheapest_overall,2026-11-17,21.9,IC 561 + Ferry V16,16:26,00:55,8h 29min,1,Super Economy (2ª CLASSE EASY),Messina Centrale,https://www.lefrecce.it/Channels.Website.BFF.WEB/website/ticket/solutions,2026-09-07T12:49:43.243236Z
RomaTer-MessinaC,cheapest_direct_daytime,2026-11-17,29.9,IC 723,07:26,15:35,8h 09min,0,Super Economy (2ª CLASSE EASY),Messina Centrale,https://www.lefrecce.it/Channels.Website.BFF.WEB/website/ticket/solutions,2026-09-07T12:49:43.243236Z
RomaTer-MessinaC,cheapest_overall,2026-11-18,21.9,IC 561 + Ferry V16,16:26,00:55,8h 29min,1,Super Economy (2ª CLASSE EASY),Messina Centrale,https://www.lefrecce.it/Channels.Website.BFF.WEB/website/ticket/solutions,2026-09-07T12:49:48.600887Z
RomaTer-MessinaC,cheapest_direct_daytime,2026-11-18,29.9,IC 95057,11:26,19:35,8h 09min,0,Super Economy (2ª CLASSE EASY),Messina Centrale,https://www.lefrecce.it/Channels.Website.BFF.WEB/website/ticket/solutions,2026-09-07T12:49:48.600887Z
RomaTer-MessinaC,cheapest_overall,2026-11-19,21.9,IC 561 + Ferry V16,16:26,00:55,8h 29min,1,Super Economy (2ª CLASSE EASY),Messina Centrale,https://www.lefrecce.it/Channels.Website.BFF.WEB/website/ticket/solutions,2026-09-07T12:49:54.311811Z
RomaTer-MessinaC,cheapest_direct_daytime,2026-11-19,29.9,IC 95057,11:26,19:35,8h 09min,0,Super Economy (2ª CLASSE EASY),Messina Centrale,https://www.lefrecce.it/Channels.Website.BFF.WEB/website/ticket/solutions,2026-09-07T12:49:54.311811Z
RomaTer-MessinaC,cheapest_overall,2026-11-20,33.9,FR 8333 + Ferry V7,07:30,14:00,6h 30min,1,FrecciaDAYS (STANDARD),Messina Centrale,https://www.lefrecce.it/Channels.Website.BFF.WEB/website/ticket/solutions,2026-09-07T12:49:59.531158Z
RomaTer-MessinaC,cheapest_direct_daytime,2026-11-20,36.9,IC 723,07:26,15:35,8h 09min,0,Super Economy (2ª CLASSE EASY),Messina Centrale,https://www.lefrecce.it/Channels.Website.BFF.WEB/website/ticket/solutions,2026-09-07T12:49:59.531158Z
RomaTer-MessinaC,cheapest_overall,2026-11-21,21.9,IC 561 + Ferry V16,16:26,00:55,8h 29min,1,Super Economy (2ª CLASSE EASY),Messina Centrale,https://www.lefrecce.it/Channels.Website.BFF.WEB/website/ticket/solutions,2026-09-07T12:50:05.023692Z
RomaTer-MessinaC,cheapest_direct_daytime,2026-11-21,36.9,IC 723,07:26,15:35,8h 09min,0,Super Economy (2ª CLASSE EASY),Messina Centrale,https://www.lefrecce.it/Channels.Website.BFF.WEB/website/ticket/solutions,2026-09-07T12:50:05.023692Z
RomaTer-MessinaC,cheapest_overall,2026-11-22,33.9,FR 8333 + Ferry V7,07:30,14:00,6h 30min,1,FrecciaDAYS (STANDARD),Messina Centrale,https://www.lefrecce.it/Channels.Website.BFF.WEB/website/ticket/solutions,2026-09-07T12:50:10.670132Z
RomaTer-MessinaC,cheapest_direct_daytime,2026-11-22,36.9,IC 723,07:26,15:35,8h 09min,0,Super Economy (2ª CLASSE EASY),Messina Centrale,https://www.lefrecce.it/Channels.Website.BFF.WEB/website/ticket/solutions,2026-09-07T12:50:10.670132Z
RomaTer-MessinaC,cheapest_overall,2026-11-23,21.9,IC 561 + Ferry V16,16:26,00:55,8h 29min,1,Super Economy (2ª CLASSE EASY),Messina Centrale,https://www.lefrecce.it/Channels.Website.BFF.WEB/website/ticket/solutions,2026-09-07T12:50:17.336439Z
RomaTer-MessinaC,cheapest_direct_daytime,2026-11-23,29.9,IC 95057,11:26,19:35,8h 09min,0,Super Economy (2ª CLASSE EASY),Messina Centrale,https://www.lefrecce.it/Channels.Website.BFF.WEB/website/ticket/solutions,2026-09-07T12:50:17.336439Z
RomaTer-MessinaC,cheapest_overall,2026-11-24,21.9,IC 561 + Ferry V16,16:26,00:55,8h 29min,1,Super Economy (2ª CLASSE EASY),Messina Centrale,https://www.lefrecce.it/Channels.Website.BFF.WEB/website/ticket/solutions,2026-09-07T12:50:24.147770Z
RomaTer-MessinaC,cheapest_direct_daytime,2026-11-24,29.9,IC 723,07:26,15:35,8h 09min,0,Super Economy (2ª CLASSE EASY),Messina Centrale,https://www.lefrecce.it/Channels.Website.BFF.WEB/website/ticket/solutions,2026-09-07T12:50:24.147770Z
RomaTer-MessinaC,cheapest_overall,2026-11-25,21.9,IC 561 + Ferry V16,16:26,00:55,8h 29min,1,Super Economy (2ª CLASSE EASY),Messina Centrale,https://www.lefrecce.it/Channels.Website.BFF.WEB/website/ticket/solutions,2026-09-07T12:50:29.703699Z
RomaTer-MessinaC,cheapest_direct_daytime,2026-11-25,29.9,IC 723,07:26,15:35,8h 09min,0,Super Economy (2ª CLASSE EASY),Messina Centrale,https://www.lefrecce.it/Channels.Website.BFF.WEB/website/ticket/solutions,2026-09-07T12:50:29.703699Z
RomaTer-MessinaC,cheapest_overall,2026-11-26,21.9,IC 561 + Ferry V16,16:26,00:55,8h 29min,1,Super Economy (2ª CLASSE EASY),Messina Centrale,https://www.lefrecce.it/Channels.Website.BFF.WEB/website/ticket/solutions,2026-09-07T12:50:35.554202Z
RomaTer-MessinaC,cheapest_direct_daytime,2026-11-26,36.9,IC 723,07:26,15:35,8h 09min,0,Super Economy (2ª CLASSE EASY),Messina Centrale,https://www.lefrecce.it/Channels.Website.BFF.WEB/website/ticket/solutions,2026-09-07T12:50:35.554202Z
RomaTer-MessinaC,cheapest_overall,2026-11-27,33.9,FR 8333 + Ferry V7,07:30,14:00,6h 30min,1,FrecciaDAYS (STANDARD),Messina Centrale,https://www.lefrecce.it/Channels.Website.BFF.WEB/website/ticket/solutions,2026-09-07T12:50:41.296841Z
RomaTer-MessinaC,cheapest_direct_daytime,2026-11-27,36.9,IC 723,07:26,15:35,8h 09min,0,Super Economy (2ª CLASSE EASY),Messina Centrale,https://www.lefrecce.it/Channels.Website.BFF.WEB/website/ticket/solutions,2026-09-07T12:50:41.296841Z
RomaTer-MessinaC,cheapest_overall,2026-11-28,21.9,IC 561 + Ferry V16,16:26,00:55,8h 29min,1,Super Economy (2ª CLASSE EASY),Messina Centrale,https://www.lefrecce.it/Channels.Website.BFF.WEB/website/ticket/solutions,2026-09-07T12:50:47.656443Z
RomaTer-MessinaC,cheapest_direct_daytime,2026-11-28,29.9,IC 95057,11:26,19:35,8h 09min,0,Super Economy (2ª CLASSE EASY),Messina Centrale,https://www.lefrecce.it/Channels.Website.BFF.WEB/website/ticket/solutions,2026-09-07T12:50:47.656443Z
RomaTer-MessinaC,cheapest_overall,2026-11-29,36.9,IC 723,07:26,15:35,8h 09min,0,Super Economy (2ª CLASSE EASY),Messina Centrale,https://www.lefrecce.it/Channels.Website.BFF.WEB/website/ticket/solutions,2026-09-07T12:50:54.026922Z
RomaTer-MessinaC,cheapest_direct_daytime,2026-11-29,36.9,IC 723,07:26,15:35,8h 09min,0,Super Economy (2ª CLASSE EASY),Messina Centrale,https://www.lefrecce.it/Channels.Website.BFF.WEB/website/ticket/solutions,2026-09-07T12:50:54.026922Z
RomaTer-MessinaC,cheapest_overall,2026-11-30,21.9,IC 561 + Ferry V16,16:26,00:55,8h 29min,1,Super Economy (2ª CLASSE EASY),Messina Centrale,https://www.lefrecce.it/Channels.Website.BFF.WEB/website/ticket/solutions,2026-09-07T12:50:59.728286Z
RomaTer-MessinaC,cheapest_direct_daytime,2026-11-30,29.9,IC 723,07:26,15:35,8h 09min,0,Super Economy (2ª CLASSE EASY),Messina Centrale,https://www.lefrecce.it/Channels.Website.BFF.WEB/website/ticket/solutions,2026-09-07T12:50:59.728286Z
RomaTer-MessinaC,cheapest_overall,2026-12-01,21.9,IC 561 + Ferry V16,16:26,00:55,8h 29min,1,Super Economy (2ª CLASSE EASY),Messina Centrale,https://www.lefrecce.it/Channels.Website.BFF.WEB/website/ticket/solutions,2026-09-07T12:51:08.040844Z
RomaTer-MessinaC,cheapest_direct_daytime,2026-12-01,29.9,IC 723,07:26,15:35,8h 09min,0,Super Economy (2ª CLASSE EASY),Messina Centrale,https://www.lefrecce.it/Channels.Website.BFF.WEB/website/ticket/solutions,2026-09-07T12:51:08.040844Z
RomaTer-MessinaC,cheapest_overall,2026-12-02,21.9,IC 561 + Ferry V16,16:26,00:55,8h 29min,1,Super Economy (2ª CLASSE EASY),Messina Centrale,https://www.lefrecce.it/Channels.Website.BFF.WEB/website/ticket/solutions,2026-09-07T12:51:13.794055Z
RomaTer-MessinaC,cheapest_direct_daytime,2026-12-02,29.9,IC 723,07:26,15:35,8h 09min,0,Super Economy (2ª CLASSE EASY),Messina Centrale,https://www.lefrecce.it/Channels.Website.BFF.WEB/website/ticket/solutions,2026-09-07T12:51:13.794055Z
RomaTer-MessinaC,cheapest_overall,2026-12-03,21.9,IC 561 + Ferry V16,16:26,00:55,8h 29min,1,Super Economy (2ª CLASSE EASY),Messina Centrale,https://www.lefrecce.it/Channels.Website.BFF.WEB/website/ticket/solutions,2026-09-07T12:51:18.823079Z
RomaTer-MessinaC,cheapest_direct_daytime,2026-12-03,29.9,IC 95057,11:26,19:35,8h 09min,0,Super Economy (2ª CLASSE EASY),Messina Centrale,https://www.lefrecce.it/Channels.Website.BFF.WEB/website/ticket/solutions,2026-09-07T12:51:18.823079Z
RomaTer-ReggioC,cheapest_overall,2026-09-27,39.9,FR 8333,07:29,13:14,5h 45min,0,Super Economy (STANDARD),Reggio Di Calabria Centrale,https://www.lefrecce.it/Channels.Website.BFF.WEB/website/ticket/solutions,2026-09-07T13:03:36.393555Z
RomaTer-ReggioC,cheapest_direct_daytime,2026-09-27,39.9,FR 8333,07:29,13:14,5h 45min,0,Super Economy (STANDARD),Reggio Di Calabria Centrale,https://www.lefrecce.it/Channels.Website.BFF.WEB/website/ticket/solutions,2026-09-07T13:03:36.393555Z
RomaTer-ReggioC,cheapest_overall,2026-09-28,33.9,FR 8333,07:29,13:08,5h 39min,0,FrecciaDAYS (STANDARD),Reggio Di Calabria Centrale,https://www.lefrecce.it/Channels.Website.BFF.WEB/website/ticket/solutions,2026-09-07T13:03:30.167502Z
RomaTer-ReggioC,cheapest_direct_daytime,2026-09-28,33.9,FR 8333,07:29,13:08,5h 39min,0,FrecciaDAYS (STANDARD),Reggio Di Calabria Centrale,https://www.lefrecce.it/Channels.Website.BFF.WEB/website/ticket/solutions,2026-09-07T13:03:30.167502Z
RomaTer-ReggioC,cheapest_overall,2026-09-29,27.9,IC 561,16:26,00:00,7h 34min,0,Super Economy (2ª CLASSE EASY),Reggio Di Calabria Centrale,https://www.lefrecce.it/Channels.Website.BFF.WEB/website/ticket/solutions,2026-09-07T13:03:25.977588Z
RomaTer-ReggioC,cheapest_direct_daytime,2026-09-29,27.9,IC 561,16:26,00:00,7h 34min,0,Super Economy (2ª CLASSE EASY),Reggio Di Calabria Centrale,https://www.lefrecce.it/Channels.Website.BFF.WEB/website/ticket/solutions,2026-09-07T13:03:25.977588Z
RomaTer-ReggioC,cheapest_overall,2026-09-30,33.9,FR 8333,07:29,13:08,5h 39min,0,FrecciaDAYS (STANDARD),Reggio Di Calabria Centrale,https://www.lefrecce.it/Channels.Website.BFF.WEB/website/ticket/solutions,2026-09-07T13:03:15.702158Z
RomaTer-ReggioC,cheapest_direct_daytime,2026-09-30,33.9,FR 8333,07:29,13:08,5h 39min,0,FrecciaDAYS (STANDARD),Reggio Di Calabria Centrale,https://www.lefrecce.it/Channels.Website.BFF.WEB/website/ticket/solutions,2026-09-07T13:03:15.702158Z
RomaTer-ReggioC,cheapest_overall,2026-10-01,33.9,FR 8333,07:29,13:08,5h 39min,0,FrecciaDAYS (STANDARD),Reggio Di Calabria Centrale,https://www.lefrecce.it/Channels.Website.BFF.WEB/website/ticket/solutions,2026-09-07T13:03:06.851422Z
RomaTer-ReggioC,cheapest_direct_daytime,2026-10-01,33.9,FR 8333,07:29,13:08,5h 39min,0,FrecciaDAYS (STANDARD),Reggio Di Calabria Centrale,https://www.lefrecce.it/Channels.Website.BFF.WEB/website/ticket/solutions,2026-09-07T13:03:06.851422Z
RomaTer-ReggioC,cheapest_overall,2026-10-02,33.9,FR 8333,07:29,13:08,5h 39min,0,FrecciaDAYS (STANDARD),Reggio Di Calabria Centrale,https://www.lefrecce.it/Channels.Website.BFF.WEB/website/ticket/solutions,2026-09-07T13:03:00.695844Z
RomaTer-ReggioC,cheapest_direct_daytime,2026-10-02,33.9,FR 8333,07:29,13:08,5h 39min,0,FrecciaDAYS (STANDARD),Reggio Di Calabria Centrale,https://www.lefrecce.it/Channels.Website.BFF.WEB/website/ticket/solutions,2026-09-07T13:03:00.695844Z
RomaTer-ReggioC,cheapest_overall,2026-10-03,27.9,IC 561,16:26,00:00,7h 34min,0,Super Economy (2ª CLASSE EASY),Reggio Di Calabria Centrale,https://www.lefrecce.it/Channels.Website.BFF.WEB/website/ticket/solutions,2026-09-07T13:02:56.682263Z
RomaTer-ReggioC,cheapest_direct_daytime,2026-10-03,27.9,IC 561,16:26,00:00,7h 34min,0,Super Economy (2ª CLASSE EASY),Reggio Di Calabria Centrale,https://www.lefrecce.it/Channels.Website.BFF.WEB/website/ticket/solutions,2026-09-07T13:02:56.682263Z
RomaTer-ReggioC,cheapest_overall,2026-10-04,33.9,FR 8333,07:29,13:08,5h 39min,0,FrecciaDAYS (STANDARD),Reggio Di Calabria Centrale,https://www.lefrecce.it/Channels.Website.BFF.WEB/website/ticket/solutions,2026-09-07T13:02:48.382254Z
RomaTer-ReggioC,cheapest_direct_daytime,2026-10-04,33.9,FR 8333,07:29,13:08,5h 39min,0,FrecciaDAYS (STANDARD),Reggio Di Calabria Centrale,https://www.lefrecce.it/Channels.Website.BFF.WEB/website/ticket/solutions,2026-09-07T13:02:48.382254Z
RomaTer-ReggioC,cheapest_overall,2026-10-05,27.9,IC 561,16:26,00:00,7h 34min,0,Super Economy (2ª CLASSE EASY),Reggio Di Calabria Centrale,https://www.lefrecce.it/Channels.Website.BFF.WEB/website/ticket/solutions,2026-09-07T13:02:44.640121Z
RomaTer-ReggioC,cheapest_direct_daytime,2026-10-05,27.9,IC 561,16:26,00:00,7h 34min,0,Super Economy (2ª CLASSE EASY),Reggio Di Calabria Centrale,https://www.lefrecce.it/Channels.Website.BFF.WEB/website/ticket/solutions,2026-09-07T13:02:44.640121Z
RomaTer-ReggioC,cheapest_overall,2026-10-06,27.9,IC 555,14:26,22:27,8h 01min,0,Super Economy (2ª CLASSE EASY),Reggio Di Calabria Centrale,https://www.lefrecce.it/Channels.Website.BFF.WEB/website/ticket/solutions,2026-09-07T13:02:38.097240Z
RomaTer-ReggioC,cheapest_direct_daytime,2026-10-06,27.9,IC 555,14:26,22:27,8h 01min,0,Super Economy (2ª CLASSE EASY),Reggio Di Calabria Centrale,https://www.lefrecce.it/Channels.Website.BFF.WEB/website/ticket/solutions,2026-09-07T13:02:38.097240Z
RomaTer-ReggioC,cheapest_overall,2026-10-07,27.9,IC 561,16:26,00:00,7h 34min,0,Super Economy (2ª CLASSE EASY),Reggio Di Calabria Centrale,https://www.lefrecce.it/Channels.Website.BFF.WEB/website/ticket/solutions,2026-09-07T13:02:31.810415Z
RomaTer-ReggioC,cheapest_direct_daytime,2026-10-07,27.9,IC 561,16:26,00:00,7h 34min,0,Super Economy (2ª CLASSE EASY),Reggio Di Calabria Centrale,https://www.lefrecce.it/Channels.Website.BFF.WEB/website/ticket/solutions,2026-09-07T13:02:31.810415Z
RomaTer-ReggioC,cheapest_overall,2026-10-08,21.9,IC 561,16:26,00:00,7h 34min,0,Super Economy (2ª CLASSE EASY),Reggio Di Calabria Centrale,https://www.lefrecce.it/Channels.Website.BFF.WEB/website/ticket/solutions,2026-09-07T13:02:25.342023Z
RomaTer-ReggioC,cheapest_direct_daytime,2026-10-08,21.9,IC 561,16:26,00:00,7h 34min,0,Super Economy (2ª CLASSE EASY),Reggio Di Calabria Centrale,https://www.lefrecce.it/Channels.Website.BFF.WEB/website/ticket/solutions,2026-09-07T13:02:25.342023Z
RomaTer-ReggioC,cheapest_overall,2026-10-09,33.9,FR 8333,07:29,13:08,5h 39min,0,FrecciaDAYS (STANDARD),Reggio Di Calabria Centrale,https://www.lefrecce.it/Channels.Website.BFF.WEB/website/ticket/solutions,2026-09-07T13:02:16.223086Z
RomaTer-ReggioC,cheapest_direct_daytime,2026-10-09,33.9,FR 8333,07:29,13:08,5h 39min,0,FrecciaDAYS (STANDARD),Reggio Di Calabria Centrale,https://www.lefrecce.it/Channels.Website.BFF.WEB/website/ticket/solutions,2026-09-07T13:02:16.223086Z
RomaTer-ReggioC,cheapest_overall,2026-10-10,27.9,IC 555,14:26,22:27,8h 01min,0,Super Economy (2ª CLASSE EASY),Reggio Di Calabria Centrale,https://www.lefrecce.it/Channels.Website.BFF.WEB/website/ticket/solutions,2026-09-07T13:02:11.944024Z
RomaTer-ReggioC,cheapest_direct_daytime,2026-10-10,27.9,IC 555,14:26,22:27,8h 01min,0,Super Economy (2ª CLASSE EASY),Reggio Di Calabria Centrale,https://www.lefrecce.it/Channels.Website.BFF.WEB/website/ticket/solutions,2026-09-07T13:02:11.944024Z
RomaTer-ReggioC,cheapest_overall,2026-10-11,33.9,FR 8333,07:29,13:08,5h 39min,0,FrecciaDAYS (STANDARD),Reggio Di Calabria Centrale,https://www.lefrecce.it/Channels.Website.BFF.WEB/website/ticket/solutions,2026-09-07T13:02:02.056324Z
RomaTer-ReggioC,cheapest_direct_daytime,2026-10-11,33.9,FR 8333,07:29,13:08,5h 39min,0,FrecciaDAYS (STANDARD),Reggio Di Calabria Centrale,https://www.lefrecce.it/Channels.Website.BFF.WEB/website/ticket/solutions,2026-09-07T13:02:02.056324Z
RomaTer-ReggioC,cheapest_overall,2026-10-12,21.9,IC 561,16:26,00:00,7h 34min,0,Super Economy (2ª CLASSE EASY),Reggio Di Calabria Centrale,https://www.lefrecce.it/Channels.Website.BFF.WEB/website/ticket/solutions,2026-09-07T13:01:58.434050Z
RomaTer-ReggioC,cheapest_direct_daytime,2026-10-12,21.9,IC 561,16:26,00:00,7h 34min,0,Super Economy (2ª CLASSE EASY),Reggio Di Calabria Centrale,https://www.lefrecce.it/Channels.Website.BFF.WEB/website/ticket/solutions,2026-09-07T13:01:58.434050Z
RomaTer-ReggioC,cheapest_overall,2026-10-13,21.9,IC 561,16:26,00:00,7h 34min,0,Super Economy (2ª CLASSE EASY),Reggio Di Calabria Centrale,https://www.lefrecce.it/Channels.Website.BFF.WEB/website/ticket/solutions,2026-09-07T13:01:52.456339Z
RomaTer-ReggioC,cheapest_direct_daytime,2026-10-13,21.9,IC 561,16:26,00:00,7h 34min,0,Super Economy (2ª CLASSE EASY),Reggio Di Calabria Centrale,https://www.lefrecce.it/Channels.Website.BFF.WEB/website/ticket/solutions,2026-09-07T13:01:52.456339Z
RomaTer-ReggioC,cheapest_overall,2026-10-14,21.9,IC 561,16:26,00:00,7h 34min,0,Super Economy (2ª CLASSE EASY),Reggio Di Calabria Centrale,https://www.lefrecce.it/Channels.Website.BFF.WEB/website/ticket/solutions,2026-09-07T13:01:46.371315Z
RomaTer-ReggioC,cheapest_direct_daytime,2026-10-14,21.9,IC 561,16:26,00:00,7h 34min,0,Super Economy (2ª CLASSE EASY),Reggio Di Calabria Centrale,https://www.lefrecce.it/Channels.Website.BFF.WEB/website/ticket/solutions,2026-09-07T13:01:46.371315Z
RomaTer-ReggioC,cheapest_overall,2026-10-15,27.9,IC 555,14:26,22:27,8h 01min,0,Super Economy (2ª CLASSE EASY),Reggio Di Calabria Centrale,https://www.lefrecce.it/Channels.Website.BFF.WEB/website/ticket/solutions,2026-09-07T13:01:38.957151Z
RomaTer-ReggioC,cheapest_direct_daytime,2026-10-15,27.9,IC 555,14:26,22:27,8h 01min,0,Super Economy (2ª CLASSE EASY),Reggio Di Calabria Centrale,https://www.lefrecce.it/Channels.Website.BFF.WEB/website/ticket/solutions,2026-09-07T13:01:38.957151Z
RomaTer-ReggioC,cheapest_overall,2026-10-16,33.9,FR 8333,07:29,13:08,5h 39min,0,FrecciaDAYS (STANDARD),Reggio Di Calabria Centrale,https://www.lefrecce.it/Channels.Website.BFF.WEB/website/ticket/solutions,2026-09-07T13:01:29.473950Z
RomaTer-ReggioC,cheapest_direct_daytime,2026-10-16,33.9,FR 8333,07:29,13:08,5h 39min,0,FrecciaDAYS (STANDARD),Reggio Di Calabria Centrale,https://www.lefrecce.it/Channels.Website.BFF.WEB/website/ticket/solutions,2026-09-07T13:01:29.473950Z
RomaTer-ReggioC,cheapest_overall,2026-10-17,27.9,IC 555,14:26,22:27,8h 01min,0,Super Economy (2ª CLASSE EASY),Reggio Di Calabria Centrale,https://www.lefrecce.it/Channels.Website.BFF.WEB/website/ticket/solutions,2026-09-07T13:01:25.065271Z
RomaTer-ReggioC,cheapest_direct_daytime,2026-10-17,27.9,IC 555,14:26,22:27,8h 01min,0,Super Economy (2ª CLASSE EASY),Reggio Di Calabria Centrale,https://www.lefrecce.it/Channels.Website.BFF.WEB/website/ticket/solutions,2026-09-07T13:01:25.065271Z
RomaTer-ReggioC,cheapest_overall,2026-10-18,40.9,IC 555,14:26,22:27,8h 01min,0,Super Economy (2ª CLASSE EASY),Reggio Di Calabria Centrale,https://www.lefrecce.it/Channels.Website.BFF.WEB/website/ticket/solutions,2026-09-07T13:01:16.582614Z
RomaTer-ReggioC,cheapest_direct_daytime,2026-10-18,40.9,IC 555,14:26,22:27,8h 01min,0,Super Economy (2ª CLASSE EASY),Reggio Di Calabria Centrale,https://www.lefrecce.it/Channels.Website.BFF.WEB/website/ticket/solutions,2026-09-07T13:01:16.582614Z
RomaTer-ReggioC,cheapest_overall,2026-10-19,33.9,FR 8333,07:29,13:08,5h 39min,0,FrecciaDAYS (STANDARD),Reggio Di Calabria Centrale,https://www.lefrecce.it/Channels.Website.BFF.WEB/website/ticket/solutions,2026-09-07T13:01:10.298460Z
RomaTer-ReggioC,cheapest_direct_daytime,2026-10-19,33.9,FR 8333,07:29,13:08,5h 39min,0,FrecciaDAYS (STANDARD),Reggio Di Calabria Centrale,https://www.lefrecce.it/Channels.Website.BFF.WEB/website/ticket/solutions,2026-09-07T13:01:10.298460Z
RomaTer-ReggioC,cheapest_overall,2026-10-20,21.9,IC 561,16:26,00:00,7h 34min,0,Super Economy (2ª CLASSE EASY),Reggio Di Calabria Centrale,https://www.lefrecce.it/Channels.Website.BFF.WEB/website/ticket/solutions,2026-09-07T13:01:05.438321Z
RomaTer-ReggioC,cheapest_direct_daytime,2026-10-20,21.9,IC 561,16:26,00:00,7h 34min,0,Super Economy (2ª CLASSE EASY),Reggio Di Calabria Centrale,https://www.lefrecce.it/Channels.Website.BFF.WEB/website/ticket/solutions,2026-09-07T13:01:05.438321Z
RomaTer-ReggioC,cheapest_overall,2026-10-21,21.9,IC 561,16:26,00:00,7h 34min,0,Super Economy (2ª CLASSE EASY),Reggio Di Calabria Centrale,https://www.lefrecce.it/Channels.Website.BFF.WEB/website/ticket/solutions,2026-09-07T13:00:52.034084Z
RomaTer-ReggioC,cheapest_direct_daytime,2026-10-21,21.9,IC 561,16:26,00:00,7h 34min,0,Super Economy (2ª CLASSE EASY),Reggio Di Calabria Centrale,https://www.lefrecce.it/Channels.Website.BFF.WEB/website/ticket/solutions,2026-09-07T13:00:52.034084Z
RomaTer-ReggioC,cheapest_overall,2026-10-22,27.9,IC 561,16:26,00:00,7h 34min,0,Super Economy (2ª CLASSE EASY),Reggio Di Calabria Centrale,https://www.lefrecce.it/Channels.Website.BFF.WEB/website/ticket/solutions,2026-09-07T13:00:42.719904Z
RomaTer-ReggioC,cheapest_direct_daytime,2026-10-22,27.9,IC 561,16:26,00:00,7h 34min,0,Super Economy (2ª CLASSE EASY),Reggio Di Calabria Centrale,https://www.lefrecce.it/Channels.Website.BFF.WEB/website/ticket/solutions,2026-09-07T13:00:42.719904Z
RomaTer-ReggioC,cheapest_overall,2026-10-23,33.9,FR 8333,07:29,13:08,5h 39min,0,FrecciaDAYS (STANDARD),Reggio Di Calabria Centrale,https://www.lefrecce.it/Channels.Website.BFF.WEB/website/ticket/solutions,2026-09-07T13:00:33.822979Z
RomaTer-ReggioC,cheapest_direct_daytime,2026-10-23,33.9,FR 8333,07:29,13:08,5h 39min,0,FrecciaDAYS (STANDARD),Reggio Di Calabria Centrale,https://www.lefrecce.it/Channels.Website.BFF.WEB/website/ticket/solutions,2026-09-07T13:00:33.822979Z
RomaTer-ReggioC,cheapest_overall,2026-10-24,21.9,IC 561,16:26,00:00,7h 34min,0,Super Economy (2ª CLASSE EASY),Reggio Di Calabria Centrale,https://www.lefrecce.it/Channels.Website.BFF.WEB/website/ticket/solutions,2026-09-07T13:00:30.025130Z
RomaTer-ReggioC,cheapest_direct_daytime,2026-10-24,21.9,IC 561,16:26,00:00,7h 34min,0,Super Economy (2ª CLASSE EASY),Reggio Di Calabria Centrale,https://www.lefrecce.it/Channels.Website.BFF.WEB/website/ticket/solutions,2026-09-07T13:00:30.025130Z
RomaTer-ReggioC,cheapest_overall,2026-10-25,33.9,FR 8333,07:29,13:08,5h 39min,0,FrecciaDAYS (STANDARD),Reggio Di Calabria Centrale,https://www.lefrecce.it/Channels.Website.BFF.WEB/website/ticket/solutions,2026-09-07T13:00:17.934740Z
RomaTer-ReggioC,cheapest_direct_daytime,2026-10-25,33.9,FR 8333,07:29,13:08,5h 39min,0,FrecciaDAYS (STANDARD),Reggio Di Calabria Centrale,https://www.lefrecce.it/Channels.Website.BFF.WEB/website/ticket/solutions,2026-09-07T13:00:17.934740Z
RomaTer-ReggioC,cheapest_overall,2026-10-26,21.9,IC 561,16:26,00:00,7h 34min,0,Super Economy (2ª CLASSE EASY),Reggio Di Calabria Centrale,https://www.lefrecce.it/Channels.Website.BFF.WEB/website/ticket/solutions,2026-09-07T13:00:14.047229Z
RomaTer-ReggioC,cheapest_direct_daytime,2026-10-26,21.9,IC 561,16:26,00:00,7h 34min,0,Super Economy (2ª CLASSE EASY),Reggio Di Calabria Centrale,https://www.lefrecce.it/Channels.Website.BFF.WEB/website/ticket/solutions,2026-09-07T13:00:14.047229Z
RomaTer-ReggioC,cheapest_overall,2026-10-27,21.9,IC 561,16:26,00:00,7h 34min,0,Super Economy (2ª CLASSE EASY),Reggio Di Calabria Centrale,https://www.lefrecce.it/Channels.Website.BFF.WEB/website/ticket/solutions,2026-09-07T13:00:05.983178Z
RomaTer-ReggioC,cheapest_direct_daytime,2026-10-27,21.9,IC 561,16:26,00:00,7h 34min,0,Super Economy (2ª CLASSE EASY),Reggio Di Calabria Centrale,https://www.lefrecce.it/Channels.Website.BFF.WEB/website/ticket/solutions,2026-09-07T13:00:05.983178Z
RomaTer-ReggioC,cheapest_overall,2026-10-28,21.9,IC 561,16:26,00:00,7h 34min,0,Super Economy (2ª CLASSE EASY),Reggio Di Calabria Centrale,https://www.lefrecce.it/Channels.Website.BFF.WEB/website/ticket/solutions,2026-09-07T12:59:59.755843Z
RomaTer-ReggioC,cheapest_direct_daytime,2026-10-28,21.9,IC 561,16:26,00:00,7h 34min,0,Super Economy (2ª CLASSE EASY),Reggio Di Calabria Centrale,https://www.lefrecce.it/Channels.Website.BFF.WEB/website/ticket/solutions,2026-09-07T12:59:59.755843Z
RomaTer-ReggioC,cheapest_overall,2026-10-29,21.9,IC 561,16:26,00:00,7h 34min,0,Super Economy (2ª CLASSE EASY),Reggio Di Calabria Centrale,https://www.lefrecce.it/Channels.Website.BFF.WEB/website/ticket/solutions,2026-09-07T12:59:52.809869Z
RomaTer-ReggioC,cheapest_direct_daytime,2026-10-29,21.9,IC 561,16:26,00:00,7h 34min,0,Super Economy (2ª CLASSE EASY),Reggio Di Calabria Centrale,https://www.lefrecce.it/Channels.Website.BFF.WEB/website/ticket/solutions,2026-09-07T12:59:52.809869Z
RomaTer-ReggioC,cheapest_overall,2026-10-30,33.9,FR 8333,07:29,13:08,5h 39min,0,FrecciaDAYS (STANDARD),Reggio Di Calabria Centrale,https://www.lefrecce.it/Channels.Website.BFF.WEB/website/ticket/solutions,2026-09-07T12:59:43.110145Z
RomaTer-ReggioC,cheapest_direct_daytime,2026-10-30,33.9,FR 8333,07:29,13:08,5h 39min,0,FrecciaDAYS (STANDARD),Reggio Di Calabria Centrale,https://www.lefrecce.it/Channels.Website.BFF.WEB/website/ticket/solutions,2026-09-07T12:59:43.110145Z
RomaTer-ReggioC,cheapest_overall,2026-10-31,21.9,IC 561,16:26,00:00,7h 34min,0,Super Economy (2ª CLASSE EASY),Reggio Di Calabria Centrale,https://www.lefrecce.it/Channels.Website.BFF.WEB/website/ticket/solutions,2026-09-07T12:59:39.789499Z
RomaTer-ReggioC,cheapest_direct_daytime,2026-10-31,21.9,IC 561,16:26,00:00,7h 34min,0,Super Economy (2ª CLASSE EASY),Reggio Di Calabria Centrale,https://www.lefrecce.it/Channels.Website.BFF.WEB/website/ticket/solutions,2026-09-07T12:59:39.789499Z
RomaTer-ReggioC,cheapest_overall,2026-11-01,33.9,FR 8333,07:30,13:08,5h 38min,0,FrecciaDAYS (STANDARD),Reggio Di Calabria Centrale,https://www.lefrecce.it/Channels.Website.BFF.WEB/website/ticket/solutions,2026-09-07T12:59:29.997815Z
RomaTer-ReggioC,cheapest_direct_daytime,2026-11-01,33.9,FR 8333,07:30,13:08,5h 38min,0,FrecciaDAYS (STANDARD),Reggio Di Calabria Centrale,https://www.lefrecce.it/Channels.Website.BFF.WEB/website/ticket/solutions,2026-09-07T12:59:29.997815Z
RomaTer-ReggioC,cheapest_overall,2026-11-02,21.9,IC 561,16:26,00:00,7h 34min,0,Super Economy (2ª CLASSE EASY),Reggio Di Calabria Centrale,https://www.lefrecce.it/Channels.Website.BFF.WEB/website/ticket/solutions,2026-09-07T12:59:26.280959Z
RomaTer-ReggioC,cheapest_direct_daytime,2026-11-02,21.9,IC 561,16:26,00:00,7h 34min,0,Super Economy (2ª CLASSE EASY),Reggio Di Calabria Centrale,https://www.lefrecce.it/Channels.Website.BFF.WEB/website/ticket/solutions,2026-09-07T12:59:26.280959Z
RomaTer-ReggioC,cheapest_overall,2026-11-03,21.9,IC 561,16:26,00:00,7h 34min,0,Super Economy (2ª CLASSE EASY),Reggio Di Calabria Centrale,https://www.lefrecce.it/Channels.Website.BFF.WEB/website/ticket/solutions,2026-09-07T12:59:19.737391Z
RomaTer-ReggioC,cheapest_direct_daytime,2026-11-03,21.9,IC 561,16:26,00:00,7h 34min,0,Super Economy (2ª CLASSE EASY),Reggio Di Calabria Centrale,https://www.lefrecce.it/Channels.Website.BFF.WEB/website/ticket/solutions,2026-09-07T12:59:19.737391Z
RomaTer-ReggioC,cheapest_overall,2026-11-04,21.9,IC 561,16:26,00:00,7h 34min,0,Super Economy (2ª CLASSE EASY),Reggio Di Calabria Centrale,https://www.lefrecce.it/Channels.Website.BFF.WEB/website/ticket/solutions,2026-09-07T12:59:12.265570Z
RomaTer-ReggioC,cheapest_direct_daytime,2026-11-04,21.9,IC 561,16:26,00:00,7h 34min,0,Super Economy (2ª CLASSE EASY),Reggio Di Calabria Centrale,https://www.lefrecce.it/Channels.Website.BFF.WEB/website/ticket/solutions,2026-09-07T12:59:12.265570Z
RomaTer-ReggioC,cheapest_overall,2026-11-05,21.9,IC 561,16:26,00:00,7h 34min,0,Super Economy (2ª CLASSE EASY),Reggio Di Calabria Centrale,https://www.lefrecce.it/Channels.Website.BFF.WEB/website/ticket/solutions,2026-09-07T12:59:04.794210Z
RomaTer-ReggioC,cheapest_direct_daytime,2026-11-05,21.9,IC 561,16:26,00:00,7h 34min,0,Super Economy (2ª CLASSE EASY),Reggio Di Calabria Centrale,https://www.lefrecce.it/Channels.Website.BFF.WEB/website/ticket/solutions,2026-09-07T12:59:04.794210Z
RomaTer-ReggioC,cheapest_overall,2026-11-06,33.9,FR 8333,07:30,13:08,5h 38min,0,FrecciaDAYS (STANDARD),Reggio Di Calabria Centrale,https://www.lefrecce.it/Channels.Website.BFF.WEB/website/ticket/solutions,2026-09-07T12:58:55.756948Z
RomaTer-ReggioC,cheapest_direct_daytime,2026-11-06,33.9,FR 8333,07:30,13:08,5h 38min,0,FrecciaDAYS (STANDARD),Reggio Di Calabria Centrale,https://www.lefrecce.it/Channels.Website.BFF.WEB/website/ticket/solutions,2026-09-07T12:58:55.756948Z
RomaTer-ReggioC,cheapest_overall,2026-11-07,21.9,IC 561,16:26,00:00,7h 34min,0,Super Economy (2ª CLASSE EASY),Reggio Di Calabria Centrale,https://www.lefrecce.it/Channels.Website.BFF.WEB/website/ticket/solutions,2026-09-07T12:58:52.175425Z
RomaTer-ReggioC,cheapest_direct_daytime,2026-11-07,21.9,IC 561,16:26,00:00,7h 34min,0,Super Economy (2ª CLASSE EASY),Reggio Di Calabria Centrale,https://www.lefrecce.it/Channels.Website.BFF.WEB/website/ticket/solutions,2026-09-07T12:58:52.175425Z
RomaTer-ReggioC,cheapest_overall,2026-11-08,33.9,FR 8333,07:30,13:08,5h 38min,0,FrecciaDAYS (STANDARD),Reggio Di Calabria Centrale,https://www.lefrecce.it/Channels.Website.BFF.WEB/website/ticket/solutions,2026-09-07T12:58:42.618292Z
RomaTer-ReggioC,cheapest_direct_daytime,2026-11-08,33.9,FR 8333,07:30,13:08,5h 38min,0,FrecciaDAYS (STANDARD),Reggio Di Calabria Centrale,https://www.lefrecce.it/Channels.Website.BFF.WEB/website/ticket/solutions,2026-09-07T12:58:42.618292Z
RomaTer-ReggioC,cheapest_overall,2026-11-09,21.9,IC 561,16:26,00:00,7h 34min,0,Super Economy (2ª CLASSE EASY),Reggio Di Calabria Centrale,https://www.lefrecce.it/Channels.Website.BFF.WEB/website/ticket/solutions,2026-09-07T12:58:38.773358Z
RomaTer-ReggioC,cheapest_direct_daytime,2026-11-09,21.9,IC 561,16:26,00:00,7h 34min,0,Super Economy (2ª CLASSE EASY),Reggio Di Calabria Centrale,https://www.lefrecce.it/Channels.Website.BFF.WEB/website/ticket/solutions,2026-09-07T12:58:38.773358Z
RomaTer-ReggioC,cheapest_overall,2026-11-10,21.9,IC 561,16:26,00:00,7h 34min,0,Super Economy (2ª CLASSE EASY),Reggio Di Calabria Centrale,https://www.lefrecce.it/Channels.Website.BFF.WEB/website/ticket/solutions,2026-09-07T12:58:29.423864Z
RomaTer-ReggioC,cheapest_direct_daytime,2026-11-10,21.9,IC 561,16:26,00:00,7h 34min,0,Super Economy (2ª CLASSE EASY),Reggio Di Calabria Centrale,https://www.lefrecce.it/Channels.Website.BFF.WEB/website/ticket/solutions,2026-09-07T12:58:29.423864Z
RomaTer-ReggioC,cheapest_overall,2026-11-11,21.9,IC 561,16:26,00:00,7h 34min,0,Super Economy (2ª CLASSE EASY),Reggio Di Calabria Centrale,https://www.lefrecce.it/Channels.Website.BFF.WEB/website/ticket/solutions,2026-09-07T12:58:16.898509Z
RomaTer-ReggioC,cheapest_direct_daytime,2026-11-11,21.9,IC 561,16:26,00:00,7h 34min,0,Super Economy (2ª CLASSE EASY),Reggio Di Calabria Centrale,https://www.lefrecce.it/Channels.Website.BFF.WEB/website/ticket/solutions,2026-09-07T12:58:16.898509Z
RomaTer-ReggioC,cheapest_overall,2026-11-12,21.9,IC 561,16:26,00:00,7h 34min,0,Super Economy (2ª CLASSE EASY),Reggio Di Calabria Centrale,https://www.lefrecce.it/Channels.Website.BFF.WEB/website/ticket/solutions,2026-09-07T12:58:09.844151Z
RomaTer-ReggioC,cheapest_direct_daytime,2026-11-12,21.9,IC 561,16:26,00:00,7h 34min,0,Super Economy (2ª CLASSE EASY),Reggio Di Calabria Centrale,https://www.lefrecce.it/Channels.Website.BFF.WEB/website/ticket/solutions,2026-09-07T12:58:09.844151Z
RomaTer-ReggioC,cheapest_overall,2026-11-13,33.9,FR 8333,07:30,13:08,5h 38min,0,FrecciaDAYS (STANDARD),Reggio Di Calabria Centrale,https://www.lefrecce.it/Channels.Website.BFF.WEB/website/ticket/solutions,2026-09-07T12:57:59.755406Z
RomaTer-ReggioC,cheapest_direct_daytime,2026-11-13,33.9,FR 8333,07:30,13:08,5h 38min,0,FrecciaDAYS (STANDARD),Reggio Di Calabria Centrale,https://www.lefrecce.it/Channels.Website.BFF.WEB/website/ticket/solutions,2026-09-07T12:57:59.755406Z
RomaTer-ReggioC,cheapest_overall,2026-11-14,21.9,IC 561,16:26,00:00,7h 34min,0,Super Economy (2ª CLASSE EASY),Reggio Di Calabria Centrale,https://www.lefrecce.it/Channels.Website.BFF.WEB/website/ticket/solutions,2026-09-07T12:57:55.156795Z
RomaTer-ReggioC,cheapest_direct_daytime,2026-11-14,21.9,IC 561,16:26,00:00,7h 34min,0,Super Economy (2ª CLASSE EASY),Reggio Di Calabria Centrale,https://www.lefrecce.it/Channels.Website.BFF.WEB/website/ticket/solutions,2026-09-07T12:57:55.156795Z
RomaTer-ReggioC,cheapest_overall,2026-11-15,33.9,FR 8333,07:30,13:08,5h 38min,0,FrecciaDAYS (STANDARD),Reggio Di Calabria Centrale,https://www.lefrecce.it/Channels.Website.BFF.WEB/website/ticket/solutions,2026-09-07T12:57:44.841284Z
RomaTer-ReggioC,cheapest_direct_daytime,2026-11-15,33.9,FR 8333,07:30,13:08,5h 38min,0,FrecciaDAYS (STANDARD),Reggio Di Calabria Centrale,https://www.lefrecce.it/Channels.Website.BFF.WEB/website/ticket/solutions,2026-09-07T12:57:44.841284Z
RomaTer-ReggioC,cheapest_overall,2026-11-16,21.9,IC 561,16:26,00:00,7h 34min,0,Super Economy (2ª CLASSE EASY),Reggio Di Calabria Centrale,https://www.lefrecce.it/Channels.Website.BFF.WEB/website/ticket/solutions,2026-09-07T12:57:39.583384Z
RomaTer-ReggioC,cheapest_direct_daytime,2026-11-16,21.9,IC 561,16:26,00:00,7h 34min,0,Super Economy (2ª CLASSE EASY),Reggio Di Calabria Centrale,https://www.lefrecce.it/Channels.Website.BFF.WEB/website/ticket/solutions,2026-09-07T12:57:39.583384Z
RomaTer-ReggioC,cheapest_overall,2026-11-17,21.9,IC 561,16:26,00:00,7h 34min,0,Super Economy (2ª CLASSE EASY),Reggio Di Calabria Centrale,https://www.lefrecce.it/Channels.Website.BFF.WEB/website/ticket/solutions,2026-09-07T12:57:27.539933Z
RomaTer-ReggioC,cheapest_direct_daytime,2026-11-17,21.9,IC 561,16:26,00:00,7h 34min,0,Super Economy (2ª CLASSE EASY),Reggio Di Calabria Centrale,https://www.lefrecce.it/Channels.Website.BFF.WEB/website/ticket/solutions,2026-09-07T12:57:27.539933Z
RomaTer-ReggioC,cheapest_overall,2026-11-18,21.9,IC 561,16:26,00:00,7h 34min,0,Super Economy (2ª CLASSE EASY),Reggio Di Calabria Centrale,https://www.lefrecce.it/Channels.Website.BFF.WEB/website/ticket/solutions,2026-09-07T12:57:20.824481Z
RomaTer-ReggioC,cheapest_direct_daytime,2026-11-18,21.9,IC 561,16:26,00:00,7h 34min,0,Super Economy (2ª CLASSE EASY),Reggio Di Calabria Centrale,https://www.lefrecce.it/Channels.Website.BFF.WEB/website/ticket/solutions,2026-09-07T12:57:20.824481Z
RomaTer-ReggioC,cheapest_overall,2026-11-19,21.9,IC 561,16:26,00:00,7h 34min,0,Super Economy (2ª CLASSE EASY),Reggio Di Calabria Centrale,https://www.lefrecce.it/Channels.Website.BFF.WEB/website/ticket/solutions,2026-09-07T12:57:13.772134Z
RomaTer-ReggioC,cheapest_direct_daytime,2026-11-19,21.9,IC 561,16:26,00:00,7h 34min,0,Super Economy (2ª CLASSE EASY),Reggio Di Calabria Centrale,https://www.lefrecce.it/Channels.Website.BFF.WEB/website/ticket/solutions,2026-09-07T12:57:13.772134Z
RomaTer-ReggioC,cheapest_overall,2026-11-20,33.9,FR 8333,07:30,13:08,5h 38min,0,FrecciaDAYS (STANDARD),Reggio Di Calabria Centrale,https://www.lefrecce.it/Channels.Website.BFF.WEB/website/ticket/solutions,2026-09-07T12:57:04.576826Z
RomaTer-ReggioC,cheapest_direct_daytime,2026-11-20,33.9,FR 8333,07:30,13:08,5h 38min,0,FrecciaDAYS (STANDARD),Reggio Di Calabria Centrale,https://www.lefrecce.it/Channels.Website.BFF.WEB/website/ticket/solutions,2026-09-07T12:57:04.576826Z
RomaTer-ReggioC,cheapest_overall,2026-11-21,21.9,IC 561,16:26,00:00,7h 34min,0,Super Economy (2ª CLASSE EASY),Reggio Di Calabria Centrale,https://www.lefrecce.it/Channels.Website.BFF.WEB/website/ticket/solutions,2026-09-07T12:56:59.970033Z
RomaTer-ReggioC,cheapest_direct_daytime,2026-11-21,21.9,IC 561,16:26,00:00,7h 34min,0,Super Economy (2ª CLASSE EASY),Reggio Di Calabria Centrale,https://www.lefrecce.it/Channels.Website.BFF.WEB/website/ticket/solutions,2026-09-07T12:56:59.970033Z
RomaTer-ReggioC,cheapest_overall,2026-11-22,33.9,FR 8333,07:30,13:08,5h 38min,0,FrecciaDAYS (STANDARD),Reggio Di Calabria Centrale,https://www.lefrecce.it/Channels.Website.BFF.WEB/website/ticket/solutions,2026-09-07T12:56:51.181186Z
RomaTer-ReggioC,cheapest_direct_daytime,2026-11-22,33.9,FR 8333,07:30,13:08,5h 38min,0,FrecciaDAYS (STANDARD),Reggio Di Calabria Centrale,https://www.lefrecce.it/Channels.Website.BFF.WEB/website/ticket/solutions,2026-09-07T12:56:51.181186Z
RomaTer-ReggioC,cheapest_overall,2026-11-23,21.9,IC 561,16:26,00:00,7h 34min,0,Super Economy (2ª CLASSE EASY),Reggio Di Calabria Centrale,https://www.lefrecce.it/Channels.Website.BFF.WEB/website/ticket/solutions,2026-09-07T12:56:46.934709Z
RomaTer-ReggioC,cheapest_direct_daytime,2026-11-23,21.9,IC 561,16:26,00:00,7h 34min,0,Super Economy (2ª CLASSE EASY),Reggio Di Calabria Centrale,https://www.lefrecce.it/Channels.Website.BFF.WEB/website/ticket/solutions,2026-09-07T12:56:46.934709Z
RomaTer-ReggioC,cheapest_overall,2026-11-24,21.9,IC 561,16:26,00:00,7h 34min,0,Super Economy (2ª CLASSE EASY),Reggio Di Calabria Centrale,https://www.lefrecce.it/Channels.Website.BFF.WEB/website/ticket/solutions,2026-09-07T12:56:40.477849Z
RomaTer-ReggioC,cheapest_direct_daytime,2026-11-24,21.9,IC 561,16:26,00:00,7h 34min,0,Super Economy (2ª CLASSE EASY),Reggio Di Calabria Centrale,https://www.lefrecce.it/Channels.Website.BFF.WEB/website/ticket/solutions,2026-09-07T12:56:40.477849Z
RomaTer-ReggioC,cheapest_overall,2026-11-25,21.9,IC 561,16:26,00:00,7h 34min,0,Super Economy (2ª CLASSE EASY),Reggio Di Calabria Centrale,https://www.lefrecce.it/Channels.Website.BFF.WEB/website/ticket/solutions,2026-09-07T12:56:32.114867Z
RomaTer-ReggioC,cheapest_direct_daytime,2026-11-25,21.9,IC 561,16:26,00:00,7h 34min,0,Super Economy (2ª CLASSE EASY),Reggio Di Calabria Centrale,https://www.lefrecce.it/Channels.Website.BFF.WEB/website/ticket/solutions,2026-09-07T12:56:32.114867Z
RomaTer-ReggioC,cheapest_overall,2026-11-26,21.9,IC 561,16:26,00:00,7h 34min,0,Super Economy (2ª CLASSE EASY),Reggio Di Calabria Centrale,https://www.lefrecce.it/Channels.Website.BFF.WEB/website/ticket/solutions,2026-09-07T12:56:24.466462Z
RomaTer-ReggioC,cheapest_direct_daytime,2026-11-26,21.9,IC 561,16:26,00:00,7h 34min,0,Super Economy (2ª CLASSE EASY),Reggio Di Calabria Centrale,https://www.lefrecce.it/Channels.Website.BFF.WEB/website/ticket/solutions,2026-09-07T12:56:24.466462Z
RomaTer-ReggioC,cheapest_overall,2026-11-27,33.9,FR 8333,07:30,13:08,5h 38min,0,FrecciaDAYS (STANDARD),Reggio Di Calabria Centrale,https://www.lefrecce.it/Channels.Website.BFF.WEB/website/ticket/solutions,2026-09-07T12:56:13.906978Z
RomaTer-ReggioC,cheapest_direct_daytime,2026-11-27,33.9,FR 8333,07:30,13:08,5h 38min,0,FrecciaDAYS (STANDARD),Reggio Di Calabria Centrale,https://www.lefrecce.it/Channels.Website.BFF.WEB/website/ticket/solutions,2026-09-07T12:56:13.906978Z
RomaTer-ReggioC,cheapest_overall,2026-11-28,21.9,IC 561,16:26,00:00,7h 34min,0,Super Economy (2ª CLASSE EASY),Reggio Di Calabria Centrale,https://www.lefrecce.it/Channels.Website.BFF.WEB/website/ticket/solutions,2026-09-07T12:56:06.627602Z
RomaTer-ReggioC,cheapest_direct_daytime,2026-11-28,21.9,IC 561,16:26,00:00,7h 34min,0,Super Economy (2ª CLASSE EASY),Reggio Di Calabria Centrale,https://www.lefrecce.it/Channels.Website.BFF.WEB/website/ticket/solutions,2026-09-07T12:56:06.627602Z
RomaTer-ReggioC,cheapest_overall,2026-11-29,37.9,IC 553,12:26,20:13,7h 47min,0,Super Economy (1ª CLASSE PLUS),Reggio Di Calabria Centrale,https://www.lefrecce.it/Channels.Website.BFF.WEB/website/ticket/solutions,2026-09-07T12:55:56.513717Z
RomaTer-ReggioC,cheapest_direct_daytime,2026-11-29,37.9,IC 553,12:26,20:13,7h 47min,0,Super Economy (1ª CLASSE PLUS),Reggio Di Calabria Centrale,https://www.lefrecce.it/Channels.Website.BFF.WEB/website/ticket/solutions,2026-09-07T12:55:56.513717Z
RomaTer-ReggioC,cheapest_overall,2026-11-30,21.9,IC 561,16:26,00:00,7h 34min,0,Super Economy (2ª CLASSE EASY),Reggio Di Calabria Centrale,https://www.lefrecce.it/Channels.Website.BFF.WEB/website/ticket/solutions,2026-09-07T12:55:52.835033Z
RomaTer-ReggioC,cheapest_direct_daytime,2026-11-30,21.9,IC 561,16:26,00:00,7h 34min,0,Super Economy (2ª CLASSE EASY),Reggio Di Calabria Centrale,https://www.lefrecce.it/Channels.Website.BFF.WEB/website/ticket/solutions,2026-09-07T12:55:52.835033Z
RomaTer-ReggioC,cheapest_overall,2026-12-01,21.9,IC 561,16:26,00:00,7h 34min,0,Super Economy (2ª CLASSE EASY),Reggio Di Calabria Centrale,https://www.lefrecce.it/Channels.Website.BFF.WEB/website/ticket/solutions,2026-09-07T12:55:46.158108Z
RomaTer-ReggioC,cheapest_direct_daytime,2026-12-01,21.9,IC 561,16:26,00:00,7h 34min,0,Super Economy (2ª CLASSE EASY),Reggio Di Calabria Centrale,https://www.lefrecce.it/Channels.Website.BFF.WEB/website/ticket/solutions,2026-09-07T12:55:46.158108Z
RomaTer-ReggioC,cheapest_overall,2026-12-02,21.9,IC 561,16:26,00:00,7h 34min,0,Super Economy (2ª CLASSE EASY),Reggio Di Calabria Centrale,https://www.lefrecce.it/Channels.Website.BFF.WEB/website/ticket/solutions,2026-09-07T12:55:38.215484Z
RomaTer-ReggioC,cheapest_direct_daytime,2026-12-02,21.9,IC 561,16:26,00:00,7h 34min,0,Super Economy (2ª CLASSE EASY),Reggio Di Calabria Centrale,https://www.lefrecce.it/Channels.Website.BFF.WEB/website/ticket/solutions,2026-09-07T12:55:38.215484Z
RomaTer-ReggioC,cheapest_overall,2026-12-03,21.9,IC 561,16:26,00:00,7h 34min,0,Super Economy (2ª CLASSE EASY),Reggio Di Calabria Centrale,https://www.lefrecce.it/Channels.Website.BFF.WEB/website/ticket/solutions,2026-09-07T12:55:30.777970Z
RomaTer-ReggioC,cheapest_direct_daytime,2026-12-03,21.9,IC 561,16:26,00:00,7h 34min,0,Super Economy (2ª CLASSE EASY),Reggio Di Calabria Centrale,https://www.lefrecce.it/Channels.Website.BFF.WEB/website/ticket/solutions,2026-09-07T12:55:30.777970Z
RomaTer-VillaSG,cheapest_overall,2026-09-27,39.9,FR 8333,07:29,12:48,5h 19min,0,Super Economy (STANDARD),Villa S. Giovanni,https://www.lefrecce.it/Channels.Website.BFF.WEB/website/ticket/solutions,2026-09-07T12:54:14.970014Z
RomaTer-VillaSG,cheapest_direct_daytime,2026-09-27,39.9,FR 8333,07:29,12:48,5h 19min,0,Super Economy (STANDARD),Villa S. Giovanni,https://www.lefrecce.it/Channels.Website.BFF.WEB/website/ticket/solutions,2026-09-07T12:54:14.970014Z
RomaTer-VillaSG,cheapest_overall,2026-09-28,33.9,FR 8333,07:29,12:43,5h 14min,0,FrecciaDAYS (STANDARD),Villa S. Giovanni,https://www.lefrecce.it/Channels.Website.BFF.WEB/website/ticket/solutions,2026-09-07T12:54:22.992956Z
RomaTer-VillaSG,cheapest_direct_daytime,2026-09-28,33.9,FR 8333,07:29,12:43,5h 14min,0,FrecciaDAYS (STANDARD),Villa S. Giovanni,https://www.lefrecce.it/Channels.Website.BFF.WEB/website/ticket/solutions,2026-09-07T12:54:22.992956Z
RomaTer-VillaSG,cheapest_overall,2026-09-29,27.9,IC 561,16:26,23:40,7h 14min,0,Super Economy (2ª CLASSE EASY),Villa S. Giovanni,https://www.lefrecce.it/Channels.Website.BFF.WEB/website/ticket/solutions,2026-09-07T12:54:34.529900Z
RomaTer-VillaSG,cheapest_direct_daytime,2026-09-29,27.9,IC 561,16:26,23:40,7h 14min,0,Super Economy (2ª CLASSE EASY),Villa S. Giovanni,https://www.lefrecce.it/Channels.Website.BFF.WEB/website/ticket/solutions,2026-09-07T12:54:34.529900Z
RomaTer-VillaSG,cheapest_overall,2026-09-30,33.9,FR 8333,07:29,12:43,5h 14min,0,FrecciaDAYS (STANDARD),Villa S. Giovanni,https://www.lefrecce.it/Channels.Website.BFF.WEB/website/ticket/solutions,2026-09-07T12:54:41.198619Z
RomaTer-VillaSG,cheapest_direct_daytime,2026-09-30,33.9,FR 8333,07:29,12:43,5h 14min,0,FrecciaDAYS (STANDARD),Villa S. Giovanni,https://www.lefrecce.it/Channels.Website.BFF.WEB/website/ticket/solutions,2026-09-07T12:54:41.198619Z
RomaTer-VillaSG,cheapest_overall,2026-10-01,33.9,FR 8333,07:29,12:43,5h 14min,0,FrecciaDAYS (STANDARD),Villa S. Giovanni,https://www.lefrecce.it/Channels.Website.BFF.WEB/website/ticket/solutions,2026-09-07T12:54:50.370064Z
RomaTer-VillaSG,cheapest_direct_daytime,2026-10-01,33.9,FR 8333,07:29,12:43,5h 14min,0,FrecciaDAYS (STANDARD),Villa S. Giovanni,https://www.lefrecce.it/Channels.Website.BFF.WEB/website/ticket/solutions,2026-09-07T12:54:50.370064Z
RomaTer-VillaSG,cheapest_overall,2026-10-02,33.9,FR 8333,07:29,12:43,5h 14min,0,FrecciaDAYS (STANDARD),Villa S. Giovanni,https://www.lefrecce.it/Channels.Website.BFF.WEB/website/ticket/solutions,2026-09-07T12:54:58.483746Z
RomaTer-VillaSG,cheapest_direct_daytime,2026-10-02,33.9,FR 8333,07:29,12:43,5h 14min,0,FrecciaDAYS (STANDARD),Villa S. Giovanni,https://www.lefrecce.it/Channels.Website.BFF.WEB/website/ticket/solutions,2026-09-07T12:54:58.483746Z
RomaTer-VillaSG,cheapest_overall,2026-10-03,27.9,IC 561,16:26,23:40,7h 14min,0,Super Economy (2ª CLASSE EASY),Villa S. Giovanni,https://www.lefrecce.it/Channels.Website.BFF.WEB/website/ticket/solutions,2026-09-07T12:55:11.322780Z
RomaTer-VillaSG,cheapest_direct_daytime,2026-10-03,27.9,IC 561,16:26,23:40,7h 14min,0,Super Economy (2ª CLASSE EASY),Villa S. Giovanni,https://www.lefrecce.it/Channels.Website.BFF.WEB/website/ticket/solutions,2026-09-07T12:55:11.322780Z
RomaTer-VillaSG,cheapest_overall,2026-10-04,33.9,FR 8333,07:29,12:43,5h 14min,0,FrecciaDAYS (STANDARD),Villa S. Giovanni,https://www.lefrecce.it/Channels.Website.BFF.WEB/website/ticket/solutions,2026-09-07T12:55:17.080902Z
RomaTer-VillaSG,cheapest_direct_daytime,2026-10-04,33.9,FR 8333,07:29,12:43,5h 14min,0,FrecciaDAYS (STANDARD),Villa S. Giovanni,https://www.lefrecce.it/Channels.Website.BFF.WEB/website/ticket/solutions,2026-09-07T12:55:17.080902Z
RomaTer-VillaSG,cheapest_overall,2026-10-05,27.9,IC 561,16:26,23:40,7h 14min,0,Super Economy (2ª CLASSE EASY),Villa S. Giovanni,https://www.lefrecce.it/Channels.Website.BFF.WEB/website/ticket/solutions,2026-09-07T12:55:28.175850Z
RomaTer-VillaSG,cheapest_direct_daytime,2026-10-05,27.9,IC 561,16:26,23:40,7h 14min,0,Super Economy (2ª CLASSE EASY),Villa S. Giovanni,https://www.lefrecce.it/Channels.Website.BFF.WEB/website/ticket/solutions,2026-09-07T12:55:28.175850Z
RomaTer-VillaSG,cheapest_overall,2026-10-06,27.9,IC 555,14:26,22:04,7h 38min,0,Super Economy (2ª CLASSE EASY),Villa S. Giovanni,https://www.lefrecce.it/Channels.Website.BFF.WEB/website/ticket/solutions,2026-09-07T12:55:36.647164Z
RomaTer-VillaSG,cheapest_direct_daytime,2026-10-06,27.9,IC 555,14:26,22:04,7h 38min,0,Super Economy (2ª CLASSE EASY),Villa S. Giovanni,https://www.lefrecce.it/Channels.Website.BFF.WEB/website/ticket/solutions,2026-09-07T12:55:36.647164Z
RomaTer-VillaSG,cheapest_overall,2026-10-07,27.9,IC 561,16:26,23:40,7h 14min,0,Super Economy (2ª CLASSE EASY),Villa S. Giovanni,https://www.lefrecce.it/Channels.Website.BFF.WEB/website/ticket/solutions,2026-09-07T12:55:45.601333Z
RomaTer-VillaSG,cheapest_direct_daytime,2026-10-07,27.9,IC 561,16:26,23:40,7h 14min,0,Super Economy (2ª CLASSE EASY),Villa S. Giovanni,https://www.lefrecce.it/Channels.Website.BFF.WEB/website/ticket/solutions,2026-09-07T12:55:45.601333Z
RomaTer-VillaSG,cheapest_overall,2026-10-08,21.9,IC 561,16:26,23:40,7h 14min,0,Super Economy (2ª CLASSE EASY),Villa S. Giovanni,https://www.lefrecce.it/Channels.Website.BFF.WEB/website/ticket/solutions,2026-09-07T12:55:54.084131Z
RomaTer-VillaSG,cheapest_direct_daytime,2026-10-08,21.9,IC 561,16:26,23:40,7h 14min,0,Super Economy (2ª CLASSE EASY),Villa S. Giovanni,https://www.lefrecce.it/Channels.Website.BFF.WEB/website/ticket/solutions,2026-09-07T12:55:54.084131Z
RomaTer-VillaSG,cheapest_overall,2026-10-09,33.9,FR 8333,07:29,12:43,5h 14min,0,FrecciaDAYS (STANDARD),Villa S. Giovanni,https://www.lefrecce.it/Channels.Website.BFF.WEB/website/ticket/solutions,2026-09-07T12:56:01.519090Z
RomaTer-VillaSG,cheapest_direct_daytime,2026-10-09,33.9,FR 8333,07:29,12:43,5h 14min,0,FrecciaDAYS (STANDARD),Villa S. Giovanni,https://www.lefrecce.it/Channels.Website.BFF.WEB/website/ticket/solutions,2026-09-07T12:56:01.519090Z
RomaTer-VillaSG,cheapest_overall,2026-10-10,27.9,IC 555,14:26,22:04,7h 38min,0,Super Economy (2ª CLASSE EASY),Villa S. Giovanni,https://www.lefrecce.it/Channels.Website.BFF.WEB/website/ticket/solutions,2026-09-07T12:56:14.642429Z
RomaTer-VillaSG,cheapest_direct_daytime,2026-10-10,27.9,IC 555,14:26,22:04,7h 38min,0,Super Economy (2ª CLASSE EASY),Villa S. Giovanni,https://www.lefrecce.it/Channels.Website.BFF.WEB/website/ticket/solutions,2026-09-07T12:56:14.642429Z
RomaTer-VillaSG,cheapest_overall,2026-10-11,33.9,FR 8333,07:29,12:43,5h 14min,0,FrecciaDAYS (STANDARD),Villa S. Giovanni,https://www.lefrecce.it/Channels.Website.BFF.WEB/website/ticket/solutions,2026-09-07T12:56:20.848893Z
RomaTer-VillaSG,cheapest_direct_daytime,2026-10-11,33.9,FR 8333,07:29,12:43,5h 14min,0,FrecciaDAYS (STANDARD),Villa S. Giovanni,https://www.lefrecce.it/Channels.Website.BFF.WEB/website/ticket/solutions,2026-09-07T12:56:20.848893Z
RomaTer-VillaSG,cheapest_overall,2026-10-12,21.9,IC 561,16:26,23:40,7h 14min,0,Super Economy (2ª CLASSE EASY),Villa S. Giovanni,https://www.lefrecce.it/Channels.Website.BFF.WEB/website/ticket/solutions,2026-09-07T12:56:34.046386Z
RomaTer-VillaSG,cheapest_direct_daytime,2026-10-12,21.9,IC 561,16:26,23:40,7h 14min,0,Super Economy (2ª CLASSE EASY),Villa S. Giovanni,https://www.lefrecce.it/Channels.Website.BFF.WEB/website/ticket/solutions,2026-09-07T12:56:34.046386Z
RomaTer-VillaSG,cheapest_overall,2026-10-13,21.9,IC 561,16:26,23:40,7h 14min,0,Super Economy (2ª CLASSE EASY),Villa S. Giovanni,https://www.lefrecce.it/Channels.Website.BFF.WEB/website/ticket/solutions,2026-09-07T12:56:46.322606Z
RomaTer-VillaSG,cheapest_direct_daytime,2026-10-13,21.9,IC 561,16:26,23:40,7h 14min,0,Super Economy (2ª CLASSE EASY),Villa S. Giovanni,https://www.lefrecce.it/Channels.Website.BFF.WEB/website/ticket/solutions,2026-09-07T12:56:46.322606Z
RomaTer-VillaSG,cheapest_overall,2026-10-14,21.9,IC 561,16:26,23:40,7h 14min,0,Super Economy (2ª CLASSE EASY),Villa S. Giovanni,https://www.lefrecce.it/Channels.Website.BFF.WEB/website/ticket/solutions,2026-09-07T12:56:55.805694Z
RomaTer-VillaSG,cheapest_direct_daytime,2026-10-14,21.9,IC 561,16:26,23:40,7h 14min,0,Super Economy (2ª CLASSE EASY),Villa S. Giovanni,https://www.lefrecce.it/Channels.Website.BFF.WEB/website/ticket/solutions,2026-09-07T12:56:55.805694Z
RomaTer-VillaSG,cheapest_overall,2026-10-15,27.9,IC 555,14:26,22:04,7h 38min,0,Super Economy (2ª CLASSE EASY),Villa S. Giovanni,https://www.lefrecce.it/Channels.Website.BFF.WEB/website/ticket/solutions,2026-09-07T12:57:06.023997Z
RomaTer-VillaSG,cheapest_direct_daytime,2026-10-15,27.9,IC 555,14:26,22:04,7h 38min,0,Super Economy (2ª CLASSE EASY),Villa S. Giovanni,https://www.lefrecce.it/Channels.Website.BFF.WEB/website/ticket/solutions,2026-09-07T12:57:06.023997Z
RomaTer-VillaSG,cheapest_overall,2026-10-16,33.9,FR 8333,07:29,12:43,5h 14min,0,FrecciaDAYS (STANDARD),Villa S. Giovanni,https://www.lefrecce.it/Channels.Website.BFF.WEB/website/ticket/solutions,2026-09-07T12:57:12.616610Z
RomaTer-VillaSG,cheapest_direct_daytime,2026-10-16,33.9,FR 8333,07:29,12:43,5h 14min,0,FrecciaDAYS (STANDARD),Villa S. Giovanni,https://www.lefrecce.it/Channels.Website.BFF.WEB/website/ticket/solutions,2026-09-07T12:57:12.616610Z
RomaTer-VillaSG,cheapest_overall,2026-10-17,27.9,IC 555,14:26,22:04,7h 38min,0,Super Economy (2ª CLASSE EASY),Villa S. Giovanni,https://www.lefrecce.it/Channels.Website.BFF.WEB/website/ticket/solutions,2026-09-07T12:57:24.278758Z
RomaTer-VillaSG,cheapest_direct_daytime,2026-10-17,27.9,IC 555,14:26,22:04,7h 38min,0,Super Economy (2ª CLASSE EASY),Villa S. Giovanni,https://www.lefrecce.it/Channels.Website.BFF.WEB/website/ticket/solutions,2026-09-07T12:57:24.278758Z
RomaTer-VillaSG,cheapest_overall,2026-10-18,40.9,IC 555,14:26,22:04,7h 38min,0,Super Economy (2ª CLASSE EASY),Villa S. Giovanni,https://www.lefrecce.it/Channels.Website.BFF.WEB/website/ticket/solutions,2026-09-07T12:57:33.603552Z
RomaTer-VillaSG,cheapest_direct_daytime,2026-10-18,40.9,IC 555,14:26,22:04,7h 38min,0,Super Economy (2ª CLASSE EASY),Villa S. Giovanni,https://www.lefrecce.it/Channels.Website.BFF.WEB/website/ticket/solutions,2026-09-07T12:57:33.603552Z
RomaTer-VillaSG,cheapest_overall,2026-10-19,33.9,FR 8333,07:29,12:43,5h 14min,0,FrecciaDAYS (STANDARD),Villa S. Giovanni,https://www.lefrecce.it/Channels.Website.BFF.WEB/website/ticket/solutions,2026-09-07T12:57:39.869992Z
RomaTer-VillaSG,cheapest_direct_daytime,2026-10-19,33.9,FR 8333,07:29,12:43,5h 14min,0,FrecciaDAYS (STANDARD),Villa S. Giovanni,https://www.lefrecce.it/Channels.Website.BFF.WEB/website/ticket/solutions,2026-09-07T12:57:39.869992Z
RomaTer-VillaSG,cheapest_overall,2026-10-20,21.9,IC 561,16:26,23:40,7h 14min,0,Super Economy (2ª CLASSE EASY),Villa S. Giovanni,https://www.lefrecce.it/Channels.Website.BFF.WEB/website/ticket/solutions,2026-09-07T12:57:55.945355Z
RomaTer-VillaSG,cheapest_direct_daytime,2026-10-20,21.9,IC 561,16:26,23:40,7h 14min,0,Super Economy (2ª CLASSE EASY),Villa S. Giovanni,https://www.lefrecce.it/Channels.Website.BFF.WEB/website/ticket/solutions,2026-09-07T12:57:55.945355Z
RomaTer-VillaSG,cheapest_overall,2026-10-21,21.9,IC 561,16:26,23:40,7h 14min,0,Super Economy (2ª CLASSE EASY),Villa S. Giovanni,https://www.lefrecce.it/Channels.Website.BFF.WEB/website/ticket/solutions,2026-09-07T12:58:05.241697Z
RomaTer-VillaSG,cheapest_direct_daytime,2026-10-21,21.9,IC 561,16:26,23:40,7h 14min,0,Super Economy (2ª CLASSE EASY),Villa S. Giovanni,https://www.lefrecce.it/Channels.Website.BFF.WEB/website/ticket/solutions,2026-09-07T12:58:05.241697Z
RomaTer-VillaSG,cheapest_overall,2026-10-22,27.9,IC 561,16:26,23:40,7h 14min,0,Super Economy (2ª CLASSE EASY),Villa S. Giovanni,https://www.lefrecce.it/Channels.Website.BFF.WEB/website/ticket/solutions,2026-09-07T12:58:13.615000Z
RomaTer-VillaSG,cheapest_direct_daytime,2026-10-22,27.9,IC 561,16:26,23:40,7h 14min,0,Super Economy (2ª CLASSE EASY),Villa S. Giovanni,https://www.lefrecce.it/Channels.Website.BFF.WEB/website/ticket/solutions,2026-09-07T12:58:13.615000Z
RomaTer-VillaSG,cheapest_overall,2026-10-23,33.9,FR 8333,07:29,12:43,5h 14min,0,FrecciaDAYS (STANDARD),Villa S. Giovanni,https://www.lefrecce.it/Channels.Website.BFF.WEB/website/ticket/solutions,2026-09-07T12:58:20.628079Z
RomaTer-VillaSG,cheapest_direct_daytime,2026-10-23,33.9,FR 8333,07:29,12:43,5h 14min,0,FrecciaDAYS (STANDARD),Villa S. Giovanni,https://www.lefrecce.it/Channels.Website.BFF.WEB/website/ticket/solutions,2026-09-07T12:58:20.628079Z
RomaTer-VillaSG,cheapest_overall,2026-10-24,21.9,IC 561,16:26,23:40,7h 14min,0,Super Economy (2ª CLASSE EASY),Villa S. Giovanni,https://www.lefrecce.it/Channels.Website.BFF.WEB/website/ticket/solutions,2026-09-07T12:58:33.953029Z
RomaTer-VillaSG,cheapest_direct_daytime,2026-10-24,21.9,IC 561,16:26,23:40,7h 14min,0,Super Economy (2ª CLASSE EASY),Villa S. Giovanni,https://www.lefrecce.it/Channels.Website.BFF.WEB/website/ticket/solutions,2026-09-07T12:58:33.953029Z
RomaTer-VillaSG,cheapest_overall,2026-10-25,33.9,FR 8333,07:29,12:43,5h 14min,0,FrecciaDAYS (STANDARD),Villa S. Giovanni,https://www.lefrecce.it/Channels.Website.BFF.WEB/website/ticket/solutions,2026-09-07T12:58:40.274439Z
RomaTer-VillaSG,cheapest_direct_daytime,2026-10-25,33.9,FR 8333,07:29,12:43,5h 14min,0,FrecciaDAYS (STANDARD),Villa S. Giovanni,https://www.lefrecce.it/Channels.Website.BFF.WEB/website/ticket/solutions,2026-09-07T12:58:40.274439Z
RomaTer-VillaSG,cheapest_overall,2026-10-26,21.9,IC 561,16:26,23:40,7h 14min,0,Super Economy (2ª CLASSE EASY),Villa S. Giovanni,https://www.lefrecce.it/Channels.Website.BFF.WEB/website/ticket/solutions,2026-09-07T12:58:51.733040Z
RomaTer-VillaSG,cheapest_direct_daytime,2026-10-26,21.9,IC 561,16:26,23:40,7h 14min,0,Super Economy (2ª CLASSE EASY),Villa S. Giovanni,https://www.lefrecce.it/Channels.Website.BFF.WEB/website/ticket/solutions,2026-09-07T12:58:51.733040Z
RomaTer-VillaSG,cheapest_overall,2026-10-27,21.9,IC 561,16:26,23:40,7h 14min,0,Super Economy (2ª CLASSE EASY),Villa S. Giovanni,https://www.lefrecce.it/Channels.Website.BFF.WEB/website/ticket/solutions,2026-09-07T12:59:00.737509Z
RomaTer-VillaSG,cheapest_direct_daytime,2026-10-27,21.9,IC 561,16:26,23:40,7h 14min,0,Super Economy (2ª CLASSE EASY),Villa S. Giovanni,https://www.lefrecce.it/Channels.Website.BFF.WEB/website/ticket/solutions,2026-09-07T12:59:00.737509Z
RomaTer-VillaSG,cheapest_overall,2026-10-28,21.9,IC 561,16:26,23:40,7h 14min,0,Super Economy (2ª CLASSE EASY),Villa S. Giovanni,https://www.lefrecce.it/Channels.Website.BFF.WEB/website/ticket/solutions,2026-09-07T12:59:10.566399Z
RomaTer-VillaSG,cheapest_direct_daytime,2026-10-28,21.9,IC 561,16:26,23:40,7h 14min,0,Super Economy (2ª CLASSE EASY),Villa S. Giovanni,https://www.lefrecce.it/Channels.Website.BFF.WEB/website/ticket/solutions,2026-09-07T12:59:10.566399Z
RomaTer-VillaSG,cheapest_overall,2026-10-29,21.9,IC 561,16:26,23:40,7h 14min,0,Super Economy (2ª CLASSE EASY),Villa S. Giovanni,https://www.lefrecce.it/Channels.Website.BFF.WEB/website/ticket/solutions,2026-09-07T12:59:19.985913Z
RomaTer-VillaSG,cheapest_direct_daytime,2026-10-29,21.9,IC 561,16:26,23:40,7h 14min,0,Super Economy (2ª CLASSE EASY),Villa S. Giovanni,https://www.lefrecce.it/Channels.Website.BFF.WEB/website/ticket/solutions,2026-09-07T12:59:19.985913Z
RomaTer-VillaSG,cheapest_overall,2026-10-30,33.9,FR 8333,07:29,12:43,5h 14min,0,FrecciaDAYS (STANDARD),Villa S. Giovanni,https://www.lefrecce.it/Channels.Website.BFF.WEB/website/ticket/solutions,2026-09-07T12:59:26.117615Z
RomaTer-VillaSG,cheapest_direct_daytime,2026-10-30,33.9,FR 8333,07:29,12:43,5h 14min,0,FrecciaDAYS (STANDARD),Villa S. Giovanni,https://www.lefrecce.it/Channels.Website.BFF.WEB/website/ticket/solutions,2026-09-07T12:59:26.117615Z
RomaTer-VillaSG,cheapest_overall,2026-10-31,21.9,IC 561,16:26,23:40,7h 14min,0,Super Economy (2ª CLASSE EASY),Villa S. Giovanni,https://www.lefrecce.it/Channels.Website.BFF.WEB/website/ticket/solutions,2026-09-07T12:59:39.213273Z
RomaTer-VillaSG,cheapest_direct_daytime,2026-10-31,21.9,IC 561,16:26,23:40,7h 14min,0,Super Economy (2ª CLASSE EASY),Villa S. Giovanni,https://www.lefrecce.it/Channels.Website.BFF.WEB/website/ticket/solutions,2026-09-07T12:59:39.213273Z
RomaTer-VillaSG,cheapest_overall,2026-11-01,33.9,FR 8333,07:30,12:43,5h 13min,0,FrecciaDAYS (STANDARD),Villa S. Giovanni,https://www.lefrecce.it/Channels.Website.BFF.WEB/website/ticket/solutions,2026-09-07T12:59:44.577550Z
RomaTer-VillaSG,cheapest_direct_daytime,2026-11-01,33.9,FR 8333,07:30,12:43,5h 13min,0,FrecciaDAYS (STANDARD),Villa S. Giovanni,https://www.lefrecce.it/Channels.Website.BFF.WEB/website/ticket/solutions,2026-09-07T12:59:44.577550Z
RomaTer-VillaSG,cheapest_overall,2026-11-02,21.9,IC 561,16:26,23:40,7h 14min,0,Super Economy (2ª CLASSE EASY),Villa S. Giovanni,https://www.lefrecce.it/Channels.Website.BFF.WEB/website/ticket/solutions,2026-09-07T12:59:55.344901Z
RomaTer-VillaSG,cheapest_direct_daytime,2026-11-02,21.9,IC 561,16:26,23:40,7h 14min,0,Super Economy (2ª CLASSE EASY),Villa S. Giovanni,https://www.lefrecce.it/Channels.Website.BFF.WEB/website/ticket/solutions,2026-09-07T12:59:55.344901Z
RomaTer-VillaSG,cheapest_overall,2026-11-03,21.9,IC 561,16:26,23:40,7h 14min,0,Super Economy (2ª CLASSE EASY),Villa S. Giovanni,https://www.lefrecce.it/Channels.Website.BFF.WEB/website/ticket/solutions,2026-09-07T13:00:05.776530Z
RomaTer-VillaSG,cheapest_direct_daytime,2026-11-03,21.9,IC 561,16:26,23:40,7h 14min,0,Super Economy (2ª CLASSE EASY),Villa S. Giovanni,https://www.lefrecce.it/Channels.Website.BFF.WEB/website/ticket/solutions,2026-09-07T13:00:05.776530Z
RomaTer-VillaSG,cheapest_overall,2026-11-04,21.9,IC 561,16:26,23:40,7h 14min,0,Super Economy (2ª CLASSE EASY),Villa S. Giovanni,https://www.lefrecce.it/Channels.Website.BFF.WEB/website/ticket/solutions,2026-09-07T13:00:15.605160Z
RomaTer-VillaSG,cheapest_direct_daytime,2026-11-04,21.9,IC 561,16:26,23:40,7h 14min,0,Super Economy (2ª CLASSE EASY),Villa S. Giovanni,https://www.lefrecce.it/Channels.Website.BFF.WEB/website/ticket/solutions,2026-09-07T13:00:15.605160Z
RomaTer-VillaSG,cheapest_overall,2026-11-05,21.9,IC 561,16:26,23:40,7h 14min,0,Super Economy (2ª CLASSE EASY),Villa S. Giovanni,https://www.lefrecce.it/Channels.Website.BFF.WEB/website/ticket/solutions,2026-09-07T13:00:28.534866Z
RomaTer-VillaSG,cheapest_direct_daytime,2026-11-05,21.9,IC 561,16:26,23:40,7h 14min,0,Super Economy (2ª CLASSE EASY),Villa S. Giovanni,https://www.lefrecce.it/Channels.Website.BFF.WEB/website/ticket/solutions,2026-09-07T13:00:28.534866Z
RomaTer-VillaSG,cheapest_overall,2026-11-06,33.9,FR 8333,07:30,12:43,5h 13min,0,FrecciaDAYS (STANDARD),Villa S. Giovanni,https://www.lefrecce.it/Channels.Website.BFF.WEB/website/ticket/solutions,2026-09-07T13:00:33.305064Z
RomaTer-VillaSG,cheapest_direct_daytime,2026-11-06,33.9,FR 8333,07:30,12:43,5h 13min,0,FrecciaDAYS (STANDARD),Villa S. Giovanni,https://www.lefrecce.it/Channels.Website.BFF.WEB/website/ticket/solutions,2026-09-07T13:00:33.305064Z
RomaTer-VillaSG,cheapest_overall,2026-11-07,21.9,IC 561,16:26,23:40,7h 14min,0,Super Economy (2ª CLASSE EASY),Villa S. Giovanni,https://www.lefrecce.it/Channels.Website.BFF.WEB/website/ticket/solutions,2026-09-07T13:00:45.843437Z
RomaTer-VillaSG,cheapest_direct_daytime,2026-11-07,21.9,IC 561,16:26,23:40,7h 14min,0,Super Economy (2ª CLASSE EASY),Villa S. Giovanni,https://www.lefrecce.it/Channels.Website.BFF.WEB/website/ticket/solutions,2026-09-07T13:00:45.843437Z
RomaTer-VillaSG,cheapest_overall,2026-11-08,33.9,FR 8333,07:30,12:43,5h 13min,0,FrecciaDAYS (STANDARD),Villa S. Giovanni,https://www.lefrecce.it/Channels.Website.BFF.WEB/website/ticket/solutions,2026-09-07T13:00:53.928408Z
RomaTer-VillaSG,cheapest_direct_daytime,2026-11-08,33.9,FR 8333,07:30,12:43,5h 13min,0,FrecciaDAYS (STANDARD),Villa S. Giovanni,https://www.lefrecce.it/Channels.Website.BFF.WEB/website/ticket/solutions,2026-09-07T13:00:53.928408Z
RomaTer-VillaSG,cheapest_overall,2026-11-09,21.9,IC 561,16:26,23:40,7h 14min,0,Super Economy (2ª CLASSE EASY),Villa S. Giovanni,https://www.lefrecce.it/Channels.Website.BFF.WEB/website/ticket/solutions,2026-09-07T13:01:08.625065Z
RomaTer-VillaSG,cheapest_direct_daytime,2026-11-09,21.9,IC 561,16:26,23:40,7h 14min,0,Super Economy (2ª CLASSE EASY),Villa S. Giovanni,https://www.lefrecce.it/Channels.Website.BFF.WEB/website/ticket/solutions,2026-09-07T13:01:08.625065Z
RomaTer-VillaSG,cheapest_overall,2026-11-10,21.9,IC 561,16:26,23:40,7h 14min,0,Super Economy (2ª CLASSE EASY),Villa S. Giovanni,https://www.lefrecce.it/Channels.Website.BFF.WEB/website/ticket/solutions,2026-09-07T13:01:19.963705Z
RomaTer-VillaSG,cheapest_direct_daytime,2026-11-10,21.9,IC 561,16:26,23:40,7h 14min,0,Super Economy (2ª CLASSE EASY),Villa S. Giovanni,https://www.lefrecce.it/Channels.Website.BFF.WEB/website/ticket/solutions,2026-09-07T13:01:19.963705Z
RomaTer-VillaSG,cheapest_overall,2026-11-11,21.9,IC 561,16:26,23:40,7h 14min,0,Super Economy (2ª CLASSE EASY),Villa S. Giovanni,https://www.lefrecce.it/Channels.Website.BFF.WEB/website/ticket/solutions,2026-09-07T13:01:28.410232Z
RomaTer-VillaSG,cheapest_direct_daytime,2026-11-11,21.9,IC 561,16:26,23:40,7h 14min,0,Super Economy (2ª CLASSE EASY),Villa S. Giovanni,https://www.lefrecce.it/Channels.Website.BFF.WEB/website/ticket/solutions,2026-09-07T13:01:28.410232Z
RomaTer-VillaSG,cheapest_overall,2026-11-12,21.9,IC 561,16:26,23:40,7h 14min,0,Super Economy (2ª CLASSE EASY),Villa S. Giovanni,https://www.lefrecce.it/Channels.Website.BFF.WEB/website/ticket/solutions,2026-09-07T13:01:38.767998Z
RomaTer-VillaSG,cheapest_direct_daytime,2026-11-12,21.9,IC 561,16:26,23:40,7h 14min,0,Super Economy (2ª CLASSE EASY),Villa S. Giovanni,https://www.lefrecce.it/Channels.Website.BFF.WEB/website/ticket/solutions,2026-09-07T13:01:38.767998Z
RomaTer-VillaSG,cheapest_overall,2026-11-13,33.9,FR 8333,07:30,12:43,5h 13min,0,FrecciaDAYS (STANDARD),Villa S. Giovanni,https://www.lefrecce.it/Channels.Website.BFF.WEB/website/ticket/solutions,2026-09-07T13:01:44.998227Z
RomaTer-VillaSG,cheapest_direct_daytime,2026-11-13,33.9,FR 8333,07:30,12:43,5h 13min,0,FrecciaDAYS (STANDARD),Villa S. Giovanni,https://www.lefrecce.it/Channels.Website.BFF.WEB/website/ticket/solutions,2026-09-07T13:01:44.998227Z
RomaTer-VillaSG,cheapest_overall,2026-11-14,21.9,IC 561,16:26,23:40,7h 14min,0,Super Economy (2ª CLASSE EASY),Villa S. Giovanni,https://www.lefrecce.it/Channels.Website.BFF.WEB/website/ticket/solutions,2026-09-07T13:01:56.495306Z
RomaTer-VillaSG,cheapest_direct_daytime,2026-11-14,21.9,IC 561,16:26,23:40,7h 14min,0,Super Economy (2ª CLASSE EASY),Villa S. Giovanni,https://www.lefrecce.it/Channels.Website.BFF.WEB/website/ticket/solutions,2026-09-07T13:01:56.495306Z
RomaTer-VillaSG,cheapest_overall,2026-11-15,33.9,FR 8333,07:30,12:43,5h 13min,0,FrecciaDAYS (STANDARD),Villa S. Giovanni,https://www.lefrecce.it/Channels.Website.BFF.WEB/website/ticket/solutions,2026-09-07T13:02:02.304344Z
RomaTer-VillaSG,cheapest_direct_daytime,2026-11-15,33.9,FR 8333,07:30,12:43,5h 13min,0,FrecciaDAYS (STANDARD),Villa S. Giovanni,https://www.lefrecce.it/Channels.Website.BFF.WEB/website/ticket/solutions,2026-09-07T13:02:02.304344Z
RomaTer-VillaSG,cheapest_overall,2026-11-16,21.9,IC 561,16:26,23:40,7h 14min,0,Super Economy (2ª CLASSE EASY),Villa S. Giovanni,https://www.lefrecce.it/Channels.Website.BFF.WEB/website/ticket/solutions,2026-09-07T13:02:12.824180Z
RomaTer-VillaSG,cheapest_direct_daytime,2026-11-16,21.9,IC 561,16:26,23:40,7h 14min,0,Super Economy (2ª CLASSE EASY),Villa S. Giovanni,https://www.lefrecce.it/Channels.Website.BFF.WEB/website/ticket/solutions,2026-09-07T13:02:12.824180Z
RomaTer-VillaSG,cheapest_overall,2026-11-17,21.9,IC 561,16:26,23:40,7h 14min,0,Super Economy (2ª CLASSE EASY),Villa S. Giovanni,https://www.lefrecce.it/Channels.Website.BFF.WEB/website/ticket/solutions,2026-09-07T13:02:23.350672Z
RomaTer-VillaSG,cheapest_direct_daytime,2026-11-17,21.9,IC 561,16:26,23:40,7h 14min,0,Super Economy (2ª CLASSE EASY),Villa S. Giovanni,https://www.lefrecce.it/Channels.Website.BFF.WEB/website/ticket/solutions,2026-09-07T13:02:23.350672Z
RomaTer-VillaSG,cheapest_overall,2026-11-18,21.9,IC 561,16:26,23:40,7h 14min,0,Super Economy (2ª CLASSE EASY),Villa S. Giovanni,https://www.lefrecce.it/Channels.Website.BFF.WEB/website/ticket/solutions,2026-09-07T13:02:32.390124Z
RomaTer-VillaSG,cheapest_direct_daytime,2026-11-18,21.9,IC 561,16:26,23:40,7h 14min,0,Super Economy (2ª CLASSE EASY),Villa S. Giovanni,https://www.lefrecce.it/Channels.Website.BFF.WEB/website/ticket/solutions,2026-09-07T13:02:32.390124Z
RomaTer-VillaSG,cheapest_overall,2026-11-19,21.9,IC 561,16:26,23:40,7h 14min,0,Super Economy (2ª CLASSE EASY),Villa S. Giovanni,https://www.lefrecce.it/Channels.Website.BFF.WEB/website/ticket/solutions,2026-09-07T13:02:40.794285Z
RomaTer-VillaSG,cheapest_direct_daytime,2026-11-19,21.9,IC 561,16:26,23:40,7h 14min,0,Super Economy (2ª CLASSE EASY),Villa S. Giovanni,https://www.lefrecce.it/Channels.Website.BFF.WEB/website/ticket/solutions,2026-09-07T13:02:40.794285Z
RomaTer-VillaSG,cheapest_overall,2026-11-20,33.9,FR 8333,07:30,12:43,5h 13min,0,FrecciaDAYS (STANDARD),Villa S. Giovanni,https://www.lefrecce.it/Channels.Website.BFF.WEB/website/ticket/solutions,2026-09-07T13:02:47.533795Z
RomaTer-VillaSG,cheapest_direct_daytime,2026-11-20,33.9,FR 8333,07:30,12:43,5h 13min,0,FrecciaDAYS (STANDARD),Villa S. Giovanni,https://www.lefrecce.it/Channels.Website.BFF.WEB/website/ticket/solutions,2026-09-07T13:02:47.533795Z
RomaTer-VillaSG,cheapest_overall,2026-11-21,21.9,IC 561,16:26,23:40,7h 14min,0,Super Economy (2ª CLASSE EASY),Villa S. Giovanni,https://www.lefrecce.it/Channels.Website.BFF.WEB/website/ticket/solutions,2026-09-07T13:02:58.958671Z
RomaTer-VillaSG,cheapest_direct_daytime,2026-11-21,21.9,IC 561,16:26,23:40,7h 14min,0,Super Economy (2ª CLASSE EASY),Villa S. Giovanni,https://www.lefrecce.it/Channels.Website.BFF.WEB/website/ticket/solutions,2026-09-07T13:02:58.958671Z
RomaTer-VillaSG,cheapest_overall,2026-11-22,33.9,FR 8333,07:30,12:43,5h 13min,0,FrecciaDAYS (STANDARD),Villa S. Giovanni,https://www.lefrecce.it/Channels.Website.BFF.WEB/website/ticket/solutions,2026-09-07T13:03:04.675661Z
RomaTer-VillaSG,cheapest_direct_daytime,2026-11-22,33.9,FR 8333,07:30,12:43,5h 13min,0,FrecciaDAYS (STANDARD),Villa S. Giovanni,https://www.lefrecce.it/Channels.Website.BFF.WEB/website/ticket/solutions,2026-09-07T13:03:04.675661Z
RomaTer-VillaSG,cheapest_overall,2026-11-23,21.9,IC 561,16:26,23:40,7h 14min,0,Super Economy (2ª CLASSE EASY),Villa S. Giovanni,https://www.lefrecce.it/Channels.Website.BFF.WEB/website/ticket/solutions,2026-09-07T13:03:14.589609Z
RomaTer-VillaSG,cheapest_direct_daytime,2026-11-23,21.9,IC 561,16:26,23:40,7h 14min,0,Super Economy (2ª CLASSE EASY),Villa S. Giovanni,https://www.lefrecce.it/Channels.Website.BFF.WEB/website/ticket/solutions,2026-09-07T13:03:14.589609Z
RomaTer-VillaSG,cheapest_overall,2026-11-24,21.9,IC 561,16:26,23:40,7h 14min,0,Super Economy (2ª CLASSE EASY),Villa S. Giovanni,https://www.lefrecce.it/Channels.Website.BFF.WEB/website/ticket/solutions,2026-09-07T13:03:23.299032Z
RomaTer-VillaSG,cheapest_direct_daytime,2026-11-24,21.9,IC 561,16:26,23:40,7h 14min,0,Super Economy (2ª CLASSE EASY),Villa S. Giovanni,https://www.lefrecce.it/Channels.Website.BFF.WEB/website/ticket/solutions,2026-09-07T13:03:23.299032Z
RomaTer-VillaSG,cheapest_overall,2026-11-25,21.9,IC 561,16:26,23:40,7h 14min,0,Super Economy (2ª CLASSE EASY),Villa S. Giovanni,https://www.lefrecce.it/Channels.Website.BFF.WEB/website/ticket/solutions,2026-09-07T13:03:32.929906Z
RomaTer-VillaSG,cheapest_direct_daytime,2026-11-25,21.9,IC 561,16:26,23:40,7h 14min,0,Super Economy (2ª CLASSE EASY),Villa S. Giovanni,https://www.lefrecce.it/Channels.Website.BFF.WEB/website/ticket/solutions,2026-09-07T13:03:32.929906Z
RomaTer-VillaSG,cheapest_overall,2026-11-26,21.9,IC 561,16:26,23:40,7h 14min,0,Super Economy (2ª CLASSE EASY),Villa S. Giovanni,https://www.lefrecce.it/Channels.Website.BFF.WEB/website/ticket/solutions,2026-09-07T13:03:41.851136Z
RomaTer-VillaSG,cheapest_direct_daytime,2026-11-26,21.9,IC 561,16:26,23:40,7h 14min,0,Super Economy (2ª CLASSE EASY),Villa S. Giovanni,https://www.lefrecce.it/Channels.Website.BFF.WEB/website/ticket/solutions,2026-09-07T13:03:41.851136Z
RomaTer-VillaSG,cheapest_overall,2026-11-27,33.9,FR 8333,07:30,12:43,5h 13min,0,FrecciaDAYS (STANDARD),Villa S. Giovanni,https://www.lefrecce.it/Channels.Website.BFF.WEB/website/ticket/solutions,2026-09-07T13:03:47.313436Z
RomaTer-VillaSG,cheapest_direct_daytime,2026-11-27,33.9,FR 8333,07:30,12:43,5h 13min,0,FrecciaDAYS (STANDARD),Villa S. Giovanni,https://www.lefrecce.it/Channels.Website.BFF.WEB/website/ticket/solutions,2026-09-07T13:03:47.313436Z
RomaTer-VillaSG,cheapest_overall,2026-11-28,21.9,IC 561,16:26,23:40,7h 14min,0,Super Economy (2ª CLASSE EASY),Villa S. Giovanni,https://www.lefrecce.it/Channels.Website.BFF.WEB/website/ticket/solutions,2026-09-07T13:03:59.644306Z
RomaTer-VillaSG,cheapest_direct_daytime,2026-11-28,21.9,IC 561,16:26,23:40,7h 14min,0,Super Economy (2ª CLASSE EASY),Villa S. Giovanni,https://www.lefrecce.it/Channels.Website.BFF.WEB/website/ticket/solutions,2026-09-07T13:03:59.644306Z
RomaTer-VillaSG,cheapest_overall,2026-11-29,37.9,IC 553,12:26,19:52,7h 26min,0,Super Economy (1ª CLASSE PLUS),Villa S. Giovanni,https://www.lefrecce.it/Channels.Website.BFF.WEB/website/ticket/solutions,2026-09-07T13:04:06.265688Z
RomaTer-VillaSG,cheapest_direct_daytime,2026-11-29,37.9,IC 553,12:26,19:52,7h 26min,0,Super Economy (1ª CLASSE PLUS),Villa S. Giovanni,https://www.lefrecce.it/Channels.Website.BFF.WEB/website/ticket/solutions,2026-09-07T13:04:06.265688Z
RomaTer-VillaSG,cheapest_overall,2026-11-30,21.9,IC 561,16:26,23:40,7h 14min,0,Super Economy (2ª CLASSE EASY),Villa S. Giovanni,https://www.lefrecce.it/Channels.Website.BFF.WEB/website/ticket/solutions,2026-09-07T13:04:19.200865Z
RomaTer-VillaSG,cheapest_direct_daytime,2026-11-30,21.9,IC 561,16:26,23:40,7h 14min,0,Super Economy (2ª CLASSE EASY),Villa S. Giovanni,https://www.lefrecce.it/Channels.Website.BFF.WEB/website/ticket/solutions,2026-09-07T13:04:19.200865Z
RomaTer-VillaSG,cheapest_overall,2026-12-01,21.9,IC 561,16:26,23:40,7h 14min,0,Super Economy (2ª CLASSE EASY),Villa S. Giovanni,https://www.lefrecce.it/Channels.Website.BFF.WEB/website/ticket/solutions,2026-09-07T13:04:27.510889Z
RomaTer-VillaSG,cheapest_direct_daytime,2026-12-01,21.9,IC 561,16:26,23:40,7h 14min,0,Super Economy (2ª CLASSE EASY),Villa S. Giovanni,https://www.lefrecce.it/Channels.Website.BFF.WEB/website/ticket/solutions,2026-09-07T13:04:27.510889Z
RomaTer-VillaSG,cheapest_overall,2026-12-02,21.9,IC 561,16:26,23:40,7h 14min,0,Super Economy (2ª CLASSE EASY),Villa S. Giovanni,https://www.lefrecce.it/Channels.Website.BFF.WEB/website/ticket/solutions,2026-09-07T13:04:37.899186Z
RomaTer-VillaSG,cheapest_direct_daytime,2026-12-02,21.9,IC 561,16:26,23:40,7h 14min,0,Super Economy (2ª CLASSE EASY),Villa S. Giovanni,https://www.lefrecce.it/Channels.Website.BFF.WEB/website/ticket/solutions,2026-09-07T13:04:37.899186Z
RomaTer-VillaSG,cheapest_overall,2026-12-03,21.9,IC 561,16:26,23:40,7h 14min,0,Super Economy (2ª CLASSE EASY),Villa S. Giovanni,https://www.lefrecce.it/Channels.Website.BFF.WEB/website/ticket/solutions,2026-09-07T13:04:45.210768Z
RomaTer-VillaSG,cheapest_direct_daytime,2026-12-03,21.9,IC 561,16:26,23:40,7h 14min,0,Super Economy (2ª CLASSE EASY),Villa S. Giovanni,https://www.lefrecce.it/Channels.Website.BFF.WEB/website/ticket/solutions,2026-09-07T13:04:45.210768Z
RomaTib-MessinaC,cheapest_overall,2026-09-27,39.9,FR 8333 + Ferry V7,06:48,14:00,7h 12min,1,Super Economy (STANDARD),Messina Centrale,https://www.lefrecce.it/Channels.Website.BFF.WEB/website/ticket/solutions,2026-09-07T12:35:05.308310Z
RomaTib-MessinaC,cheapest_direct_daytime,2026-09-27,,NO_DIRECT_DAYTIME_SOLUTION,,,,,,,https://www.lefrecce.it/Channels.Website.BFF.WEB/website/ticket/solutions,2026-09-07T12:35:05.308310Z
RomaTib-MessinaC,cheapest_overall,2026-09-28,33.9,FR 8333 + Ferry V7,06:48,14:00,7h 12min,1,FrecciaDAYS (STANDARD),Messina Centrale,https://www.lefrecce.it/Channels.Website.BFF.WEB/website/ticket/solutions,2026-09-07T12:35:15.987794Z
RomaTib-MessinaC,cheapest_direct_daytime,2026-09-28,,NO_DIRECT_DAYTIME_SOLUTION,,,,,,,https://www.lefrecce.it/Channels.Website.BFF.WEB/website/ticket/solutions,2026-09-07T12:35:15.987794Z
RomaTib-MessinaC,cheapest_overall,2026-09-29,30.0,RE 5901 + IC 561 + Ferry V16,14:44,00:55,10h 11min,2,ORDINARIA (2ª CLASSE) + Super Economy (2ª CLASSE EASY),Messina Centrale,https://www.lefrecce.it/Channels.Website.BFF.WEB/website/ticket/solutions,2026-09-07T12:35:28.008977Z
RomaTib-MessinaC,cheapest_direct_daytime,2026-09-29,,NO_DIRECT_DAYTIME_SOLUTION,,,,,,,https://www.lefrecce.it/Channels.Website.BFF.WEB/website/ticket/solutions,2026-09-07T12:35:28.008977Z
RomaTib-MessinaC,cheapest_overall,2026-09-30,33.9,FR 8333 + Ferry V7,06:48,14:00,7h 12min,1,FrecciaDAYS (STANDARD),Messina Centrale,https://www.lefrecce.it/Channels.Website.BFF.WEB/website/ticket/solutions,2026-09-07T12:35:32.333007Z
RomaTib-MessinaC,cheapest_direct_daytime,2026-09-30,,NO_DIRECT_DAYTIME_SOLUTION,,,,,,,https://www.lefrecce.it/Channels.Website.BFF.WEB/website/ticket/solutions,2026-09-07T12:35:32.333007Z
RomaTib-MessinaC,cheapest_overall,2026-10-01,33.9,FR 8333 + Ferry V7,06:48,14:00,7h 12min,1,FrecciaDAYS (STANDARD),Messina Centrale,https://www.lefrecce.it/Channels.Website.BFF.WEB/website/ticket/solutions,2026-09-07T12:35:39.692951Z
RomaTib-MessinaC,cheapest_direct_daytime,2026-10-01,,NO_DIRECT_DAYTIME_SOLUTION,,,,,,,https://www.lefrecce.it/Channels.Website.BFF.WEB/website/ticket/solutions,2026-09-07T12:35:39.692951Z
RomaTib-MessinaC,cheapest_overall,2026-10-02,33.9,FR 8333 + Ferry V7,06:48,14:00,7h 12min,1,FrecciaDAYS (STANDARD),Messina Centrale,https://www.lefrecce.it/Channels.Website.BFF.WEB/website/ticket/solutions,2026-09-07T12:35:50.471088Z
RomaTib-MessinaC,cheapest_direct_daytime,2026-10-02,,NO_DIRECT_DAYTIME_SOLUTION,,,,,,,https://www.lefrecce.it/Channels.Website.BFF.WEB/website/ticket/solutions,2026-09-07T12:35:50.471088Z
RomaTib-MessinaC,cheapest_overall,2026-10-03,33.9,FR 8333 + Ferry V7,06:48,14:00,7h 12min,1,FrecciaDAYS (STANDARD),Messina Centrale,https://www.lefrecce.it/Channels.Website.BFF.WEB/website/ticket/solutions,2026-09-07T12:36:01.953419Z
RomaTib-MessinaC,cheapest_direct_daytime,2026-10-03,,NO_DIRECT_DAYTIME_SOLUTION,,,,,,,https://www.lefrecce.it/Channels.Website.BFF.WEB/website/ticket/solutions,2026-09-07T12:36:01.953419Z
RomaTib-MessinaC,cheapest_overall,2026-10-04,33.9,FR 8333 + Ferry V7,06:48,14:00,7h 12min,1,FrecciaDAYS (STANDARD),Messina Centrale,https://www.lefrecce.it/Channels.Website.BFF.WEB/website/ticket/solutions,2026-09-07T12:36:07.622688Z
RomaTib-MessinaC,cheapest_direct_daytime,2026-10-04,,NO_DIRECT_DAYTIME_SOLUTION,,,,,,,https://www.lefrecce.it/Channels.Website.BFF.WEB/website/ticket/solutions,2026-09-07T12:36:07.622688Z
RomaTib-MessinaC,cheapest_overall,2026-10-05,30.0,RE 5901 + IC 561 + Ferry V16,14:44,00:55,10h 11min,2,ORDINARIA (2ª CLASSE) + Super Economy (2ª CLASSE EASY),Messina Centrale,https://www.lefrecce.it/Channels.Website.BFF.WEB/website/ticket/solutions,2026-09-07T12:36:18.444408Z
RomaTib-MessinaC,cheapest_direct_daytime,2026-10-05,,NO_DIRECT_DAYTIME_SOLUTION,,,,,,,https://www.lefrecce.it/Channels.Website.BFF.WEB/website/ticket/solutions,2026-09-07T12:36:18.444408Z
RomaTib-MessinaC,cheapest_overall,2026-10-06,33.0,RE 5901 + IC 561 + Ferry V16,14:44,00:55,10h 11min,2,ORDINARIA (2ª CLASSE) + Super Economy (1ª CLASSE PLUS),Messina Centrale,https://www.lefrecce.it/Channels.Website.BFF.WEB/website/ticket/solutions,2026-09-07T12:36:26.689212Z
RomaTib-MessinaC,cheapest_direct_daytime,2026-10-06,,NO_DIRECT_DAYTIME_SOLUTION,,,,,,,https://www.lefrecce.it/Channels.Website.BFF.WEB/website/ticket/solutions,2026-09-07T12:36:26.689212Z
RomaTib-MessinaC,cheapest_overall,2026-10-07,30.0,RE 5901 + IC 561 + Ferry V16,14:44,00:55,10h 11min,2,ORDINARIA (2ª CLASSE) + Super Economy (2ª CLASSE EASY),Messina Centrale,https://www.lefrecce.it/Channels.Website.BFF.WEB/website/ticket/solutions,2026-09-07T12:36:34.234131Z
RomaTib-MessinaC,cheapest_direct_daytime,2026-10-07,,NO_DIRECT_DAYTIME_SOLUTION,,,,,,,https://www.lefrecce.it/Channels.Website.BFF.WEB/website/ticket/solutions,2026-09-07T12:36:34.234131Z
RomaTib-MessinaC,cheapest_overall,2026-10-08,23.0,RE 5901 + IC 561 + Ferry V16,14:44,00:55,10h 11min,2,ORDINARIA (2ª CLASSE) + Super Economy (2ª CLASSE EASY),Messina Centrale,https://www.lefrecce.it/Channels.Website.BFF.WEB/website/ticket/solutions,2026-09-07T12:36:45.136062Z
RomaTib-MessinaC,cheapest_direct_daytime,2026-10-08,,NO_DIRECT_DAYTIME_SOLUTION,,,,,,,https://www.lefrecce.it/Channels.Website.BFF.WEB/website/ticket/solutions,2026-09-07T12:36:45.136062Z
RomaTib-MessinaC,cheapest_overall,2026-10-09,33.9,FR 8333 + Ferry V7,06:48,14:00,7h 12min,1,FrecciaDAYS (STANDARD),Messina Centrale,https://www.lefrecce.it/Channels.Website.BFF.WEB/website/ticket/solutions,2026-09-07T12:36:50.669015Z
RomaTib-MessinaC,cheapest_direct_daytime,2026-10-09,,NO_DIRECT_DAYTIME_SOLUTION,,,,,,,https://www.lefrecce.it/Channels.Website.BFF.WEB/website/ticket/solutions,2026-09-07T12:36:50.669015Z
RomaTib-MessinaC,cheapest_overall,2026-10-10,25.9,NI 795 + Ferry V5,22:32,10:30,11h 58min,1,Super Economy (Posto a sedere 2ª classe-EASY),Messina Centrale,https://www.lefrecce.it/Channels.Website.BFF.WEB/website/ticket/solutions,2026-09-07T12:37:01.228123Z
RomaTib-MessinaC,cheapest_direct_daytime,2026-10-10,,NO_DIRECT_DAYTIME_SOLUTION,,,,,,,https://www.lefrecce.it/Channels.Website.BFF.WEB/website/ticket/solutions,2026-09-07T12:37:01.228123Z
RomaTib-MessinaC,cheapest_overall,2026-10-11,33.9,FR 8333 + Ferry V7,06:48,14:00,7h 12min,1,FrecciaDAYS (STANDARD),Messina Centrale,https://www.lefrecce.it/Channels.Website.BFF.WEB/website/ticket/solutions,2026-09-07T12:37:06.142704Z
RomaTib-MessinaC,cheapest_direct_daytime,2026-10-11,,NO_DIRECT_DAYTIME_SOLUTION,,,,,,,https://www.lefrecce.it/Channels.Website.BFF.WEB/website/ticket/solutions,2026-09-07T12:37:06.142704Z
RomaTib-MessinaC,cheapest_overall,2026-10-12,23.0,RE 5901 + IC 561 + Ferry V16,14:44,00:55,10h 11min,2,ORDINARIA (2ª CLASSE) + Super Economy (2ª CLASSE EASY),Messina Centrale,https://www.lefrecce.it/Channels.Website.BFF.WEB/website/ticket/solutions,2026-09-07T12:37:15.890104Z
RomaTib-MessinaC,cheapest_direct_daytime,2026-10-12,,NO_DIRECT_DAYTIME_SOLUTION,,,,,,,https://www.lefrecce.it/Channels.Website.BFF.WEB/website/ticket/solutions,2026-09-07T12:37:15.890104Z
RomaTib-MessinaC,cheapest_overall,2026-10-13,23.0,RE 5901 + IC 561 + Ferry V16,14:44,00:55,10h 11min,2,ORDINARIA (2ª CLASSE) + Super Economy (2ª CLASSE EASY),Messina Centrale,https://www.lefrecce.it/Channels.Website.BFF.WEB/website/ticket/solutions,2026-09-07T12:37:24.098344Z
RomaTib-MessinaC,cheapest_direct_daytime,2026-10-13,,NO_DIRECT_DAYTIME_SOLUTION,,,,,,,https://www.lefrecce.it/Channels.Website.BFF.WEB/website/ticket/solutions,2026-09-07T12:37:24.098344Z
RomaTib-MessinaC,cheapest_overall,2026-10-14,23.0,RE 5901 + IC 561 + Ferry V16,14:44,00:55,10h 11min,2,ORDINARIA (2ª CLASSE) + Super Economy (2ª CLASSE EASY),Messina Centrale,https://www.lefrecce.it/Channels.Website.BFF.WEB/website/ticket/solutions,2026-09-07T12:37:32.008757Z
RomaTib-MessinaC,cheapest_direct_daytime,2026-10-14,,NO_DIRECT_DAYTIME_SOLUTION,,,,,,,https://www.lefrecce.it/Channels.Website.BFF.WEB/website/ticket/solutions,2026-09-07T12:37:32.008757Z
RomaTib-MessinaC,cheapest_overall,2026-10-15,27.9,NI 795 + Ferry V4,22:33,09:30,10h 57min,1,Super Economy (Posto a sedere 2ª classe-EASY),Messina Centrale,https://www.lefrecce.it/Channels.Website.BFF.WEB/website/ticket/solutions,2026-09-07T12:37:44.031734Z
RomaTib-MessinaC,cheapest_direct_daytime,2026-10-15,,NO_DIRECT_DAYTIME_SOLUTION,,,,,,,https://www.lefrecce.it/Channels.Website.BFF.WEB/website/ticket/solutions,2026-09-07T12:37:44.031734Z
RomaTib-MessinaC,cheapest_overall,2026-10-16,33.9,FR 8333 + Ferry V7,06:48,14:00,7h 12min,1,FrecciaDAYS (STANDARD),Messina Centrale,https://www.lefrecce.it/Channels.Website.BFF.WEB/website/ticket/solutions,2026-09-07T12:37:47.815172Z
RomaTib-MessinaC,cheapest_direct_daytime,2026-10-16,,NO_DIRECT_DAYTIME_SOLUTION,,,,,,,https://www.lefrecce.it/Channels.Website.BFF.WEB/website/ticket/solutions,2026-09-07T12:37:47.815172Z
RomaTib-MessinaC,cheapest_overall,2026-10-17,27.9,IC 1589 + Ferry V16,14:26,00:55,10h 29min,1,Super Economy (2ª CLASSE EASY),Messina Centrale,https://www.lefrecce.it/Channels.Website.BFF.WEB/website/ticket/solutions,2026-09-07T12:37:55.556364Z
RomaTib-MessinaC,cheapest_direct_daytime,2026-10-17,,NO_DIRECT_DAYTIME_SOLUTION,,,,,,,https://www.lefrecce.it/Channels.Website.BFF.WEB/website/ticket/solutions,2026-09-07T12:37:55.556364Z
RomaTib-MessinaC,cheapest_overall,2026-10-18,45.9,IC 551 + Ferry V10,08:45,17:35,8h 50min,1,Economy (2ª CLASSE EASY),Messina Centrale,https://www.lefrecce.it/Channels.Website.BFF.WEB/website/ticket/solutions,2026-09-07T12:38:03.079543Z
RomaTib-MessinaC,cheapest_direct_daytime,2026-10-18,,NO_DIRECT_DAYTIME_SOLUTION,,,,,,,https://www.lefrecce.it/Channels.Website.BFF.WEB/website/ticket/solutions,2026-09-07T12:38:03.079543Z
RomaTib-MessinaC,cheapest_overall,2026-10-19,25.9,NI 795 + Ferry V4,22:33,09:30,10h 57min,1,Super Economy (Posto a sedere 2ª classe-EASY),Messina Centrale,https://www.lefrecce.it/Channels.Website.BFF.WEB/website/ticket/solutions,2026-09-07T12:38:13.699525Z
RomaTib-MessinaC,cheapest_direct_daytime,2026-10-19,,NO_DIRECT_DAYTIME_SOLUTION,,,,,,,https://www.lefrecce.it/Channels.Website.BFF.WEB/website/ticket/solutions,2026-09-07T12:38:13.699525Z
RomaTib-MessinaC,cheapest_overall,2026-10-20,23.0,RE 5901 + IC 561 + Ferry V16,14:44,00:55,10h 11min,2,ORDINARIA (2ª CLASSE) + Super Economy (2ª CLASSE EASY),Messina Centrale,https://www.lefrecce.it/Channels.Website.BFF.WEB/website/ticket/solutions,2026-09-07T12:38:19.373948Z
RomaTib-MessinaC,cheapest_direct_daytime,2026-10-20,,NO_DIRECT_DAYTIME_SOLUTION,,,,,,,https://www.lefrecce.it/Channels.Website.BFF.WEB/website/ticket/solutions,2026-09-07T12:38:19.373948Z
RomaTib-MessinaC,cheapest_overall,2026-10-21,23.0,RE 5901 + IC 561 + Ferry V16,14:44,00:55,10h 11min,2,ORDINARIA (2ª CLASSE) + Super Economy (2ª CLASSE EASY),Messina Centrale,https://www.lefrecce.it/Channels.Website.BFF.WEB/website/ticket/solutions,2026-09-07T12:38:28.128412Z
RomaTib-MessinaC,cheapest_direct_daytime,2026-10-21,,NO_DIRECT_DAYTIME_SOLUTION,,,,,,,https://www.lefrecce.it/Channels.Website.BFF.WEB/website/ticket/solutions,2026-09-07T12:38:28.128412Z
RomaTib-MessinaC,cheapest_overall,2026-10-22,23.9,NI 795 + Ferry V4,22:33,09:30,10h 57min,1,Super Economy (Posto a sedere 2ª classe-EASY),Messina Centrale,https://www.lefrecce.it/Channels.Website.BFF.WEB/website/ticket/solutions,2026-09-07T12:38:39.586613Z
RomaTib-MessinaC,cheapest_direct_daytime,2026-10-22,,NO_DIRECT_DAYTIME_SOLUTION,,,,,,,https://www.lefrecce.it/Channels.Website.BFF.WEB/website/ticket/solutions,2026-09-07T12:38:39.586613Z
RomaTib-MessinaC,cheapest_overall,2026-10-23,28.9,NI 795 + Ferry V4,22:33,09:30,10h 57min,1,Super Economy (Posto a sedere 2ª classe-EASY),Messina Centrale,https://www.lefrecce.it/Channels.Website.BFF.WEB/website/ticket/solutions,2026-09-07T12:38:48.621628Z
RomaTib-MessinaC,cheapest_direct_daytime,2026-10-23,,NO_DIRECT_DAYTIME_SOLUTION,,,,,,,https://www.lefrecce.it/Channels.Website.BFF.WEB/website/ticket/solutions,2026-09-07T12:38:48.621628Z
RomaTib-MessinaC,cheapest_overall,2026-10-24,27.9,IC 1589 + Ferry V16,14:26,00:55,10h 29min,1,Super Economy (2ª CLASSE EASY),Messina Centrale,https://www.lefrecce.it/Channels.Website.BFF.WEB/website/ticket/solutions,2026-09-07T12:38:52.213988Z
RomaTib-MessinaC,cheapest_direct_daytime,2026-10-24,,NO_DIRECT_DAYTIME_SOLUTION,,,,,,,https://www.lefrecce.it/Channels.Website.BFF.WEB/website/ticket/solutions,2026-09-07T12:38:52.213988Z
RomaTib-MessinaC,cheapest_overall,2026-10-25,33.9,FR 8333 + Ferry V7,06:48,14:00,7h 12min,1,FrecciaDAYS (STANDARD),Messina Centrale,https://www.lefrecce.it/Channels.Website.BFF.WEB/website/ticket/solutions,2026-09-07T12:38:59.546975Z
RomaTib-MessinaC,cheapest_direct_daytime,2026-10-25,,NO_DIRECT_DAYTIME_SOLUTION,,,,,,,https://www.lefrecce.it/Channels.Website.BFF.WEB/website/ticket/solutions,2026-09-07T12:38:59.546975Z
RomaTib-MessinaC,cheapest_overall,2026-10-26,23.0,RE 5901 + IC 561 + Ferry V16,14:44,00:55,10h 11min,2,ORDINARIA (2ª CLASSE) + Super Economy (2ª CLASSE EASY),Messina Centrale,https://www.lefrecce.it/Channels.Website.BFF.WEB/website/ticket/solutions,2026-09-07T12:39:08.257273Z
RomaTib-MessinaC,cheapest_direct_daytime,2026-10-26,,NO_DIRECT_DAYTIME_SOLUTION,,,,,,,https://www.lefrecce.it/Channels.Website.BFF.WEB/website/ticket/solutions,2026-09-07T12:39:08.257273Z
RomaTib-MessinaC,cheapest_overall,2026-10-27,23.0,RE 5901 + IC 561 + Ferry V16,14:44,00:55,10h 11min,2,ORDINARIA (2ª CLASSE) + Super Economy (2ª CLASSE EASY),Messina Centrale,https://www.lefrecce.it/Channels.Website.BFF.WEB/website/ticket/solutions,2026-09-07T12:39:18.443358Z
RomaTib-MessinaC,cheapest_direct_daytime,2026-10-27,,NO_DIRECT_DAYTIME_SOLUTION,,,,,,,https://www.lefrecce.it/Channels.Website.BFF.WEB/website/ticket/solutions,2026-09-07T12:39:18.443358Z
RomaTib-MessinaC,cheapest_overall,2026-10-28,23.0,RE 5901 + IC 561 + Ferry V16,14:44,00:55,10h 11min,2,ORDINARIA (2ª CLASSE) + Super Economy (2ª CLASSE EASY),Messina Centrale,https://www.lefrecce.it/Channels.Website.BFF.WEB/website/ticket/solutions,2026-09-07T12:39:26.173088Z
RomaTib-MessinaC,cheapest_direct_daytime,2026-10-28,,NO_DIRECT_DAYTIME_SOLUTION,,,,,,,https://www.lefrecce.it/Channels.Website.BFF.WEB/website/ticket/solutions,2026-09-07T12:39:26.173088Z
RomaTib-MessinaC,cheapest_overall,2026-10-29,23.0,RE 5901 + IC 561 + Ferry V16,14:44,00:55,10h 11min,2,ORDINARIA (2ª CLASSE) + Super Economy (2ª CLASSE EASY),Messina Centrale,https://www.lefrecce.it/Channels.Website.BFF.WEB/website/ticket/solutions,2026-09-07T12:39:34.262636Z
RomaTib-MessinaC,cheapest_direct_daytime,2026-10-29,,NO_DIRECT_DAYTIME_SOLUTION,,,,,,,https://www.lefrecce.it/Channels.Website.BFF.WEB/website/ticket/solutions,2026-09-07T12:39:34.262636Z
RomaTib-MessinaC,cheapest_overall,2026-10-30,33.9,FR 8333 + Ferry V7,06:48,14:00,7h 12min,1,FrecciaDAYS (STANDARD),Messina Centrale,https://www.lefrecce.it/Channels.Website.BFF.WEB/website/ticket/solutions,2026-09-07T12:39:39.244903Z
RomaTib-MessinaC,cheapest_direct_daytime,2026-10-30,,NO_DIRECT_DAYTIME_SOLUTION,,,,,,,https://www.lefrecce.it/Channels.Website.BFF.WEB/website/ticket/solutions,2026-09-07T12:39:39.244903Z
RomaTib-MessinaC,cheapest_overall,2026-10-31,21.9,IC 1589 + Ferry V16,14:26,00:55,10h 29min,1,Super Economy (2ª CLASSE EASY),Messina Centrale,https://www.lefrecce.it/Channels.Website.BFF.WEB/website/ticket/solutions,2026-09-07T12:39:49.290383Z
RomaTib-MessinaC,cheapest_direct_daytime,2026-10-31,,NO_DIRECT_DAYTIME_SOLUTION,,,,,,,https://www.lefrecce.it/Channels.Website.BFF.WEB/website/ticket/solutions,2026-09-07T12:39:49.290383Z
RomaTib-MessinaC,cheapest_overall,2026-11-01,33.9,FR 8333 + Ferry V7,06:49,14:00,7h 11min,1,FrecciaDAYS (STANDARD),Messina Centrale,https://www.lefrecce.it/Channels.Website.BFF.WEB/website/ticket/solutions,2026-09-07T12:39:56.677121Z
RomaTib-MessinaC,cheapest_direct_daytime,2026-11-01,,NO_DIRECT_DAYTIME_SOLUTION,,,,,,,https://www.lefrecce.it/Channels.Website.BFF.WEB/website/ticket/solutions,2026-09-07T12:39:56.677121Z
RomaTib-MessinaC,cheapest_overall,2026-11-02,23.0,RE 5901 + IC 561 + Ferry V16,14:44,00:55,10h 11min,2,ORDINARIA (2ª CLASSE) + Super Economy (2ª CLASSE EASY),Messina Centrale,https://www.lefrecce.it/Channels.Website.BFF.WEB/website/ticket/solutions,2026-09-07T12:40:08.616568Z
RomaTib-MessinaC,cheapest_direct_daytime,2026-11-02,,NO_DIRECT_DAYTIME_SOLUTION,,,,,,,https://www.lefrecce.it/Channels.Website.BFF.WEB/website/ticket/solutions,2026-09-07T12:40:08.616568Z
RomaTib-MessinaC,cheapest_overall,2026-11-03,23.0,RE 5901 + IC 561 + Ferry V16,14:44,00:55,10h 11min,2,ORDINARIA (2ª CLASSE) + Super Economy (2ª CLASSE EASY),Messina Centrale,https://www.lefrecce.it/Channels.Website.BFF.WEB/website/ticket/solutions,2026-09-07T12:40:22.132692Z
RomaTib-MessinaC,cheapest_direct_daytime,2026-11-03,,NO_DIRECT_DAYTIME_SOLUTION,,,,,,,https://www.lefrecce.it/Channels.Website.BFF.WEB/website/ticket/solutions,2026-09-07T12:40:22.132692Z
RomaTib-MessinaC,cheapest_overall,2026-11-04,23.0,RE 5901 + IC 561 + Ferry V16,14:44,00:55,10h 11min,2,ORDINARIA (2ª CLASSE) + Super Economy (2ª CLASSE EASY),Messina Centrale,https://www.lefrecce.it/Channels.Website.BFF.WEB/website/ticket/solutions,2026-09-07T12:40:30.163290Z
RomaTib-MessinaC,cheapest_direct_daytime,2026-11-04,,NO_DIRECT_DAYTIME_SOLUTION,,,,,,,https://www.lefrecce.it/Channels.Website.BFF.WEB/website/ticket/solutions,2026-09-07T12:40:30.163290Z
RomaTib-MessinaC,cheapest_overall,2026-11-05,23.0,RE 5901 + IC 561 + Ferry V16,14:44,00:55,10h 11min,2,ORDINARIA (2ª CLASSE) + Super Economy (2ª CLASSE EASY),Messina Centrale,https://www.lefrecce.it/Channels.Website.BFF.WEB/website/ticket/solutions,2026-09-07T12:40:38.274982Z
RomaTib-MessinaC,cheapest_direct_daytime,2026-11-05,,NO_DIRECT_DAYTIME_SOLUTION,,,,,,,https://www.lefrecce.it/Channels.Website.BFF.WEB/website/ticket/solutions,2026-09-07T12:40:38.274982Z
RomaTib-MessinaC,cheapest_overall,2026-11-06,27.9,NI 795 + Ferry V4,22:33,09:30,10h 57min,1,Super Economy (Posto a sedere 2ª classe-EASY),Messina Centrale,https://www.lefrecce.it/Channels.Website.BFF.WEB/website/ticket/solutions,2026-09-07T12:40:51.404921Z
RomaTib-MessinaC,cheapest_direct_daytime,2026-11-06,,NO_DIRECT_DAYTIME_SOLUTION,,,,,,,https://www.lefrecce.it/Channels.Website.BFF.WEB/website/ticket/solutions,2026-09-07T12:40:51.404921Z
RomaTib-MessinaC,cheapest_overall,2026-11-07,28.9,RE 20429 + RE 4505 + IC 551 + Ferry V10,08:31,17:35,9h 04min,3,ORDINARIA (2ª CLASSE) + Super Economy (2ª CLASSE EASY),Messina Centrale,https://www.lefrecce.it/Channels.Website.BFF.WEB/website/ticket/solutions,2026-09-07T12:40:54.415410Z
RomaTib-MessinaC,cheapest_direct_daytime,2026-11-07,,NO_DIRECT_DAYTIME_SOLUTION,,,,,,,https://www.lefrecce.it/Channels.Website.BFF.WEB/website/ticket/solutions,2026-09-07T12:40:54.415410Z
RomaTib-MessinaC,cheapest_overall,2026-11-08,33.9,FR 8333 + Ferry V7,06:49,14:00,7h 11min,1,FrecciaDAYS (STANDARD),Messina Centrale,https://www.lefrecce.it/Channels.Website.BFF.WEB/website/ticket/solutions,2026-09-07T12:41:03.604177Z
RomaTib-MessinaC,cheapest_direct_daytime,2026-11-08,,NO_DIRECT_DAYTIME_SOLUTION,,,,,,,https://www.lefrecce.it/Channels.Website.BFF.WEB/website/ticket/solutions,2026-09-07T12:41:03.604177Z
RomaTib-MessinaC,cheapest_overall,2026-11-09,23.0,RE 5901 + IC 561 + Ferry V16,14:44,00:55,10h 11min,2,ORDINARIA (2ª CLASSE) + Super Economy (2ª CLASSE EASY),Messina Centrale,https://www.lefrecce.it/Channels.Website.BFF.WEB/website/ticket/solutions,2026-09-07T12:41:16.085055Z
RomaTib-MessinaC,cheapest_direct_daytime,2026-11-09,,NO_DIRECT_DAYTIME_SOLUTION,,,,,,,https://www.lefrecce.it/Channels.Website.BFF.WEB/website/ticket/solutions,2026-09-07T12:41:16.085055Z
RomaTib-MessinaC,cheapest_overall,2026-11-10,23.0,RE 5901 + IC 561 + Ferry V16,14:44,00:55,10h 11min,2,ORDINARIA (2ª CLASSE) + Super Economy (2ª CLASSE EASY),Messina Centrale,https://www.lefrecce.it/Channels.Website.BFF.WEB/website/ticket/solutions,2026-09-07T12:41:24.331234Z
RomaTib-MessinaC,cheapest_direct_daytime,2026-11-10,,NO_DIRECT_DAYTIME_SOLUTION,,,,,,,https://www.lefrecce.it/Channels.Website.BFF.WEB/website/ticket/solutions,2026-09-07T12:41:24.331234Z
RomaTib-MessinaC,cheapest_overall,2026-11-11,23.0,RE 5901 + IC 561 + Ferry V16,14:44,00:55,10h 11min,2,ORDINARIA (2ª CLASSE) + Super Economy (2ª CLASSE EASY),Messina Centrale,https://www.lefrecce.it/Channels.Website.BFF.WEB/website/ticket/solutions,2026-09-07T12:41:32.346831Z
RomaTib-MessinaC,cheapest_direct_daytime,2026-11-11,,NO_DIRECT_DAYTIME_SOLUTION,,,,,,,https://www.lefrecce.it/Channels.Website.BFF.WEB/website/ticket/solutions,2026-09-07T12:41:32.346831Z
RomaTib-MessinaC,cheapest_overall,2026-11-12,23.0,RE 5901 + IC 561 + Ferry V16,14:44,00:55,10h 11min,2,ORDINARIA (2ª CLASSE) + Super Economy (2ª CLASSE EASY),Messina Centrale,https://www.lefrecce.it/Channels.Website.BFF.WEB/website/ticket/solutions,2026-09-07T12:41:41.552015Z
RomaTib-MessinaC,cheapest_direct_daytime,2026-11-12,,NO_DIRECT_DAYTIME_SOLUTION,,,,,,,https://www.lefrecce.it/Channels.Website.BFF.WEB/website/ticket/solutions,2026-09-07T12:41:41.552015Z
RomaTib-MessinaC,cheapest_overall,2026-11-13,27.9,NI 795 + Ferry V4,22:33,09:30,10h 57min,1,Super Economy (Posto a sedere 2ª classe-EASY),Messina Centrale,https://www.lefrecce.it/Channels.Website.BFF.WEB/website/ticket/solutions,2026-09-07T12:41:52.595219Z
RomaTib-MessinaC,cheapest_direct_daytime,2026-11-13,,NO_DIRECT_DAYTIME_SOLUTION,,,,,,,https://www.lefrecce.it/Channels.Website.BFF.WEB/website/ticket/solutions,2026-09-07T12:41:52.595219Z
RomaTib-MessinaC,cheapest_overall,2026-11-14,21.9,IC 1589 + Ferry V16,14:26,00:55,10h 29min,1,Super Economy (2ª CLASSE EASY),Messina Centrale,https://www.lefrecce.it/Channels.Website.BFF.WEB/website/ticket/solutions,2026-09-07T12:41:58.568124Z
RomaTib-MessinaC,cheapest_direct_daytime,2026-11-14,,NO_DIRECT_DAYTIME_SOLUTION,,,,,,,https://www.lefrecce.it/Channels.Website.BFF.WEB/website/ticket/solutions,2026-09-07T12:41:58.568124Z
RomaTib-MessinaC,cheapest_overall,2026-11-15,33.9,FR 8333 + Ferry V7,06:49,14:00,7h 11min,1,FrecciaDAYS (STANDARD),Messina Centrale,https://www.lefrecce.it/Channels.Website.BFF.WEB/website/ticket/solutions,2026-09-07T12:42:03.319113Z
RomaTib-MessinaC,cheapest_direct_daytime,2026-11-15,,NO_DIRECT_DAYTIME_SOLUTION,,,,,,,https://www.lefrecce.it/Channels.Website.BFF.WEB/website/ticket/solutions,2026-09-07T12:42:03.319113Z
RomaTib-MessinaC,cheapest_overall,2026-11-16,23.0,RE 5901 + IC 561 + Ferry V16,14:44,00:55,10h 11min,2,ORDINARIA (2ª CLASSE) + Super Economy (2ª CLASSE EASY),Messina Centrale,https://www.lefrecce.it/Channels.Website.BFF.WEB/website/ticket/solutions,2026-09-07T12:42:12.214113Z
RomaTib-MessinaC,cheapest_direct_daytime,2026-11-16,,NO_DIRECT_DAYTIME_SOLUTION,,,,,,,https://www.lefrecce.it/Channels.Website.BFF.WEB/website/ticket/solutions,2026-09-07T12:42:12.214113Z
RomaTib-MessinaC,cheapest_overall,2026-11-17,23.0,RE 5901 + IC 561 + Ferry V16,14:44,00:55,10h 11min,2,ORDINARIA (2ª CLASSE) + Super Economy (2ª CLASSE EASY),Messina Centrale,https://www.lefrecce.it/Channels.Website.BFF.WEB/website/ticket/solutions,2026-09-07T12:42:20.727217Z
RomaTib-MessinaC,cheapest_direct_daytime,2026-11-17,,NO_DIRECT_DAYTIME_SOLUTION,,,,,,,https://www.lefrecce.it/Channels.Website.BFF.WEB/website/ticket/solutions,2026-09-07T12:42:20.727217Z
RomaTib-MessinaC,cheapest_overall,2026-11-18,23.0,RE 5901 + IC 561 + Ferry V16,14:44,00:55,10h 11min,2,ORDINARIA (2ª CLASSE) + Super Economy (2ª CLASSE EASY),Messina Centrale,https://www.lefrecce.it/Channels.Website.BFF.WEB/website/ticket/solutions,2026-09-07T12:42:29.553017Z
RomaTib-MessinaC,cheapest_direct_daytime,2026-11-18,,NO_DIRECT_DAYTIME_SOLUTION,,,,,,,https://www.lefrecce.it/Channels.Website.BFF.WEB/website/ticket/solutions,2026-09-07T12:42:29.553017Z
RomaTib-MessinaC,cheapest_overall,2026-11-19,23.0,RE 5901 + IC 561 + Ferry V16,14:44,00:55,10h 11min,2,ORDINARIA (2ª CLASSE) + Super Economy (2ª CLASSE EASY),Messina Centrale,https://www.lefrecce.it/Channels.Website.BFF.WEB/website/ticket/solutions,2026-09-07T12:42:37.690544Z
RomaTib-MessinaC,cheapest_direct_daytime,2026-11-19,,NO_DIRECT_DAYTIME_SOLUTION,,,,,,,https://www.lefrecce.it/Channels.Website.BFF.WEB/website/ticket/solutions,2026-09-07T12:42:37.690544Z
RomaTib-MessinaC,cheapest_overall,2026-11-20,27.9,NI 795 + Ferry V4,22:33,09:30,10h 57min,1,Super Economy (Posto a sedere 2ª classe-EASY),Messina Centrale,https://www.lefrecce.it/Channels.Website.BFF.WEB/website/ticket/solutions,2026-09-07T12:42:48.414034Z
RomaTib-MessinaC,cheapest_direct_daytime,2026-11-20,,NO_DIRECT_DAYTIME_SOLUTION,,,,,,,https://www.lefrecce.it/Channels.Website.BFF.WEB/website/ticket/solutions,2026-09-07T12:42:48.414034Z
RomaTib-MessinaC,cheapest_overall,2026-11-21,21.9,IC 1589 + Ferry V16,14:26,00:55,10h 29min,1,Super Economy (2ª CLASSE EASY),Messina Centrale,https://www.lefrecce.it/Channels.Website.BFF.WEB/website/ticket/solutions,2026-09-07T12:42:53.929583Z
RomaTib-MessinaC,cheapest_direct_daytime,2026-11-21,,NO_DIRECT_DAYTIME_SOLUTION,,,,,,,https://www.lefrecce.it/Channels.Website.BFF.WEB/website/ticket/solutions,2026-09-07T12:42:53.929583Z
RomaTib-MessinaC,cheapest_overall,2026-11-22,33.9,FR 8333 + Ferry V7,06:49,14:00,7h 11min,1,FrecciaDAYS (STANDARD),Messina Centrale,https://www.lefrecce.it/Channels.Website.BFF.WEB/website/ticket/solutions,2026-09-07T12:42:58.683616Z
RomaTib-MessinaC,cheapest_direct_daytime,2026-11-22,,NO_DIRECT_DAYTIME_SOLUTION,,,,,,,https://www.lefrecce.it/Channels.Website.BFF.WEB/website/ticket/solutions,2026-09-07T12:42:58.683616Z
RomaTib-MessinaC,cheapest_overall,2026-11-23,23.0,RE 5901 + IC 561 + Ferry V16,14:44,00:55,10h 11min,2,ORDINARIA (2ª CLASSE) + Super Economy (2ª CLASSE EASY),Messina Centrale,https://www.lefrecce.it/Channels.Website.BFF.WEB/website/ticket/solutions,2026-09-07T12:43:07.986905Z
RomaTib-MessinaC,cheapest_direct_daytime,2026-11-23,,NO_DIRECT_DAYTIME_SOLUTION,,,,,,,https://www.lefrecce.it/Channels.Website.BFF.WEB/website/ticket/solutions,2026-09-07T12:43:07.986905Z
RomaTib-MessinaC,cheapest_overall,2026-11-24,23.0,RE 5901 + IC 561 + Ferry V16,14:44,00:55,10h 11min,2,ORDINARIA (2ª CLASSE) + Super Economy (2ª CLASSE EASY),Messina Centrale,https://www.lefrecce.it/Channels.Website.BFF.WEB/website/ticket/solutions,2026-09-07T12:43:17.403711Z
RomaTib-MessinaC,cheapest_direct_daytime,2026-11-24,,NO_DIRECT_DAYTIME_SOLUTION,,,,,,,https://www.lefrecce.it/Channels.Website.BFF.WEB/website/ticket/solutions,2026-09-07T12:43:17.403711Z
RomaTib-MessinaC,cheapest_overall,2026-11-25,23.0,RE 5901 + IC 561 + Ferry V16,14:44,00:55,10h 11min,2,ORDINARIA (2ª CLASSE) + Super Economy (2ª CLASSE EASY),Messina Centrale,https://www.lefrecce.it/Channels.Website.BFF.WEB/website/ticket/solutions,2026-09-07T12:43:24.709001Z
RomaTib-MessinaC,cheapest_direct_daytime,2026-11-25,,NO_DIRECT_DAYTIME_SOLUTION,,,,,,,https://www.lefrecce.it/Channels.Website.BFF.WEB/website/ticket/solutions,2026-09-07T12:43:24.709001Z
RomaTib-MessinaC,cheapest_overall,2026-11-26,23.0,RE 5901 + IC 561 + Ferry V16,14:44,00:55,10h 11min,2,ORDINARIA (2ª CLASSE) + Super Economy (2ª CLASSE EASY),Messina Centrale,https://www.lefrecce.it/Channels.Website.BFF.WEB/website/ticket/solutions,2026-09-07T12:43:33.211623Z
RomaTib-MessinaC,cheapest_direct_daytime,2026-11-26,,NO_DIRECT_DAYTIME_SOLUTION,,,,,,,https://www.lefrecce.it/Channels.Website.BFF.WEB/website/ticket/solutions,2026-09-07T12:43:33.211623Z
RomaTib-MessinaC,cheapest_overall,2026-11-27,27.9,NI 795 + Ferry V4,22:33,09:30,10h 57min,1,Super Economy (Posto a sedere 2ª classe-EASY),Messina Centrale,https://www.lefrecce.it/Channels.Website.BFF.WEB/website/ticket/solutions,2026-09-07T12:43:44.015401Z
RomaTib-MessinaC,cheapest_direct_daytime,2026-11-27,,NO_DIRECT_DAYTIME_SOLUTION,,,,,,,https://www.lefrecce.it/Channels.Website.BFF.WEB/website/ticket/solutions,2026-09-07T12:43:44.015401Z
RomaTib-MessinaC,cheapest_overall,2026-11-28,28.9,RE 20429 + RE 4505 + IC 551 + Ferry V10,08:31,17:35,9h 04min,3,ORDINARIA (2ª CLASSE) + Super Economy (2ª CLASSE EASY),Messina Centrale,https://www.lefrecce.it/Channels.Website.BFF.WEB/website/ticket/solutions,2026-09-07T12:43:47.786315Z
RomaTib-MessinaC,cheapest_direct_daytime,2026-11-28,,NO_DIRECT_DAYTIME_SOLUTION,,,,,,,https://www.lefrecce.it/Channels.Website.BFF.WEB/website/ticket/solutions,2026-09-07T12:43:47.786315Z
RomaTib-MessinaC,cheapest_overall,2026-11-29,36.9,IC 723,06:45,15:35,8h 50min,0,Super Economy (2ª CLASSE EASY),Messina Centrale,https://www.lefrecce.it/Channels.Website.BFF.WEB/website/ticket/solutions,2026-09-07T12:43:56.389748Z
RomaTib-MessinaC,cheapest_direct_daytime,2026-11-29,,NO_DIRECT_DAYTIME_SOLUTION,,,,,,,https://www.lefrecce.it/Channels.Website.BFF.WEB/website/ticket/solutions,2026-09-07T12:43:56.389748Z
RomaTib-MessinaC,cheapest_overall,2026-11-30,23.0,RE 5901 + IC 561 + Ferry V16,14:44,00:55,10h 11min,2,ORDINARIA (2ª CLASSE) + Super Economy (2ª CLASSE EASY),Messina Centrale,https://www.lefrecce.it/Channels.Website.BFF.WEB/website/ticket/solutions,2026-09-07T12:44:04.783452Z
RomaTib-MessinaC,cheapest_direct_daytime,2026-11-30,,NO_DIRECT_DAYTIME_SOLUTION,,,,,,,https://www.lefrecce.it/Channels.Website.BFF.WEB/website/ticket/solutions,2026-09-07T12:44:04.783452Z
RomaTib-MessinaC,cheapest_overall,2026-12-01,23.0,RE 5901 + IC 561 + Ferry V16,14:44,00:55,10h 11min,2,ORDINARIA (2ª CLASSE) + Super Economy (2ª CLASSE EASY),Messina Centrale,https://www.lefrecce.it/Channels.Website.BFF.WEB/website/ticket/solutions,2026-09-07T12:44:14.193653Z
RomaTib-MessinaC,cheapest_direct_daytime,2026-12-01,,NO_DIRECT_DAYTIME_SOLUTION,,,,,,,https://www.lefrecce.it/Channels.Website.BFF.WEB/website/ticket/solutions,2026-09-07T12:44:14.193653Z
RomaTib-MessinaC,cheapest_overall,2026-12-02,23.0,RE 5901 + IC 561 + Ferry V16,14:44,00:55,10h 11min,2,ORDINARIA (2ª CLASSE) + Super Economy (2ª CLASSE EASY),Messina Centrale,https://www.lefrecce.it/Channels.Website.BFF.WEB/website/ticket/solutions,2026-09-07T12:44:21.877558Z
RomaTib-MessinaC,cheapest_direct_daytime,2026-12-02,,NO_DIRECT_DAYTIME_SOLUTION,,,,,,,https://www.lefrecce.it/Channels.Website.BFF.WEB/website/ticket/solutions,2026-09-07T12:44:21.877558Z
RomaTib-MessinaC,cheapest_overall,2026-12-03,23.0,RE 5901 + IC 561 + Ferry V16,14:44,00:55,10h 11min,2,ORDINARIA (2ª CLASSE) + Super Economy (2ª CLASSE EASY),Messina Centrale,https://www.lefrecce.it/Channels.Website.BFF.WEB/website/ticket/solutions,2026-09-07T12:44:30.771188Z
RomaTib-MessinaC,cheapest_direct_daytime,2026-12-03,,NO_DIRECT_DAYTIME_SOLUTION,,,,,,,https://www.lefrecce.it/Channels.Website.BFF.WEB/website/ticket/solutions,2026-09-07T12:44:30.771188Z
RomaTib-ReggioC,cheapest_overall,2026-09-27,39.9,FR 8333,06:48,13:14,6h 26min,0,Super Economy (STANDARD),Reggio Di Calabria Centrale,https://www.lefrecce.it/Channels.Website.BFF.WEB/website/ticket/solutions,2026-09-07T12:44:12.030434Z
RomaTib-ReggioC,cheapest_direct_daytime,2026-09-27,76.9,FR 9587,14:43,21:38,6h 55min,0,Economy (STANDARD),Reggio Di Calabria Centrale,https://www.lefrecce.it/Channels.Website.BFF.WEB/website/ticket/solutions,2026-09-07T12:44:14.970375Z
RomaTib-ReggioC,cheapest_overall,2026-09-28,25.9,NI 795,22:33,08:47,10h 14min,0,Super Economy (Posto a sedere 2ª classe-EASY),Reggio Di Calabria Centrale,https://www.lefrecce.it/Channels.Website.BFF.WEB/website/ticket/solutions,2026-09-07T12:44:26.511752Z
RomaTib-ReggioC,cheapest_direct_daytime,2026-09-28,66.9,FR 9587,14:43,21:32,6h 49min,0,Economy (STANDARD),Reggio Di Calabria Centrale,https://www.lefrecce.it/Channels.Website.BFF.WEB/website/ticket/solutions,2026-09-07T12:44:23.853151Z
RomaTib-ReggioC,cheapest_overall,2026-09-29,27.9,IC 561,15:45,00:00,8h 15min,0,Super Economy (2ª CLASSE EASY),Reggio Di Calabria Centrale,https://www.lefrecce.it/Channels.Website.BFF.WEB/website/ticket/solutions,2026-09-07T12:44:34.423908Z
RomaTib-ReggioC,cheapest_direct_daytime,2026-09-29,61.9,FR 9587,14:43,21:32,6h 49min,0,Super Economy (STANDARD),Reggio Di Calabria Centrale,https://www.lefrecce.it/Channels.Website.BFF.WEB/website/ticket/solutions,2026-09-07T12:44:34.423908Z
RomaTib-ReggioC,cheapest_overall,2026-09-30,25.9,NI 795,22:33,08:48,10h 15min,0,Super Economy (Posto a sedere 2ª classe-EASY),Reggio Di Calabria Centrale,https://www.lefrecce.it/Channels.Website.BFF.WEB/website/ticket/solutions,2026-09-07T12:44:46.686753Z
RomaTib-ReggioC,cheapest_direct_daytime,2026-09-30,61.9,FR 9587,14:43,21:32,6h 49min,0,Super Economy (STANDARD),Reggio Di Calabria Centrale,https://www.lefrecce.it/Channels.Website.BFF.WEB/website/ticket/solutions,2026-09-07T12:44:44.162972Z
RomaTib-ReggioC,cheapest_overall,2026-10-01,27.9,NI 795,22:33,08:47,10h 14min,0,Super Economy (Posto a sedere 2ª classe-EASY),Reggio Di Calabria Centrale,https://www.lefrecce.it/Channels.Website.BFF.WEB/website/ticket/solutions,2026-09-07T12:44:56.034324Z
RomaTib-ReggioC,cheapest_direct_daytime,2026-10-01,56.9,FR 9587,14:43,21:32,6h 49min,0,Super Economy (STANDARD),Reggio Di Calabria Centrale,https://www.lefrecce.it/Channels.Website.BFF.WEB/website/ticket/solutions,2026-09-07T12:44:53.599309Z
RomaTib-ReggioC,cheapest_overall,2026-10-02,32.9,NI 795,22:33,08:47,10h 14min,0,Super Economy (Posto a sedere 2ª classe-EASY),Reggio Di Calabria Centrale,https://www.lefrecce.it/Channels.Website.BFF.WEB/website/ticket/solutions,2026-09-07T12:45:06.553755Z
RomaTib-ReggioC,cheapest_direct_daytime,2026-10-02,70.9,FR 9587,14:43,21:32,6h 49min,0,Super Economy (BUSINESS),Reggio Di Calabria Centrale,https://www.lefrecce.it/Channels.Website.BFF.WEB/website/ticket/solutions,2026-09-07T12:45:03.590373Z
RomaTib-ReggioC,cheapest_overall,2026-10-03,27.9,IC 561,15:45,00:00,8h 15min,0,Super Economy (2ª CLASSE EASY),Reggio Di Calabria Centrale,https://www.lefrecce.it/Channels.Website.BFF.WEB/website/ticket/solutions,2026-09-07T12:45:13.695805Z
RomaTib-ReggioC,cheapest_direct_daytime,2026-10-03,71.9,FR 9587,14:43,21:32,6h 49min,0,Economy (STANDARD),Reggio Di Calabria Centrale,https://www.lefrecce.it/Channels.Website.BFF.WEB/website/ticket/solutions,2026-09-07T12:45:13.695805Z
RomaTib-ReggioC,cheapest_overall,2026-10-04,33.9,FR 8333,06:48,13:08,6h 20min,0,FrecciaDAYS (STANDARD),Reggio Di Calabria Centrale,https://www.lefrecce.it/Channels.Website.BFF.WEB/website/ticket/solutions,2026-09-07T12:45:18.171892Z
RomaTib-ReggioC,cheapest_direct_daytime,2026-10-04,70.9,FR 9587,14:43,21:32,6h 49min,0,Super Economy (BUSINESS),Reggio Di Calabria Centrale,https://www.lefrecce.it/Channels.Website.BFF.WEB/website/ticket/solutions,2026-09-07T12:45:18.171892Z
RomaTib-ReggioC,cheapest_overall,2026-10-05,25.9,NI 795,22:35,08:45,10h 10min,0,Super Economy (Posto a sedere 2ª classe-EASY),Reggio Di Calabria Centrale,https://www.lefrecce.it/Channels.Website.BFF.WEB/website/ticket/solutions,2026-09-07T12:45:31.843878Z
RomaTib-ReggioC,cheapest_direct_daytime,2026-10-05,61.9,FR 9587,14:43,21:32,6h 49min,0,Super Economy (STANDARD),Reggio Di Calabria Centrale,https://www.lefrecce.it/Channels.Website.BFF.WEB/website/ticket/solutions,2026-09-07T12:45:29.263708Z
RomaTib-ReggioC,cheapest_overall,2026-10-06,27.9,IC 555,13:45,22:27,8h 42min,0,Super Economy (2ª CLASSE EASY),Reggio Di Calabria Centrale,https://www.lefrecce.it/Channels.Website.BFF.WEB/website/ticket/solutions,2026-09-07T12:45:38.770594Z
RomaTib-ReggioC,cheapest_direct_daytime,2026-10-06,56.9,FR 9587,14:43,21:32,6h 49min,0,Super Economy (STANDARD),Reggio Di Calabria Centrale,https://www.lefrecce.it/Channels.Website.BFF.WEB/website/ticket/solutions,2026-09-07T12:45:38.770594Z
RomaTib-ReggioC,cheapest_overall,2026-10-07,25.9,NI 795,22:33,08:47,10h 14min,0,Super Economy (Posto a sedere 2ª classe-EASY),Reggio Di Calabria Centrale,https://www.lefrecce.it/Channels.Website.BFF.WEB/website/ticket/solutions,2026-09-07T12:45:51.327932Z
RomaTib-ReggioC,cheapest_direct_daytime,2026-10-07,56.9,FR 9587,14:43,21:32,6h 49min,0,Super Economy (STANDARD),Reggio Di Calabria Centrale,https://www.lefrecce.it/Channels.Website.BFF.WEB/website/ticket/solutions,2026-09-07T12:45:48.639564Z
RomaTib-ReggioC,cheapest_overall,2026-10-08,21.9,IC 561,15:45,00:00,8h 15min,0,Super Economy (2ª CLASSE EASY),Reggio Di Calabria Centrale,https://www.lefrecce.it/Channels.Website.BFF.WEB/website/ticket/solutions,2026-09-07T12:45:58.980110Z
RomaTib-ReggioC,cheapest_direct_daytime,2026-10-08,56.9,FR 9587,14:43,21:32,6h 49min,0,Super Economy (STANDARD),Reggio Di Calabria Centrale,https://www.lefrecce.it/Channels.Website.BFF.WEB/website/ticket/solutions,2026-09-07T12:45:58.980110Z
RomaTib-ReggioC,cheapest_overall,2026-10-09,33.9,FR 8333,06:48,13:08,6h 20min,0,FrecciaDAYS (STANDARD),Reggio Di Calabria Centrale,https://www.lefrecce.it/Channels.Website.BFF.WEB/website/ticket/solutions,2026-09-07T12:46:06.473417Z
RomaTib-ReggioC,cheapest_direct_daytime,2026-10-09,70.9,FR 9587,14:43,21:32,6h 49min,0,Super Economy (BUSINESS),Reggio Di Calabria Centrale,https://www.lefrecce.it/Channels.Website.BFF.WEB/website/ticket/solutions,2026-09-07T12:46:09.507885Z
RomaTib-ReggioC,cheapest_overall,2026-10-10,25.9,NI 795,22:32,09:45,11h 13min,0,Super Economy (Posto a sedere 2ª classe-EASY),Reggio Di Calabria Centrale,https://www.lefrecce.it/Channels.Website.BFF.WEB/website/ticket/solutions,2026-09-07T12:46:20.881669Z
RomaTib-ReggioC,cheapest_direct_daytime,2026-10-10,27.9,IC 1589,14:26,23:36,9h 10min,0,Super Economy (2ª CLASSE EASY),Reggio Di Calabria Centrale,https://www.lefrecce.it/Channels.Website.BFF.WEB/website/ticket/solutions,2026-09-07T12:46:20.881669Z
RomaTib-ReggioC,cheapest_overall,2026-10-11,33.9,FR 8333,06:48,13:08,6h 20min,0,FrecciaDAYS (STANDARD),Reggio Di Calabria Centrale,https://www.lefrecce.it/Channels.Website.BFF.WEB/website/ticket/solutions,2026-09-07T12:46:24.717349Z
RomaTib-ReggioC,cheapest_direct_daytime,2026-10-11,71.9,FR 9587,14:43,21:32,6h 49min,0,Economy (STANDARD),Reggio Di Calabria Centrale,https://www.lefrecce.it/Channels.Website.BFF.WEB/website/ticket/solutions,2026-09-07T12:46:24.717349Z
RomaTib-ReggioC,cheapest_overall,2026-10-12,21.9,IC 561,15:45,00:00,8h 15min,0,Super Economy (2ª CLASSE EASY),Reggio Di Calabria Centrale,https://www.lefrecce.it/Channels.Website.BFF.WEB/website/ticket/solutions,2026-09-07T12:46:35.772530Z
RomaTib-ReggioC,cheapest_direct_daytime,2026-10-12,61.9,FR 9587,14:43,21:32,6h 49min,0,Super Economy (STANDARD),Reggio Di Calabria Centrale,https://www.lefrecce.it/Channels.Website.BFF.WEB/website/ticket/solutions,2026-09-07T12:46:35.772530Z
RomaTib-ReggioC,cheapest_overall,2026-10-13,21.9,IC 561,15:45,00:00,8h 15min,0,Super Economy (2ª CLASSE EASY),Reggio Di Calabria Centrale,https://www.lefrecce.it/Channels.Website.BFF.WEB/website/ticket/solutions,2026-09-07T12:46:44.769151Z
RomaTib-ReggioC,cheapest_direct_daytime,2026-10-13,56.9,FR 9587,14:43,21:32,6h 49min,0,Super Economy (STANDARD),Reggio Di Calabria Centrale,https://www.lefrecce.it/Channels.Website.BFF.WEB/website/ticket/solutions,2026-09-07T12:46:44.769151Z
RomaTib-ReggioC,cheapest_overall,2026-10-14,21.9,IC 561,15:45,00:00,8h 15min,0,Super Economy (2ª CLASSE EASY),Reggio Di Calabria Centrale,https://www.lefrecce.it/Channels.Website.BFF.WEB/website/ticket/solutions,2026-09-07T12:46:55.478378Z
RomaTib-ReggioC,cheapest_direct_daytime,2026-10-14,56.9,FR 9587,14:43,21:32,6h 49min,0,Super Economy (STANDARD),Reggio Di Calabria Centrale,https://www.lefrecce.it/Channels.Website.BFF.WEB/website/ticket/solutions,2026-09-07T12:46:55.478378Z
RomaTib-ReggioC,cheapest_overall,2026-10-15,27.9,IC 555,13:45,22:27,8h 42min,0,Super Economy (2ª CLASSE EASY),Reggio Di Calabria Centrale,https://www.lefrecce.it/Channels.Website.BFF.WEB/website/ticket/solutions,2026-09-07T12:47:06.856585Z
RomaTib-ReggioC,cheapest_direct_daytime,2026-10-15,56.9,FR 9587,14:43,21:32,6h 49min,0,Super Economy (STANDARD),Reggio Di Calabria Centrale,https://www.lefrecce.it/Channels.Website.BFF.WEB/website/ticket/solutions,2026-09-07T12:47:06.856585Z
RomaTib-ReggioC,cheapest_overall,2026-10-16,33.9,FR 8333,06:48,13:08,6h 20min,0,FrecciaDAYS (STANDARD),Reggio Di Calabria Centrale,https://www.lefrecce.it/Channels.Website.BFF.WEB/website/ticket/solutions,2026-09-07T12:47:13.875819Z
RomaTib-ReggioC,cheapest_direct_daytime,2026-10-16,66.9,FR 9587,14:43,21:32,6h 49min,0,Economy (STANDARD),Reggio Di Calabria Centrale,https://www.lefrecce.it/Channels.Website.BFF.WEB/website/ticket/solutions,2026-09-07T12:47:16.552490Z
RomaTib-ReggioC,cheapest_overall,2026-10-17,27.9,IC 555,13:45,22:27,8h 42min,0,Super Economy (2ª CLASSE EASY),Reggio Di Calabria Centrale,https://www.lefrecce.it/Channels.Website.BFF.WEB/website/ticket/solutions,2026-09-07T12:47:22.922907Z
RomaTib-ReggioC,cheapest_direct_daytime,2026-10-17,27.9,IC 1589,14:26,23:36,9h 10min,0,Super Economy (2ª CLASSE EASY),Reggio Di Calabria Centrale,https://www.lefrecce.it/Channels.Website.BFF.WEB/website/ticket/solutions,2026-09-07T12:47:25.944462Z
RomaTib-ReggioC,cheapest_overall,2026-10-18,40.9,IC 555,13:45,22:27,8h 42min,0,Super Economy (2ª CLASSE EASY),Reggio Di Calabria Centrale,https://www.lefrecce.it/Channels.Website.BFF.WEB/website/ticket/solutions,2026-09-07T12:47:29.734022Z
RomaTib-ReggioC,cheapest_direct_daytime,2026-10-18,70.9,FR 9587,14:43,21:32,6h 49min,0,Super Economy (BUSINESS),Reggio Di Calabria Centrale,https://www.lefrecce.it/Channels.Website.BFF.WEB/website/ticket/solutions,2026-09-07T12:47:29.734022Z
RomaTib-ReggioC,cheapest_overall,2026-10-19,25.9,NI 795,22:33,08:47,10h 14min,0,Super Economy (Posto a sedere 2ª classe-EASY),Reggio Di Calabria Centrale,https://www.lefrecce.it/Channels.Website.BFF.WEB/website/ticket/solutions,2026-09-07T12:47:42.364717Z
RomaTib-ReggioC,cheapest_direct_daytime,2026-10-19,61.9,FR 9587,14:43,21:32,6h 49min,0,Super Economy (STANDARD),Reggio Di Calabria Centrale,https://www.lefrecce.it/Channels.Website.BFF.WEB/website/ticket/solutions,2026-09-07T12:47:39.684092Z
RomaTib-ReggioC,cheapest_overall,2026-10-20,21.9,IC 561,15:45,00:00,8h 15min,0,Super Economy (2ª CLASSE EASY),Reggio Di Calabria Centrale,https://www.lefrecce.it/Channels.Website.BFF.WEB/website/ticket/solutions,2026-09-07T12:47:48.962557Z
RomaTib-ReggioC,cheapest_direct_daytime,2026-10-20,56.9,FR 9587,14:43,21:32,6h 49min,0,Super Economy (STANDARD),Reggio Di Calabria Centrale,https://www.lefrecce.it/Channels.Website.BFF.WEB/website/ticket/solutions,2026-09-07T12:47:48.962557Z
RomaTib-ReggioC,cheapest_overall,2026-10-21,21.9,IC 561,15:45,00:00,8h 15min,0,Super Economy (2ª CLASSE EASY),Reggio Di Calabria Centrale,https://www.lefrecce.it/Channels.Website.BFF.WEB/website/ticket/solutions,2026-09-07T12:47:59.359988Z
RomaTib-ReggioC,cheapest_direct_daytime,2026-10-21,56.9,FR 9587,14:43,21:32,6h 49min,0,Super Economy (STANDARD),Reggio Di Calabria Centrale,https://www.lefrecce.it/Channels.Website.BFF.WEB/website/ticket/solutions,2026-09-07T12:47:59.359988Z
RomaTib-ReggioC,cheapest_overall,2026-10-22,23.9,NI 795,22:33,08:45,10h 12min,0,Super Economy (Posto a sedere 2ª classe-EASY),Reggio Di Calabria Centrale,https://www.lefrecce.it/Channels.Website.BFF.WEB/website/ticket/solutions,2026-09-07T12:48:12.551472Z
RomaTib-ReggioC,cheapest_direct_daytime,2026-10-22,56.9,FR 9587,14:43,21:32,6h 49min,0,Super Economy (STANDARD),Reggio Di Calabria Centrale,https://www.lefrecce.it/Channels.Website.BFF.WEB/website/ticket/solutions,2026-09-07T12:48:09.380424Z
RomaTib-ReggioC,cheapest_overall,2026-10-23,28.9,NI 795,22:33,08:45,10h 12min,0,Super Economy (Posto a sedere 2ª classe-EASY),Reggio Di Calabria Centrale,https://www.lefrecce.it/Channels.Website.BFF.WEB/website/ticket/solutions,2026-09-07T12:48:23.214204Z
RomaTib-ReggioC,cheapest_direct_daytime,2026-10-23,66.9,FR 9587,14:43,21:32,6h 49min,0,Economy (STANDARD),Reggio Di Calabria Centrale,https://www.lefrecce.it/Channels.Website.BFF.WEB/website/ticket/solutions,2026-09-07T12:48:20.217122Z
RomaTib-ReggioC,cheapest_overall,2026-10-24,21.9,IC 561,15:45,00:00,8h 15min,0,Super Economy (2ª CLASSE EASY),Reggio Di Calabria Centrale,https://www.lefrecce.it/Channels.Website.BFF.WEB/website/ticket/solutions,2026-09-07T12:48:30.461118Z
RomaTib-ReggioC,cheapest_direct_daytime,2026-10-24,27.9,IC 1589,14:26,23:36,9h 10min,0,Super Economy (2ª CLASSE EASY),Reggio Di Calabria Centrale,https://www.lefrecce.it/Channels.Website.BFF.WEB/website/ticket/solutions,2026-09-07T12:48:30.461118Z
RomaTib-ReggioC,cheapest_overall,2026-10-25,25.9,NI 795,22:32,09:45,11h 13min,0,Super Economy (Posto a sedere 2ª classe-EASY),Reggio Di Calabria Centrale,https://www.lefrecce.it/Channels.Website.BFF.WEB/website/ticket/solutions,2026-09-07T12:48:38.901354Z
RomaTib-ReggioC,cheapest_direct_daytime,2026-10-25,66.9,FR 9587,14:43,21:32,6h 49min,0,Economy (STANDARD),Reggio Di Calabria Centrale,https://www.lefrecce.it/Channels.Website.BFF.WEB/website/ticket/solutions,2026-09-07T12:48:35.119470Z
RomaTib-ReggioC,cheapest_overall,2026-10-26,21.9,IC 561,15:45,00:00,8h 15min,0,Super Economy (2ª CLASSE EASY),Reggio Di Calabria Centrale,https://www.lefrecce.it/Channels.Website.BFF.WEB/website/ticket/solutions,2026-09-07T12:48:46.489563Z
RomaTib-ReggioC,cheapest_direct_daytime,2026-10-26,61.9,FR 9587,14:43,21:32,6h 49min,0,Super Economy (STANDARD),Reggio Di Calabria Centrale,https://www.lefrecce.it/Channels.Website.BFF.WEB/website/ticket/solutions,2026-09-07T12:48:46.489563Z
RomaTib-ReggioC,cheapest_overall,2026-10-27,21.9,IC 561,15:45,00:00,8h 15min,0,Super Economy (2ª CLASSE EASY),Reggio Di Calabria Centrale,https://www.lefrecce.it/Channels.Website.BFF.WEB/website/ticket/solutions,2026-09-07T12:48:56.280042Z
RomaTib-ReggioC,cheapest_direct_daytime,2026-10-27,56.9,FR 9587,14:43,21:32,6h 49min,0,Super Economy (STANDARD),Reggio Di Calabria Centrale,https://www.lefrecce.it/Channels.Website.BFF.WEB/website/ticket/solutions,2026-09-07T12:48:56.280042Z
RomaTib-ReggioC,cheapest_overall,2026-10-28,21.9,IC 561,15:45,00:00,8h 15min,0,Super Economy (2ª CLASSE EASY),Reggio Di Calabria Centrale,https://www.lefrecce.it/Channels.Website.BFF.WEB/website/ticket/solutions,2026-09-07T12:49:07.039191Z
RomaTib-ReggioC,cheapest_direct_daytime,2026-10-28,56.9,FR 9587,14:43,21:32,6h 49min,0,Super Economy (STANDARD),Reggio Di Calabria Centrale,https://www.lefrecce.it/Channels.Website.BFF.WEB/website/ticket/solutions,2026-09-07T12:49:07.039191Z
RomaTib-ReggioC,cheapest_overall,2026-10-29,21.9,IC 561,15:45,00:00,8h 15min,0,Super Economy (2ª CLASSE EASY),Reggio Di Calabria Centrale,https://www.lefrecce.it/Channels.Website.BFF.WEB/website/ticket/solutions,2026-09-07T12:49:17.003068Z
RomaTib-ReggioC,cheapest_direct_daytime,2026-10-29,56.9,FR 9587,14:43,21:32,6h 49min,0,Super Economy (STANDARD),Reggio Di Calabria Centrale,https://www.lefrecce.it/Channels.Website.BFF.WEB/website/ticket/solutions,2026-09-07T12:49:17.003068Z
RomaTib-ReggioC,cheapest_overall,2026-10-30,33.9,FR 8333,06:48,13:08,6h 20min,0,FrecciaDAYS (STANDARD),Reggio Di Calabria Centrale,https://www.lefrecce.it/Channels.Website.BFF.WEB/website/ticket/solutions,2026-09-07T12:49:23.822949Z
RomaTib-ReggioC,cheapest_direct_daytime,2026-10-30,66.9,FR 9587,14:43,21:32,6h 49min,0,Economy (STANDARD),Reggio Di Calabria Centrale,https://www.lefrecce.it/Channels.Website.BFF.WEB/website/ticket/solutions,2026-09-07T12:49:26.778411Z
RomaTib-ReggioC,cheapest_overall,2026-10-31,21.9,IC 1589,14:26,23:36,9h 10min,0,Super Economy (2ª CLASSE EASY),Reggio Di Calabria Centrale,https://www.lefrecce.it/Channels.Website.BFF.WEB/website/ticket/solutions,2026-09-07T12:49:37.390241Z
RomaTib-ReggioC,cheapest_direct_daytime,2026-10-31,21.9,IC 1589,14:26,23:36,9h 10min,0,Super Economy (2ª CLASSE EASY),Reggio Di Calabria Centrale,https://www.lefrecce.it/Channels.Website.BFF.WEB/website/ticket/solutions,2026-09-07T12:49:37.390241Z
RomaTib-ReggioC,cheapest_overall,2026-11-01,28.9,NI 795,22:32,09:45,11h 13min,0,Super Economy (Posto a sedere 2ª classe-EASY),Reggio Di Calabria Centrale,https://www.lefrecce.it/Channels.Website.BFF.WEB/website/ticket/solutions,2026-09-07T12:49:44.599626Z
RomaTib-ReggioC,cheapest_direct_daytime,2026-11-01,66.9,FR 9583,12:43,18:59,6h 16min,0,Economy (STANDARD),Reggio Di Calabria Centrale,https://www.lefrecce.it/Channels.Website.BFF.WEB/website/ticket/solutions,2026-09-07T12:49:41.053781Z
RomaTib-ReggioC,cheapest_overall,2026-11-02,21.9,IC 561,15:45,00:00,8h 15min,0,Super Economy (2ª CLASSE EASY),Reggio Di Calabria Centrale,https://www.lefrecce.it/Channels.Website.BFF.WEB/website/ticket/solutions,2026-09-07T12:49:51.322218Z
RomaTib-ReggioC,cheapest_direct_daytime,2026-11-02,56.9,FR 9583,12:43,18:59,6h 16min,0,Super Economy (STANDARD),Reggio Di Calabria Centrale,https://www.lefrecce.it/Channels.Website.BFF.WEB/website/ticket/solutions,2026-09-07T12:49:51.322218Z
RomaTib-ReggioC,cheapest_overall,2026-11-03,21.9,IC 561,15:45,00:00,8h 15min,0,Super Economy (2ª CLASSE EASY),Reggio Di Calabria Centrale,https://www.lefrecce.it/Channels.Website.BFF.WEB/website/ticket/solutions,2026-09-07T12:50:01.021243Z
RomaTib-ReggioC,cheapest_direct_daytime,2026-11-03,50.9,FR 9583,12:43,18:59,6h 16min,0,FrecciaDAYS (BUSINESS),Reggio Di Calabria Centrale,https://www.lefrecce.it/Channels.Website.BFF.WEB/website/ticket/solutions,2026-09-07T12:50:01.021243Z
RomaTib-ReggioC,cheapest_overall,2026-11-04,21.9,IC 561,15:45,00:00,8h 15min,0,Super Economy (2ª CLASSE EASY),Reggio Di Calabria Centrale,https://www.lefrecce.it/Channels.Website.BFF.WEB/website/ticket/solutions,2026-09-07T12:50:11.021516Z
RomaTib-ReggioC,cheapest_direct_daytime,2026-11-04,50.9,FR 9583,12:43,18:59,6h 16min,0,FrecciaDAYS (BUSINESS),Reggio Di Calabria Centrale,https://www.lefrecce.it/Channels.Website.BFF.WEB/website/ticket/solutions,2026-09-07T12:50:11.021516Z
RomaTib-ReggioC,cheapest_overall,2026-11-05,21.9,IC 561,15:45,00:00,8h 15min,0,Super Economy (2ª CLASSE EASY),Reggio Di Calabria Centrale,https://www.lefrecce.it/Channels.Website.BFF.WEB/website/ticket/solutions,2026-09-07T12:50:22.845881Z
RomaTib-ReggioC,cheapest_direct_daytime,2026-11-05,50.9,FR 9587,14:43,21:32,6h 49min,0,FrecciaDAYS (BUSINESS),Reggio Di Calabria Centrale,https://www.lefrecce.it/Channels.Website.BFF.WEB/website/ticket/solutions,2026-09-07T12:50:22.845881Z
RomaTib-ReggioC,cheapest_overall,2026-11-06,27.9,NI 795,22:33,08:48,10h 15min,0,Super Economy (Posto a sedere 2ª classe-EASY),Reggio Di Calabria Centrale,https://www.lefrecce.it/Channels.Website.BFF.WEB/website/ticket/solutions,2026-09-07T12:50:36.244330Z
RomaTib-ReggioC,cheapest_direct_daytime,2026-11-06,61.9,FR 9583,12:43,18:59,6h 16min,0,Super Economy (STANDARD),Reggio Di Calabria Centrale,https://www.lefrecce.it/Channels.Website.BFF.WEB/website/ticket/solutions,2026-09-07T12:50:33.081760Z
RomaTib-ReggioC,cheapest_overall,2026-11-07,21.9,IC 561,15:45,00:00,8h 15min,0,Super Economy (2ª CLASSE EASY),Reggio Di Calabria Centrale,https://www.lefrecce.it/Channels.Website.BFF.WEB/website/ticket/solutions,2026-09-07T12:50:43.816334Z
RomaTib-ReggioC,cheapest_direct_daytime,2026-11-07,65.9,FR 9587,14:43,21:32,6h 49min,0,Super Economy (PREMIUM),Reggio Di Calabria Centrale,https://www.lefrecce.it/Channels.Website.BFF.WEB/website/ticket/solutions,2026-09-07T12:50:43.816334Z
RomaTib-ReggioC,cheapest_overall,2026-11-08,25.9,NI 795,22:32,09:45,11h 13min,0,Super Economy (Posto a sedere 2ª classe-EASY),Reggio Di Calabria Centrale,https://www.lefrecce.it/Channels.Website.BFF.WEB/website/ticket/solutions,2026-09-07T12:50:51.468296Z
RomaTib-ReggioC,cheapest_direct_daytime,2026-11-08,61.9,FR 9587,14:43,21:32,6h 49min,0,Super Economy (STANDARD),Reggio Di Calabria Centrale,https://www.lefrecce.it/Channels.Website.BFF.WEB/website/ticket/solutions,2026-09-07T12:50:48.355995Z
RomaTib-ReggioC,cheapest_overall,2026-11-09,21.9,IC 561,15:45,00:00,8h 15min,0,Super Economy (2ª CLASSE EASY),Reggio Di Calabria Centrale,https://www.lefrecce.it/Channels.Website.BFF.WEB/website/ticket/solutions,2026-09-07T12:50:59.155481Z
RomaTib-ReggioC,cheapest_direct_daytime,2026-11-09,56.9,FR 9583,12:43,18:59,6h 16min,0,Super Economy (STANDARD),Reggio Di Calabria Centrale,https://www.lefrecce.it/Channels.Website.BFF.WEB/website/ticket/solutions,2026-09-07T12:50:59.155481Z
RomaTib-ReggioC,cheapest_overall,2026-11-10,21.9,IC 561,15:45,00:00,8h 15min,0,Super Economy (2ª CLASSE EASY),Reggio Di Calabria Centrale,https://www.lefrecce.it/Channels.Website.BFF.WEB/website/ticket/solutions,2026-09-07T12:51:10.435955Z
RomaTib-ReggioC,cheapest_direct_daytime,2026-11-10,50.9,FR 9583,12:43,18:59,6h 16min,0,FrecciaDAYS (BUSINESS),Reggio Di Calabria Centrale,https://www.lefrecce.it/Channels.Website.BFF.WEB/website/ticket/solutions,2026-09-07T12:51:10.435955Z
RomaTib-ReggioC,cheapest_overall,2026-11-11,21.9,IC 561,15:45,00:00,8h 15min,0,Super Economy (2ª CLASSE EASY),Reggio Di Calabria Centrale,https://www.lefrecce.it/Channels.Website.BFF.WEB/website/ticket/solutions,2026-09-07T12:51:24.334268Z
RomaTib-ReggioC,cheapest_direct_daytime,2026-11-11,50.9,FR 9583,12:43,18:59,6h 16min,0,FrecciaDAYS (BUSINESS),Reggio Di Calabria Centrale,https://www.lefrecce.it/Channels.Website.BFF.WEB/website/ticket/solutions,2026-09-07T12:51:24.334268Z
RomaTib-ReggioC,cheapest_overall,2026-11-12,21.9,IC 561,15:45,00:00,8h 15min,0,Super Economy (2ª CLASSE EASY),Reggio Di Calabria Centrale,https://www.lefrecce.it/Channels.Website.BFF.WEB/website/ticket/solutions,2026-09-07T12:51:34.904373Z
RomaTib-ReggioC,cheapest_direct_daytime,2026-11-12,50.9,FR 9587,14:43,21:32,6h 49min,0,FrecciaDAYS (BUSINESS),Reggio Di Calabria Centrale,https://www.lefrecce.it/Channels.Website.BFF.WEB/website/ticket/solutions,2026-09-07T12:51:34.904373Z
RomaTib-ReggioC,cheapest_overall,2026-11-13,27.9,NI 795,22:33,08:48,10h 15min,0,Super Economy (Posto a sedere 2ª classe-EASY),Reggio Di Calabria Centrale,https://www.lefrecce.it/Channels.Website.BFF.WEB/website/ticket/solutions,2026-09-07T12:51:48.067418Z
RomaTib-ReggioC,cheapest_direct_daytime,2026-11-13,61.9,FR 9583,12:43,18:59,6h 16min,0,Super Economy (STANDARD),Reggio Di Calabria Centrale,https://www.lefrecce.it/Channels.Website.BFF.WEB/website/ticket/solutions,2026-09-07T12:51:45.414889Z
RomaTib-ReggioC,cheapest_overall,2026-11-14,21.9,IC 1589,14:26,23:36,9h 10min,0,Super Economy (2ª CLASSE EASY),Reggio Di Calabria Centrale,https://www.lefrecce.it/Channels.Website.BFF.WEB/website/ticket/solutions,2026-09-07T12:51:56.294038Z
RomaTib-ReggioC,cheapest_direct_daytime,2026-11-14,21.9,IC 1589,14:26,23:36,9h 10min,0,Super Economy (2ª CLASSE EASY),Reggio Di Calabria Centrale,https://www.lefrecce.it/Channels.Website.BFF.WEB/website/ticket/solutions,2026-09-07T12:51:56.294038Z
RomaTib-ReggioC,cheapest_overall,2026-11-15,25.9,NI 795,22:32,09:45,11h 13min,0,Super Economy (Posto a sedere 2ª classe-EASY),Reggio Di Calabria Centrale,https://www.lefrecce.it/Channels.Website.BFF.WEB/website/ticket/solutions,2026-09-07T12:52:06.283043Z
RomaTib-ReggioC,cheapest_direct_daytime,2026-11-15,61.9,FR 9587,14:43,21:32,6h 49min,0,Super Economy (STANDARD),Reggio Di Calabria Centrale,https://www.lefrecce.it/Channels.Website.BFF.WEB/website/ticket/solutions,2026-09-07T12:52:03.029859Z
RomaTib-ReggioC,cheapest_overall,2026-11-16,21.9,IC 561,15:45,00:00,8h 15min,0,Super Economy (2ª CLASSE EASY),Reggio Di Calabria Centrale,https://www.lefrecce.it/Channels.Website.BFF.WEB/website/ticket/solutions,2026-09-07T12:52:13.390328Z
RomaTib-ReggioC,cheapest_direct_daytime,2026-11-16,56.9,FR 9583,12:43,18:59,6h 16min,0,Super Economy (STANDARD),Reggio Di Calabria Centrale,https://www.lefrecce.it/Channels.Website.BFF.WEB/website/ticket/solutions,2026-09-07T12:52:13.390328Z
RomaTib-ReggioC,cheapest_overall,2026-11-17,21.9,IC 561,15:45,00:00,8h 15min,0,Super Economy (2ª CLASSE EASY),Reggio Di Calabria Centrale,https://www.lefrecce.it/Channels.Website.BFF.WEB/website/ticket/solutions,2026-09-07T12:52:23.353948Z
RomaTib-ReggioC,cheapest_direct_daytime,2026-11-17,50.9,FR 9583,12:43,18:59,6h 16min,0,FrecciaDAYS (BUSINESS),Reggio Di Calabria Centrale,https://www.lefrecce.it/Channels.Website.BFF.WEB/website/ticket/solutions,2026-09-07T12:52:23.353948Z
RomaTib-ReggioC,cheapest_overall,2026-11-18,21.9,IC 561,15:45,00:00,8h 15min,0,Super Economy (2ª CLASSE EASY),Reggio Di Calabria Centrale,https://www.lefrecce.it/Channels.Website.BFF.WEB/website/ticket/solutions,2026-09-07T12:52:34.858882Z
RomaTib-ReggioC,cheapest_direct_daytime,2026-11-18,50.9,FR 9583,12:43,18:59,6h 16min,0,FrecciaDAYS (BUSINESS),Reggio Di Calabria Centrale,https://www.lefrecce.it/Channels.Website.BFF.WEB/website/ticket/solutions,2026-09-07T12:52:34.858882Z
RomaTib-ReggioC,cheapest_overall,2026-11-19,21.9,IC 561,15:45,00:00,8h 15min,0,Super Economy (2ª CLASSE EASY),Reggio Di Calabria Centrale,https://www.lefrecce.it/Channels.Website.BFF.WEB/website/ticket/solutions,2026-09-07T12:52:44.519359Z
RomaTib-ReggioC,cheapest_direct_daytime,2026-11-19,50.9,FR 9583,12:43,18:59,6h 16min,0,FrecciaDAYS (BUSINESS),Reggio Di Calabria Centrale,https://www.lefrecce.it/Channels.Website.BFF.WEB/website/ticket/solutions,2026-09-07T12:52:44.519359Z
RomaTib-ReggioC,cheapest_overall,2026-11-20,27.9,NI 795,22:33,08:48,10h 15min,0,Super Economy (Posto a sedere 2ª classe-EASY),Reggio Di Calabria Centrale,https://www.lefrecce.it/Channels.Website.BFF.WEB/website/ticket/solutions,2026-09-07T12:52:59.164771Z
RomaTib-ReggioC,cheapest_direct_daytime,2026-11-20,61.9,FR 9583,12:43,18:59,6h 16min,0,Super Economy (STANDARD),Reggio Di Calabria Centrale,https://www.lefrecce.it/Channels.Website.BFF.WEB/website/ticket/solutions,2026-09-07T12:52:54.867777Z
RomaTib-ReggioC,cheapest_overall,2026-11-21,21.9,IC 1589,14:26,23:36,9h 10min,0,Super Economy (2ª CLASSE EASY),Reggio Di Calabria Centrale,https://www.lefrecce.it/Channels.Website.BFF.WEB/website/ticket/solutions,2026-09-07T12:53:06.327386Z
RomaTib-ReggioC,cheapest_direct_daytime,2026-11-21,21.9,IC 1589,14:26,23:36,9h 10min,0,Super Economy (2ª CLASSE EASY),Reggio Di Calabria Centrale,https://www.lefrecce.it/Channels.Website.BFF.WEB/website/ticket/solutions,2026-09-07T12:53:06.327386Z
RomaTib-ReggioC,cheapest_overall,2026-11-22,25.9,NI 795,22:32,09:45,11h 13min,0,Super Economy (Posto a sedere 2ª classe-EASY),Reggio Di Calabria Centrale,https://www.lefrecce.it/Channels.Website.BFF.WEB/website/ticket/solutions,2026-09-07T12:53:13.407756Z
RomaTib-ReggioC,cheapest_direct_daytime,2026-11-22,61.9,FR 9583,12:43,18:59,6h 16min,0,Super Economy (STANDARD),Reggio Di Calabria Centrale,https://www.lefrecce.it/Channels.Website.BFF.WEB/website/ticket/solutions,2026-09-07T12:53:10.163722Z
RomaTib-ReggioC,cheapest_overall,2026-11-23,21.9,IC 561,15:45,00:00,8h 15min,0,Super Economy (2ª CLASSE EASY),Reggio Di Calabria Centrale,https://www.lefrecce.it/Channels.Website.BFF.WEB/website/ticket/solutions,2026-09-07T12:53:20.311715Z
RomaTib-ReggioC,cheapest_direct_daytime,2026-11-23,56.9,FR 9583,12:43,18:59,6h 16min,0,Super Economy (STANDARD),Reggio Di Calabria Centrale,https://www.lefrecce.it/Channels.Website.BFF.WEB/website/ticket/solutions,2026-09-07T12:53:20.311715Z
RomaTib-ReggioC,cheapest_overall,2026-11-24,21.9,IC 561,15:45,00:00,8h 15min,0,Super Economy (2ª CLASSE EASY),Reggio Di Calabria Centrale,https://www.lefrecce.it/Channels.Website.BFF.WEB/website/ticket/solutions,2026-09-07T12:53:30.953225Z
RomaTib-ReggioC,cheapest_direct_daytime,2026-11-24,50.9,FR 9583,12:43,18:59,6h 16min,0,FrecciaDAYS (BUSINESS),Reggio Di Calabria Centrale,https://www.lefrecce.it/Channels.Website.BFF.WEB/website/ticket/solutions,2026-09-07T12:53:30.953225Z
RomaTib-ReggioC,cheapest_overall,2026-11-25,21.9,IC 561,15:45,00:00,8h 15min,0,Super Economy (2ª CLASSE EASY),Reggio Di Calabria Centrale,https://www.lefrecce.it/Channels.Website.BFF.WEB/website/ticket/solutions,2026-09-07T12:53:41.220861Z
RomaTib-ReggioC,cheapest_direct_daytime,2026-11-25,50.9,FR 9583,12:43,18:59,6h 16min,0,FrecciaDAYS (BUSINESS),Reggio Di Calabria Centrale,https://www.lefrecce.it/Channels.Website.BFF.WEB/website/ticket/solutions,2026-09-07T12:53:41.220861Z
RomaTib-ReggioC,cheapest_overall,2026-11-26,21.9,IC 561,15:45,00:00,8h 15min,0,Super Economy (2ª CLASSE EASY),Reggio Di Calabria Centrale,https://www.lefrecce.it/Channels.Website.BFF.WEB/website/ticket/solutions,2026-09-07T12:53:51.756020Z
RomaTib-ReggioC,cheapest_direct_daytime,2026-11-26,50.9,FR 9583,12:43,18:59,6h 16min,0,FrecciaDAYS (BUSINESS),Reggio Di Calabria Centrale,https://www.lefrecce.it/Channels.Website.BFF.WEB/website/ticket/solutions,2026-09-07T12:53:51.756020Z
RomaTib-ReggioC,cheapest_overall,2026-11-27,27.9,NI 795,22:33,08:48,10h 15min,0,Super Economy (Posto a sedere 2ª classe-EASY),Reggio Di Calabria Centrale,https://www.lefrecce.it/Channels.Website.BFF.WEB/website/ticket/solutions,2026-09-07T12:54:06.448611Z
RomaTib-ReggioC,cheapest_direct_daytime,2026-11-27,61.9,FR 9583,12:43,18:59,6h 16min,0,Super Economy (STANDARD),Reggio Di Calabria Centrale,https://www.lefrecce.it/Channels.Website.BFF.WEB/website/ticket/solutions,2026-09-07T12:54:03.458245Z
RomaTib-ReggioC,cheapest_overall,2026-11-28,21.9,IC 561,15:45,00:00,8h 15min,0,Super Economy (2ª CLASSE EASY),Reggio Di Calabria Centrale,https://www.lefrecce.it/Channels.Website.BFF.WEB/website/ticket/solutions,2026-09-07T12:54:14.304443Z
RomaTib-ReggioC,cheapest_direct_daytime,2026-11-28,65.9,FR 9583,12:43,18:59,6h 16min,0,Super Economy (PREMIUM),Reggio Di Calabria Centrale,https://www.lefrecce.it/Channels.Website.BFF.WEB/website/ticket/solutions,2026-09-07T12:54:10.433891Z
RomaTib-ReggioC,cheapest_overall,2026-11-29,25.9,NI 795,22:32,09:45,11h 13min,0,Super Economy (Posto a sedere 2ª classe-EASY),Reggio Di Calabria Centrale,https://www.lefrecce.it/Channels.Website.BFF.WEB/website/ticket/solutions,2026-09-07T12:54:23.607782Z
RomaTib-ReggioC,cheapest_direct_daytime,2026-11-29,61.9,FR 9583,12:43,18:59,6h 16min,0,Super Economy (STANDARD),Reggio Di Calabria Centrale,https://www.lefrecce.it/Channels.Website.BFF.WEB/website/ticket/solutions,2026-09-07T12:54:18.252600Z
RomaTib-ReggioC,cheapest_overall,2026-11-30,21.9,IC 561,15:45,00:00,8h 15min,0,Super Economy (2ª CLASSE EASY),Reggio Di Calabria Centrale,https://www.lefrecce.it/Channels.Website.BFF.WEB/website/ticket/solutions,2026-09-07T12:54:30.475444Z
RomaTib-ReggioC,cheapest_direct_daytime,2026-11-30,47.9,FR 9583,12:43,18:59,6h 16min,0,Super Economy (STANDARD),Reggio Di Calabria Centrale,https://www.lefrecce.it/Channels.Website.BFF.WEB/website/ticket/solutions,2026-09-07T12:54:30.475444Z
RomaTib-ReggioC,cheapest_overall,2026-12-01,21.9,IC 561,15:45,00:00,8h 15min,0,Super Economy (2ª CLASSE EASY),Reggio Di Calabria Centrale,https://www.lefrecce.it/Channels.Website.BFF.WEB/website/ticket/solutions,2026-09-07T12:54:41.558351Z
RomaTib-ReggioC,cheapest_direct_daytime,2026-12-01,39.9,FR 9583,12:43,18:59,6h 16min,0,Super Economy (STANDARD),Reggio Di Calabria Centrale,https://www.lefrecce.it/Channels.Website.BFF.WEB/website/ticket/solutions,2026-09-07T12:54:41.558351Z
RomaTib-ReggioC,cheapest_overall,2026-12-02,21.9,IC 561,15:45,00:00,8h 15min,0,Super Economy (2ª CLASSE EASY),Reggio Di Calabria Centrale,https://www.lefrecce.it/Channels.Website.BFF.WEB/website/ticket/solutions,2026-09-07T12:54:52.003815Z
RomaTib-ReggioC,cheapest_direct_daytime,2026-12-02,51.9,FR 9583,12:43,18:59,6h 16min,0,Super Economy (STANDARD),Reggio Di Calabria Centrale,https://www.lefrecce.it/Channels.Website.BFF.WEB/website/ticket/solutions,2026-09-07T12:54:52.003815Z
RomaTib-ReggioC,cheapest_overall,2026-12-03,21.9,IC 561,15:45,00:00,8h 15min,0,Super Economy (2ª CLASSE EASY),Reggio Di Calabria Centrale,https://www.lefrecce.it/Channels.Website.BFF.WEB/website/ticket/solutions,2026-09-07T12:55:02.393831Z
RomaTib-ReggioC,cheapest_direct_daytime,2026-12-03,76.9,FR 9583,12:43,18:59,6h 16min,0,Economy (STANDARD),Reggio Di Calabria Centrale,https://www.lefrecce.it/Channels.Website.BFF.WEB/website/ticket/solutions,2026-09-07T12:55:02.393831Z
RomaTib-VillaSG,cheapest_overall,2026-09-27,39.9,FR 8333,06:48,12:48,6h 00min,0,Super Economy (STANDARD),Villa S. Giovanni,https://www.lefrecce.it/Channels.Website.BFF.WEB/website/ticket/solutions,2026-09-07T12:51:25.121872Z
RomaTib-VillaSG,cheapest_direct_daytime,2026-09-27,76.9,FR 9587,14:43,21:16,6h 33min,0,Economy (STANDARD),Villa S. Giovanni,https://www.lefrecce.it/Channels.Website.BFF.WEB/website/ticket/solutions,2026-09-07T12:51:25.121872Z
RomaTib-VillaSG,cheapest_overall,2026-09-28,33.9,FR 8333,06:48,12:43,5h 55min,0,FrecciaDAYS (STANDARD),Villa S. Giovanni,https://www.lefrecce.it/Channels.Website.BFF.WEB/website/ticket/solutions,2026-09-07T12:51:32.947021Z
RomaTib-VillaSG,cheapest_direct_daytime,2026-09-28,66.9,FR 9587,14:43,21:08,6h 25min,0,Economy (STANDARD),Villa S. Giovanni,https://www.lefrecce.it/Channels.Website.BFF.WEB/website/ticket/solutions,2026-09-07T12:51:35.124041Z
RomaTib-VillaSG,cheapest_overall,2026-09-29,27.9,IC 561,15:45,23:40,7h 55min,0,Super Economy (2ª CLASSE EASY),Villa S. Giovanni,https://www.lefrecce.it/Channels.Website.BFF.WEB/website/ticket/solutions,2026-09-07T12:51:42.796551Z
RomaTib-VillaSG,cheapest_direct_daytime,2026-09-29,61.9,FR 9587,14:43,21:08,6h 25min,0,Super Economy (STANDARD),Villa S. Giovanni,https://www.lefrecce.it/Channels.Website.BFF.WEB/website/ticket/solutions,2026-09-07T12:51:42.796551Z
RomaTib-VillaSG,cheapest_overall,2026-09-30,33.9,FR 8333,06:48,12:43,5h 55min,0,FrecciaDAYS (STANDARD),Villa S. Giovanni,https://www.lefrecce.it/Channels.Website.BFF.WEB/website/ticket/solutions,2026-09-07T12:51:49.613107Z
RomaTib-VillaSG,cheapest_direct_daytime,2026-09-30,61.9,FR 9587,14:43,21:08,6h 25min,0,Super Economy (STANDARD),Villa S. Giovanni,https://www.lefrecce.it/Channels.Website.BFF.WEB/website/ticket/solutions,2026-09-07T12:51:51.857586Z
RomaTib-VillaSG,cheapest_overall,2026-10-01,33.9,FR 8333,06:48,12:43,5h 55min,0,FrecciaDAYS (STANDARD),Villa S. Giovanni,https://www.lefrecce.it/Channels.Website.BFF.WEB/website/ticket/solutions,2026-09-07T12:51:57.995308Z
RomaTib-VillaSG,cheapest_direct_daytime,2026-10-01,56.9,FR 9587,14:43,21:08,6h 25min,0,Super Economy (STANDARD),Villa S. Giovanni,https://www.lefrecce.it/Channels.Website.BFF.WEB/website/ticket/solutions,2026-09-07T12:52:00.513189Z
RomaTib-VillaSG,cheapest_overall,2026-10-02,33.9,FR 8333,06:48,12:43,5h 55min,0,FrecciaDAYS (STANDARD),Villa S. Giovanni,https://www.lefrecce.it/Channels.Website.BFF.WEB/website/ticket/solutions,2026-09-07T12:52:05.811804Z
RomaTib-VillaSG,cheapest_direct_daytime,2026-10-02,70.9,FR 9587,14:43,21:08,6h 25min,0,Super Economy (BUSINESS),Villa S. Giovanni,https://www.lefrecce.it/Channels.Website.BFF.WEB/website/ticket/solutions,2026-09-07T12:52:08.569659Z
RomaTib-VillaSG,cheapest_overall,2026-10-03,27.9,IC 561,15:45,23:40,7h 55min,0,Super Economy (2ª CLASSE EASY),Villa S. Giovanni,https://www.lefrecce.it/Channels.Website.BFF.WEB/website/ticket/solutions,2026-09-07T12:52:17.165689Z
RomaTib-VillaSG,cheapest_direct_daytime,2026-10-03,71.9,FR 9587,14:43,21:08,6h 25min,0,Economy (STANDARD),Villa S. Giovanni,https://www.lefrecce.it/Channels.Website.BFF.WEB/website/ticket/solutions,2026-09-07T12:52:17.165689Z
RomaTib-VillaSG,cheapest_overall,2026-10-04,33.9,FR 8333,06:48,12:43,5h 55min,0,FrecciaDAYS (STANDARD),Villa S. Giovanni,https://www.lefrecce.it/Channels.Website.BFF.WEB/website/ticket/solutions,2026-09-07T12:52:21.980413Z
RomaTib-VillaSG,cheapest_direct_daytime,2026-10-04,70.9,FR 9587,14:43,21:08,6h 25min,0,Super Economy (BUSINESS),Villa S. Giovanni,https://www.lefrecce.it/Channels.Website.BFF.WEB/website/ticket/solutions,2026-09-07T12:52:24.317604Z
RomaTib-VillaSG,cheapest_overall,2026-10-05,27.9,IC 561,15:45,23:40,7h 55min,0,Super Economy (2ª CLASSE EASY),Villa S. Giovanni,https://www.lefrecce.it/Channels.Website.BFF.WEB/website/ticket/solutions,2026-09-07T12:52:31.800293Z
RomaTib-VillaSG,cheapest_direct_daytime,2026-10-05,61.9,FR 9587,14:43,21:08,6h 25min,0,Super Economy (STANDARD),Villa S. Giovanni,https://www.lefrecce.it/Channels.Website.BFF.WEB/website/ticket/solutions,2026-09-07T12:52:31.800293Z
RomaTib-VillaSG,cheapest_overall,2026-10-06,27.9,IC 555,13:45,22:04,8h 19min,0,Super Economy (2ª CLASSE EASY),Villa S. Giovanni,https://www.lefrecce.it/Channels.Website.BFF.WEB/website/ticket/solutions,2026-09-07T12:52:40.245415Z
RomaTib-VillaSG,cheapest_direct_daytime,2026-10-06,56.9,FR 9587,14:43,21:08,6h 25min,0,Super Economy (STANDARD),Villa S. Giovanni,https://www.lefrecce.it/Channels.Website.BFF.WEB/website/ticket/solutions,2026-09-07T12:52:40.245415Z
RomaTib-VillaSG,cheapest_overall,2026-10-07,27.9,IC 561,15:45,23:40,7h 55min,0,Super Economy (2ª CLASSE EASY),Villa S. Giovanni,https://www.lefrecce.it/Channels.Website.BFF.WEB/website/ticket/solutions,2026-09-07T12:52:47.996319Z
RomaTib-VillaSG,cheapest_direct_daytime,2026-10-07,56.9,FR 9587,14:43,21:08,6h 25min,0,Super Economy (STANDARD),Villa S. Giovanni,https://www.lefrecce.it/Channels.Website.BFF.WEB/website/ticket/solutions,2026-09-07T12:52:47.996319Z
RomaTib-VillaSG,cheapest_overall,2026-10-08,21.9,IC 561,15:45,23:40,7h 55min,0,Super Economy (2ª CLASSE EASY),Villa S. Giovanni,https://www.lefrecce.it/Channels.Website.BFF.WEB/website/ticket/solutions,2026-09-07T12:52:56.457287Z
RomaTib-VillaSG,cheapest_direct_daytime,2026-10-08,56.9,FR 9587,14:43,21:08,6h 25min,0,Super Economy (STANDARD),Villa S. Giovanni,https://www.lefrecce.it/Channels.Website.BFF.WEB/website/ticket/solutions,2026-09-07T12:52:56.457287Z
RomaTib-VillaSG,cheapest_overall,2026-10-09,33.9,FR 8333,06:48,12:43,5h 55min,0,FrecciaDAYS (STANDARD),Villa S. Giovanni,https://www.lefrecce.it/Channels.Website.BFF.WEB/website/ticket/solutions,2026-09-07T12:53:02.555777Z
RomaTib-VillaSG,cheapest_direct_daytime,2026-10-09,70.9,FR 9587,14:43,21:08,6h 25min,0,Super Economy (BUSINESS),Villa S. Giovanni,https://www.lefrecce.it/Channels.Website.BFF.WEB/website/ticket/solutions,2026-09-07T12:53:04.713203Z
RomaTib-VillaSG,cheapest_overall,2026-10-10,27.9,IC 555,13:45,22:04,8h 19min,0,Super Economy (2ª CLASSE EASY),Villa S. Giovanni,https://www.lefrecce.it/Channels.Website.BFF.WEB/website/ticket/solutions,2026-09-07T12:53:13.527019Z
RomaTib-VillaSG,cheapest_direct_daytime,2026-10-10,27.9,IC 1589,14:26,23:16,8h 50min,0,Super Economy (2ª CLASSE EASY),Villa S. Giovanni,https://www.lefrecce.it/Channels.Website.BFF.WEB/website/ticket/solutions,2026-09-07T12:53:13.527019Z
RomaTib-VillaSG,cheapest_overall,2026-10-11,33.9,FR 8333,06:48,12:43,5h 55min,0,FrecciaDAYS (STANDARD),Villa S. Giovanni,https://www.lefrecce.it/Channels.Website.BFF.WEB/website/ticket/solutions,2026-09-07T12:53:18.882644Z
RomaTib-VillaSG,cheapest_direct_daytime,2026-10-11,71.9,FR 9587,14:43,21:08,6h 25min,0,Economy (STANDARD),Villa S. Giovanni,https://www.lefrecce.it/Channels.Website.BFF.WEB/website/ticket/solutions,2026-09-07T12:53:21.261030Z
RomaTib-VillaSG,cheapest_overall,2026-10-12,21.9,IC 561,15:45,23:40,7h 55min,0,Super Economy (2ª CLASSE EASY),Villa S. Giovanni,https://www.lefrecce.it/Channels.Website.BFF.WEB/website/ticket/solutions,2026-09-07T12:53:27.034031Z
RomaTib-VillaSG,cheapest_direct_daytime,2026-10-12,61.9,FR 9587,14:43,21:08,6h 25min,0,Super Economy (STANDARD),Villa S. Giovanni,https://www.lefrecce.it/Channels.Website.BFF.WEB/website/ticket/solutions,2026-09-07T12:53:27.034031Z
RomaTib-VillaSG,cheapest_overall,2026-10-13,21.9,IC 561,15:45,23:40,7h 55min,0,Super Economy (2ª CLASSE EASY),Villa S. Giovanni,https://www.lefrecce.it/Channels.Website.BFF.WEB/website/ticket/solutions,2026-09-07T12:53:35.370564Z
RomaTib-VillaSG,cheapest_direct_daytime,2026-10-13,56.9,FR 9587,14:43,21:08,6h 25min,0,Super Economy (STANDARD),Villa S. Giovanni,https://www.lefrecce.it/Channels.Website.BFF.WEB/website/ticket/solutions,2026-09-07T12:53:35.370564Z
RomaTib-VillaSG,cheapest_overall,2026-10-14,21.9,IC 561,15:45,23:40,7h 55min,0,Super Economy (2ª CLASSE EASY),Villa S. Giovanni,https://www.lefrecce.it/Channels.Website.BFF.WEB/website/ticket/solutions,2026-09-07T12:53:44.208094Z
RomaTib-VillaSG,cheapest_direct_daytime,2026-10-14,56.9,FR 9587,14:43,21:08,6h 25min,0,Super Economy (STANDARD),Villa S. Giovanni,https://www.lefrecce.it/Channels.Website.BFF.WEB/website/ticket/solutions,2026-09-07T12:53:44.208094Z
RomaTib-VillaSG,cheapest_overall,2026-10-15,27.9,IC 555,13:45,22:04,8h 19min,0,Super Economy (2ª CLASSE EASY),Villa S. Giovanni,https://www.lefrecce.it/Channels.Website.BFF.WEB/website/ticket/solutions,2026-09-07T12:53:53.078723Z
RomaTib-VillaSG,cheapest_direct_daytime,2026-10-15,56.9,FR 9587,14:43,21:08,6h 25min,0,Super Economy (STANDARD),Villa S. Giovanni,https://www.lefrecce.it/Channels.Website.BFF.WEB/website/ticket/solutions,2026-09-07T12:53:53.078723Z
RomaTib-VillaSG,cheapest_overall,2026-10-16,33.9,FR 8333,06:48,12:43,5h 55min,0,FrecciaDAYS (STANDARD),Villa S. Giovanni,https://www.lefrecce.it/Channels.Website.BFF.WEB/website/ticket/solutions,2026-09-07T12:53:59.620799Z
RomaTib-VillaSG,cheapest_direct_daytime,2026-10-16,66.9,FR 9587,14:43,21:08,6h 25min,0,Economy (STANDARD),Villa S. Giovanni,https://www.lefrecce.it/Channels.Website.BFF.WEB/website/ticket/solutions,2026-09-07T12:54:01.998996Z
RomaTib-VillaSG,cheapest_overall,2026-10-17,27.9,IC 555,13:45,22:04,8h 19min,0,Super Economy (2ª CLASSE EASY),Villa S. Giovanni,https://www.lefrecce.it/Channels.Website.BFF.WEB/website/ticket/solutions,2026-09-07T12:54:10.794824Z
RomaTib-VillaSG,cheapest_direct_daytime,2026-10-17,27.9,IC 1589,14:26,23:16,8h 50min,0,Super Economy (2ª CLASSE EASY),Villa S. Giovanni,https://www.lefrecce.it/Channels.Website.BFF.WEB/website/ticket/solutions,2026-09-07T12:54:10.794824Z
RomaTib-VillaSG,cheapest_overall,2026-10-18,40.9,IC 555,13:45,22:04,8h 19min,0,Super Economy (2ª CLASSE EASY),Villa S. Giovanni,https://www.lefrecce.it/Channels.Website.BFF.WEB/website/ticket/solutions,2026-09-07T12:54:16.028258Z
RomaTib-VillaSG,cheapest_direct_daytime,2026-10-18,70.9,FR 9587,14:43,21:08,6h 25min,0,Super Economy (BUSINESS),Villa S. Giovanni,https://www.lefrecce.it/Channels.Website.BFF.WEB/website/ticket/solutions,2026-09-07T12:54:18.316621Z
RomaTib-VillaSG,cheapest_overall,2026-10-19,25.9,NI 795,22:33,08:24,9h 51min,0,Super Economy (Posto a sedere 2ª classe-EASY),Villa S. Giovanni,https://www.lefrecce.it/Channels.Website.BFF.WEB/website/ticket/solutions,2026-09-07T12:54:27.482448Z
RomaTib-VillaSG,cheapest_direct_daytime,2026-10-19,61.9,FR 9587,14:43,21:08,6h 25min,0,Super Economy (STANDARD),Villa S. Giovanni,https://www.lefrecce.it/Channels.Website.BFF.WEB/website/ticket/solutions,2026-09-07T12:54:25.088036Z
RomaTib-VillaSG,cheapest_overall,2026-10-20,21.9,IC 561,15:45,23:40,7h 55min,0,Super Economy (2ª CLASSE EASY),Villa S. Giovanni,https://www.lefrecce.it/Channels.Website.BFF.WEB/website/ticket/solutions,2026-09-07T12:54:34.099549Z
RomaTib-VillaSG,cheapest_direct_daytime,2026-10-20,56.9,FR 9587,14:43,21:08,6h 25min,0,Super Economy (STANDARD),Villa S. Giovanni,https://www.lefrecce.it/Channels.Website.BFF.WEB/website/ticket/solutions,2026-09-07T12:54:34.099549Z
RomaTib-VillaSG,cheapest_overall,2026-10-21,21.9,IC 561,15:45,23:40,7h 55min,0,Super Economy (2ª CLASSE EASY),Villa S. Giovanni,https://www.lefrecce.it/Channels.Website.BFF.WEB/website/ticket/solutions,2026-09-07T12:54:43.103807Z
RomaTib-VillaSG,cheapest_direct_daytime,2026-10-21,56.9,FR 9587,14:43,21:08,6h 25min,0,Super Economy (STANDARD),Villa S. Giovanni,https://www.lefrecce.it/Channels.Website.BFF.WEB/website/ticket/solutions,2026-09-07T12:54:43.103807Z
RomaTib-VillaSG,cheapest_overall,2026-10-22,23.9,NI 795,22:33,08:23,9h 50min,0,Super Economy (Posto a sedere 2ª classe-EASY),Villa S. Giovanni,https://www.lefrecce.it/Channels.Website.BFF.WEB/website/ticket/solutions,2026-09-07T12:54:53.336501Z
RomaTib-VillaSG,cheapest_direct_daytime,2026-10-22,56.9,FR 9587,14:43,21:08,6h 25min,0,Super Economy (STANDARD),Villa S. Giovanni,https://www.lefrecce.it/Channels.Website.BFF.WEB/website/ticket/solutions,2026-09-07T12:54:50.989605Z
RomaTib-VillaSG,cheapest_overall,2026-10-23,28.9,NI 795,22:33,08:23,9h 50min,0,Super Economy (Posto a sedere 2ª classe-EASY),Villa S. Giovanni,https://www.lefrecce.it/Channels.Website.BFF.WEB/website/ticket/solutions,2026-09-07T12:55:02.890784Z
RomaTib-VillaSG,cheapest_direct_daytime,2026-10-23,66.9,FR 9587,14:43,21:08,6h 25min,0,Economy (STANDARD),Villa S. Giovanni,https://www.lefrecce.it/Channels.Website.BFF.WEB/website/ticket/solutions,2026-09-07T12:54:59.651763Z
RomaTib-VillaSG,cheapest_overall,2026-10-24,21.9,IC 561,15:45,23:40,7h 55min,0,Super Economy (2ª CLASSE EASY),Villa S. Giovanni,https://www.lefrecce.it/Channels.Website.BFF.WEB/website/ticket/solutions,2026-09-07T12:55:11.237599Z
RomaTib-VillaSG,cheapest_direct_daytime,2026-10-24,27.9,IC 1589,14:26,23:16,8h 50min,0,Super Economy (2ª CLASSE EASY),Villa S. Giovanni,https://www.lefrecce.it/Channels.Website.BFF.WEB/website/ticket/solutions,2026-09-07T12:55:11.237599Z
RomaTib-VillaSG,cheapest_overall,2026-10-25,33.9,FR 8333,06:48,12:43,5h 55min,0,FrecciaDAYS (STANDARD),Villa S. Giovanni,https://www.lefrecce.it/Channels.Website.BFF.WEB/website/ticket/solutions,2026-09-07T12:55:16.115300Z
RomaTib-VillaSG,cheapest_direct_daytime,2026-10-25,66.9,FR 9587,14:43,21:08,6h 25min,0,Economy (STANDARD),Villa S. Giovanni,https://www.lefrecce.it/Channels.Website.BFF.WEB/website/ticket/solutions,2026-09-07T12:55:18.742334Z
RomaTib-VillaSG,cheapest_overall,2026-10-26,21.9,IC 561,15:45,23:40,7h 55min,0,Super Economy (2ª CLASSE EASY),Villa S. Giovanni,https://www.lefrecce.it/Channels.Website.BFF.WEB/website/ticket/solutions,2026-09-07T12:55:24.802316Z
RomaTib-VillaSG,cheapest_direct_daytime,2026-10-26,61.9,FR 9587,14:43,21:08,6h 25min,0,Super Economy (STANDARD),Villa S. Giovanni,https://www.lefrecce.it/Channels.Website.BFF.WEB/website/ticket/solutions,2026-09-07T12:55:24.802316Z
RomaTib-VillaSG,cheapest_overall,2026-10-27,21.9,IC 561,15:45,23:40,7h 55min,0,Super Economy (2ª CLASSE EASY),Villa S. Giovanni,https://www.lefrecce.it/Channels.Website.BFF.WEB/website/ticket/solutions,2026-09-07T12:55:33.291578Z
RomaTib-VillaSG,cheapest_direct_daytime,2026-10-27,56.9,FR 9587,14:43,21:08,6h 25min,0,Super Economy (STANDARD),Villa S. Giovanni,https://www.lefrecce.it/Channels.Website.BFF.WEB/website/ticket/solutions,2026-09-07T12:55:33.291578Z
RomaTib-VillaSG,cheapest_overall,2026-10-28,21.9,IC 561,15:45,23:40,7h 55min,0,Super Economy (2ª CLASSE EASY),Villa S. Giovanni,https://www.lefrecce.it/Channels.Website.BFF.WEB/website/ticket/solutions,2026-09-07T12:55:43.992444Z
RomaTib-VillaSG,cheapest_direct_daytime,2026-10-28,56.9,FR 9587,14:43,21:08,6h 25min,0,Super Economy (STANDARD),Villa S. Giovanni,https://www.lefrecce.it/Channels.Website.BFF.WEB/website/ticket/solutions,2026-09-07T12:55:43.992444Z
RomaTib-VillaSG,cheapest_overall,2026-10-29,21.9,IC 561,15:45,23:40,7h 55min,0,Super Economy (2ª CLASSE EASY),Villa S. Giovanni,https://www.lefrecce.it/Channels.Website.BFF.WEB/website/ticket/solutions,2026-09-07T12:55:52.282253Z
RomaTib-VillaSG,cheapest_direct_daytime,2026-10-29,56.9,FR 9587,14:43,21:08,6h 25min,0,Super Economy (STANDARD),Villa S. Giovanni,https://www.lefrecce.it/Channels.Website.BFF.WEB/website/ticket/solutions,2026-09-07T12:55:52.282253Z
RomaTib-VillaSG,cheapest_overall,2026-10-30,33.9,FR 8333,06:48,12:43,5h 55min,0,FrecciaDAYS (STANDARD),Villa S. Giovanni,https://www.lefrecce.it/Channels.Website.BFF.WEB/website/ticket/solutions,2026-09-07T12:56:00.041528Z
RomaTib-VillaSG,cheapest_direct_daytime,2026-10-30,66.9,FR 9587,14:43,21:08,6h 25min,0,Economy (STANDARD),Villa S. Giovanni,https://www.lefrecce.it/Channels.Website.BFF.WEB/website/ticket/solutions,2026-09-07T12:56:02.567962Z
RomaTib-VillaSG,cheapest_overall,2026-10-31,21.9,IC 1589,14:26,23:16,8h 50min,0,Super Economy (2ª CLASSE EASY),Villa S. Giovanni,https://www.lefrecce.it/Channels.Website.BFF.WEB/website/ticket/solutions,2026-09-07T12:56:13.283989Z
RomaTib-VillaSG,cheapest_direct_daytime,2026-10-31,21.9,IC 1589,14:26,23:16,8h 50min,0,Super Economy (2ª CLASSE EASY),Villa S. Giovanni,https://www.lefrecce.it/Channels.Website.BFF.WEB/website/ticket/solutions,2026-09-07T12:56:13.283989Z
RomaTib-VillaSG,cheapest_overall,2026-11-01,33.9,FR 8333,06:49,12:43,5h 54min,0,FrecciaDAYS (STANDARD),Villa S. Giovanni,https://www.lefrecce.it/Channels.Website.BFF.WEB/website/ticket/solutions,2026-09-07T12:56:19.069703Z
RomaTib-VillaSG,cheapest_direct_daytime,2026-11-01,66.9,FR 9583,12:43,18:35,5h 52min,0,Economy (STANDARD),Villa S. Giovanni,https://www.lefrecce.it/Channels.Website.BFF.WEB/website/ticket/solutions,2026-09-07T12:56:19.069703Z
RomaTib-VillaSG,cheapest_overall,2026-11-02,21.9,IC 561,15:45,23:40,7h 55min,0,Super Economy (2ª CLASSE EASY),Villa S. Giovanni,https://www.lefrecce.it/Channels.Website.BFF.WEB/website/ticket/solutions,2026-09-07T12:56:28.014922Z
RomaTib-VillaSG,cheapest_direct_daytime,2026-11-02,56.9,FR 9583,12:43,18:35,5h 52min,0,Super Economy (STANDARD),Villa S. Giovanni,https://www.lefrecce.it/Channels.Website.BFF.WEB/website/ticket/solutions,2026-09-07T12:56:28.014922Z
RomaTib-VillaSG,cheapest_overall,2026-11-03,21.9,IC 561,15:45,23:40,7h 55min,0,Super Economy (2ª CLASSE EASY),Villa S. Giovanni,https://www.lefrecce.it/Channels.Website.BFF.WEB/website/ticket/solutions,2026-09-07T12:56:37.106583Z
RomaTib-VillaSG,cheapest_direct_daytime,2026-11-03,50.9,FR 9583,12:43,18:35,5h 52min,0,FrecciaDAYS (BUSINESS),Villa S. Giovanni,https://www.lefrecce.it/Channels.Website.BFF.WEB/website/ticket/solutions,2026-09-07T12:56:37.106583Z
RomaTib-VillaSG,cheapest_overall,2026-11-04,21.9,IC 561,15:45,23:40,7h 55min,0,Super Economy (2ª CLASSE EASY),Villa S. Giovanni,https://www.lefrecce.it/Channels.Website.BFF.WEB/website/ticket/solutions,2026-09-07T12:56:47.527648Z
RomaTib-VillaSG,cheapest_direct_daytime,2026-11-04,50.9,FR 9583,12:43,18:35,5h 52min,0,FrecciaDAYS (BUSINESS),Villa S. Giovanni,https://www.lefrecce.it/Channels.Website.BFF.WEB/website/ticket/solutions,2026-09-07T12:56:47.527648Z
RomaTib-VillaSG,cheapest_overall,2026-11-05,21.9,IC 561,15:45,23:40,7h 55min,0,Super Economy (2ª CLASSE EASY),Villa S. Giovanni,https://www.lefrecce.it/Channels.Website.BFF.WEB/website/ticket/solutions,2026-09-07T12:56:59.098753Z
RomaTib-VillaSG,cheapest_direct_daytime,2026-11-05,50.9,FR 9587,14:43,21:08,6h 25min,0,FrecciaDAYS (BUSINESS),Villa S. Giovanni,https://www.lefrecce.it/Channels.Website.BFF.WEB/website/ticket/solutions,2026-09-07T12:56:59.098753Z
RomaTib-VillaSG,cheapest_overall,2026-11-06,27.9,NI 795,22:33,08:25,9h 52min,0,Super Economy (Posto a sedere 2ª classe-EASY),Villa S. Giovanni,https://www.lefrecce.it/Channels.Website.BFF.WEB/website/ticket/solutions,2026-09-07T12:57:12.755833Z
RomaTib-VillaSG,cheapest_direct_daytime,2026-11-06,61.9,FR 9583,12:43,18:35,5h 52min,0,Super Economy (STANDARD),Villa S. Giovanni,https://www.lefrecce.it/Channels.Website.BFF.WEB/website/ticket/solutions,2026-09-07T12:57:09.499853Z
RomaTib-VillaSG,cheapest_overall,2026-11-07,21.9,IC 561,15:45,23:40,7h 55min,0,Super Economy (2ª CLASSE EASY),Villa S. Giovanni,https://www.lefrecce.it/Channels.Website.BFF.WEB/website/ticket/solutions,2026-09-07T12:57:21.370599Z
RomaTib-VillaSG,cheapest_direct_daytime,2026-11-07,65.9,FR 9587,14:43,21:08,6h 25min,0,Super Economy (PREMIUM),Villa S. Giovanni,https://www.lefrecce.it/Channels.Website.BFF.WEB/website/ticket/solutions,2026-09-07T12:57:21.370599Z
RomaTib-VillaSG,cheapest_overall,2026-11-08,33.9,FR 8333,06:49,12:43,5h 54min,0,FrecciaDAYS (STANDARD),Villa S. Giovanni,https://www.lefrecce.it/Channels.Website.BFF.WEB/website/ticket/solutions,2026-09-07T12:57:26.084794Z
RomaTib-VillaSG,cheapest_direct_daytime,2026-11-08,,NO_DIRECT_DAYTIME_SOLUTION,,,,,,,https://www.lefrecce.it/Channels.Website.BFF.WEB/website/ticket/solutions,2026-09-07T12:57:26.084794Z
RomaTib-VillaSG,cheapest_overall,2026-11-09,21.9,IC 561,15:45,23:40,7h 55min,0,Super Economy (2ª CLASSE EASY),Villa S. Giovanni,https://www.lefrecce.it/Channels.Website.BFF.WEB/website/ticket/solutions,2026-09-07T12:57:34.596529Z
RomaTib-VillaSG,cheapest_direct_daytime,2026-11-09,56.9,FR 9583,12:43,18:35,5h 52min,0,Super Economy (STANDARD),Villa S. Giovanni,https://www.lefrecce.it/Channels.Website.BFF.WEB/website/ticket/solutions,2026-09-07T12:57:34.596529Z
RomaTib-VillaSG,cheapest_overall,2026-11-10,21.9,IC 561,15:45,23:40,7h 55min,0,Super Economy (2ª CLASSE EASY),Villa S. Giovanni,https://www.lefrecce.it/Channels.Website.BFF.WEB/website/ticket/solutions,2026-09-07T12:57:44.007439Z
RomaTib-VillaSG,cheapest_direct_daytime,2026-11-10,50.9,FR 9583,12:43,18:35,5h 52min,0,FrecciaDAYS (BUSINESS),Villa S. Giovanni,https://www.lefrecce.it/Channels.Website.BFF.WEB/website/ticket/solutions,2026-09-07T12:57:44.007439Z
RomaTib-VillaSG,cheapest_overall,2026-11-11,21.9,IC 561,15:45,23:40,7h 55min,0,Super Economy (2ª CLASSE EASY),Villa S. Giovanni,https://www.lefrecce.it/Channels.Website.BFF.WEB/website/ticket/solutions,2026-09-07T12:57:54.899448Z
RomaTib-VillaSG,cheapest_direct_daytime,2026-11-11,50.9,FR 9583,12:43,18:35,5h 52min,0,FrecciaDAYS (BUSINESS),Villa S. Giovanni,https://www.lefrecce.it/Channels.Website.BFF.WEB/website/ticket/solutions,2026-09-07T12:57:54.899448Z
RomaTib-VillaSG,cheapest_overall,2026-11-12,21.9,IC 561,15:45,23:40,7h 55min,0,Super Economy (2ª CLASSE EASY),Villa S. Giovanni,https://www.lefrecce.it/Channels.Website.BFF.WEB/website/ticket/solutions,2026-09-07T12:58:03.605442Z
RomaTib-VillaSG,cheapest_direct_daytime,2026-11-12,50.9,FR 9587,14:43,21:08,6h 25min,0,FrecciaDAYS (BUSINESS),Villa S. Giovanni,https://www.lefrecce.it/Channels.Website.BFF.WEB/website/ticket/solutions,2026-09-07T12:58:03.605442Z
RomaTib-VillaSG,cheapest_overall,2026-11-13,27.9,NI 795,22:33,08:25,9h 52min,0,Super Economy (Posto a sedere 2ª classe-EASY),Villa S. Giovanni,https://www.lefrecce.it/Channels.Website.BFF.WEB/website/ticket/solutions,2026-09-07T12:58:14.557510Z
RomaTib-VillaSG,cheapest_direct_daytime,2026-11-13,61.9,FR 9583,12:43,18:35,5h 52min,0,Super Economy (STANDARD),Villa S. Giovanni,https://www.lefrecce.it/Channels.Website.BFF.WEB/website/ticket/solutions,2026-09-07T12:58:12.178547Z
RomaTib-VillaSG,cheapest_overall,2026-11-14,21.9,IC 1589,14:26,23:16,8h 50min,0,Super Economy (2ª CLASSE EASY),Villa S. Giovanni,https://www.lefrecce.it/Channels.Website.BFF.WEB/website/ticket/solutions,2026-09-07T12:58:21.327717Z
RomaTib-VillaSG,cheapest_direct_daytime,2026-11-14,21.9,IC 1589,14:26,23:16,8h 50min,0,Super Economy (2ª CLASSE EASY),Villa S. Giovanni,https://www.lefrecce.it/Channels.Website.BFF.WEB/website/ticket/solutions,2026-09-07T12:58:21.327717Z
RomaTib-VillaSG,cheapest_overall,2026-11-15,33.9,FR 8333,06:49,12:43,5h 54min,0,FrecciaDAYS (STANDARD),Villa S. Giovanni,https://www.lefrecce.it/Channels.Website.BFF.WEB/website/ticket/solutions,2026-09-07T12:58:30.945865Z
RomaTib-VillaSG,cheapest_direct_daytime,2026-11-15,61.9,FR 9587,14:43,21:08,6h 25min,0,Super Economy (STANDARD),Villa S. Giovanni,https://www.lefrecce.it/Channels.Website.BFF.WEB/website/ticket/solutions,2026-09-07T12:58:33.825153Z
RomaTib-VillaSG,cheapest_overall,2026-11-16,21.9,IC 561,15:45,23:40,7h 55min,0,Super Economy (2ª CLASSE EASY),Villa S. Giovanni,https://www.lefrecce.it/Channels.Website.BFF.WEB/website/ticket/solutions,2026-09-07T12:58:40.784706Z
RomaTib-VillaSG,cheapest_direct_daytime,2026-11-16,56.9,FR 9583,12:43,18:35,5h 52min,0,Super Economy (STANDARD),Villa S. Giovanni,https://www.lefrecce.it/Channels.Website.BFF.WEB/website/ticket/solutions,2026-09-07T12:58:40.784706Z
RomaTib-VillaSG,cheapest_overall,2026-11-17,21.9,IC 561,15:45,23:40,7h 55min,0,Super Economy (2ª CLASSE EASY),Villa S. Giovanni,https://www.lefrecce.it/Channels.Website.BFF.WEB/website/ticket/solutions,2026-09-07T12:58:49.570136Z
RomaTib-VillaSG,cheapest_direct_daytime,2026-11-17,50.9,FR 9583,12:43,18:35,5h 52min,0,FrecciaDAYS (BUSINESS),Villa S. Giovanni,https://www.lefrecce.it/Channels.Website.BFF.WEB/website/ticket/solutions,2026-09-07T12:58:49.570136Z
RomaTib-VillaSG,cheapest_overall,2026-11-18,21.9,IC 561,15:45,23:40,7h 55min,0,Super Economy (2ª CLASSE EASY),Villa S. Giovanni,https://www.lefrecce.it/Channels.Website.BFF.WEB/website/ticket/solutions,2026-09-07T12:58:58.379305Z
RomaTib-VillaSG,cheapest_direct_daytime,2026-11-18,50.9,FR 9583,12:43,18:35,5h 52min,0,FrecciaDAYS (BUSINESS),Villa S. Giovanni,https://www.lefrecce.it/Channels.Website.BFF.WEB/website/ticket/solutions,2026-09-07T12:58:58.379305Z
RomaTib-VillaSG,cheapest_overall,2026-11-19,21.9,IC 561,15:45,23:40,7h 55min,0,Super Economy (2ª CLASSE EASY),Villa S. Giovanni,https://www.lefrecce.it/Channels.Website.BFF.WEB/website/ticket/solutions,2026-09-07T12:59:07.705275Z
RomaTib-VillaSG,cheapest_direct_daytime,2026-11-19,50.9,FR 9583,12:43,18:35,5h 52min,0,FrecciaDAYS (BUSINESS),Villa S. Giovanni,https://www.lefrecce.it/Channels.Website.BFF.WEB/website/ticket/solutions,2026-09-07T12:59:07.705275Z
RomaTib-VillaSG,cheapest_overall,2026-11-20,27.9,NI 795,22:33,08:25,9h 52min,0,Super Economy (Posto a sedere 2ª classe-EASY),Villa S. Giovanni,https://www.lefrecce.it/Channels.Website.BFF.WEB/website/ticket/solutions,2026-09-07T12:59:18.241583Z
RomaTib-VillaSG,cheapest_direct_daytime,2026-11-20,61.9,FR 9583,12:43,18:35,5h 52min,0,Super Economy (STANDARD),Villa S. Giovanni,https://www.lefrecce.it/Channels.Website.BFF.WEB/website/ticket/solutions,2026-09-07T12:59:15.685682Z
RomaTib-VillaSG,cheapest_overall,2026-11-21,21.9,IC 1589,14:26,23:16,8h 50min,0,Super Economy (2ª CLASSE EASY),Villa S. Giovanni,https://www.lefrecce.it/Channels.Website.BFF.WEB/website/ticket/solutions,2026-09-07T12:59:23.939179Z
RomaTib-VillaSG,cheapest_direct_daytime,2026-11-21,21.9,IC 1589,14:26,23:16,8h 50min,0,Super Economy (2ª CLASSE EASY),Villa S. Giovanni,https://www.lefrecce.it/Channels.Website.BFF.WEB/website/ticket/solutions,2026-09-07T12:59:23.939179Z
RomaTib-VillaSG,cheapest_overall,2026-11-22,33.9,FR 8333,06:49,12:43,5h 54min,0,FrecciaDAYS (STANDARD),Villa S. Giovanni,https://www.lefrecce.it/Channels.Website.BFF.WEB/website/ticket/solutions,2026-09-07T12:59:29.131374Z
RomaTib-VillaSG,cheapest_direct_daytime,2026-11-22,61.9,FR 9583,12:43,18:35,5h 52min,0,Super Economy (STANDARD),Villa S. Giovanni,https://www.lefrecce.it/Channels.Website.BFF.WEB/website/ticket/solutions,2026-09-07T12:59:29.131374Z
RomaTib-VillaSG,cheapest_overall,2026-11-23,21.9,IC 561,15:45,23:40,7h 55min,0,Super Economy (2ª CLASSE EASY),Villa S. Giovanni,https://www.lefrecce.it/Channels.Website.BFF.WEB/website/ticket/solutions,2026-09-07T12:59:37.567695Z
RomaTib-VillaSG,cheapest_direct_daytime,2026-11-23,56.9,FR 9583,12:43,18:35,5h 52min,0,Super Economy (STANDARD),Villa S. Giovanni,https://www.lefrecce.it/Channels.Website.BFF.WEB/website/ticket/solutions,2026-09-07T12:59:37.567695Z
RomaTib-VillaSG,cheapest_overall,2026-11-24,21.9,IC 561,15:45,23:40,7h 55min,0,Super Economy (2ª CLASSE EASY),Villa S. Giovanni,https://www.lefrecce.it/Channels.Website.BFF.WEB/website/ticket/solutions,2026-09-07T12:59:45.388993Z
RomaTib-VillaSG,cheapest_direct_daytime,2026-11-24,50.9,FR 9583,12:43,18:35,5h 52min,0,FrecciaDAYS (BUSINESS),Villa S. Giovanni,https://www.lefrecce.it/Channels.Website.BFF.WEB/website/ticket/solutions,2026-09-07T12:59:45.388993Z
RomaTib-VillaSG,cheapest_overall,2026-11-25,21.9,IC 561,15:45,23:40,7h 55min,0,Super Economy (2ª CLASSE EASY),Villa S. Giovanni,https://www.lefrecce.it/Channels.Website.BFF.WEB/website/ticket/solutions,2026-09-07T12:59:53.158713Z
RomaTib-VillaSG,cheapest_direct_daytime,2026-11-25,50.9,FR 9583,12:43,18:35,5h 52min,0,FrecciaDAYS (BUSINESS),Villa S. Giovanni,https://www.lefrecce.it/Channels.Website.BFF.WEB/website/ticket/solutions,2026-09-07T12:59:53.158713Z
RomaTib-VillaSG,cheapest_overall,2026-11-26,21.9,IC 561,15:45,23:40,7h 55min,0,Super Economy (2ª CLASSE EASY),Villa S. Giovanni,https://www.lefrecce.it/Channels.Website.BFF.WEB/website/ticket/solutions,2026-09-07T13:00:02.001117Z
RomaTib-VillaSG,cheapest_direct_daytime,2026-11-26,50.9,FR 9583,12:43,18:35,5h 52min,0,FrecciaDAYS (BUSINESS),Villa S. Giovanni,https://www.lefrecce.it/Channels.Website.BFF.WEB/website/ticket/solutions,2026-09-07T13:00:02.001117Z
RomaTib-VillaSG,cheapest_overall,2026-11-27,27.9,NI 795,22:33,08:25,9h 52min,0,Super Economy (Posto a sedere 2ª classe-EASY),Villa S. Giovanni,https://www.lefrecce.it/Channels.Website.BFF.WEB/website/ticket/solutions,2026-09-07T13:00:16.187047Z
RomaTib-VillaSG,cheapest_direct_daytime,2026-11-27,61.9,FR 9583,12:43,18:35,5h 52min,0,Super Economy (STANDARD),Villa S. Giovanni,https://www.lefrecce.it/Channels.Website.BFF.WEB/website/ticket/solutions,2026-09-07T13:00:13.095967Z
RomaTib-VillaSG,cheapest_overall,2026-11-28,21.9,IC 561,15:45,23:40,7h 55min,0,Super Economy (2ª CLASSE EASY),Villa S. Giovanni,https://www.lefrecce.it/Channels.Website.BFF.WEB/website/ticket/solutions,2026-09-07T13:00:24.528061Z
RomaTib-VillaSG,cheapest_direct_daytime,2026-11-28,65.9,FR 9583,12:43,18:35,5h 52min,0,Super Economy (PREMIUM),Villa S. Giovanni,https://www.lefrecce.it/Channels.Website.BFF.WEB/website/ticket/solutions,2026-09-07T13:00:20.814320Z
RomaTib-VillaSG,cheapest_overall,2026-11-29,37.9,IC 555,13:45,22:04,8h 19min,0,Super Economy (1ª CLASSE PLUS),Villa S. Giovanni,https://www.lefrecce.it/Channels.Website.BFF.WEB/website/ticket/solutions,2026-09-07T13:00:30.150169Z
RomaTib-VillaSG,cheapest_direct_daytime,2026-11-29,61.9,FR 9583,12:43,18:35,5h 52min,0,Super Economy (STANDARD),Villa S. Giovanni,https://www.lefrecce.it/Channels.Website.BFF.WEB/website/ticket/solutions,2026-09-07T13:00:30.150169Z
RomaTib-VillaSG,cheapest_overall,2026-11-30,21.9,IC 561,15:45,23:40,7h 55min,0,Super Economy (2ª CLASSE EASY),Villa S. Giovanni,https://www.lefrecce.it/Channels.Website.BFF.WEB/website/ticket/solutions,2026-09-07T13:00:39.444498Z
RomaTib-VillaSG,cheapest_direct_daytime,2026-11-30,47.9,FR 9583,12:43,18:35,5h 52min,0,Super Economy (STANDARD),Villa S. Giovanni,https://www.lefrecce.it/Channels.Website.BFF.WEB/website/ticket/solutions,2026-09-07T13:00:39.444498Z
RomaTib-VillaSG,cheapest_overall,2026-12-01,21.9,IC 561,15:45,23:40,7h 55min,0,Super Economy (2ª CLASSE EASY),Villa S. Giovanni,https://www.lefrecce.it/Channels.Website.BFF.WEB/website/ticket/solutions,2026-09-07T13:00:50.477597Z
RomaTib-VillaSG,cheapest_direct_daytime,2026-12-01,39.9,FR 9583,12:43,18:35,5h 52min,0,Super Economy (STANDARD),Villa S. Giovanni,https://www.lefrecce.it/Channels.Website.BFF.WEB/website/ticket/solutions,2026-09-07T13:00:50.477597Z
RomaTib-VillaSG,cheapest_overall,2026-12-02,21.9,IC 561,15:45,23:40,7h 55min,0,Super Economy (2ª CLASSE EASY),Villa S. Giovanni,https://www.lefrecce.it/Channels.Website.BFF.WEB/website/ticket/solutions,2026-09-07T13:01:06.413560Z
RomaTib-VillaSG,cheapest_direct_daytime,2026-12-02,51.9,FR 9583,12:43,18:35,5h 52min,0,Super Economy (STANDARD),Villa S. Giovanni,https://www.lefrecce.it/Channels.Website.BFF.WEB/website/ticket/solutions,2026-09-07T13:01:06.413560Z
RomaTib-VillaSG,cheapest_overall,2026-12-03,21.9,IC 561,15:45,23:40,7h 55min,0,Super Economy (2ª CLASSE EASY),Villa S. Giovanni,https://www.lefrecce.it/Channels.Website.BFF.WEB/website/ticket/solutions,2026-09-07T13:01:18.353346Z
RomaTib-VillaSG,cheapest_direct_daytime,2026-12-03,76.9,FR 9583,12:43,18:35,5h 52min,0,Economy (STANDARD),Villa S. Giovanni,https://www.lefrecce.it/Channels.Website.BFF.WEB/website/ticket/solutions,2026-09-07T13:01:18.353346Z
VillaSG-RomaTer,cheapest_overall,2026-09-25,33.9,FR 8332,16:05,21:20,5h 15min,0,FrecciaDAYS (STANDARD),Roma Termini,https://www.lefrecce.it/Channels.Website.BFF.WEB/website/ticket/solutions,2026-09-07T12:49:15.289960Z
VillaSG-RomaTer,cheapest_direct_daytime,2026-09-25,33.9,FR 8332,16:05,21:20,5h 15min,0,FrecciaDAYS (STANDARD),Roma Termini,https://www.lefrecce.it/Channels.Website.BFF.WEB/website/ticket/solutions,2026-09-07T12:49:15.289960Z
VillaSG-RomaTer,cheapest_overall,2026-09-26,27.9,IC 560,14:43,22:34,7h 51min,0,Super Economy (2ª CLASSE EASY),Roma Termini,https://www.lefrecce.it/Channels.Website.BFF.WEB/website/ticket/solutions,2026-09-07T12:49:21.953392Z
VillaSG-RomaTer,cheapest_direct_daytime,2026-09-26,27.9,IC 560,14:43,22:34,7h 51min,0,Super Economy (2ª CLASSE EASY),Roma Termini,https://www.lefrecce.it/Channels.Website.BFF.WEB/website/ticket/solutions,2026-09-07T12:49:21.953392Z
VillaSG-RomaTer,cheapest_overall,2026-09-27,42.3,NI 812 + RE 21052,22:25,06:30,8h 05min,1,Economy (Posto a sedere 2ª classe-EASY) + ORDINARIA (2ª CLASSE PRENOTAZIONE),Roma Termini,https://www.lefrecce.it/Channels.Website.BFF.WEB/website/ticket/solutions,2026-09-07T12:49:28.430484Z
VillaSG-RomaTer,cheapest_direct_daytime,2026-09-27,47.9,FR 8418,06:14,11:25,5h 11min,0,Super Economy (STANDARD),Roma Termini,https://www.lefrecce.it/Channels.Website.BFF.WEB/website/ticket/solutions,2026-09-07T12:49:25.684109Z
VillaSG-RomaTer,cheapest_overall,2026-09-28,21.9,IC 560,15:32,22:34,7h 02min,0,Super Economy (2ª CLASSE EASY),Roma Termini,https://www.lefrecce.it/Channels.Website.BFF.WEB/website/ticket/solutions,2026-09-07T12:49:36.881264Z
VillaSG-RomaTer,cheapest_direct_daytime,2026-09-28,21.9,IC 560,15:32,22:34,7h 02min,0,Super Economy (2ª CLASSE EASY),Roma Termini,https://www.lefrecce.it/Channels.Website.BFF.WEB/website/ticket/solutions,2026-09-07T12:49:36.881264Z
VillaSG-RomaTer,cheapest_overall,2026-09-29,21.9,IC 560,15:32,22:34,7h 02min,0,Super Economy (2ª CLASSE EASY),Roma Termini,https://www.lefrecce.it/Channels.Website.BFF.WEB/website/ticket/solutions,2026-09-07T12:49:43.322350Z
VillaSG-RomaTer,cheapest_direct_daytime,2026-09-29,21.9,IC 560,15:32,22:34,7h 02min,0,Super Economy (2ª CLASSE EASY),Roma Termini,https://www.lefrecce.it/Channels.Website.BFF.WEB/website/ticket/solutions,2026-09-07T12:49:43.322350Z
VillaSG-RomaTer,cheapest_overall,2026-09-30,21.9,IC 560,15:32,22:34,7h 02min,0,Super Economy (2ª CLASSE EASY),Roma Termini,https://www.lefrecce.it/Channels.Website.BFF.WEB/website/ticket/solutions,2026-09-07T12:49:49.240155Z
VillaSG-RomaTer,cheapest_direct_daytime,2026-09-30,21.9,IC 560,15:32,22:34,7h 02min,0,Super Economy (2ª CLASSE EASY),Roma Termini,https://www.lefrecce.it/Channels.Website.BFF.WEB/website/ticket/solutions,2026-09-07T12:49:49.240155Z
VillaSG-RomaTer,cheapest_overall,2026-10-01,21.9,IC 560,15:32,22:34,7h 02min,0,Super Economy (2ª CLASSE EASY),Roma Termini,https://www.lefrecce.it/Channels.Website.BFF.WEB/website/ticket/solutions,2026-09-07T12:49:55.954280Z
VillaSG-RomaTer,cheapest_direct_daytime,2026-10-01,21.9,IC 560,15:32,22:34,7h 02min,0,Super Economy (2ª CLASSE EASY),Roma Termini,https://www.lefrecce.it/Channels.Website.BFF.WEB/website/ticket/solutions,2026-09-07T12:49:55.954280Z
VillaSG-RomaTer,cheapest_overall,2026-10-02,33.9,FR 8868,14:37,20:16,5h 39min,0,FrecciaDAYS (STANDARD),Roma Termini,https://www.lefrecce.it/Channels.Website.BFF.WEB/website/ticket/solutions,2026-09-07T12:50:01.949861Z
VillaSG-RomaTer,cheapest_direct_daytime,2026-10-02,33.9,FR 8868,14:37,20:16,5h 39min,0,FrecciaDAYS (STANDARD),Roma Termini,https://www.lefrecce.it/Channels.Website.BFF.WEB/website/ticket/solutions,2026-09-07T12:50:01.949861Z
VillaSG-RomaTer,cheapest_overall,2026-10-03,27.9,IC 552,08:12,15:34,7h 22min,0,Super Economy (2ª CLASSE EASY),Roma Termini,https://www.lefrecce.it/Channels.Website.BFF.WEB/website/ticket/solutions,2026-09-07T12:50:05.903610Z
VillaSG-RomaTer,cheapest_direct_daytime,2026-10-03,27.9,IC 552,08:12,15:34,7h 22min,0,Super Economy (2ª CLASSE EASY),Roma Termini,https://www.lefrecce.it/Channels.Website.BFF.WEB/website/ticket/solutions,2026-09-07T12:50:05.903610Z
VillaSG-RomaTer,cheapest_overall,2026-10-04,35.3,NI 812 + RE 21052,22:25,06:30,8h 05min,1,Super Economy (Posto a sedere 2ª classe-EASY) + ORDINARIA (2ª CLASSE PRENOTAZIONE),Roma Termini,https://www.lefrecce.it/Channels.Website.BFF.WEB/website/ticket/solutions,2026-09-07T12:50:14.423005Z
VillaSG-RomaTer,cheapest_direct_daytime,2026-10-04,39.9,FR 8418,06:17,11:25,5h 08min,0,Super Economy (STANDARD),Roma Termini,https://www.lefrecce.it/Channels.Website.BFF.WEB/website/ticket/solutions,2026-09-07T12:50:12.041788Z
VillaSG-RomaTer,cheapest_overall,2026-10-05,27.9,IC 552,08:12,15:34,7h 22min,0,Super Economy (2ª CLASSE EASY),Roma Termini,https://www.lefrecce.it/Channels.Website.BFF.WEB/website/ticket/solutions,2026-09-07T12:50:20.265587Z
VillaSG-RomaTer,cheapest_direct_daytime,2026-10-05,27.9,IC 552,08:12,15:34,7h 22min,0,Super Economy (2ª CLASSE EASY),Roma Termini,https://www.lefrecce.it/Channels.Website.BFF.WEB/website/ticket/solutions,2026-09-07T12:50:20.265587Z
VillaSG-RomaTer,cheapest_overall,2026-10-06,21.9,IC 560,15:32,22:34,7h 02min,0,Super Economy (2ª CLASSE EASY),Roma Termini,https://www.lefrecce.it/Channels.Website.BFF.WEB/website/ticket/solutions,2026-09-07T12:50:30.203845Z
VillaSG-RomaTer,cheapest_direct_daytime,2026-10-06,21.9,IC 560,15:32,22:34,7h 02min,0,Super Economy (2ª CLASSE EASY),Roma Termini,https://www.lefrecce.it/Channels.Website.BFF.WEB/website/ticket/solutions,2026-09-07T12:50:30.203845Z
VillaSG-RomaTer,cheapest_overall,2026-10-07,21.9,IC 552,08:12,15:34,7h 22min,0,Super Economy (2ª CLASSE EASY),Roma Termini,https://www.lefrecce.it/Channels.Website.BFF.WEB/website/ticket/solutions,2026-09-07T12:50:34.416660Z
VillaSG-RomaTer,cheapest_direct_daytime,2026-10-07,21.9,IC 552,08:12,15:34,7h 22min,0,Super Economy (2ª CLASSE EASY),Roma Termini,https://www.lefrecce.it/Channels.Website.BFF.WEB/website/ticket/solutions,2026-09-07T12:50:34.416660Z
VillaSG-RomaTer,cheapest_overall,2026-10-08,21.9,IC 560,15:32,22:34,7h 02min,0,Super Economy (2ª CLASSE EASY),Roma Termini,https://www.lefrecce.it/Channels.Website.BFF.WEB/website/ticket/solutions,2026-09-07T12:50:42.618835Z
VillaSG-RomaTer,cheapest_direct_daytime,2026-10-08,21.9,IC 560,15:32,22:34,7h 02min,0,Super Economy (2ª CLASSE EASY),Roma Termini,https://www.lefrecce.it/Channels.Website.BFF.WEB/website/ticket/solutions,2026-09-07T12:50:42.618835Z
VillaSG-RomaTer,cheapest_overall,2026-10-09,27.9,IC 560,15:32,22:34,7h 02min,0,Super Economy (2ª CLASSE EASY),Roma Termini,https://www.lefrecce.it/Channels.Website.BFF.WEB/website/ticket/solutions,2026-09-07T12:50:49.314132Z
VillaSG-RomaTer,cheapest_direct_daytime,2026-10-09,27.9,IC 560,15:32,22:34,7h 02min,0,Super Economy (2ª CLASSE EASY),Roma Termini,https://www.lefrecce.it/Channels.Website.BFF.WEB/website/ticket/solutions,2026-09-07T12:50:49.314132Z
VillaSG-RomaTer,cheapest_overall,2026-10-10,21.9,IC 95070,14:50,21:34,6h 44min,0,Super Economy (2ª CLASSE EASY),Roma Termini,https://www.lefrecce.it/Channels.Website.BFF.WEB/website/ticket/solutions,2026-09-07T12:50:57.501980Z
VillaSG-RomaTer,cheapest_direct_daytime,2026-10-10,21.9,IC 95070,14:50,21:34,6h 44min,0,Super Economy (2ª CLASSE EASY),Roma Termini,https://www.lefrecce.it/Channels.Website.BFF.WEB/website/ticket/solutions,2026-09-07T12:50:57.501980Z
VillaSG-RomaTer,cheapest_overall,2026-10-11,33.9,FR 8418,06:17,11:25,5h 08min,0,FrecciaDAYS (STANDARD),Roma Termini,https://www.lefrecce.it/Channels.Website.BFF.WEB/website/ticket/solutions,2026-09-07T12:51:01.016393Z
VillaSG-RomaTer,cheapest_direct_daytime,2026-10-11,33.9,FR 8418,06:17,11:25,5h 08min,0,FrecciaDAYS (STANDARD),Roma Termini,https://www.lefrecce.it/Channels.Website.BFF.WEB/website/ticket/solutions,2026-09-07T12:51:01.016393Z
VillaSG-RomaTer,cheapest_overall,2026-10-12,27.9,IC 552,08:12,15:34,7h 22min,0,Super Economy (2ª CLASSE EASY),Roma Termini,https://www.lefrecce.it/Channels.Website.BFF.WEB/website/ticket/solutions,2026-09-07T12:51:10.751622Z
VillaSG-RomaTer,cheapest_direct_daytime,2026-10-12,27.9,IC 552,08:12,15:34,7h 22min,0,Super Economy (2ª CLASSE EASY),Roma Termini,https://www.lefrecce.it/Channels.Website.BFF.WEB/website/ticket/solutions,2026-09-07T12:51:10.751622Z
VillaSG-RomaTer,cheapest_overall,2026-10-13,21.9,IC 552,08:12,15:34,7h 22min,0,Super Economy (2ª CLASSE EASY),Roma Termini,https://www.lefrecce.it/Channels.Website.BFF.WEB/website/ticket/solutions,2026-09-07T12:51:16.117071Z
VillaSG-RomaTer,cheapest_direct_daytime,2026-10-13,21.9,IC 552,08:12,15:34,7h 22min,0,Super Economy (2ª CLASSE EASY),Roma Termini,https://www.lefrecce.it/Channels.Website.BFF.WEB/website/ticket/solutions,2026-09-07T12:51:16.117071Z
VillaSG-RomaTer,cheapest_overall,2026-10-14,21.9,IC 552,08:12,15:34,7h 22min,0,Super Economy (2ª CLASSE EASY),Roma Termini,https://www.lefrecce.it/Channels.Website.BFF.WEB/website/ticket/solutions,2026-09-07T12:51:23.071639Z
VillaSG-RomaTer,cheapest_direct_daytime,2026-10-14,21.9,IC 552,08:12,15:34,7h 22min,0,Super Economy (2ª CLASSE EASY),Roma Termini,https://www.lefrecce.it/Channels.Website.BFF.WEB/website/ticket/solutions,2026-09-07T12:51:23.071639Z
VillaSG-RomaTer,cheapest_overall,2026-10-15,21.9,IC 560,15:32,22:34,7h 02min,0,Super Economy (2ª CLASSE EASY),Roma Termini,https://www.lefrecce.it/Channels.Website.BFF.WEB/website/ticket/solutions,2026-09-07T12:51:32.672820Z
VillaSG-RomaTer,cheapest_direct_daytime,2026-10-15,21.9,IC 560,15:32,22:34,7h 02min,0,Super Economy (2ª CLASSE EASY),Roma Termini,https://www.lefrecce.it/Channels.Website.BFF.WEB/website/ticket/solutions,2026-09-07T12:51:32.672820Z
VillaSG-RomaTer,cheapest_overall,2026-10-16,27.9,IC 560,15:32,22:34,7h 02min,0,Super Economy (2ª CLASSE EASY),Roma Termini,https://www.lefrecce.it/Channels.Website.BFF.WEB/website/ticket/solutions,2026-09-07T12:51:39.484021Z
VillaSG-RomaTer,cheapest_direct_daytime,2026-10-16,27.9,IC 560,15:32,22:34,7h 02min,0,Super Economy (2ª CLASSE EASY),Roma Termini,https://www.lefrecce.it/Channels.Website.BFF.WEB/website/ticket/solutions,2026-09-07T12:51:39.484021Z
VillaSG-RomaTer,cheapest_overall,2026-10-17,27.9,IC 552,08:12,15:34,7h 22min,0,Super Economy (2ª CLASSE EASY),Roma Termini,https://www.lefrecce.it/Channels.Website.BFF.WEB/website/ticket/solutions,2026-09-07T12:51:42.911154Z
VillaSG-RomaTer,cheapest_direct_daytime,2026-10-17,27.9,IC 552,08:12,15:34,7h 22min,0,Super Economy (2ª CLASSE EASY),Roma Termini,https://www.lefrecce.it/Channels.Website.BFF.WEB/website/ticket/solutions,2026-09-07T12:51:42.911154Z
VillaSG-RomaTer,cheapest_overall,2026-10-18,33.9,FR 8418,06:17,11:25,5h 08min,0,FrecciaDAYS (STANDARD),Roma Termini,https://www.lefrecce.it/Channels.Website.BFF.WEB/website/ticket/solutions,2026-09-07T12:51:49.150299Z
VillaSG-RomaTer,cheapest_direct_daytime,2026-10-18,33.9,FR 8418,06:17,11:25,5h 08min,0,FrecciaDAYS (STANDARD),Roma Termini,https://www.lefrecce.it/Channels.Website.BFF.WEB/website/ticket/solutions,2026-09-07T12:51:49.150299Z
VillaSG-RomaTer,cheapest_overall,2026-10-19,26.9,NI 794 + RE 12503,22:03,06:25,8h 22min,1,Super Economy (Posto a sedere 2ª classe-EASY) + ORDINARIA (2ª CLASSE),Roma Termini,https://www.lefrecce.it/Channels.Website.BFF.WEB/website/ticket/solutions,2026-09-07T12:51:57.404318Z
VillaSG-RomaTer,cheapest_direct_daytime,2026-10-19,27.9,IC 552,08:12,15:34,7h 22min,0,Super Economy (2ª CLASSE EASY),Roma Termini,https://www.lefrecce.it/Channels.Website.BFF.WEB/website/ticket/solutions,2026-09-07T12:51:55.030826Z
VillaSG-RomaTer,cheapest_overall,2026-10-20,21.9,IC 552,08:12,15:34,7h 22min,0,Super Economy (2ª CLASSE EASY),Roma Termini,https://www.lefrecce.it/Channels.Website.BFF.WEB/website/ticket/solutions,2026-09-07T12:52:01.330234Z
VillaSG-RomaTer,cheapest_direct_daytime,2026-10-20,21.9,IC 552,08:12,15:34,7h 22min,0,Super Economy (2ª CLASSE EASY),Roma Termini,https://www.lefrecce.it/Channels.Website.BFF.WEB/website/ticket/solutions,2026-09-07T12:52:01.330234Z
VillaSG-RomaTer,cheapest_overall,2026-10-21,21.9,IC 552,08:12,15:34,7h 22min,0,Super Economy (2ª CLASSE EASY),Roma Termini,https://www.lefrecce.it/Channels.Website.BFF.WEB/website/ticket/solutions,2026-09-07T12:52:08.248394Z
VillaSG-RomaTer,cheapest_direct_daytime,2026-10-21,21.9,IC 552,08:12,15:34,7h 22min,0,Super Economy (2ª CLASSE EASY),Roma Termini,https://www.lefrecce.it/Channels.Website.BFF.WEB/website/ticket/solutions,2026-09-07T12:52:08.248394Z
VillaSG-RomaTer,cheapest_overall,2026-10-22,21.9,IC 552,08:12,15:34,7h 22min,0,Super Economy (2ª CLASSE EASY),Roma Termini,https://www.lefrecce.it/Channels.Website.BFF.WEB/website/ticket/solutions,2026-09-07T12:52:14.999491Z
VillaSG-RomaTer,cheapest_direct_daytime,2026-10-22,21.9,IC 552,08:12,15:34,7h 22min,0,Super Economy (2ª CLASSE EASY),Roma Termini,https://www.lefrecce.it/Channels.Website.BFF.WEB/website/ticket/solutions,2026-09-07T12:52:14.999491Z
VillaSG-RomaTer,cheapest_overall,2026-10-23,21.9,IC 560,15:32,22:34,7h 02min,0,Super Economy (2ª CLASSE EASY),Roma Termini,https://www.lefrecce.it/Channels.Website.BFF.WEB/website/ticket/solutions,2026-09-07T12:52:23.324713Z
VillaSG-RomaTer,cheapest_direct_daytime,2026-10-23,21.9,IC 560,15:32,22:34,7h 02min,0,Super Economy (2ª CLASSE EASY),Roma Termini,https://www.lefrecce.it/Channels.Website.BFF.WEB/website/ticket/solutions,2026-09-07T12:52:23.324713Z
VillaSG-RomaTer,cheapest_overall,2026-10-24,21.9,IC 552,08:12,15:34,7h 22min,0,Super Economy (2ª CLASSE EASY),Roma Termini,https://www.lefrecce.it/Channels.Website.BFF.WEB/website/ticket/solutions,2026-09-07T12:52:28.011584Z
VillaSG-RomaTer,cheapest_direct_daytime,2026-10-24,21.9,IC 552,08:12,15:34,7h 22min,0,Super Economy (2ª CLASSE EASY),Roma Termini,https://www.lefrecce.it/Channels.Website.BFF.WEB/website/ticket/solutions,2026-09-07T12:52:28.011584Z
VillaSG-RomaTer,cheapest_overall,2026-10-25,33.9,FR 8418,06:17,11:25,5h 08min,0,FrecciaDAYS (STANDARD),Roma Termini,https://www.lefrecce.it/Channels.Website.BFF.WEB/website/ticket/solutions,2026-09-07T12:52:33.730420Z
VillaSG-RomaTer,cheapest_direct_daytime,2026-10-25,33.9,FR 8418,06:17,11:25,5h 08min,0,FrecciaDAYS (STANDARD),Roma Termini,https://www.lefrecce.it/Channels.Website.BFF.WEB/website/ticket/solutions,2026-09-07T12:52:33.730420Z
VillaSG-RomaTer,cheapest_overall,2026-10-26,21.9,IC 95070,14:50,21:34,6h 44min,0,Super Economy (2ª CLASSE EASY),Roma Termini,https://www.lefrecce.it/Channels.Website.BFF.WEB/website/ticket/solutions,2026-09-07T12:52:42.704587Z
VillaSG-RomaTer,cheapest_direct_daytime,2026-10-26,21.9,IC 95070,14:50,21:34,6h 44min,0,Super Economy (2ª CLASSE EASY),Roma Termini,https://www.lefrecce.it/Channels.Website.BFF.WEB/website/ticket/solutions,2026-09-07T12:52:42.704587Z
VillaSG-RomaTer,cheapest_overall,2026-10-27,21.9,IC 552,08:12,15:34,7h 22min,0,Super Economy (2ª CLASSE EASY),Roma Termini,https://www.lefrecce.it/Channels.Website.BFF.WEB/website/ticket/solutions,2026-09-07T12:52:47.747230Z
VillaSG-RomaTer,cheapest_direct_daytime,2026-10-27,21.9,IC 552,08:12,15:34,7h 22min,0,Super Economy (2ª CLASSE EASY),Roma Termini,https://www.lefrecce.it/Channels.Website.BFF.WEB/website/ticket/solutions,2026-09-07T12:52:47.747230Z
VillaSG-RomaTer,cheapest_overall,2026-10-28,21.9,IC 552,08:12,15:34,7h 22min,0,Super Economy (2ª CLASSE EASY),Roma Termini,https://www.lefrecce.it/Channels.Website.BFF.WEB/website/ticket/solutions,2026-09-07T12:52:54.992652Z
VillaSG-RomaTer,cheapest_direct_daytime,2026-10-28,21.9,IC 552,08:12,15:34,7h 22min,0,Super Economy (2ª CLASSE EASY),Roma Termini,https://www.lefrecce.it/Channels.Website.BFF.WEB/website/ticket/solutions,2026-09-07T12:52:54.992652Z
VillaSG-RomaTer,cheapest_overall,2026-10-29,21.9,IC 552,08:12,15:34,7h 22min,0,Super Economy (2ª CLASSE EASY),Roma Termini,https://www.lefrecce.it/Channels.Website.BFF.WEB/website/ticket/solutions,2026-09-07T12:53:02.278653Z
VillaSG-RomaTer,cheapest_direct_daytime,2026-10-29,21.9,IC 552,08:12,15:34,7h 22min,0,Super Economy (2ª CLASSE EASY),Roma Termini,https://www.lefrecce.it/Channels.Website.BFF.WEB/website/ticket/solutions,2026-09-07T12:53:02.278653Z
VillaSG-RomaTer,cheapest_overall,2026-10-30,27.9,IC 95072,11:50,18:34,6h 44min,0,Super Economy (2ª CLASSE EASY),Roma Termini,https://www.lefrecce.it/Channels.Website.BFF.WEB/website/ticket/solutions,2026-09-07T12:53:10.025563Z
VillaSG-RomaTer,cheapest_direct_daytime,2026-10-30,27.9,IC 95072,11:50,18:34,6h 44min,0,Super Economy (2ª CLASSE EASY),Roma Termini,https://www.lefrecce.it/Channels.Website.BFF.WEB/website/ticket/solutions,2026-09-07T12:53:10.025563Z
VillaSG-RomaTer,cheapest_overall,2026-10-31,21.9,IC 95070,14:50,21:34,6h 44min,0,Super Economy (2ª CLASSE EASY),Roma Termini,https://www.lefrecce.it/Channels.Website.BFF.WEB/website/ticket/solutions,2026-09-07T12:53:18.761551Z
VillaSG-RomaTer,cheapest_direct_daytime,2026-10-31,21.9,IC 95070,14:50,21:34,6h 44min,0,Super Economy (2ª CLASSE EASY),Roma Termini,https://www.lefrecce.it/Channels.Website.BFF.WEB/website/ticket/solutions,2026-09-07T12:53:18.761551Z
VillaSG-RomaTer,cheapest_overall,2026-11-01,33.9,FR 8418,06:19,11:25,5h 06min,0,FrecciaDAYS (STANDARD),Roma Termini,https://www.lefrecce.it/Channels.Website.BFF.WEB/website/ticket/solutions,2026-09-07T12:53:22.722715Z
VillaSG-RomaTer,cheapest_direct_daytime,2026-11-01,33.9,FR 8418,06:19,11:25,5h 06min,0,FrecciaDAYS (STANDARD),Roma Termini,https://www.lefrecce.it/Channels.Website.BFF.WEB/website/ticket/solutions,2026-09-07T12:53:22.722715Z
VillaSG-RomaTer,cheapest_overall,2026-11-02,21.9,IC 95070,14:50,21:34,6h 44min,0,Super Economy (2ª CLASSE EASY),Roma Termini,https://www.lefrecce.it/Channels.Website.BFF.WEB/website/ticket/solutions,2026-09-07T12:53:32.000241Z
VillaSG-RomaTer,cheapest_direct_daytime,2026-11-02,21.9,IC 95070,14:50,21:34,6h 44min,0,Super Economy (2ª CLASSE EASY),Roma Termini,https://www.lefrecce.it/Channels.Website.BFF.WEB/website/ticket/solutions,2026-09-07T12:53:32.000241Z
VillaSG-RomaTer,cheapest_overall,2026-11-03,21.9,IC 552,08:12,15:34,7h 22min,0,Super Economy (2ª CLASSE EASY),Roma Termini,https://www.lefrecce.it/Channels.Website.BFF.WEB/website/ticket/solutions,2026-09-07T12:53:36.010675Z
VillaSG-RomaTer,cheapest_direct_daytime,2026-11-03,21.9,IC 552,08:12,15:34,7h 22min,0,Super Economy (2ª CLASSE EASY),Roma Termini,https://www.lefrecce.it/Channels.Website.BFF.WEB/website/ticket/solutions,2026-09-07T12:53:36.010675Z
VillaSG-RomaTer,cheapest_overall,2026-11-04,21.9,IC 552,08:12,15:34,7h 22min,0,Super Economy (2ª CLASSE EASY),Roma Termini,https://www.lefrecce.it/Channels.Website.BFF.WEB/website/ticket/solutions,2026-09-07T12:53:43.468477Z
VillaSG-RomaTer,cheapest_direct_daytime,2026-11-04,21.9,IC 552,08:12,15:34,7h 22min,0,Super Economy (2ª CLASSE EASY),Roma Termini,https://www.lefrecce.it/Channels.Website.BFF.WEB/website/ticket/solutions,2026-09-07T12:53:43.468477Z
VillaSG-RomaTer,cheapest_overall,2026-11-05,21.9,IC 552,08:12,15:34,7h 22min,0,Super Economy (2ª CLASSE EASY),Roma Termini,https://www.lefrecce.it/Channels.Website.BFF.WEB/website/ticket/solutions,2026-09-07T12:53:49.773846Z
VillaSG-RomaTer,cheapest_direct_daytime,2026-11-05,21.9,IC 552,08:12,15:34,7h 22min,0,Super Economy (2ª CLASSE EASY),Roma Termini,https://www.lefrecce.it/Channels.Website.BFF.WEB/website/ticket/solutions,2026-09-07T12:53:49.773846Z
VillaSG-RomaTer,cheapest_overall,2026-11-06,27.9,IC 95072,11:50,18:34,6h 44min,0,Super Economy (2ª CLASSE EASY),Roma Termini,https://www.lefrecce.it/Channels.Website.BFF.WEB/website/ticket/solutions,2026-09-07T12:53:55.902594Z
VillaSG-RomaTer,cheapest_direct_daytime,2026-11-06,27.9,IC 95072,11:50,18:34,6h 44min,0,Super Economy (2ª CLASSE EASY),Roma Termini,https://www.lefrecce.it/Channels.Website.BFF.WEB/website/ticket/solutions,2026-09-07T12:53:55.902594Z
VillaSG-RomaTer,cheapest_overall,2026-11-07,21.9,IC 552,08:12,15:34,7h 22min,0,Super Economy (2ª CLASSE EASY),Roma Termini,https://www.lefrecce.it/Channels.Website.BFF.WEB/website/ticket/solutions,2026-09-07T12:54:02.639767Z
VillaSG-RomaTer,cheapest_direct_daytime,2026-11-07,21.9,IC 552,08:12,15:34,7h 22min,0,Super Economy (2ª CLASSE EASY),Roma Termini,https://www.lefrecce.it/Channels.Website.BFF.WEB/website/ticket/solutions,2026-09-07T12:54:02.639767Z
VillaSG-RomaTer,cheapest_overall,2026-11-08,33.9,FR 8418,06:19,11:25,5h 06min,0,FrecciaDAYS (STANDARD),Roma Termini,https://www.lefrecce.it/Channels.Website.BFF.WEB/website/ticket/solutions,2026-09-07T12:54:09.464597Z
VillaSG-RomaTer,cheapest_direct_daytime,2026-11-08,33.9,FR 8418,06:19,11:25,5h 06min,0,FrecciaDAYS (STANDARD),Roma Termini,https://www.lefrecce.it/Channels.Website.BFF.WEB/website/ticket/solutions,2026-09-07T12:54:09.464597Z
VillaSG-RomaTer,cheapest_overall,2026-11-09,21.9,IC 552,08:12,15:34,7h 22min,0,Super Economy (2ª CLASSE EASY),Roma Termini,https://www.lefrecce.it/Channels.Website.BFF.WEB/website/ticket/solutions,2026-09-07T12:54:17.820518Z
VillaSG-RomaTer,cheapest_direct_daytime,2026-11-09,21.9,IC 552,08:12,15:34,7h 22min,0,Super Economy (2ª CLASSE EASY),Roma Termini,https://www.lefrecce.it/Channels.Website.BFF.WEB/website/ticket/solutions,2026-09-07T12:54:17.820518Z
VillaSG-RomaTer,cheapest_overall,2026-11-10,21.9,IC 552,08:12,15:34,7h 22min,0,Super Economy (2ª CLASSE EASY),Roma Termini,https://www.lefrecce.it/Channels.Website.BFF.WEB/website/ticket/solutions,2026-09-07T12:54:26.567373Z
VillaSG-RomaTer,cheapest_direct_daytime,2026-11-10,21.9,IC 552,08:12,15:34,7h 22min,0,Super Economy (2ª CLASSE EASY),Roma Termini,https://www.lefrecce.it/Channels.Website.BFF.WEB/website/ticket/solutions,2026-09-07T12:54:26.567373Z
VillaSG-RomaTer,cheapest_overall,2026-11-11,21.9,IC 552,08:12,15:34,7h 22min,0,Super Economy (2ª CLASSE EASY),Roma Termini,https://www.lefrecce.it/Channels.Website.BFF.WEB/website/ticket/solutions,2026-09-07T12:54:33.889471Z
VillaSG-RomaTer,cheapest_direct_daytime,2026-11-11,21.9,IC 552,08:12,15:34,7h 22min,0,Super Economy (2ª CLASSE EASY),Roma Termini,https://www.lefrecce.it/Channels.Website.BFF.WEB/website/ticket/solutions,2026-09-07T12:54:33.889471Z
VillaSG-RomaTer,cheapest_overall,2026-11-12,21.9,IC 552,08:12,15:34,7h 22min,0,Super Economy (2ª CLASSE EASY),Roma Termini,https://www.lefrecce.it/Channels.Website.BFF.WEB/website/ticket/solutions,2026-09-07T12:54:41.428174Z
VillaSG-RomaTer,cheapest_direct_daytime,2026-11-12,21.9,IC 552,08:12,15:34,7h 22min,0,Super Economy (2ª CLASSE EASY),Roma Termini,https://www.lefrecce.it/Channels.Website.BFF.WEB/website/ticket/solutions,2026-09-07T12:54:41.428174Z
VillaSG-RomaTer,cheapest_overall,2026-11-13,26.9,NI 794 + RE 12503,22:03,06:25,8h 22min,1,Super Economy (Posto a sedere 2ª classe-EASY) + ORDINARIA (2ª CLASSE),Roma Termini,https://www.lefrecce.it/Channels.Website.BFF.WEB/website/ticket/solutions,2026-09-07T12:54:50.729468Z
VillaSG-RomaTer,cheapest_direct_daytime,2026-11-13,27.9,IC 95072,11:50,18:34,6h 44min,0,Super Economy (2ª CLASSE EASY),Roma Termini,https://www.lefrecce.it/Channels.Website.BFF.WEB/website/ticket/solutions,2026-09-07T12:54:47.783989Z
VillaSG-RomaTer,cheapest_overall,2026-11-14,21.9,IC 552,08:12,15:34,7h 22min,0,Super Economy (2ª CLASSE EASY),Roma Termini,https://www.lefrecce.it/Channels.Website.BFF.WEB/website/ticket/solutions,2026-09-07T12:54:54.460787Z
VillaSG-RomaTer,cheapest_direct_daytime,2026-11-14,21.9,IC 552,08:12,15:34,7h 22min,0,Super Economy (2ª CLASSE EASY),Roma Termini,https://www.lefrecce.it/Channels.Website.BFF.WEB/website/ticket/solutions,2026-09-07T12:54:54.460787Z
VillaSG-RomaTer,cheapest_overall,2026-11-15,28.9,IC 1588 + RV 4105,09:01,17:05,8h 04min,1,Super Economy (2ª CLASSE EASY) + ORDINARIA (2ª CLASSE),Roma Termini,https://www.lefrecce.it/Channels.Website.BFF.WEB/website/ticket/solutions,2026-09-07T12:55:00.588379Z
VillaSG-RomaTer,cheapest_direct_daytime,2026-11-15,33.9,FR 8418,06:19,11:25,5h 06min,0,FrecciaDAYS (STANDARD),Roma Termini,https://www.lefrecce.it/Channels.Website.BFF.WEB/website/ticket/solutions,2026-09-07T12:55:00.588379Z
VillaSG-RomaTer,cheapest_overall,2026-11-16,21.9,IC 552,08:12,15:34,7h 22min,0,Super Economy (2ª CLASSE EASY),Roma Termini,https://www.lefrecce.it/Channels.Website.BFF.WEB/website/ticket/solutions,2026-09-07T12:55:09.445001Z
VillaSG-RomaTer,cheapest_direct_daytime,2026-11-16,21.9,IC 552,08:12,15:34,7h 22min,0,Super Economy (2ª CLASSE EASY),Roma Termini,https://www.lefrecce.it/Channels.Website.BFF.WEB/website/ticket/solutions,2026-09-07T12:55:09.445001Z
VillaSG-RomaTer,cheapest_overall,2026-11-17,21.9,IC 552,08:12,15:34,7h 22min,0,Super Economy (2ª CLASSE EASY),Roma Termini,https://www.lefrecce.it/Channels.Website.BFF.WEB/website/ticket/solutions,2026-09-07T12:55:16.012965Z
VillaSG-RomaTer,cheapest_direct_daytime,2026-11-17,21.9,IC 552,08:12,15:34,7h 22min,0,Super Economy (2ª CLASSE EASY),Roma Termini,https://www.lefrecce.it/Channels.Website.BFF.WEB/website/ticket/solutions,2026-09-07T12:55:16.012965Z
VillaSG-RomaTer,cheapest_overall,2026-11-18,21.9,IC 552,08:12,15:34,7h 22min,0,Super Economy (2ª CLASSE EASY),Roma Termini,https://www.lefrecce.it/Channels.Website.BFF.WEB/website/ticket/solutions,2026-09-07T12:55:23.593585Z
VillaSG-RomaTer,cheapest_direct_daytime,2026-11-18,21.9,IC 552,08:12,15:34,7h 22min,0,Super Economy (2ª CLASSE EASY),Roma Termini,https://www.lefrecce.it/Channels.Website.BFF.WEB/website/ticket/solutions,2026-09-07T12:55:23.593585Z
VillaSG-RomaTer,cheapest_overall,2026-11-19,21.9,IC 552,08:12,15:34,7h 22min,0,Super Economy (2ª CLASSE EASY),Roma Termini,https://www.lefrecce.it/Channels.Website.BFF.WEB/website/ticket/solutions,2026-09-07T12:55:30.251259Z
VillaSG-RomaTer,cheapest_direct_daytime,2026-11-19,21.9,IC 552,08:12,15:34,7h 22min,0,Super Economy (2ª CLASSE EASY),Roma Termini,https://www.lefrecce.it/Channels.Website.BFF.WEB/website/ticket/solutions,2026-09-07T12:55:30.251259Z
VillaSG-RomaTer,cheapest_overall,2026-11-20,21.9,IC 95072,11:50,18:34,6h 44min,0,Super Economy (2ª CLASSE EASY),Roma Termini,https://www.lefrecce.it/Channels.Website.BFF.WEB/website/ticket/solutions,2026-09-07T12:55:37.898657Z
VillaSG-RomaTer,cheapest_direct_daytime,2026-11-20,21.9,IC 95072,11:50,18:34,6h 44min,0,Super Economy (2ª CLASSE EASY),Roma Termini,https://www.lefrecce.it/Channels.Website.BFF.WEB/website/ticket/solutions,2026-09-07T12:55:37.898657Z
VillaSG-RomaTer,cheapest_overall,2026-11-21,21.9,IC 552,08:12,15:34,7h 22min,0,Super Economy (2ª CLASSE EASY),Roma Termini,https://www.lefrecce.it/Channels.Website.BFF.WEB/website/ticket/solutions,2026-09-07T12:55:45.895646Z
VillaSG-RomaTer,cheapest_direct_daytime,2026-11-21,21.9,IC 552,08:12,15:34,7h 22min,0,Super Economy (2ª CLASSE EASY),Roma Termini,https://www.lefrecce.it/Channels.Website.BFF.WEB/website/ticket/solutions,2026-09-07T12:55:45.895646Z
VillaSG-RomaTer,cheapest_overall,2026-11-22,22.9,IC 1588 + RV 4105,09:01,17:05,8h 04min,1,Super Economy (2ª CLASSE EASY) + ORDINARIA (2ª CLASSE),Roma Termini,https://www.lefrecce.it/Channels.Website.BFF.WEB/website/ticket/solutions,2026-09-07T12:55:52.499163Z
VillaSG-RomaTer,cheapest_direct_daytime,2026-11-22,33.9,FR 8418,06:19,11:25,5h 06min,0,FrecciaDAYS (STANDARD),Roma Termini,https://www.lefrecce.it/Channels.Website.BFF.WEB/website/ticket/solutions,2026-09-07T12:55:52.499163Z
VillaSG-RomaTer,cheapest_overall,2026-11-23,21.9,IC 552,08:12,15:34,7h 22min,0,Super Economy (2ª CLASSE EASY),Roma Termini,https://www.lefrecce.it/Channels.Website.BFF.WEB/website/ticket/solutions,2026-09-07T12:56:00.693415Z
VillaSG-RomaTer,cheapest_direct_daytime,2026-11-23,21.9,IC 552,08:12,15:34,7h 22min,0,Super Economy (2ª CLASSE EASY),Roma Termini,https://www.lefrecce.it/Channels.Website.BFF.WEB/website/ticket/solutions,2026-09-07T12:56:00.693415Z
VillaSG-RomaTer,cheapest_overall,2026-11-24,21.9,IC 552,08:12,15:34,7h 22min,0,Super Economy (2ª CLASSE EASY),Roma Termini,https://www.lefrecce.it/Channels.Website.BFF.WEB/website/ticket/solutions,2026-09-07T12:56:08.079710Z
VillaSG-RomaTer,cheapest_direct_daytime,2026-11-24,21.9,IC 552,08:12,15:34,7h 22min,0,Super Economy (2ª CLASSE EASY),Roma Termini,https://www.lefrecce.it/Channels.Website.BFF.WEB/website/ticket/solutions,2026-09-07T12:56:08.079710Z
VillaSG-RomaTer,cheapest_overall,2026-11-25,21.9,IC 552,08:12,15:34,7h 22min,0,Super Economy (2ª CLASSE EASY),Roma Termini,https://www.lefrecce.it/Channels.Website.BFF.WEB/website/ticket/solutions,2026-09-07T12:56:15.124832Z
VillaSG-RomaTer,cheapest_direct_daytime,2026-11-25,21.9,IC 552,08:12,15:34,7h 22min,0,Super Economy (2ª CLASSE EASY),Roma Termini,https://www.lefrecce.it/Channels.Website.BFF.WEB/website/ticket/solutions,2026-09-07T12:56:15.124832Z
VillaSG-RomaTer,cheapest_overall,2026-11-26,21.9,IC 552,08:12,15:34,7h 22min,0,Super Economy (2ª CLASSE EASY),Roma Termini,https://www.lefrecce.it/Channels.Website.BFF.WEB/website/ticket/solutions,2026-09-07T12:56:24.967194Z
VillaSG-RomaTer,cheapest_direct_daytime,2026-11-26,21.9,IC 552,08:12,15:34,7h 22min,0,Super Economy (2ª CLASSE EASY),Roma Termini,https://www.lefrecce.it/Channels.Website.BFF.WEB/website/ticket/solutions,2026-09-07T12:56:24.967194Z
VillaSG-RomaTer,cheapest_overall,2026-11-27,21.9,IC 95072,11:50,18:34,6h 44min,0,Super Economy (2ª CLASSE EASY),Roma Termini,https://www.lefrecce.it/Channels.Website.BFF.WEB/website/ticket/solutions,2026-09-07T12:56:31.808363Z
VillaSG-RomaTer,cheapest_direct_daytime,2026-11-27,21.9,IC 95072,11:50,18:34,6h 44min,0,Super Economy (2ª CLASSE EASY),Roma Termini,https://www.lefrecce.it/Channels.Website.BFF.WEB/website/ticket/solutions,2026-09-07T12:56:31.808363Z
VillaSG-RomaTer,cheapest_overall,2026-11-28,21.9,IC 552,08:12,15:34,7h 22min,0,Super Economy (2ª CLASSE EASY),Roma Termini,https://www.lefrecce.it/Channels.Website.BFF.WEB/website/ticket/solutions,2026-09-07T12:56:38.052412Z
VillaSG-RomaTer,cheapest_direct_daytime,2026-11-28,21.9,IC 552,08:12,15:34,7h 22min,0,Super Economy (2ª CLASSE EASY),Roma Termini,https://www.lefrecce.it/Channels.Website.BFF.WEB/website/ticket/solutions,2026-09-07T12:56:38.052412Z
VillaSG-RomaTer,cheapest_overall,2026-11-29,27.9,IC 95072,11:50,18:34,6h 44min,0,Super Economy (2ª CLASSE EASY),Roma Termini,https://www.lefrecce.it/Channels.Website.BFF.WEB/website/ticket/solutions,2026-09-07T12:56:45.485673Z
VillaSG-RomaTer,cheapest_direct_daytime,2026-11-29,27.9,IC 95072,11:50,18:34,6h 44min,0,Super Economy (2ª CLASSE EASY),Roma Termini,https://www.lefrecce.it/Channels.Website.BFF.WEB/website/ticket/solutions,2026-09-07T12:56:45.485673Z
VillaSG-RomaTer,cheapest_overall,2026-11-30,21.9,IC 552,08:12,15:34,7h 22min,0,Super Economy (2ª CLASSE EASY),Roma Termini,https://www.lefrecce.it/Channels.Website.BFF.WEB/website/ticket/solutions,2026-09-07T12:56:53.217136Z
VillaSG-RomaTer,cheapest_direct_daytime,2026-11-30,21.9,IC 552,08:12,15:34,7h 22min,0,Super Economy (2ª CLASSE EASY),Roma Termini,https://www.lefrecce.it/Channels.Website.BFF.WEB/website/ticket/solutions,2026-09-07T12:56:53.217136Z
VillaSG-RomaTib,cheapest_overall,2026-09-25,44.9,RE 5542 + RE 5338 + RE 21098,08:15,21:00,12h 45min,2,ORDINARIA (2ª CLASSE),Roma Tiburtina,https://www.lefrecce.it/Channels.Website.BFF.WEB/website/ticket/solutions,2026-09-07T12:51:22.703842Z
VillaSG-RomaTib,cheapest_direct_daytime,2026-09-25,,NO_DIRECT_DAYTIME_SOLUTION,,,,,,,https://www.lefrecce.it/Channels.Website.BFF.WEB/website/ticket/solutions,2026-09-07T12:51:22.703842Z
VillaSG-RomaTib,cheapest_overall,2026-09-26,39.9,FR 8868,14:34,20:52,6h 18min,0,Super Economy (STANDARD),Roma Tiburtina,https://www.lefrecce.it/Channels.Website.BFF.WEB/website/ticket/solutions,2026-09-07T12:51:29.978297Z
VillaSG-RomaTib,cheapest_direct_daytime,2026-09-26,,NO_DIRECT_DAYTIME_SOLUTION,,,,,,,https://www.lefrecce.it/Channels.Website.BFF.WEB/website/ticket/solutions,2026-09-07T12:51:29.978297Z
VillaSG-RomaTib,cheapest_overall,2026-09-27,40.0,NI 812 + RE 21404,22:25,06:24,7h 59min,1,Economy (Posto a sedere 2ª classe-EASY) + ORDINARIA (2ª CLASSE),Roma Tiburtina,https://www.lefrecce.it/Channels.Website.BFF.WEB/website/ticket/solutions,2026-09-07T12:51:37.540082Z
VillaSG-RomaTib,cheapest_direct_daytime,2026-09-27,51.9,IC 1588,09:02,16:31,7h 29min,0,Economy (2ª CLASSE EASY),Roma Tiburtina,https://www.lefrecce.it/Channels.Website.BFF.WEB/website/ticket/solutions,2026-09-07T12:51:35.213571Z
VillaSG-RomaTib,cheapest_overall,2026-09-28,22.9,IC 560 + RV 4538,15:32,22:58,7h 26min,1,Super Economy (2ª CLASSE EASY) + ORDINARIA (2ª CLASSE),Roma Tiburtina,https://www.lefrecce.it/Channels.Website.BFF.WEB/website/ticket/solutions,2026-09-07T12:51:44.709819Z
VillaSG-RomaTib,cheapest_direct_daytime,2026-09-28,,NO_DIRECT_DAYTIME_SOLUTION,,,,,,,https://www.lefrecce.it/Channels.Website.BFF.WEB/website/ticket/solutions,2026-09-07T12:51:44.709819Z
VillaSG-RomaTib,cheapest_overall,2026-09-29,22.9,IC 560 + RV 4538,15:32,22:58,7h 26min,1,Super Economy (2ª CLASSE EASY) + ORDINARIA (2ª CLASSE),Roma Tiburtina,https://www.lefrecce.it/Channels.Website.BFF.WEB/website/ticket/solutions,2026-09-07T12:51:50.829716Z
VillaSG-RomaTib,cheapest_direct_daytime,2026-09-29,,NO_DIRECT_DAYTIME_SOLUTION,,,,,,,https://www.lefrecce.it/Channels.Website.BFF.WEB/website/ticket/solutions,2026-09-07T12:51:50.829716Z
VillaSG-RomaTib,cheapest_overall,2026-09-30,22.9,IC 560 + RV 4538,15:32,22:58,7h 26min,1,Super Economy (2ª CLASSE EASY) + ORDINARIA (2ª CLASSE),Roma Tiburtina,https://www.lefrecce.it/Channels.Website.BFF.WEB/website/ticket/solutions,2026-09-07T12:51:57.617217Z
VillaSG-RomaTib,cheapest_direct_daytime,2026-09-30,,NO_DIRECT_DAYTIME_SOLUTION,,,,,,,https://www.lefrecce.it/Channels.Website.BFF.WEB/website/ticket/solutions,2026-09-07T12:51:57.617217Z
VillaSG-RomaTib,cheapest_overall,2026-10-01,22.9,IC 560 + RV 4538,15:32,22:58,7h 26min,1,Super Economy (2ª CLASSE EASY) + ORDINARIA (2ª CLASSE),Roma Tiburtina,https://www.lefrecce.it/Channels.Website.BFF.WEB/website/ticket/solutions,2026-09-07T12:52:04.177297Z
VillaSG-RomaTib,cheapest_direct_daytime,2026-10-01,,NO_DIRECT_DAYTIME_SOLUTION,,,,,,,https://www.lefrecce.it/Channels.Website.BFF.WEB/website/ticket/solutions,2026-09-07T12:52:04.177297Z
VillaSG-RomaTib,cheapest_overall,2026-10-02,33.9,FR 8868,14:37,20:52,6h 15min,0,FrecciaDAYS (STANDARD),Roma Tiburtina,https://www.lefrecce.it/Channels.Website.BFF.WEB/website/ticket/solutions,2026-09-07T12:52:10.523344Z
VillaSG-RomaTib,cheapest_direct_daytime,2026-10-02,,NO_DIRECT_DAYTIME_SOLUTION,,,,,,,https://www.lefrecce.it/Channels.Website.BFF.WEB/website/ticket/solutions,2026-09-07T12:52:10.523344Z
VillaSG-RomaTib,cheapest_overall,2026-10-03,28.9,IC 552 + RV 4156,08:12,16:01,7h 49min,1,Super Economy (2ª CLASSE EASY) + ORDINARIA (2ª CLASSE PRENOTAZIONE),Roma Tiburtina,https://www.lefrecce.it/Channels.Website.BFF.WEB/website/ticket/solutions,2026-09-07T12:52:13.545664Z
VillaSG-RomaTib,cheapest_direct_daytime,2026-10-03,,NO_DIRECT_DAYTIME_SOLUTION,,,,,,,https://www.lefrecce.it/Channels.Website.BFF.WEB/website/ticket/solutions,2026-09-07T12:52:13.545664Z
VillaSG-RomaTib,cheapest_overall,2026-10-04,32.0,NI 812 + RE 21404,22:25,06:24,7h 59min,1,Super Economy (Posto a sedere 2ª classe-EASY) + ORDINARIA (2ª CLASSE),Roma Tiburtina,https://www.lefrecce.it/Channels.Website.BFF.WEB/website/ticket/solutions,2026-09-07T12:52:21.310616Z
VillaSG-RomaTib,cheapest_direct_daytime,2026-10-04,,NO_DIRECT_DAYTIME_SOLUTION,,,,,,,https://www.lefrecce.it/Channels.Website.BFF.WEB/website/ticket/solutions,2026-09-07T12:52:21.310616Z
VillaSG-RomaTib,cheapest_overall,2026-10-05,28.9,IC 95072 + RV 4734,11:50,19:10,7h 20min,1,Super Economy (2ª CLASSE EASY) + ORDINARIA (2ª CLASSE),Roma Tiburtina,https://www.lefrecce.it/Channels.Website.BFF.WEB/website/ticket/solutions,2026-09-07T12:52:26.034492Z
VillaSG-RomaTib,cheapest_direct_daytime,2026-10-05,,NO_DIRECT_DAYTIME_SOLUTION,,,,,,,https://www.lefrecce.it/Channels.Website.BFF.WEB/website/ticket/solutions,2026-09-07T12:52:26.034492Z
VillaSG-RomaTib,cheapest_overall,2026-10-06,22.9,IC 560 + RV 4538,15:32,22:58,7h 26min,1,Super Economy (2ª CLASSE EASY) + ORDINARIA (2ª CLASSE),Roma Tiburtina,https://www.lefrecce.it/Channels.Website.BFF.WEB/website/ticket/solutions,2026-09-07T12:52:37.485082Z
VillaSG-RomaTib,cheapest_direct_daytime,2026-10-06,,NO_DIRECT_DAYTIME_SOLUTION,,,,,,,https://www.lefrecce.it/Channels.Website.BFF.WEB/website/ticket/solutions,2026-09-07T12:52:37.485082Z
VillaSG-RomaTib,cheapest_overall,2026-10-07,22.9,IC 560 + RV 4538,15:32,22:58,7h 26min,1,Super Economy (2ª CLASSE EASY) + ORDINARIA (2ª CLASSE),Roma Tiburtina,https://www.lefrecce.it/Channels.Website.BFF.WEB/website/ticket/solutions,2026-09-07T12:52:43.451148Z
VillaSG-RomaTib,cheapest_direct_daytime,2026-10-07,,NO_DIRECT_DAYTIME_SOLUTION,,,,,,,https://www.lefrecce.it/Channels.Website.BFF.WEB/website/ticket/solutions,2026-09-07T12:52:43.451148Z
VillaSG-RomaTib,cheapest_overall,2026-10-08,22.9,IC 560 + RV 4538,15:32,22:58,7h 26min,1,Super Economy (2ª CLASSE EASY) + ORDINARIA (2ª CLASSE),Roma Tiburtina,https://www.lefrecce.it/Channels.Website.BFF.WEB/website/ticket/solutions,2026-09-07T12:52:49.433762Z
VillaSG-RomaTib,cheapest_direct_daytime,2026-10-08,,NO_DIRECT_DAYTIME_SOLUTION,,,,,,,https://www.lefrecce.it/Channels.Website.BFF.WEB/website/ticket/solutions,2026-09-07T12:52:49.433762Z
VillaSG-RomaTib,cheapest_overall,2026-10-09,28.9,IC 560 + RV 4538,15:32,22:58,7h 26min,1,Super Economy (2ª CLASSE EASY) + ORDINARIA (2ª CLASSE),Roma Tiburtina,https://www.lefrecce.it/Channels.Website.BFF.WEB/website/ticket/solutions,2026-09-07T12:52:55.757840Z
VillaSG-RomaTib,cheapest_direct_daytime,2026-10-09,,NO_DIRECT_DAYTIME_SOLUTION,,,,,,,https://www.lefrecce.it/Channels.Website.BFF.WEB/website/ticket/solutions,2026-09-07T12:52:55.757840Z
VillaSG-RomaTib,cheapest_overall,2026-10-10,21.9,IC 95070,14:50,22:10,7h 20min,0,Super Economy (2ª CLASSE EASY),Roma Tiburtina,https://www.lefrecce.it/Channels.Website.BFF.WEB/website/ticket/solutions,2026-09-07T12:53:02.397626Z
VillaSG-RomaTib,cheapest_direct_daytime,2026-10-10,,NO_DIRECT_DAYTIME_SOLUTION,,,,,,,https://www.lefrecce.it/Channels.Website.BFF.WEB/website/ticket/solutions,2026-09-07T12:53:02.397626Z
VillaSG-RomaTib,cheapest_overall,2026-10-11,32.0,NI 812 + RE 21404,22:25,06:24,7h 59min,1,Super Economy (Posto a sedere 2ª classe-EASY) + ORDINARIA (2ª CLASSE),Roma Tiburtina,https://www.lefrecce.it/Channels.Website.BFF.WEB/website/ticket/solutions,2026-09-07T12:53:09.636572Z
VillaSG-RomaTib,cheapest_direct_daytime,2026-10-11,37.9,IC 1588,09:02,16:31,7h 29min,0,Super Economy (1ª CLASSE PLUS),Roma Tiburtina,https://www.lefrecce.it/Channels.Website.BFF.WEB/website/ticket/solutions,2026-09-07T12:53:07.529958Z
VillaSG-RomaTib,cheapest_overall,2026-10-12,28.9,IC 560 + RV 4538,15:32,22:58,7h 26min,1,Super Economy (2ª CLASSE EASY) + ORDINARIA (2ª CLASSE),Roma Tiburtina,https://www.lefrecce.it/Channels.Website.BFF.WEB/website/ticket/solutions,2026-09-07T12:53:18.079926Z
VillaSG-RomaTib,cheapest_direct_daytime,2026-10-12,,NO_DIRECT_DAYTIME_SOLUTION,,,,,,,https://www.lefrecce.it/Channels.Website.BFF.WEB/website/ticket/solutions,2026-09-07T12:53:18.079926Z
VillaSG-RomaTib,cheapest_overall,2026-10-13,22.9,IC 560 + RV 4538,15:32,22:58,7h 26min,1,Super Economy (2ª CLASSE EASY) + ORDINARIA (2ª CLASSE),Roma Tiburtina,https://www.lefrecce.it/Channels.Website.BFF.WEB/website/ticket/solutions,2026-09-07T12:53:25.131364Z
VillaSG-RomaTib,cheapest_direct_daytime,2026-10-13,,NO_DIRECT_DAYTIME_SOLUTION,,,,,,,https://www.lefrecce.it/Channels.Website.BFF.WEB/website/ticket/solutions,2026-09-07T12:53:25.131364Z
VillaSG-RomaTib,cheapest_overall,2026-10-14,28.9,IC 95072 + RV 4734,11:50,19:10,7h 20min,1,Super Economy (2ª CLASSE EASY) + ORDINARIA (2ª CLASSE),Roma Tiburtina,https://www.lefrecce.it/Channels.Website.BFF.WEB/website/ticket/solutions,2026-09-07T12:53:28.411496Z
VillaSG-RomaTib,cheapest_direct_daytime,2026-10-14,,NO_DIRECT_DAYTIME_SOLUTION,,,,,,,https://www.lefrecce.it/Channels.Website.BFF.WEB/website/ticket/solutions,2026-09-07T12:53:28.411496Z
VillaSG-RomaTib,cheapest_overall,2026-10-15,22.9,IC 560 + RV 4538,15:32,22:58,7h 26min,1,Super Economy (2ª CLASSE EASY) + ORDINARIA (2ª CLASSE),Roma Tiburtina,https://www.lefrecce.it/Channels.Website.BFF.WEB/website/ticket/solutions,2026-09-07T12:53:36.999765Z
VillaSG-RomaTib,cheapest_direct_daytime,2026-10-15,,NO_DIRECT_DAYTIME_SOLUTION,,,,,,,https://www.lefrecce.it/Channels.Website.BFF.WEB/website/ticket/solutions,2026-09-07T12:53:36.999765Z
VillaSG-RomaTib,cheapest_overall,2026-10-16,28.9,IC 560 + RV 4538,15:32,22:58,7h 26min,1,Super Economy (2ª CLASSE EASY) + ORDINARIA (2ª CLASSE),Roma Tiburtina,https://www.lefrecce.it/Channels.Website.BFF.WEB/website/ticket/solutions,2026-09-07T12:53:43.275336Z
VillaSG-RomaTib,cheapest_direct_daytime,2026-10-16,,NO_DIRECT_DAYTIME_SOLUTION,,,,,,,https://www.lefrecce.it/Channels.Website.BFF.WEB/website/ticket/solutions,2026-09-07T12:53:43.275336Z
VillaSG-RomaTib,cheapest_overall,2026-10-17,28.9,IC 95072 + RV 4734,11:50,19:10,7h 20min,1,Super Economy (2ª CLASSE EASY) + ORDINARIA (2ª CLASSE),Roma Tiburtina,https://www.lefrecce.it/Channels.Website.BFF.WEB/website/ticket/solutions,2026-09-07T12:53:46.544442Z
VillaSG-RomaTib,cheapest_direct_daytime,2026-10-17,,NO_DIRECT_DAYTIME_SOLUTION,,,,,,,https://www.lefrecce.it/Channels.Website.BFF.WEB/website/ticket/solutions,2026-09-07T12:53:46.544442Z
VillaSG-RomaTib,cheapest_overall,2026-10-18,32.0,NI 812 + RE 21404,22:25,06:24,7h 59min,1,Super Economy (Posto a sedere 2ª classe-EASY) + ORDINARIA (2ª CLASSE),Roma Tiburtina,https://www.lefrecce.it/Channels.Website.BFF.WEB/website/ticket/solutions,2026-09-07T12:53:54.037751Z
VillaSG-RomaTib,cheapest_direct_daytime,2026-10-18,37.9,IC 1588,09:02,16:31,7h 29min,0,Super Economy (1ª CLASSE PLUS),Roma Tiburtina,https://www.lefrecce.it/Channels.Website.BFF.WEB/website/ticket/solutions,2026-09-07T12:53:52.286121Z
VillaSG-RomaTib,cheapest_overall,2026-10-19,28.9,IC 95072 + RV 4734,11:50,19:10,7h 20min,1,Super Economy (2ª CLASSE EASY) + ORDINARIA (2ª CLASSE),Roma Tiburtina,https://www.lefrecce.it/Channels.Website.BFF.WEB/website/ticket/solutions,2026-09-07T12:53:57.551782Z
VillaSG-RomaTib,cheapest_direct_daytime,2026-10-19,,NO_DIRECT_DAYTIME_SOLUTION,,,,,,,https://www.lefrecce.it/Channels.Website.BFF.WEB/website/ticket/solutions,2026-09-07T12:53:57.551782Z
VillaSG-RomaTib,cheapest_overall,2026-10-20,22.9,IC 95070 + RV 4108,14:50,21:58,7h 08min,1,Super Economy (2ª CLASSE EASY) + ORDINARIA (2ª CLASSE),Roma Tiburtina,https://www.lefrecce.it/Channels.Website.BFF.WEB/website/ticket/solutions,2026-09-07T12:54:06.149021Z
VillaSG-RomaTib,cheapest_direct_daytime,2026-10-20,,NO_DIRECT_DAYTIME_SOLUTION,,,,,,,https://www.lefrecce.it/Channels.Website.BFF.WEB/website/ticket/solutions,2026-09-07T12:54:06.149021Z
VillaSG-RomaTib,cheapest_overall,2026-10-21,22.9,IC 95070 + RV 4108,14:50,21:58,7h 08min,1,Super Economy (2ª CLASSE EASY) + ORDINARIA (2ª CLASSE),Roma Tiburtina,https://www.lefrecce.it/Channels.Website.BFF.WEB/website/ticket/solutions,2026-09-07T12:54:12.310789Z
VillaSG-RomaTib,cheapest_direct_daytime,2026-10-21,,NO_DIRECT_DAYTIME_SOLUTION,,,,,,,https://www.lefrecce.it/Channels.Website.BFF.WEB/website/ticket/solutions,2026-09-07T12:54:12.310789Z
VillaSG-RomaTib,cheapest_overall,2026-10-22,22.9,IC 95070 + RV 4108,14:50,21:58,7h 08min,1,Super Economy (2ª CLASSE EASY) + ORDINARIA (2ª CLASSE),Roma Tiburtina,https://www.lefrecce.it/Channels.Website.BFF.WEB/website/ticket/solutions,2026-09-07T12:54:17.442483Z
VillaSG-RomaTib,cheapest_direct_daytime,2026-10-22,,NO_DIRECT_DAYTIME_SOLUTION,,,,,,,https://www.lefrecce.it/Channels.Website.BFF.WEB/website/ticket/solutions,2026-09-07T12:54:17.442483Z
VillaSG-RomaTib,cheapest_overall,2026-10-23,22.9,IC 560 + RV 4538,15:32,22:58,7h 26min,1,Super Economy (2ª CLASSE EASY) + ORDINARIA (2ª CLASSE),Roma Tiburtina,https://www.lefrecce.it/Channels.Website.BFF.WEB/website/ticket/solutions,2026-09-07T12:54:24.318156Z
VillaSG-RomaTib,cheapest_direct_daytime,2026-10-23,,NO_DIRECT_DAYTIME_SOLUTION,,,,,,,https://www.lefrecce.it/Channels.Website.BFF.WEB/website/ticket/solutions,2026-09-07T12:54:24.318156Z
VillaSG-RomaTib,cheapest_overall,2026-10-24,22.9,IC 95072 + RV 4734,11:50,19:10,7h 20min,1,Super Economy (2ª CLASSE EASY) + ORDINARIA (2ª CLASSE),Roma Tiburtina,https://www.lefrecce.it/Channels.Website.BFF.WEB/website/ticket/solutions,2026-09-07T12:54:27.711182Z
VillaSG-RomaTib,cheapest_direct_daytime,2026-10-24,,NO_DIRECT_DAYTIME_SOLUTION,,,,,,,https://www.lefrecce.it/Channels.Website.BFF.WEB/website/ticket/solutions,2026-09-07T12:54:27.711182Z
VillaSG-RomaTib,cheapest_overall,2026-10-25,32.0,NI 812 + RE 21404,22:25,06:24,7h 59min,1,Super Economy (Posto a sedere 2ª classe-EASY) + ORDINARIA (2ª CLASSE),Roma Tiburtina,https://www.lefrecce.it/Channels.Website.BFF.WEB/website/ticket/solutions,2026-09-07T12:54:35.878313Z
VillaSG-RomaTib,cheapest_direct_daytime,2026-10-25,37.9,IC 1588,09:02,16:31,7h 29min,0,Super Economy (1ª CLASSE PLUS),Roma Tiburtina,https://www.lefrecce.it/Channels.Website.BFF.WEB/website/ticket/solutions,2026-09-07T12:54:33.594555Z
VillaSG-RomaTib,cheapest_overall,2026-10-26,22.9,IC 95070 + RV 4108,14:50,21:58,7h 08min,1,Super Economy (2ª CLASSE EASY) + ORDINARIA (2ª CLASSE),Roma Tiburtina,https://www.lefrecce.it/Channels.Website.BFF.WEB/website/ticket/solutions,2026-09-07T12:54:41.982165Z
VillaSG-RomaTib,cheapest_direct_daytime,2026-10-26,,NO_DIRECT_DAYTIME_SOLUTION,,,,,,,https://www.lefrecce.it/Channels.Website.BFF.WEB/website/ticket/solutions,2026-09-07T12:54:41.982165Z
VillaSG-RomaTib,cheapest_overall,2026-10-27,22.9,IC 95070 + RV 4108,14:50,21:58,7h 08min,1,Super Economy (2ª CLASSE EASY) + ORDINARIA (2ª CLASSE),Roma Tiburtina,https://www.lefrecce.it/Channels.Website.BFF.WEB/website/ticket/solutions,2026-09-07T12:54:48.547846Z
VillaSG-RomaTib,cheapest_direct_daytime,2026-10-27,,NO_DIRECT_DAYTIME_SOLUTION,,,,,,,https://www.lefrecce.it/Channels.Website.BFF.WEB/website/ticket/solutions,2026-09-07T12:54:48.547846Z
VillaSG-RomaTib,cheapest_overall,2026-10-28,22.9,IC 95072 + RV 4734,11:50,19:10,7h 20min,1,Super Economy (2ª CLASSE EASY) + ORDINARIA (2ª CLASSE),Roma Tiburtina,https://www.lefrecce.it/Channels.Website.BFF.WEB/website/ticket/solutions,2026-09-07T12:54:51.993639Z
VillaSG-RomaTib,cheapest_direct_daytime,2026-10-28,,NO_DIRECT_DAYTIME_SOLUTION,,,,,,,https://www.lefrecce.it/Channels.Website.BFF.WEB/website/ticket/solutions,2026-09-07T12:54:51.993639Z
VillaSG-RomaTib,cheapest_overall,2026-10-29,22.9,IC 95072 + RV 4734,11:50,19:10,7h 20min,1,Super Economy (2ª CLASSE EASY) + ORDINARIA (2ª CLASSE),Roma Tiburtina,https://www.lefrecce.it/Channels.Website.BFF.WEB/website/ticket/solutions,2026-09-07T12:54:58.120735Z
VillaSG-RomaTib,cheapest_direct_daytime,2026-10-29,,NO_DIRECT_DAYTIME_SOLUTION,,,,,,,https://www.lefrecce.it/Channels.Website.BFF.WEB/website/ticket/solutions,2026-09-07T12:54:58.120735Z
VillaSG-RomaTib,cheapest_overall,2026-10-30,28.9,IC 95072 + RV 4734,11:50,19:10,7h 20min,1,Super Economy (2ª CLASSE EASY) + ORDINARIA (2ª CLASSE),Roma Tiburtina,https://www.lefrecce.it/Channels.Website.BFF.WEB/website/ticket/solutions,2026-09-07T12:55:04.272996Z
VillaSG-RomaTib,cheapest_direct_daytime,2026-10-30,,NO_DIRECT_DAYTIME_SOLUTION,,,,,,,https://www.lefrecce.it/Channels.Website.BFF.WEB/website/ticket/solutions,2026-09-07T12:55:04.272996Z
VillaSG-RomaTib,cheapest_overall,2026-10-31,21.9,IC 95070,14:50,22:10,7h 20min,0,Super Economy (2ª CLASSE EASY),Roma Tiburtina,https://www.lefrecce.it/Channels.Website.BFF.WEB/website/ticket/solutions,2026-09-07T12:55:13.745628Z
VillaSG-RomaTib,cheapest_direct_daytime,2026-10-31,,NO_DIRECT_DAYTIME_SOLUTION,,,,,,,https://www.lefrecce.it/Channels.Website.BFF.WEB/website/ticket/solutions,2026-09-07T12:55:13.745628Z
VillaSG-RomaTib,cheapest_overall,2026-11-01,32.0,NI 812 + RE 21404,22:25,06:24,7h 59min,1,Super Economy (Posto a sedere 2ª classe-EASY) + ORDINARIA (2ª CLASSE),Roma Tiburtina,https://www.lefrecce.it/Channels.Website.BFF.WEB/website/ticket/solutions,2026-09-07T12:55:19.372994Z
VillaSG-RomaTib,cheapest_direct_daytime,2026-11-01,35.9,IC 1588,09:01,16:31,7h 30min,0,Super Economy (1ª CLASSE PLUS),Roma Tiburtina,https://www.lefrecce.it/Channels.Website.BFF.WEB/website/ticket/solutions,2026-09-07T12:55:16.952749Z
VillaSG-RomaTib,cheapest_overall,2026-11-02,22.9,IC 95070 + RV 4108,14:50,21:58,7h 08min,1,Super Economy (2ª CLASSE EASY) + ORDINARIA (2ª CLASSE),Roma Tiburtina,https://www.lefrecce.it/Channels.Website.BFF.WEB/website/ticket/solutions,2026-09-07T12:55:25.498718Z
VillaSG-RomaTib,cheapest_direct_daytime,2026-11-02,39.9,FR 9588,10:25,16:17,5h 52min,0,Super Economy (STANDARD),Roma Tiburtina,https://www.lefrecce.it/Channels.Website.BFF.WEB/website/ticket/solutions,2026-09-07T12:55:22.681406Z
VillaSG-RomaTib,cheapest_overall,2026-11-03,22.9,IC 95070 + RV 4108,14:50,21:58,7h 08min,1,Super Economy (2ª CLASSE EASY) + ORDINARIA (2ª CLASSE),Roma Tiburtina,https://www.lefrecce.it/Channels.Website.BFF.WEB/website/ticket/solutions,2026-09-07T12:55:32.076007Z
VillaSG-RomaTib,cheapest_direct_daytime,2026-11-03,33.9,FR 9588,10:25,16:17,5h 52min,0,FrecciaDAYS (STANDARD),Roma Tiburtina,https://www.lefrecce.it/Channels.Website.BFF.WEB/website/ticket/solutions,2026-09-07T12:55:29.432390Z
VillaSG-RomaTib,cheapest_overall,2026-11-04,22.9,IC 95070 + RV 4108,14:50,21:58,7h 08min,1,Super Economy (2ª CLASSE EASY) + ORDINARIA (2ª CLASSE),Roma Tiburtina,https://www.lefrecce.it/Channels.Website.BFF.WEB/website/ticket/solutions,2026-09-07T12:55:38.932775Z
VillaSG-RomaTib,cheapest_direct_daytime,2026-11-04,33.9,FR 9588,10:25,16:17,5h 52min,0,FrecciaDAYS (STANDARD),Roma Tiburtina,https://www.lefrecce.it/Channels.Website.BFF.WEB/website/ticket/solutions,2026-09-07T12:55:35.243872Z
VillaSG-RomaTib,cheapest_overall,2026-11-05,22.9,IC 560 + RV 4538,15:32,22:55,7h 23min,1,Super Economy (2ª CLASSE EASY) + ORDINARIA (2ª CLASSE),Roma Tiburtina,https://www.lefrecce.it/Channels.Website.BFF.WEB/website/ticket/solutions,2026-09-07T12:55:46.316780Z
VillaSG-RomaTib,cheapest_direct_daytime,2026-11-05,42.9,FR 9588,10:25,16:17,5h 52min,0,FrecciaDAYS (PREMIUM),Roma Tiburtina,https://www.lefrecce.it/Channels.Website.BFF.WEB/website/ticket/solutions,2026-09-07T12:55:43.597859Z
VillaSG-RomaTib,cheapest_overall,2026-11-06,28.9,IC 95072 + RV 4734,11:50,19:10,7h 20min,1,Super Economy (2ª CLASSE EASY) + ORDINARIA (2ª CLASSE),Roma Tiburtina,https://www.lefrecce.it/Channels.Website.BFF.WEB/website/ticket/solutions,2026-09-07T12:55:52.915607Z
VillaSG-RomaTib,cheapest_direct_daytime,2026-11-06,39.9,FR 9588,10:25,16:17,5h 52min,0,Super Economy (STANDARD),Roma Tiburtina,https://www.lefrecce.it/Channels.Website.BFF.WEB/website/ticket/solutions,2026-09-07T12:55:52.915607Z
VillaSG-RomaTib,cheapest_overall,2026-11-07,21.9,IC 95070,14:50,22:10,7h 20min,0,Super Economy (2ª CLASSE EASY),Roma Tiburtina,https://www.lefrecce.it/Channels.Website.BFF.WEB/website/ticket/solutions,2026-09-07T12:56:02.049972Z
VillaSG-RomaTib,cheapest_direct_daytime,2026-11-07,33.9,FR 9588,10:25,16:17,5h 52min,0,FrecciaDAYS (STANDARD),Roma Tiburtina,https://www.lefrecce.it/Channels.Website.BFF.WEB/website/ticket/solutions,2026-09-07T12:56:00.115807Z
VillaSG-RomaTib,cheapest_overall,2026-11-08,32.0,NI 812 + RE 21404,22:25,06:24,7h 59min,1,Super Economy (Posto a sedere 2ª classe-EASY) + ORDINARIA (2ª CLASSE),Roma Tiburtina,https://www.lefrecce.it/Channels.Website.BFF.WEB/website/ticket/solutions,2026-09-07T12:56:07.883783Z
VillaSG-RomaTib,cheapest_direct_daytime,2026-11-08,66.9,FR 9588,10:25,16:17,5h 52min,0,Economy (STANDARD),Roma Tiburtina,https://www.lefrecce.it/Channels.Website.BFF.WEB/website/ticket/solutions,2026-09-07T12:56:07.883783Z
VillaSG-RomaTib,cheapest_overall,2026-11-09,22.9,IC 95072 + RV 4734,11:50,19:10,7h 20min,1,Super Economy (2ª CLASSE EASY) + ORDINARIA (2ª CLASSE),Roma Tiburtina,https://www.lefrecce.it/Channels.Website.BFF.WEB/website/ticket/solutions,2026-09-07T12:56:17.456629Z
VillaSG-RomaTib,cheapest_direct_daytime,2026-11-09,39.9,FR 9588,10:25,16:17,5h 52min,0,Super Economy (STANDARD),Roma Tiburtina,https://www.lefrecce.it/Channels.Website.BFF.WEB/website/ticket/solutions,2026-09-07T12:56:17.456629Z
VillaSG-RomaTib,cheapest_overall,2026-11-10,22.9,IC 95072 + RV 4734,11:50,19:10,7h 20min,1,Super Economy (2ª CLASSE EASY) + ORDINARIA (2ª CLASSE),Roma Tiburtina,https://www.lefrecce.it/Channels.Website.BFF.WEB/website/ticket/solutions,2026-09-07T12:56:24.418142Z
VillaSG-RomaTib,cheapest_direct_daytime,2026-11-10,33.9,FR 9588,10:25,16:17,5h 52min,0,FrecciaDAYS (STANDARD),Roma Tiburtina,https://www.lefrecce.it/Channels.Website.BFF.WEB/website/ticket/solutions,2026-09-07T12:56:24.418142Z
VillaSG-RomaTib,cheapest_overall,2026-11-11,22.9,IC 95072 + RV 4734,11:50,19:10,7h 20min,1,Super Economy (2ª CLASSE EASY) + ORDINARIA (2ª CLASSE),Roma Tiburtina,https://www.lefrecce.it/Channels.Website.BFF.WEB/website/ticket/solutions,2026-09-07T12:56:31.903432Z
VillaSG-RomaTib,cheapest_direct_daytime,2026-11-11,33.9,FR 9588,10:25,16:17,5h 52min,0,FrecciaDAYS (STANDARD),Roma Tiburtina,https://www.lefrecce.it/Channels.Website.BFF.WEB/website/ticket/solutions,2026-09-07T12:56:31.903432Z
VillaSG-RomaTib,cheapest_overall,2026-11-12,22.9,IC 95072 + RV 4734,11:50,19:10,7h 20min,1,Super Economy (2ª CLASSE EASY) + ORDINARIA (2ª CLASSE),Roma Tiburtina,https://www.lefrecce.it/Channels.Website.BFF.WEB/website/ticket/solutions,2026-09-07T12:56:38.850236Z
VillaSG-RomaTib,cheapest_direct_daytime,2026-11-12,33.9,FR 9588,10:25,16:17,5h 52min,0,FrecciaDAYS (STANDARD),Roma Tiburtina,https://www.lefrecce.it/Channels.Website.BFF.WEB/website/ticket/solutions,2026-09-07T12:56:38.850236Z
VillaSG-RomaTib,cheapest_overall,2026-11-13,26.9,NI 794 + RE 20571,22:03,06:45,8h 42min,1,Super Economy (Posto a sedere 2ª classe-EASY) + ORDINARIA (2ª CLASSE),Roma Tiburtina,https://www.lefrecce.it/Channels.Website.BFF.WEB/website/ticket/solutions,2026-09-07T12:56:47.970510Z
VillaSG-RomaTib,cheapest_direct_daytime,2026-11-13,39.9,FR 9588,10:25,16:17,5h 52min,0,Super Economy (STANDARD),Roma Tiburtina,https://www.lefrecce.it/Channels.Website.BFF.WEB/website/ticket/solutions,2026-09-07T12:56:45.328253Z
VillaSG-RomaTib,cheapest_overall,2026-11-14,21.9,IC 95070,14:50,22:10,7h 20min,0,Super Economy (2ª CLASSE EASY),Roma Tiburtina,https://www.lefrecce.it/Channels.Website.BFF.WEB/website/ticket/solutions,2026-09-07T12:56:54.361360Z
VillaSG-RomaTib,cheapest_direct_daytime,2026-11-14,33.9,FR 9588,10:25,16:17,5h 52min,0,FrecciaDAYS (STANDARD),Roma Tiburtina,https://www.lefrecce.it/Channels.Website.BFF.WEB/website/ticket/solutions,2026-09-07T12:56:52.388872Z
VillaSG-RomaTib,cheapest_overall,2026-11-15,27.9,IC 1588,09:01,16:31,7h 30min,0,Super Economy (2ª CLASSE EASY),Roma Tiburtina,https://www.lefrecce.it/Channels.Website.BFF.WEB/website/ticket/solutions,2026-09-07T12:56:59.514491Z
VillaSG-RomaTib,cheapest_direct_daytime,2026-11-15,27.9,IC 1588,09:01,16:31,7h 30min,0,Super Economy (2ª CLASSE EASY),Roma Tiburtina,https://www.lefrecce.it/Channels.Website.BFF.WEB/website/ticket/solutions,2026-09-07T12:56:59.514491Z
VillaSG-RomaTib,cheapest_overall,2026-11-16,22.9,IC 95070 + RV 4108,14:50,21:58,7h 08min,1,Super Economy (2ª CLASSE EASY) + ORDINARIA (2ª CLASSE),Roma Tiburtina,https://www.lefrecce.it/Channels.Website.BFF.WEB/website/ticket/solutions,2026-09-07T12:57:08.905745Z
VillaSG-RomaTib,cheapest_direct_daytime,2026-11-16,39.9,FR 9588,10:25,16:17,5h 52min,0,Super Economy (STANDARD),Roma Tiburtina,https://www.lefrecce.it/Channels.Website.BFF.WEB/website/ticket/solutions,2026-09-07T12:57:05.914462Z
VillaSG-RomaTib,cheapest_overall,2026-11-17,22.9,IC 95072 + RV 4734,11:50,19:10,7h 20min,1,Super Economy (2ª CLASSE EASY) + ORDINARIA (2ª CLASSE),Roma Tiburtina,https://www.lefrecce.it/Channels.Website.BFF.WEB/website/ticket/solutions,2026-09-07T12:57:12.074208Z
VillaSG-RomaTib,cheapest_direct_daytime,2026-11-17,33.9,FR 9588,10:25,16:17,5h 52min,0,FrecciaDAYS (STANDARD),Roma Tiburtina,https://www.lefrecce.it/Channels.Website.BFF.WEB/website/ticket/solutions,2026-09-07T12:57:12.074208Z
VillaSG-RomaTib,cheapest_overall,2026-11-18,22.9,IC 95072 + RV 4734,11:50,19:10,7h 20min,1,Super Economy (2ª CLASSE EASY) + ORDINARIA (2ª CLASSE),Roma Tiburtina,https://www.lefrecce.it/Channels.Website.BFF.WEB/website/ticket/solutions,2026-09-07T12:57:20.407347Z
VillaSG-RomaTib,cheapest_direct_daytime,2026-11-18,33.9,FR 9588,10:25,16:17,5h 52min,0,FrecciaDAYS (STANDARD),Roma Tiburtina,https://www.lefrecce.it/Channels.Website.BFF.WEB/website/ticket/solutions,2026-09-07T12:57:20.407347Z
VillaSG-RomaTib,cheapest_overall,2026-11-19,22.9,IC 95070 + RV 4108,14:50,21:58,7h 08min,1,Super Economy (2ª CLASSE EASY) + ORDINARIA (2ª CLASSE),Roma Tiburtina,https://www.lefrecce.it/Channels.Website.BFF.WEB/website/ticket/solutions,2026-09-07T12:57:29.748386Z
VillaSG-RomaTib,cheapest_direct_daytime,2026-11-19,33.9,FR 9588,10:25,16:17,5h 52min,0,FrecciaDAYS (STANDARD),Roma Tiburtina,https://www.lefrecce.it/Channels.Website.BFF.WEB/website/ticket/solutions,2026-09-07T12:57:26.323971Z
VillaSG-RomaTib,cheapest_overall,2026-11-20,22.9,IC 95072 + RV 4734,11:50,19:10,7h 20min,1,Super Economy (2ª CLASSE EASY) + ORDINARIA (2ª CLASSE),Roma Tiburtina,https://www.lefrecce.it/Channels.Website.BFF.WEB/website/ticket/solutions,2026-09-07T12:57:34.012736Z
VillaSG-RomaTib,cheapest_direct_daytime,2026-11-20,39.9,FR 9588,10:25,16:17,5h 52min,0,Super Economy (STANDARD),Roma Tiburtina,https://www.lefrecce.it/Channels.Website.BFF.WEB/website/ticket/solutions,2026-09-07T12:57:34.012736Z
VillaSG-RomaTib,cheapest_overall,2026-11-21,21.9,IC 95070,14:50,22:10,7h 20min,0,Super Economy (2ª CLASSE EASY),Roma Tiburtina,https://www.lefrecce.it/Channels.Website.BFF.WEB/website/ticket/solutions,2026-09-07T12:57:43.104716Z
VillaSG-RomaTib,cheapest_direct_daytime,2026-11-21,33.9,FR 9588,10:25,16:17,5h 52min,0,FrecciaDAYS (STANDARD),Roma Tiburtina,https://www.lefrecce.it/Channels.Website.BFF.WEB/website/ticket/solutions,2026-09-07T12:57:40.964988Z
VillaSG-RomaTib,cheapest_overall,2026-11-22,21.9,IC 1588,09:01,16:31,7h 30min,0,Super Economy (2ª CLASSE EASY),Roma Tiburtina,https://www.lefrecce.it/Channels.Website.BFF.WEB/website/ticket/solutions,2026-09-07T12:57:46.711935Z
VillaSG-RomaTib,cheapest_direct_daytime,2026-11-22,21.9,IC 1588,09:01,16:31,7h 30min,0,Super Economy (2ª CLASSE EASY),Roma Tiburtina,https://www.lefrecce.it/Channels.Website.BFF.WEB/website/ticket/solutions,2026-09-07T12:57:46.711935Z
VillaSG-RomaTib,cheapest_overall,2026-11-23,22.9,IC 95072 + RV 4734,11:50,19:10,7h 20min,1,Super Economy (2ª CLASSE EASY) + ORDINARIA (2ª CLASSE),Roma Tiburtina,https://www.lefrecce.it/Channels.Website.BFF.WEB/website/ticket/solutions,2026-09-07T12:57:54.242898Z
VillaSG-RomaTib,cheapest_direct_daytime,2026-11-23,39.9,FR 9588,10:25,16:17,5h 52min,0,Super Economy (STANDARD),Roma Tiburtina,https://www.lefrecce.it/Channels.Website.BFF.WEB/website/ticket/solutions,2026-09-07T12:57:54.242898Z
VillaSG-RomaTib,cheapest_overall,2026-11-24,22.9,IC 95072 + RV 4734,11:50,19:10,7h 20min,1,Super Economy (2ª CLASSE EASY) + ORDINARIA (2ª CLASSE),Roma Tiburtina,https://www.lefrecce.it/Channels.Website.BFF.WEB/website/ticket/solutions,2026-09-07T12:58:00.396404Z
VillaSG-RomaTib,cheapest_direct_daytime,2026-11-24,33.9,FR 9588,10:25,16:17,5h 52min,0,FrecciaDAYS (STANDARD),Roma Tiburtina,https://www.lefrecce.it/Channels.Website.BFF.WEB/website/ticket/solutions,2026-09-07T12:58:00.396404Z
VillaSG-RomaTib,cheapest_overall,2026-11-25,22.9,IC 95072 + RV 4734,11:50,19:10,7h 20min,1,Super Economy (2ª CLASSE EASY) + ORDINARIA (2ª CLASSE),Roma Tiburtina,https://www.lefrecce.it/Channels.Website.BFF.WEB/website/ticket/solutions,2026-09-07T12:58:06.562838Z
VillaSG-RomaTib,cheapest_direct_daytime,2026-11-25,33.9,FR 9588,10:25,16:17,5h 52min,0,FrecciaDAYS (STANDARD),Roma Tiburtina,https://www.lefrecce.it/Channels.Website.BFF.WEB/website/ticket/solutions,2026-09-07T12:58:06.562838Z
VillaSG-RomaTib,cheapest_overall,2026-11-26,22.9,IC 95072 + RV 4734,11:50,19:10,7h 20min,1,Super Economy (2ª CLASSE EASY) + ORDINARIA (2ª CLASSE),Roma Tiburtina,https://www.lefrecce.it/Channels.Website.BFF.WEB/website/ticket/solutions,2026-09-07T12:58:12.706439Z
VillaSG-RomaTib,cheapest_direct_daytime,2026-11-26,33.9,FR 9588,10:25,16:17,5h 52min,0,FrecciaDAYS (STANDARD),Roma Tiburtina,https://www.lefrecce.it/Channels.Website.BFF.WEB/website/ticket/solutions,2026-09-07T12:58:12.706439Z
VillaSG-RomaTib,cheapest_overall,2026-11-27,22.9,IC 95072 + RV 4734,11:50,19:10,7h 20min,1,Super Economy (2ª CLASSE EASY) + ORDINARIA (2ª CLASSE),Roma Tiburtina,https://www.lefrecce.it/Channels.Website.BFF.WEB/website/ticket/solutions,2026-09-07T12:58:20.675272Z
VillaSG-RomaTib,cheapest_direct_daytime,2026-11-27,39.9,FR 9588,10:25,16:17,5h 52min,0,Super Economy (STANDARD),Roma Tiburtina,https://www.lefrecce.it/Channels.Website.BFF.WEB/website/ticket/solutions,2026-09-07T12:58:20.675272Z
VillaSG-RomaTib,cheapest_overall,2026-11-28,21.9,IC 95070,14:50,22:10,7h 20min,0,Super Economy (2ª CLASSE EASY),Roma Tiburtina,https://www.lefrecce.it/Channels.Website.BFF.WEB/website/ticket/solutions,2026-09-07T12:58:29.446608Z
VillaSG-RomaTib,cheapest_direct_daytime,2026-11-28,33.9,FR 9588,10:25,16:17,5h 52min,0,FrecciaDAYS (STANDARD),Roma Tiburtina,https://www.lefrecce.it/Channels.Website.BFF.WEB/website/ticket/solutions,2026-09-07T12:58:27.000948Z
VillaSG-RomaTib,cheapest_overall,2026-11-29,28.9,IC 95072 + RV 4196,11:50,19:04,7h 14min,1,Super Economy (2ª CLASSE EASY) + ORDINARIA (2ª CLASSE PRENOTAZIONE),Roma Tiburtina,https://www.lefrecce.it/Channels.Website.BFF.WEB/website/ticket/solutions,2026-09-07T12:58:35.402168Z
VillaSG-RomaTib,cheapest_direct_daytime,2026-11-29,,NO_DIRECT_DAYTIME_SOLUTION,,,,,,,https://www.lefrecce.it/Channels.Website.BFF.WEB/website/ticket/solutions,2026-09-07T12:58:35.402168Z
VillaSG-RomaTib,cheapest_overall,2026-11-30,22.9,IC 95072 + RV 4734,11:50,19:10,7h 20min,1,Super Economy (2ª CLASSE EASY) + ORDINARIA (2ª CLASSE),Roma Tiburtina,https://www.lefrecce.it/Channels.Website.BFF.WEB/website/ticket/solutions,2026-09-07T12:58:42.175740Z
VillaSG-RomaTib,cheapest_direct_daytime,2026-11-30,47.9,FR 9588,10:25,16:17,5h 52min,0,Super Economy (STANDARD),Roma Tiburtina,https://www.lefrecce.it/Channels.Website.BFF.WEB/website/ticket/solutions,2026-09-07T12:58:42.175740Z
